Generation 1 | Winner: P1 (炎_リザードンX_究極_V6_アルティメット) | P1 Pts: 3 - P2 Pts: 0
Generation 2 | Winner: P1 (炎_リザードンX_究極_V6_アルティメット) | P1 Pts: 3 - P2 Pts: 0
Generation 3 | Winner: P1 (炎_リザードンX_究極_V6_アルティメット) | P1 Pts: 3 - P2 Pts: 1
Generation 4 | Winner: P1 (炎_リザードンX_究極_V6_アルティメット) | P1 Pts: 3 - P2 Pts: 0
Generation 5 | Winner: P1 (炎_リザードンX_究極_V6_アルティメット) | P1 Pts: 3 - P2 Pts: 0
Generation 6 | Winner: P1 (炎_リザードンX_究極_V6_アルティメット) | P1 Pts: 3 - P2 Pts: 0
Generation 7 | Winner: P1 (炎_リザードンX_究極_V6_アルティメット) | P1 Pts: 3 - P2 Pts: 0
Generation 8 | Winner: P2 (草_ナッシー_安定_V1) | P1 Pts: 0 - P2 Pts: 3
Generation 9 | Winner: P2 (草_ナッシー_安定_V1) | P1 Pts: 0 - P2 Pts: 3
Generation 10 | Winner: P2 (草_ナッシー_安定_V1) | P1 Pts: 2 - P2 Pts: 3
Generation 11 | Winner: P2 (草_ナッシー_安定_V1) | P1 Pts: 0 - P2 Pts: 3
Generation 12 | Winner: P1 (炎_リザードンX_究極_V6_アルティメット) | P1 Pts: 3 - P2 Pts: 1
Generation 13 | Winner: P2 (草_ナッシー_安定_V1) | P1 Pts: 0 - P2 Pts: 3
Generation 14 | Winner: P2 (草_ナッシー_安定_V1) | P1 Pts: 1 - P2 Pts: 3
Generation 15 | Winner: P1 (炎_リザードンX_究極_V6_アルティメット) | P1 Pts: 3 - P2 Pts: 0
Generation 16 | Winner: P2 (草_ナッシー_安定_V1) | P1 Pts: 0 - P2 Pts: 3
Generation 1 | Winner: P2 (草_ナッシー_安定_V1) | P1 Pts: 0 - P2 Pts: 3
Generation 2 | Winner: P2 (草_ナッシー_安定_V1) | P1 Pts: 1 - P2 Pts: 1
Generation 3 | Winner: P2 (草_ナッシー_安定_V1) | P1 Pts: 0 - P2 Pts: 3
Generation 4 | Winner: P2 (草_ナッシー_安定_V1) | P1 Pts: 0 - P2 Pts: 3
Generation 5 | Winner: P1 (炎_リザードンX_究極_V6_アルティメット) | P1 Pts: 3 - P2 Pts: 0
Generation 1 | Winner: P2 (草_ナッシー_安定_V1) | P1 Pts: 0 - P2 Pts: 1
Generation 2 | Winner: P1 (炎_リザードンX_究極_V6_アルティメット) | P1 Pts: 3 - P2 Pts: 0
Generation 1 | Winner: P2 (草_ナッシー_安定_V1) | P1 Pts: 0 - P2 Pts: 1
Generation 1 | Winner: P2 (草_ナッシー_安定_V1) | P1 Pts: 0 - P2 Pts: 1
Generation 2 | Winner: P1 (炎_リザードンX_究極_V6_アルティメット) | P1 Pts: 3 - P2 Pts: 0
Generation 3 | Winner: P2 (草_ナッシー_安定_V1) | P1 Pts: 1 - P2 Pts: 0
Gen 1 | Meta Shift: 炎_リザードンX_究極_V6_アルティメット_Var44(120 users) over 草_ナッシー_安定_V1_Var51(80 users)
Gen 2 | Meta Shift: 炎_リザードンX_究極_V6_アルティメット_Var50(120 users) over 草_ナッシー_安定_V1_Var95(80 users)
Gen 3 | Meta Shift: 草_ナッシー_安定_V1_Var17(120 users) over 炎_リザードンX_究極_V6_アルティメット_Var34(80 users)
Gen 4 | Meta Shift: 炎_リザードンX_究極_V6_アルティメット_Var86(120 users) over 炎_リザードンX_究極_V6_アルティメット_Var26(80 users)
Gen 5 | Meta Shift: 炎_リザードンX_究極_V6_アルティメット_Var78(120 users) over 炎_リザードンX_究極_V6_アルティメット_Var16(80 users)
Gen 6 | Meta Shift: 炎_リザードンX_究極_V6_アルティメット_Var32(120 users) over 炎_リザードンX_究極_V6_アルティメット_Var78(100 users)
Gen 7 | Meta Shift: 炎_リザードンX_究極_V6_アルティメット_Var22(120 users) over 草_ナッシー_安定_V1_Var67(80 users)
Gen 8 | Meta Shift: 炎_リザードンX_究極_V6_アルティメット_Var60(120 users) over 草_ナッシー_安定_V1_Var11(80 users)
Gen 9 | Meta Shift: 草_ナッシー_安定_V1_Var63(120 users) over 草_ナッシー_安定_V1_Var83(80 users)
Gen 10 | Meta Shift: 草_ナッシー_安定_V1_Var59(120 users) over 草_ナッシー_安定_V1_Var67(60 users)
Gen 11 | Meta Shift: 炎_リザードンX_究極_V6_アルティメット_Var72(120 users) over 草_ナッシー_安定_V1_Var81(80 users)
Gen 12 | Meta Shift: 炎_リザードンX_究極_V6_アルティメット_Var88(120 users) over 草_ナッシー_安定_V1_Var5(80 users)
Gen 13 | Meta Shift: 炎_リザードンX_究極_V6_アルティメット_Var38(120 users) over 草_ナッシー_安定_V1_Var89(80 users)
Gen 14 | Meta Shift: 炎_リザードンX_究極_V6_アルティメット_Var88(140 users) over 草_ナッシー_安定_V1_Var79(80 users)
Gen 15 | Meta Shift: 草_ナッシー_安定_V1_Var1(120 users) over 草_ナッシー_安定_V1_Var93(80 users)
Gen 16 | Meta Shift: 炎_リザードンX_究極_V6_アルティメット_Var80(120 users) over 草_ナッシー_安定_V1_Var97(80 users)
Gen 17 | Meta Shift: 炎_リザードンX_究極_V6_アルティメット_Var10(120 users) over 草_ナッシー_安定_V1_Var43(80 users)
Gen 18 | Meta Shift: 草_ナッシー_安定_V1_Var37(120 users) over 草_ナッシー_安定_V1_Var47(80 users)
Gen 19 | Meta Shift: 草_ナッシー_安定_V1_Var3(120 users) over 草_ナッシー_安定_V1_Var81(60 users)
Gen 20 | Meta Shift: 草_ナッシー_安定_V1_Var49(120 users) over 草_ナッシー_安定_V1_Var31(80 users)
Gen 21 | Meta Shift: 炎_リザードンX_究極_V6_アルティメット_Var84(120 users) over 草_ナッシー_安定_V1_Var39(80 users)
Gen 22 | Meta Shift: 炎_リザードンX_究極_V6_アルティメット_Var60(140 users) over 草_ナッシー_安定_V1_Var7(80 users)
Gen 23 | Meta Shift: 炎_リザードンX_究極_V6_アルティメット_Var52(120 users) over 炎_リザードンX_究極_V6_アルティメット_Var12(80 users)
Gen 24 | Meta Shift: 炎_リザードンX_究極_V6_アルティメット_Var34(100 users) over 炎_リザードンX_究極_V6_アルティメット_Var94(80 users)
Gen 25 | Meta Shift: 炎_リザードンX_究極_V6_アルティメット_Var10(140 users) over 炎_リザードンX_究極_V6_アルティメット_Var2(80 users)
Gen 26 | Meta Shift: 草_ナッシー_安定_V1_Var37(140 users) over 炎_リザードンX_究極_V6_アルティメット_Var48(80 users)
Gen 27 | Meta Shift: 草_ナッシー_安定_V1_Var95(100 users) over 草_ナッシー_安定_V1_Var79(60 users)
Gen 28 | Meta Shift: 炎_リザードンX_究極_V6_アルティメット_Var74(120 users) over 草_ナッシー_安定_V1_Var25(80 users)
Gen 29 | Meta Shift: 草_ナッシー_安定_V1_Var47(100 users) over 炎_リザードンX_究極_V6_アルティメット_Var54(80 users)
Gen 30 | Meta Shift: 炎_リザードンX_究極_V6_アルティメット_Var92(120 users) over 草_ナッシー_安定_V1_Var19(80 users)
Gen 31 | Meta Shift: 草_ナッシー_安定_V1_Var41(120 users) over 炎_リザードンX_究極_V6_アルティメット_Var2(60 users)
Gen 32 | Meta Shift: 炎_リザードンX_究極_V6_アルティメット_Var36(120 users) over 炎_リザードンX_究極_V6_アルティメット_Var26(60 users)
Gen 33 | Meta Shift: 炎_リザードンX_究極_V6_アルティメット_Var68(120 users) over 炎_リザードンX_究極_V6_アルティメット_Var24(80 users)
Gen 34 | Meta Shift: 炎_リザードンX_究極_V6_アルティメット_Var28(120 users) over 草_ナッシー_安定_V1_Var47(80 users)
Gen 35 | Meta Shift: 炎_リザードンX_究極_V6_アルティメット_Var4(120 users) over 草_ナッシー_安定_V1_Var25(60 users)
Gen 36 | Meta Shift: 炎_リザードンX_究極_V6_アルティメット_Var90(120 users) over 草_ナッシー_安定_V1_Var23(80 users)
Gen 37 | Meta Shift: 草_ナッシー_安定_V1_Var95(120 users) over 炎_リザードンX_究極_V6_アルティメット_Var86(100 users)
Gen 38 | Meta Shift: 草_ナッシー_安定_V1_Var53(120 users) over 炎_リザードンX_究極_V6_アルティメット_Var96(80 users)
Gen 39 | Meta Shift: 草_ナッシー_安定_V1_Var5(100 users) over 草_ナッシー_安定_V1_Var73(80 users)
Gen 40 | Meta Shift: 草_ナッシー_安定_V1_Var89(100 users) over 草_ナッシー_安定_V1_Var29(80 users)
Gen 41 | Meta Shift: 草_ナッシー_安定_V1_Var87(120 users) over 草_ナッシー_安定_V1_Var9(80 users)
Gen 42 | Meta Shift: 炎_リザードンX_究極_V6_アルティメット_Var48(100 users) over 炎_リザードンX_究極_V6_アルティメット_Var44(100 users)
Gen 43 | Meta Shift: 炎_リザードンX_究極_V6_アルティメット_Var60(160 users) over 草_ナッシー_安定_V1_Var5(80 users)
Gen 44 | Meta Shift: 草_ナッシー_安定_V1_Var81(80 users) over 炎_リザードンX_究極_V6_アルティメット_Var18(80 users)
Gen 45 | Meta Shift: 炎_リザードンX_究極_V6_アルティメット_Var52(140 users) over 草_ナッシー_安定_V1_Var99(80 users)
Gen 46 | Meta Shift: 炎_リザードンX_究極_V6_アルティメット_Var18(100 users) over 炎_リザードンX_究極_V6_アルティメット_Var62(80 users)
Gen 47 | Meta Shift: 炎_リザードンX_究極_V6_アルティメット_Var76(120 users) over 草_ナッシー_安定_V1_Var85(80 users)
Gen 48 | Meta Shift: 草_ナッシー_安定_V1_Var45(120 users) over 炎_リザードンX_究極_V6_アルティメット_Var18(80 users)
Gen 49 | Meta Shift: 炎_リザードンX_究極_V6_アルティメット_Var0(120 users) over 炎_リザードンX_究極_V6_アルティメット_Var92(100 users)
Gen 50 | Meta Shift: 炎_リザードンX_究極_V6_アルティメット_Var60(180 users) over 炎_リザードンX_究極_V6_アルティメット_Var36(100 users)
Gen 51 | Meta Shift: 炎_リザードンX_究極_V6_アルティメット_Var64(120 users) over 炎_リザードンX_究極_V6_アルティメット_Var4(100 users)
Gen 52 | Meta Shift: 炎_リザードンX_究極_V6_アルティメット_Var60(200 users) over 草_ナッシー_安定_V1_Var9(60 users)
Gen 53 | Meta Shift: 炎_リザードンX_究極_V6_アルティメット_Var78(120 users) over 草_ナッシー_安定_V1_Var47(60 users)
Gen 54 | Meta Shift: 草_ナッシー_安定_V1_Var49(140 users) over 草_ナッシー_安定_V1_Var75(80 users)
Gen 55 | Meta Shift: 炎_リザードンX_究極_V6_アルティメット_Var66(120 users) over 草_ナッシー_安定_V1_Var49(120 users)
Gen 56 | Meta Shift: 炎_リザードンX_究極_V6_アルティメット_Var16(100 users) over 草_ナッシー_安定_V1_Var49(100 users)
Gen 57 | Meta Shift: 草_ナッシー_安定_V1_Var43(100 users) over 炎_リザードンX_究極_V6_アルティメット_Var24(60 users)
Gen 58 | Meta Shift: 草_ナッシー_安定_V1_Var73(100 users) over 草_ナッシー_安定_V1_Var37(120 users)
Gen 59 | Meta Shift: 炎_リザードンX_究極_V6_アルティメット_Var20(120 users) over 炎_リザードンX_究極_V6_アルティメット_Var68(100 users)
Gen 60 | Meta Shift: 草_ナッシー_安定_V1_Var77(120 users) over 炎_リザードンX_究極_V6_アルティメット_Var42(80 users)
Gen 61 | Meta Shift: 炎_リザードンX_究極_V6_アルティメット_Var64(140 users) over 炎_リザードンX_究極_V6_アルティメット_Var32(100 users)
Gen 62 | Meta Shift: 草_ナッシー_安定_V1_Var63(140 users) over 草_ナッシー_安定_V1_Var73(80 users)
Gen 63 | Meta Shift: 炎_リザードンX_究極_V6_アルティメット_Var36(120 users) over 草_ナッシー_安定_V1_Var37(100 users)
Gen 64 | Meta Shift: 炎_リザードンX_究極_V6_アルティメット_Var16(120 users) over 炎_リザードンX_究極_V6_アルティメット_Var98(80 users)
Gen 65 | Meta Shift: 炎_リザードンX_究極_V6_アルティメット_Var76(140 users) over 草_ナッシー_安定_V1_Var61(80 users)
Gen 66 | Meta Shift: 草_ナッシー_安定_V1_Var47(80 users) over 草_ナッシー_安定_V1_Var3(100 users)
Gen 67 | Meta Shift: 炎_リザードンX_究極_V6_アルティメット_Var68(120 users) over 炎_リザードンX_究極_V6_アルティメット_Var0(100 users)
Gen 68 | Meta Shift: 草_ナッシー_安定_V1_Var23(100 users) over 草_ナッシー_安定_V1_Var61(60 users)
Gen 69 | Meta Shift: 炎_リザードンX_究極_V6_アルティメット_Var38(140 users) over 炎_リザードンX_究極_V6_アルティメット_Var28(100 users)
Gen 70 | Meta Shift: 草_ナッシー_安定_V1_Var77(140 users) over 炎_リザードンX_究極_V6_アルティメット_Var26(40 users)
Gen 71 | Meta Shift: 草_ナッシー_安定_V1_Var59(140 users) over 草_ナッシー_安定_V1_Var69(80 users)
Gen 72 | Meta Shift: 炎_リザードンX_究極_V6_アルティメット_Var42(100 users) over 炎_リザードンX_究極_V6_アルティメット_Var88(120 users)
Gen 73 | Meta Shift: 炎_リザードンX_究極_V6_アルティメット_Var66(140 users) over 炎_リザードンX_究極_V6_アルティメット_Var10(120 users)
Gen 74 | Meta Shift: 炎_リザードンX_究極_V6_アルティメット_Var64(160 users) over 炎_リザードンX_究極_V6_アルティメット_Var36(100 users)
Gen 75 | Meta Shift: 炎_リザードンX_究極_V6_アルティメット_Var60(220 users) over 草_ナッシー_安定_V1_Var77(120 users)
Gen 76 | Meta Shift: 草_ナッシー_安定_V1_Var45(140 users) over 炎_リザードンX_究極_V6_アルティメット_Var40(80 users)
Gen 77 | Meta Shift: 炎_リザードンX_究極_V6_アルティメット_Var34(120 users) over 草_ナッシー_安定_V1_Var43(80 users)
Gen 78 | Meta Shift: 炎_リザードンX_究極_V6_アルティメット_Var10(140 users) over 草_ナッシー_安定_V1_Var89(80 users)
Gen 79 | Meta Shift: 炎_リザードンX_究極_V6_アルティメット_Var64(182 users) over 炎_リザードンX_究極_V6_アルティメット_Var60(198 users)
Gen 80 | Meta Shift: 炎_リザードンX_究極_V6_アルティメット_Var94(100 users) over 草_ナッシー_安定_V1_Var99(60 users)
Gen 81 | Meta Shift: 炎_リザードンX_究極_V6_アルティメット_Var64(202 users) over 草_ナッシー_安定_V1_Var37(80 users)
Gen 82 | Meta Shift: 草_ナッシー_安定_V1_Var95(140 users) over 草_ナッシー_安定_V1_Var55(80 users)
Gen 83 | Meta Shift: 炎_リザードンX_究極_V6_アルティメット_Var64(222 users) over 炎_リザードンX_究極_V6_アルティメット_Var60(178 users)
Gen 84 | Meta Shift: 草_ナッシー_安定_V1_Var85(100 users) over 草_ナッシー_安定_V1_Var83(60 users)
Gen 85 | Meta Shift: 草_ナッシー_安定_V1_Var1(140 users) over 草_ナッシー_安定_V1_Var75(60 users)
Gen 86 | Meta Shift: 炎_リザードンX_究極_V6_アルティメット_Var20(140 users) over 草_ナッシー_安定_V1_Var39(60 users)
Gen 87 | Meta Shift: 炎_リザードンX_究極_V6_アルティメット_Var92(120 users) over 草_ナッシー_安定_V1_Var57(80 users)
Gen 88 | Meta Shift: 炎_リザードンX_究極_V6_アルティメット_Var16(140 users) over 炎_リザードンX_究極_V6_アルティメット_Var62(60 users)
Gen 89 | Meta Shift: 草_ナッシー_安定_V1_Var65(120 users) over 炎_リザードンX_究極_V6_アルティメット_Var58(80 users)
Gen 90 | Meta Shift: 炎_リザードンX_究極_V6_アルティメット_Var4(120 users) over 炎_リザードンX_究極_V6_アルティメット_Var78(100 users)
Gen 91 | Meta Shift: 炎_リザードンX_究極_V6_アルティメット_Var42(120 users) over 草_ナッシー_安定_V1_Var21(80 users)
Gen 92 | Meta Shift: 炎_リザードンX_究極_V6_アルティメット_Var28(120 users) over 草_ナッシー_安定_V1_Var31(60 users)
Gen 93 | Meta Shift: 炎_リザードンX_究極_V6_アルティメット_Var98(100 users) over 草_ナッシー_安定_V1_Var31(40 users)
Gen 94 | Meta Shift: 草_ナッシー_安定_V1_Var21(100 users) over 草_ナッシー_安定_V1_Var91(80 users)
Gen 95 | Meta Shift: 炎_リザードンX_究極_V6_アルティメット_Var22(140 users) over 草_ナッシー_安定_V1_Var23(80 users)
Gen 96 | Meta Shift: 草_ナッシー_安定_V1_Var71(120 users) over 草_ナッシー_安定_V1_Var21(80 users)
Gen 97 | Meta Shift: 草_ナッシー_安定_V1_Var71(140 users) over 草_ナッシー_安定_V1_Var1(120 users)
Gen 98 | Meta Shift: 炎_リザードンX_究極_V6_アルティメット_Var96(100 users) over 草_ナッシー_安定_V1_Var85(80 users)
Gen 99 | Meta Shift: 炎_リザードンX_究極_V6_アルティメット_Var98(120 users) over 草_ナッシー_安定_V1_Var1(100 users)
Gen 100 | Meta Shift: 草_ナッシー_安定_V1_Var63(160 users) over 炎_リザードンX_究極_V6_アルティメット_Var52(120 users)
Gen 101 | Meta Shift: 炎_リザードンX_究極_V6_アルティメット_Var54(100 users) over 草_ナッシー_安定_V1_Var57(60 users)
Gen 102 | Meta Shift: 炎_リザードンX_究極_V6_アルティメット_Var66(160 users) over 炎_リザードンX_究極_V6_アルティメット_Var4(100 users)
Gen 1 | Meta Shift: 龍悪_ギラダク_グッズ偏重_V3_Var6(120 users) over 炎_リザードンX_究極_V6_アルティメット_Var8(80 users)
Gen 2 | Meta Shift: 龍悪_ギラダク_グッズ偏重_V3_Var6(140 users) over 炎_リザードンX_グッズ偏重_V3_Var84(80 users)
Gen 3 | Meta Shift: 闘_ガブルカ_グッズ偏重_V3_Var51(120 users) over 悪_ダークライ睡眠_グッズ偏重_V3_Var15(80 users)
Gen 4 | Meta Shift: 草_ナッシー_究極_V6_アルティメット_Var39(120 users) over 超_ゲンガー_安定_V1_Var59(80 users)
Gen 5 | Meta Shift: 炎_リザードンX_安定_V1_Var95(120 users) over 超_ゲンガー_究極_V6_アルティメット_Var61(80 users)
Gen 6 | Meta Shift: 水_スイクン_安定_V1_Var48(120 users) over 雷_ライコウ_安定_V1_Var54(80 users)
Gen 7 | Meta Shift: 超_ミュウツー_安定_V1_Var74(120 users) over 超_ミュウツー_安定_V1_Var63(80 users)
Gen 8 | Meta Shift: 炎_リザードンX_安定_V1_Var75(120 users) over 超_ミュウツー_グッズ偏重_V3_Var19(80 users)
Gen 9 | Meta Shift: 鋼_メルルギア_安定_V1_Var98(120 users) over 炎_リザードンX_究極_V6_アルティメット_Var32(80 users)
Gen 10 | Meta Shift: 水_スイクン_安定_V1_Var48(140 users) over 炎_リザードンX_グッズ偏重_V3_Var38(80 users)
Gen 1 | Meta Shift: 水_スイクン_究極_V6_アルティメット_Var88(120 users) over 鋼_メルルギア_グッズ偏重_V3_Var67(80 users)
Gen 2 | Meta Shift: 炎_リザードンX_グッズ偏重_V3_Var64(120 users) over 超_ゲンガー_究極_V6_アルティメット_Var87(80 users)
Gen 3 | Meta Shift: 雷_ライコウ_究極_V6_アルティメット_Var6(120 users) over 水_スイクン_グッズ偏重_V3_Var19(80 users)
Gen 4 | Meta Shift: 鋼_メルルギア_安定_V1_Var51(120 users) over 鋼_メルルギア_安定_V1_Var84(80 users)
Gen 1 | Meta Shift: 龍悪_ギラダク_グッズ偏重_V3_Var8365(120 users) over 水_スイクン_究極_V6_アルティメット_Var3491(80 users)
Gen 2 | Meta Shift: 水_スイクン_グッズ偏重_V3_Var4169(120 users) over 鋼_メルルギア_安定_V1_Var1232(80 users)
Gen 3 | Meta Shift: 草_フシギバナ_究極_V6_アルティメット_Var2820(120 users) over 闘_ガブルカ_安定_V1_Var6360(80 users)
Gen 4 | Meta Shift: 炎_リザードンX_グッズ偏重_V3_Var8804(120 users) over 雷_ライコウ_究極_V6_アルティメット_Var5325(80 users)
Gen 1 | Meta Shift: 水_スイクン_グッズ偏重_V3_Var2997(120 users) over 超_ゲンガー_安定_V1_Var6765(80 users)
Gen 2 | Meta Shift: 雷_ライコウ_究極_V6_アルティメット_Var3789(120 users) over 超_ゲンガー_グッズ偏重_V3_Var2744(80 users)
Gen 1 | Meta Shift: 悪_ダークライ睡眠_グッズ偏重_V3_Var6176(120 users) over 闘_ガブルカ_グッズ偏重_V3_Var728(80 users)
Gen 2 | Meta Shift: 龍悪_ギラダク_グッズ偏重_V3_Var6806(120 users) over 悪_ダークライ睡眠_安定_V1_Var3421(80 users)
Gen 3 | Meta Shift: 炎_リザードンX_究極_V6_アルティメット_Var9101(120 users) over 水_スイクンセグレイブ_究極_V6_アルティメット_Var9362(80 users)
Gen 4 | Meta Shift: 超_ゲンガー_安定_V1_Var2674(120 users) over 水_スイクン_グッズ偏重_V3_Var6046(80 users)
Gen 5 | Meta Shift: 草_フシギバナ_究極_V6_アルティメット_Var4198(120 users) over 雷_ライコウ_究極_V6_アルティメット_Var2921(80 users)
Gen 6 | Meta Shift: 炎_リザードンX_グッズ偏重_V3_Var2991(120 users) over 水_スイクンセグレイブ_安定_V1_Var9769(80 users)
Gen 7 | Meta Shift: 炎_リザードンX_グッズ偏重_V3_Var7192(120 users) over 雷_ライコウ_究極_V6_アルティメット_Var3132(80 users)
Gen 8 | Meta Shift: 闘_ガブルカ_究極_V6_アルティメット_Var8553(120 users) over 草_ナッシー_グッズ偏重_V3_Var5738(80 users)
Gen 9 | Meta Shift: 悪_ダークライ睡眠_安定_V1_Var3300(120 users) over 闘_ガブルカ_安定_V1_Var5935(80 users)
Gen 10 | Meta Shift: 草_ナッシー_安定_V1_Var1312(120 users) over 水_スイクン_究極_V6_アルティメット_Var76(80 users)
Gen 11 | Meta Shift: 草_フシギバナ_究極_V6_アルティメット_Var78(120 users) over 悪_ダークライ睡眠_究極_V6_アルティメット_Var8350(80 users)
Gen 12 | Meta Shift: 鋼_メルルギア_究極_V6_アルティメット_Var1551(120 users) over 超_ミュウツー_究極_V6_アルティメット_Var8174(80 users)
Gen 13 | Meta Shift: 雷_ライコウ_究極_V6_アルティメット_Var9934(120 users) over 草_ナッシー_究極_V6_アルティメット_Var6994(80 users)
Gen 14 | Meta Shift: 龍悪_ギラダク_グッズ偏重_V3_Var3514(120 users) over 水_スイクンセグレイブ_グッズ偏重_V3_Var9896(80 users)
Gen 15 | Meta Shift: 悪_ダークライ睡眠_究極_V6_アルティメット_Var3613(120 users) over 炎_リザードンX_究極_V6_アルティメット_Var842(80 users)
Gen 16 | Meta Shift: 闘_ガブルカ_究極_V6_アルティメット_Var8987(120 users) over 水_スイクンセグレイブ_グッズ偏重_V3_Var8740(80 users)
Gen 17 | Meta Shift: 水_スイクン_グッズ偏重_V3_Var5486(120 users) over 水_スイクン_究極_V6_アルティメット_Var6833(80 users)
Gen 18 | Meta Shift: 悪_ダークライ睡眠_グッズ偏重_V3_Var5633(120 users) over 炎_リザードンX_グッズ偏重_V3_Var558(80 users)
Gen 19 | Meta Shift: 超_ゲンガー_安定_V1_Var1734(120 users) over 炎_リザードンX_安定_V1_Var3768(80 users)
Gen 20 | Meta Shift: 超_ゲンガー_安定_V1_Var4893(120 users) over 超_ゲンガー_究極_V6_アルティメット_Var7912(80 users)
Gen 21 | Meta Shift: 草_フシギバナ_究極_V6_アルティメット_Var3152(120 users) over 水_スイクン_グッズ偏重_V3_Var6660(80 users)
Gen 22 | Meta Shift: 炎_リザードンX_究極_V6_アルティメット_Var628(120 users) over 水_スイクン_安定_V1_Var3745(80 users)
Gen 23 | Meta Shift: 龍悪_ギラダク_グッズ偏重_V3_Var4488(120 users) over 水_スイクンセグレイブ_安定_V1_Var3673(80 users)
Gen 24 | Meta Shift: 水_スイクンセグレイブ_グッズ偏重_V3_Var4725(120 users) over 悪_ダークライ睡眠_グッズ偏重_V3_Var9909(80 users)
Gen 25 | Meta Shift: 炎_リザードンX_グッズ偏重_V3_Var3652(120 users) over 鋼_メルルギア_グッズ偏重_V3_Var2816(80 users)
Gen 26 | Meta Shift: 水_スイクン_グッズ偏重_V3_Var8384(120 users) over 草_フシギバナ_グッズ偏重_V3_Var9861(80 users)
Gen 27 | Meta Shift: 龍悪_ギラダク_グッズ偏重_V3_Var5856(120 users) over 超_ゲンガー_グッズ偏重_V3_Var1338(80 users)
Gen 28 | Meta Shift: 闘_ガブルカ_安定_V1_Var4217(120 users) over 水_スイクンセグレイブ_安定_V1_Var3549(80 users)
Gen 29 | Meta Shift: 悪_ダークライ睡眠_グッズ偏重_V3_Var9291(120 users) over 悪_ダークライ睡眠_グッズ偏重_V3_Var9387(80 users)
Gen 30 | Meta Shift: 龍悪_ギラダク_グッズ偏重_V3_Var9664(120 users) over 炎_リザードンX_究極_V6_アルティメット_Var5987(80 users)
Gen 31 | Meta Shift: 悪_ダークライ睡眠_究極_V6_アルティメット_Var6866(120 users) over 雷_ライコウ_グッズ偏重_V3_Var3927(80 users)
Gen 32 | Meta Shift: 炎_リザードンX_安定_V1_Var3768(100 users) over 龍悪_ギラダク_グッズ偏重_V3_Var6969(80 users)
Gen 33 | Meta Shift: 闘_ガブルカ_安定_V1_Var3483(120 users) over 水_スイクンセグレイブ_安定_V1_Var3366(80 users)
Gen 34 | Meta Shift: 龍悪_ギラダク_究極_V6_アルティメット_Var9641(120 users) over 水_スイクン_安定_V1_Var9756(80 users)
Gen 35 | Meta Shift: 水_スイクン_究極_V6_アルティメット_Var9502(120 users) over 草_ナッシー_安定_V1_Var2698(80 users)
Gen 36 | Meta Shift: 炎_リザードンX_グッズ偏重_V3_Var6086(120 users) over 雷_ライコウ_グッズ偏重_V3_Var3969(80 users)
Gen 37 | Meta Shift: 鋼_メルルギア_究極_V6_アルティメット_Var8118(120 users) over 鋼_メルルギア_究極_V6_アルティメット_Var4432(80 users)
Gen 38 | Meta Shift: 水_スイクン_安定_V1_Var7973(120 users) over 鋼_メルルギア_究極_V6_アルティメット_Var6469(80 users)
Gen 39 | Meta Shift: 龍悪_ギラダク_グッズ偏重_V3_Var4830(120 users) over 草_ナッシー_安定_V1_Var5533(80 users)
Gen 40 | Meta Shift: 水_スイクンセグレイブ_安定_V1_Var2535(120 users) over 草_ナッシー_究極_V6_アルティメット_Var4209(80 users)
Gen 41 | Meta Shift: 超_ゲンガー_究極_V6_アルティメット_Var3446(120 users) over 水_スイクン_グッズ偏重_V3_Var9273(80 users)
Gen 42 | Meta Shift: 超_ゲンガー_グッズ偏重_V3_Var178(120 users) over 悪_ダークライ睡眠_究極_V6_アルティメット_Var6822(80 users)
Gen 43 | Meta Shift: 闘_ガブルカ_安定_V1_Var6222(120 users) over 超_ミュウツー_安定_V1_Var8131(80 users)
Gen 44 | Meta Shift: 水_スイクンセグレイブ_究極_V6_アルティメット_Var8648(120 users) over 炎_リザードンX_究極_V6_アルティメット_Var3348(80 users)
Gen 45 | Meta Shift: 超_ミュウツー_究極_V6_アルティメット_Var4370(120 users) over 悪_ダークライ睡眠_究極_V6_アルティメット_Var9867(80 users)
Gen 46 | Meta Shift: 草_ナッシー_安定_V1_Var9639(120 users) over 草_ナッシー_グッズ偏重_V3_Var7690(80 users)
Gen 47 | Meta Shift: 草_ナッシー_安定_V1_Var555(120 users) over 草_フシギバナ_究極_V6_アルティメット_Var1660(80 users)
Gen 48 | Meta Shift: 龍悪_ギラダク_究極_V6_アルティメット_Var7632(120 users) over 超_ミュウツー_安定_V1_Var3757(80 users)
Gen 49 | Meta Shift: 龍悪_ギラダク_グッズ偏重_V3_Var1080(120 users) over 炎_リザードンX_安定_V1_Var99(80 users)
Gen 50 | Meta Shift: 雷_ライコウ_究極_V6_アルティメット_Var637(120 users) over 闘_ガブルカ_安定_V1_Var9404(80 users)
Gen 51 | Meta Shift: 超_ミュウツー_安定_V1_Var1022(120 users) over 超_ゲンガー_究極_V6_アルティメット_Var7545(80 users)
Gen 52 | Meta Shift: 悪_ダークライ睡眠_グッズ偏重_V3_Var2276(120 users) over 草_ナッシー_究極_V6_アルティメット_Var2517(80 users)
Gen 53 | Meta Shift: 龍悪_ギラダク_安定_V1_Var5389(120 users) over 水_スイクン_安定_V1_Var8001(80 users)
Gen 54 | Meta Shift: 超_ミュウツー_究極_V6_アルティメット_Var8495(120 users) over 超_ミュウツー_究極_V6_アルティメット_Var2818(80 users)
Gen 55 | Meta Shift: 超_ミュウツー_究極_V6_アルティメット_Var4309(120 users) over 鋼_メルルギア_究極_V6_アルティメット_Var4327(80 users)
Gen 56 | Meta Shift: 超_ゲンガー_究極_V6_アルティメット_Var8768(120 users) over 鋼_メルルギア_グッズ偏重_V3_Var4615(80 users)
Gen 57 | Meta Shift: 闘_ガブルカ_安定_V1_Var4644(120 users) over 草_ナッシー_安定_V1_Var9597(80 users)
Gen 58 | Meta Shift: 炎_リザードンX_安定_V1_Var7493(120 users) over 草_フシギバナ_グッズ偏重_V3_Var7102(80 users)
Gen 59 | Meta Shift: 龍悪_ギラダク_グッズ偏重_V3_Var9129(120 users) over 水_スイクンセグレイブ_グッズ偏重_V3_Var4330(80 users)
Gen 60 | Meta Shift: 龍悪_ギラダク_究極_V6_アルティメット_Var4743(120 users) over 龍悪_ギラダク_グッズ偏重_V3_Var2163(80 users)
Gen 61 | Meta Shift: 炎_リザードンX_グッズ偏重_V3_Var5476(120 users) over 炎_リザードンX_グッズ偏重_V3_Var1530(80 users)
Gen 62 | Meta Shift: 水_スイクンセグレイブ_グッズ偏重_V3_Var6403(120 users) over 悪_ダークライ睡眠_安定_V1_Var2778(80 users)
Gen 63 | Meta Shift: 超_ミュウツー_安定_V1_Var956(120 users) over 超_ミュウツー_究極_V6_アルティメット_Var2637(80 users)
Gen 64 | Meta Shift: 炎_リザードンX_安定_V1_Var6366(120 users) over 草_ナッシー_安定_V1_Var7314(80 users)
Gen 65 | Meta Shift: 超_ミュウツー_グッズ偏重_V3_Var7576(120 users) over 闘_ガブルカ_安定_V1_Var7865(80 users)
Gen 66 | Meta Shift: 水_スイクン_グッズ偏重_V3_Var9987(120 users) over 超_ミュウツー_究極_V6_アルティメット_Var9943(80 users)
Gen 67 | Meta Shift: 水_スイクン_安定_V1_Var5000(120 users) over 超_ミュウツー_究極_V6_アルティメット_Var5786(80 users)
Gen 68 | Meta Shift: 草_ナッシー_安定_V1_Var1807(120 users) over 水_スイクンセグレイブ_究極_V6_アルティメット_Var5746(80 users)
Gen 69 | Meta Shift: 龍悪_ギラダク_究極_V6_アルティメット_Var9202(120 users) over 水_スイクンセグレイブ_安定_V1_Var2026(80 users)
Gen 70 | Meta Shift: 超_ゲンガー_安定_V1_Var1090(120 users) over 草_フシギバナ_究極_V6_アルティメット_Var9939(80 users)
Gen 71 | Meta Shift: 龍悪_ギラダク_グッズ偏重_V3_Var2911(120 users) over 超_ミュウツー_グッズ偏重_V3_Var2048(80 users)
Gen 72 | Meta Shift: 草_フシギバナ_究極_V6_アルティメット_Var9321(120 users) over 炎_リザードンX_安定_V1_Var5511(80 users)
Gen 73 | Meta Shift: 雷_ライコウ_グッズ偏重_V3_Var9001(120 users) over 悪_ダークライ睡眠_究極_V6_アルティメット_Var8211(80 users)
Gen 74 | Meta Shift: 雷_ライコウ_究極_V6_アルティメット_Var692(120 users) over 超_ミュウツー_安定_V1_Var9495(80 users)
Gen 75 | Meta Shift: 闘_ガブルカ_究極_V6_アルティメット_Var1599(120 users) over 草_フシギバナ_グッズ偏重_V3_Var4194(80 users)
Gen 76 | Meta Shift: 草_フシギバナ_グッズ偏重_V3_Var4036(120 users) over 超_ミュウツー_安定_V1_Var2477(80 users)
Gen 77 | Meta Shift: 草_フシギバナ_グッズ偏重_V3_Var4631(120 users) over 闘_ガブルカ_グッズ偏重_V3_Var8322(80 users)
Gen 78 | Meta Shift: 草_フシギバナ_安定_V1_Var799(120 users) over 鋼_メルルギア_究極_V6_アルティメット_Var1551(100 users)
Gen 79 | Meta Shift: 草_ナッシー_グッズ偏重_V3_Var349(120 users) over 龍悪_ギラダク_安定_V1_Var3069(80 users)
Gen 80 | Meta Shift: 龍悪_ギラダク_究極_V6_アルティメット_Var9194(120 users) over 水_スイクン_究極_V6_アルティメット_Var3798(80 users)
Gen 81 | Meta Shift: 水_スイクンセグレイブ_究極_V6_アルティメット_Var438(120 users) over 水_スイクン_安定_V1_Var6574(80 users)
Gen 82 | Meta Shift: 草_ナッシー_安定_V1_Var2088(120 users) over 炎_リザードンX_究極_V6_アルティメット_Var39(80 users)
Gen 83 | Meta Shift: 闘_ガブルカ_グッズ偏重_V3_Var5205(120 users) over 悪_ダークライ睡眠_グッズ偏重_V3_Var3555(80 users)
Gen 84 | Meta Shift: 雷_ライコウ_安定_V1_Var693(120 users) over 炎_リザードンX_究極_V6_アルティメット_Var2766(80 users)
Gen 85 | Meta Shift: 雷_ライコウ_グッズ偏重_V3_Var6490(120 users) over 水_スイクン_グッズ偏重_V3_Var3222(80 users)
Gen 86 | Meta Shift: 雷_ライコウ_グッズ偏重_V3_Var3647(120 users) over 雷_ライコウ_安定_V1_Var5290(80 users)
Gen 87 | Meta Shift: 雷_ライコウ_グッズ偏重_V3_Var6490(140 users) over 水_スイクン_究極_V6_アルティメット_Var9989(80 users)
Gen 88 | Meta Shift: 水_スイクンセグレイブ_安定_V1_Var4770(120 users) over 鋼_メルルギア_グッズ偏重_V3_Var5089(80 users)
Gen 89 | Meta Shift: 闘_ガブルカ_グッズ偏重_V3_Var153(120 users) over 闘_ガブルカ_究極_V6_アルティメット_Var1362(80 users)
Gen 90 | Meta Shift: 悪_ダークライ睡眠_グッズ偏重_V3_Var9319(120 users) over 雷_ライコウ_グッズ偏重_V3_Var41(80 users)
Gen 91 | Meta Shift: 鋼_メルルギア_安定_V1_Var2859(120 users) over 草_ナッシー_安定_V1_Var3287(80 users)
Gen 92 | Meta Shift: 草_フシギバナ_究極_V6_アルティメット_Var2235(120 users) over 水_スイクンセグレイブ_究極_V6_アルティメット_Var2614(80 users)
Gen 93 | Meta Shift: 水_スイクンセグレイブ_安定_V1_Var1692(120 users) over 超_ミュウツー_グッズ偏重_V3_Var9441(80 users)
Gen 94 | Meta Shift: 龍悪_ギラダク_究極_V6_アルティメット_Var432(120 users) over 炎_リザードンX_究極_V6_アルティメット_Var6931(80 users)
Gen 95 | Meta Shift: 炎_リザードンX_安定_V1_Var8605(120 users) over 炎_リザードンX_究極_V6_アルティメット_Var5422(80 users)
Gen 96 | Meta Shift: 雷_ライコウ_究極_V6_アルティメット_Var5644(120 users) over 草_ナッシー_安定_V1_Var9604(80 users)
Gen 97 | Meta Shift: 雷_ライコウ_グッズ偏重_V3_Var2883(120 users) over 超_ミュウツー_安定_V1_Var5816(80 users)
Gen 98 | Meta Shift: 超_ゲンガー_安定_V1_Var2846(120 users) over 超_ミュウツー_究極_V6_アルティメット_Var5(80 users)
Gen 99 | Meta Shift: 超_ミュウツー_グッズ偏重_V3_Var9093(120 users) over 水_スイクンセグレイブ_安定_V1_Var8765(80 users)
Gen 100 | Meta Shift: 雷_ライコウ_安定_V1_Var4569(120 users) over 鋼_メルルギア_究極_V6_アルティメット_Var6051(80 users)
Gen 101 | Meta Shift: 超_ミュウツー_グッズ偏重_V3_Var131(120 users) over 草_フシギバナ_グッズ偏重_V3_Var1655(80 users)
Gen 102 | Meta Shift: 炎_リザードンX_究極_V6_アルティメット_Var2767(120 users) over 水_スイクンセグレイブ_グッズ偏重_V3_Var6495(80 users)
Gen 103 | Meta Shift: 鋼_メルルギア_グッズ偏重_V3_Var9972(120 users) over 炎_リザードンX_安定_V1_Var4477(80 users)
Gen 104 | Meta Shift: 闘_ガブルカ_グッズ偏重_V3_Var6328(120 users) over 雷_ライコウ_グッズ偏重_V3_Var5260(80 users)
Gen 105 | Meta Shift: 悪_ダークライ睡眠_究極_V6_アルティメット_Var7706(120 users) over 超_ゲンガー_グッズ偏重_V3_Var355(80 users)
Gen 106 | Meta Shift: 鋼_メルルギア_グッズ偏重_V3_Var7522(120 users) over 水_スイクン_究極_V6_アルティメット_Var7089(80 users)
Gen 107 | Meta Shift: 龍悪_ギラダク_究極_V6_アルティメット_Var5018(120 users) over 水_スイクンセグレイブ_究極_V6_アルティメット_Var5976(80 users)
Gen 108 | Meta Shift: 超_ゲンガー_究極_V6_アルティメット_Var2333(120 users) over 闘_ガブルカ_安定_V1_Var8347(80 users)
Gen 109 | Meta Shift: 水_スイクンセグレイブ_安定_V1_Var2032(120 users) over 超_ゲンガー_グッズ偏重_V3_Var362(80 users)
Gen 110 | Meta Shift: 雷_ライコウ_安定_V1_Var6363(120 users) over 超_ミュウツー_安定_V1_Var3275(80 users)
Gen 111 | Meta Shift: 超_ゲンガー_安定_V1_Var9410(120 users) over 超_ゲンガー_究極_V6_アルティメット_Var5054(80 users)
Gen 112 | Meta Shift: 闘_ガブルカ_安定_V1_Var4501(120 users) over 炎_リザードンX_安定_V1_Var9689(80 users)
Gen 113 | Meta Shift: 鋼_メルルギア_安定_V1_Var225(120 users) over 悪_ダークライ睡眠_グッズ偏重_V3_Var1172(80 users)
Gen 114 | Meta Shift: 炎_リザードンX_安定_V1_Var6565(120 users) over 超_ゲンガー_グッズ偏重_V3_Var6249(80 users)
Gen 115 | Meta Shift: 雷_ライコウ_究極_V6_アルティメット_Var8201(120 users) over 超_ゲンガー_グッズ偏重_V3_Var7697(80 users)
Gen 116 | Meta Shift: 炎_リザードンX_安定_V1_Var4489(120 users) over 水_スイクンセグレイブ_グッズ偏重_V3_Var792(80 users)
Gen 117 | Meta Shift: 鋼_メルルギア_安定_V1_Var9061(120 users) over 闘_ガブルカ_究極_V6_アルティメット_Var9714(80 users)
Gen 118 | Meta Shift: 超_ミュウツー_究極_V6_アルティメット_Var2829(120 users) over 超_ゲンガー_安定_V1_Var7461(80 users)
Gen 119 | Meta Shift: 水_スイクンセグレイブ_究極_V6_アルティメット_Var7641(120 users) over 超_ミュウツー_究極_V6_アルティメット_Var4651(80 users)
Gen 120 | Meta Shift: 雷_ライコウ_究極_V6_アルティメット_Var840(120 users) over 草_フシギバナ_グッズ偏重_V3_Var9016(80 users)
Gen 121 | Meta Shift: 龍悪_ギラダク_安定_V1_Var6825(120 users) over 雷_ライコウ_究極_V6_アルティメット_Var5658(80 users)
Gen 122 | Meta Shift: 草_フシギバナ_グッズ偏重_V3_Var8039(120 users) over 超_ゲンガー_グッズ偏重_V3_Var1412(80 users)
Gen 123 | Meta Shift: 超_ゲンガー_安定_V1_Var7722(120 users) over 鋼_メルルギア_グッズ偏重_V3_Var5609(80 users)
Gen 124 | Meta Shift: 炎_リザードンX_安定_V1_Var7049(120 users) over 龍悪_ギラダク_究極_V6_アルティメット_Var4140(80 users)
Gen 125 | Meta Shift: 悪_ダークライ睡眠_究極_V6_アルティメット_Var2899(120 users) over 水_スイクン_グッズ偏重_V3_Var4510(80 users)
Gen 126 | Meta Shift: 闘_ガブルカ_安定_V1_Var1910(120 users) over 炎_リザードンX_究極_V6_アルティメット_Var7669(80 users)
Gen 127 | Meta Shift: 水_スイクン_グッズ偏重_V3_Var9722(120 users) over 水_スイクンセグレイブ_グッズ偏重_V3_Var1593(80 users)
Gen 128 | Meta Shift: 超_ミュウツー_究極_V6_アルティメット_Var1282(120 users) over 超_ミュウツー_安定_V1_Var1066(80 users)
Gen 129 | Meta Shift: 超_ミュウツー_グッズ偏重_V3_Var8762(120 users) over 草_ナッシー_究極_V6_アルティメット_Var7806(80 users)
Gen 130 | Meta Shift: 闘_ガブルカ_究極_V6_アルティメット_Var6611(120 users) over 草_フシギバナ_グッズ偏重_V3_Var2672(80 users)
Gen 131 | Meta Shift: 鋼_メルルギア_安定_V1_Var83(120 users) over 鋼_メルルギア_究極_V6_アルティメット_Var2419(80 users)
Gen 132 | Meta Shift: 草_ナッシー_究極_V6_アルティメット_Var3167(120 users) over 水_スイクンセグレイブ_究極_V6_アルティメット_Var9238(80 users)
Gen 133 | Meta Shift: 悪_ダークライ睡眠_安定_V1_Var5607(120 users) over 水_スイクンセグレイブ_安定_V1_Var9271(80 users)
Gen 134 | Meta Shift: 雷_ライコウ_安定_V1_Var7622(120 users) over 闘_ガブルカ_究極_V6_アルティメット_Var2619(80 users)
Gen 135 | Meta Shift: 草_ナッシー_究極_V6_アルティメット_Var8979(120 users) over 闘_ガブルカ_安定_V1_Var9180(80 users)
Gen 136 | Meta Shift: 水_スイクンセグレイブ_安定_V1_Var8110(120 users) over 超_ゲンガー_グッズ偏重_V3_Var6546(80 users)
Gen 137 | Meta Shift: 水_スイクンセグレイブ_究極_V6_アルティメット_Var4628(120 users) over 炎_リザードンX_安定_V1_Var8387(80 users)
Gen 138 | Meta Shift: 龍悪_ギラダク_安定_V1_Var1617(120 users) over 水_スイクンセグレイブ_グッズ偏重_V3_Var5713(80 users)
Gen 139 | Meta Shift: 鋼_メルルギア_安定_V1_Var5798(120 users) over 超_ミュウツー_究極_V6_アルティメット_Var1840(80 users)
Gen 140 | Meta Shift: 龍悪_ギラダク_安定_V1_Var9493(120 users) over 水_スイクン_究極_V6_アルティメット_Var6397(80 users)
Gen 141 | Meta Shift: 鋼_メルルギア_究極_V6_アルティメット_Var8013(120 users) over 悪_ダークライ睡眠_グッズ偏重_V3_Var3851(80 users)
Gen 142 | Meta Shift: 草_フシギバナ_グッズ偏重_V3_Var9645(120 users) over 鋼_メルルギア_グッズ偏重_V3_Var3857(80 users)
Gen 143 | Meta Shift: 龍悪_ギラダク_究極_V6_アルティメット_Var3559(120 users) over 超_ミュウツー_安定_V1_Var7456(80 users)
Gen 144 | Meta Shift: 闘_ガブルカ_安定_V1_Var7042(120 users) over 炎_リザードンX_安定_V1_Var612(80 users)
Gen 145 | Meta Shift: 龍悪_ギラダク_グッズ偏重_V3_Var1288(120 users) over 草_フシギバナ_グッズ偏重_V3_Var6121(80 users)
Gen 146 | Meta Shift: 水_スイクンセグレイブ_グッズ偏重_V3_Var730(120 users) over 炎_リザードンX_安定_V1_Var8911(80 users)
Gen 147 | Meta Shift: 草_ナッシー_安定_V1_Var5672(120 users) over 超_ミュウツー_安定_V1_Var7526(80 users)
Gen 148 | Meta Shift: 闘_ガブルカ_グッズ偏重_V3_Var8456(120 users) over 超_ゲンガー_究極_V6_アルティメット_Var1370(80 users)
Gen 149 | Meta Shift: 超_ゲンガー_安定_V1_Var8074(120 users) over 水_スイクンセグレイブ_グッズ偏重_V3_Var4314(80 users)
Gen 150 | Meta Shift: 鋼_メルルギア_グッズ偏重_V3_Var9772(120 users) over 超_ゲンガー_究極_V6_アルティメット_Var3355(80 users)
Gen 151 | Meta Shift: 草_フシギバナ_究極_V6_アルティメット_Var4657(120 users) over 炎_リザードンX_究極_V6_アルティメット_Var4394(80 users)
Gen 152 | Meta Shift: 水_スイクン_グッズ偏重_V3_Var911(120 users) over 闘_ガブルカ_グッズ偏重_V3_Var8769(80 users)
Gen 153 | Meta Shift: 水_スイクン_安定_V1_Var599(120 users) over 草_ナッシー_安定_V1_Var7676(80 users)
Gen 154 | Meta Shift: 炎_リザードンX_究極_V6_アルティメット_Var5858(120 users) over 炎_リザードンX_究極_V6_アルティメット_Var4897(80 users)
Gen 155 | Meta Shift: 雷_ライコウ_グッズ偏重_V3_Var3912(120 users) over 超_ミュウツー_グッズ偏重_V3_Var655(80 users)
Gen 156 | Meta Shift: 炎_リザードンX_安定_V1_Var8801(120 users) over 草_ナッシー_グッズ偏重_V3_Var2261(80 users)
Gen 157 | Meta Shift: 龍悪_ギラダク_安定_V1_Var5717(120 users) over 闘_ガブルカ_安定_V1_Var6810(80 users)
Gen 158 | Meta Shift: 闘_ガブルカ_究極_V6_アルティメット_Var8855(120 users) over 龍悪_ギラダク_安定_V1_Var6418(80 users)
Gen 159 | Meta Shift: 水_スイクンセグレイブ_グッズ偏重_V3_Var3451(120 users) over 炎_リザードンX_安定_V1_Var4448(80 users)
Gen 160 | Meta Shift: 草_ナッシー_究極_V6_アルティメット_Var8219(120 users) over 鋼_メルルギア_究極_V6_アルティメット_Var5811(80 users)
Gen 161 | Meta Shift: 超_ゲンガー_安定_V1_Var893(120 users) over 超_ミュウツー_究極_V6_アルティメット_Var1308(80 users)
Gen 162 | Meta Shift: 草_ナッシー_グッズ偏重_V3_Var2317(120 users) over 草_ナッシー_グッズ偏重_V3_Var1607(80 users)
Gen 163 | Meta Shift: 水_スイクン_安定_V1_Var7579(120 users) over 炎_リザードンX_グッズ偏重_V3_Var4437(80 users)
Gen 164 | Meta Shift: 雷_ライコウ_グッズ偏重_V3_Var2655(120 users) over 水_スイクン_グッズ偏重_V3_Var6446(80 users)
Gen 165 | Meta Shift: 超_ミュウツー_グッズ偏重_V3_Var5731(120 users) over 超_ミュウツー_グッズ偏重_V3_Var5686(80 users)
Gen 166 | Meta Shift: 龍悪_ギラダク_究極_V6_アルティメット_Var3157(120 users) over 水_スイクン_究極_V6_アルティメット_Var7623(80 users)
Gen 167 | Meta Shift: 炎_リザードンX_安定_V1_Var5545(120 users) over 超_ミュウツー_グッズ偏重_V3_Var1998(80 users)
Gen 168 | Meta Shift: 雷_ライコウ_グッズ偏重_V3_Var5521(120 users) over 悪_ダークライ睡眠_究極_V6_アルティメット_Var7871(80 users)
Gen 169 | Meta Shift: 超_ゲンガー_安定_V1_Var517(120 users) over 草_ナッシー_究極_V6_アルティメット_Var6385(80 users)
Gen 170 | Meta Shift: 龍悪_ギラダク_グッズ偏重_V3_Var4741(120 users) over 水_スイクン_安定_V1_Var2040(80 users)
Gen 171 | Meta Shift: 草_フシギバナ_グッズ偏重_V3_Var1190(120 users) over 超_ゲンガー_グッズ偏重_V3_Var8245(80 users)
Gen 172 | Meta Shift: 超_ミュウツー_グッズ偏重_V3_Var1175(120 users) over 超_ゲンガー_安定_V1_Var119(80 users)
Gen 173 | Meta Shift: 草_ナッシー_究極_V6_アルティメット_Var7991(120 users) over 草_フシギバナ_安定_V1_Var173(80 users)
Gen 174 | Meta Shift: 雷_ライコウ_究極_V6_アルティメット_Var6664(120 users) over 草_ナッシー_安定_V1_Var8373(80 users)
Gen 175 | Meta Shift: 草_ナッシー_安定_V1_Var875(120 users) over 草_ナッシー_グッズ偏重_V3_Var9021(80 users)
Gen 176 | Meta Shift: 雷_ライコウ_究極_V6_アルティメット_Var8145(120 users) over 草_ナッシー_グッズ偏重_V3_Var2544(80 users)
Gen 177 | Meta Shift: 水_スイクン_安定_V1_Var4479(120 users) over 水_スイクンセグレイブ_安定_V1_Var8022(80 users)
Gen 178 | Meta Shift: 悪_ダークライ睡眠_究極_V6_アルティメット_Var1756(120 users) over 龍悪_ギラダク_安定_V1_Var7701(80 users)
Gen 179 | Meta Shift: 雷_ライコウ_究極_V6_アルティメット_Var3390(120 users) over 水_スイクンセグレイブ_グッズ偏重_V3_Var1974(80 users)
Gen 180 | Meta Shift: 雷_ライコウ_グッズ偏重_V3_Var2596(120 users) over 超_ゲンガー_安定_V1_Var4966(80 users)
Gen 181 | Meta Shift: 超_ミュウツー_グッズ偏重_V3_Var4146(120 users) over 水_スイクンセグレイブ_究極_V6_アルティメット_Var823(80 users)
Gen 182 | Meta Shift: 草_フシギバナ_究極_V6_アルティメット_Var5161(120 users) over 雷_ライコウ_安定_V1_Var7969(80 users)
Gen 183 | Meta Shift: 水_スイクン_グッズ偏重_V3_Var1859(120 users) over 炎_リザードンX_安定_V1_Var3061(80 users)
Gen 184 | Meta Shift: 龍悪_ギラダク_グッズ偏重_V3_Var5217(120 users) over 炎_リザードンX_グッズ偏重_V3_Var3842(80 users)
Gen 185 | Meta Shift: 超_ミュウツー_究極_V6_アルティメット_Var1398(120 users) over 水_スイクンセグレイブ_究極_V6_アルティメット_Var9881(80 users)
Gen 186 | Meta Shift: 草_ナッシー_究極_V6_アルティメット_Var8965(120 users) over 超_ミュウツー_究極_V6_アルティメット_Var6956(80 users)
Gen 187 | Meta Shift: 水_スイクン_安定_V1_Var5758(120 users) over 龍悪_ギラダク_究極_V6_アルティメット_Var5158(80 users)
Gen 188 | Meta Shift: 悪_ダークライ睡眠_グッズ偏重_V3_Var3797(120 users) over 水_スイクン_グッズ偏重_V3_Var2431(80 users)
Gen 189 | Meta Shift: 闘_ガブルカ_安定_V1_Var6950(120 users) over 闘_ガブルカ_究極_V6_アルティメット_Var6376(80 users)
Gen 190 | Meta Shift: 闘_ガブルカ_安定_V1_Var8260(120 users) over 炎_リザードンX_グッズ偏重_V3_Var9145(80 users)
Gen 191 | Meta Shift: 闘_ガブルカ_安定_V1_Var1507(120 users) over 草_ナッシー_グッズ偏重_V3_Var8320(80 users)
Gen 192 | Meta Shift: 龍悪_ギラダク_究極_V6_アルティメット_Var8788(120 users) over 雷_ライコウ_グッズ偏重_V3_Var6204(80 users)
Gen 193 | Meta Shift: 悪_ダークライ睡眠_グッズ偏重_V3_Var9301(120 users) over 水_スイクン_究極_V6_アルティメット_Var6361(80 users)
Gen 194 | Meta Shift: 水_スイクンセグレイブ_究極_V6_アルティメット_Var9133(120 users) over 草_ナッシー_究極_V6_アルティメット_Var5225(80 users)
Gen 195 | Meta Shift: 草_ナッシー_究極_V6_アルティメット_Var6357(120 users) over 龍悪_ギラダク_グッズ偏重_V3_Var1473(80 users)
Gen 196 | Meta Shift: 草_ナッシー_安定_V1_Var1160(120 users) over 鋼_メルルギア_安定_V1_Var9906(80 users)
Gen 197 | Meta Shift: 悪_ダークライ睡眠_グッズ偏重_V3_Var9922(120 users) over 草_ナッシー_究極_V6_アルティメット_Var9982(80 users)
Gen 198 | Meta Shift: 悪_ダークライ睡眠_安定_V1_Var1382(120 users) over 闘_ガブルカ_究極_V6_アルティメット_Var7886(80 users)
Gen 199 | Meta Shift: 鋼_メルルギア_究極_V6_アルティメット_Var7749(120 users) over 水_スイクンセグレイブ_安定_V1_Var1804(80 users)
Gen 200 | Meta Shift: 草_ナッシー_究極_V6_アルティメット_Var1083(120 users) over 炎_リザードンX_グッズ偏重_V3_Var8728(80 users)
Gen 201 | Meta Shift: 炎_リザードンX_グッズ偏重_V3_Var7163(120 users) over 鋼_メルルギア_グッズ偏重_V3_Var8178(80 users)
Gen 202 | Meta Shift: 龍悪_ギラダク_安定_V1_Var3588(120 users) over 雷_ライコウ_究極_V6_アルティメット_Var3390(100 users)
Gen 203 | Meta Shift: 鋼_メルルギア_究極_V6_アルティメット_Var4298(120 users) over 水_スイクン_グッズ偏重_V3_Var2874(80 users)
Gen 204 | Meta Shift: 超_ゲンガー_安定_V1_Var6530(120 users) over 草_フシギバナ_究極_V6_アルティメット_Var8955(80 users)
Gen 205 | Meta Shift: 闘_ガブルカ_安定_V1_Var4574(120 users) over 炎_リザードンX_安定_V1_Var8(80 users)
Gen 206 | Meta Shift: 闘_ガブルカ_究極_V6_アルティメット_Var1571(120 users) over 炎_リザードンX_グッズ偏重_V3_Var7728(80 users)
Gen 1 | Meta Shift: 闘_ガブルカ_安定_V1_Var7981(120 users) over 水_スイクンセグレイブ_究極_V6_アルティメット_Var2388(80 users)
Gen 2 | Meta Shift: 龍悪_ギラダク_安定_V1_Var1(120 users) over 闘_ガブルカ_安定_V1_Var5421(80 users)
Gen 3 | Meta Shift: 草_ナッシー_グッズ偏重_V3_Var9759(120 users) over 水_スイクン_究極_V6_アルティメット_Var1739(80 users)
Gen 4 | Meta Shift: 草_フシギバナ_安定_V1_Var9465(120 users) over 草_フシギバナ_安定_V1_Var9102(80 users)
Gen 5 | Meta Shift: 草_ナッシー_究極_V6_アルティメット_Var6602(120 users) over 悪_ダークライ睡眠_安定_V1_Var0(80 users)
Gen 6 | Meta Shift: 水_スイクンセグレイブ_グッズ偏重_V3_Var6140(120 users) over 草_フシギバナ_グッズ偏重_V3_Var2766(80 users)
Gen 7 | Meta Shift: 鋼_メルルギア_究極_V6_アルティメット_Var5233(120 users) over 雷_ライコウ_グッズ偏重_V3_Var1283(80 users)
Gen 8 | Meta Shift: 水_スイクンセグレイブ_究極_V6_アルティメット_Var3076(120 users) over 炎_リザードンX_究極_V6_アルティメット_Var1604(80 users)
Gen 9 | Meta Shift: 超_ミュウツー_安定_V1_Var4706(120 users) over 雷_ライコウ_究極_V6_アルティメット_Var7450(80 users)
Gen 10 | Meta Shift: 水_スイクン_安定_V1_Var5266(120 users) over 闘_ガブルカ_グッズ偏重_V3_Var9980(80 users)
Gen 11 | Meta Shift: 悪_ダークライ睡眠_グッズ偏重_V3_Var2410(120 users) over 草_フシギバナ_究極_V6_アルティメット_Var6291(80 users)
Gen 12 | Meta Shift: 水_スイクンセグレイブ_安定_V1_Var5447(120 users) over 超_ゲンガー_安定_V1_Var8126(80 users)
Gen 13 | Meta Shift: 水_スイクンセグレイブ_グッズ偏重_V3_Var5269(120 users) over 超_ミュウツー_究極_V6_アルティメット_Var8187(80 users)
Gen 14 | Meta Shift: 鋼_メルルギア_グッズ偏重_V3_Var1237(120 users) over 超_ゲンガー_究極_V6_アルティメット_Var1879(80 users)
Gen 15 | Meta Shift: 龍悪_ギラダク_究極_V6_アルティメット_Var1728(120 users) over 水_スイクン_安定_V1_Var1554(80 users)
Gen 16 | Meta Shift: 超_ゲンガー_安定_V1_Var170(120 users) over 草_ナッシー_安定_V1_Var2346(80 users)
Gen 17 | Meta Shift: 龍悪_ギラダク_安定_V1_Var9131(120 users) over 鋼_メルルギア_グッズ偏重_V3_Var1670(80 users)
Gen 18 | Meta Shift: 悪_ダークライ睡眠_安定_V1_Var2958(120 users) over 水_スイクンセグレイブ_究極_V6_アルティメット_Var2350(80 users)
Gen 19 | Meta Shift: 闘_ガブルカ_究極_V6_アルティメット_Var1650(120 users) over 水_スイクンセグレイブ_安定_V1_Var5615(80 users)
Gen 20 | Meta Shift: 鋼_メルルギア_グッズ偏重_V3_Var7850(120 users) over 水_スイクン_グッズ偏重_V3_Var196(80 users)
Gen 21 | Meta Shift: 雷_ライコウ_安定_V1_Var2906(120 users) over 水_スイクンセグレイブ_安定_V1_Var7077(80 users)
Gen 22 | Meta Shift: 悪_ダークライ睡眠_グッズ偏重_V3_Var5466(120 users) over 超_ゲンガー_グッズ偏重_V3_Var8200(80 users)
Gen 23 | Meta Shift: 水_スイクン_グッズ偏重_V3_Var6510(120 users) over 水_スイクン_安定_V1_Var4653(80 users)
Gen 24 | Meta Shift: 超_ゲンガー_安定_V1_Var2556(120 users) over 龍悪_ギラダク_グッズ偏重_V3_Var597(80 users)
Gen 25 | Meta Shift: 草_フシギバナ_グッズ偏重_V3_Var8595(120 users) over 超_ミュウツー_グッズ偏重_V3_Var7530(80 users)
Gen 26 | Meta Shift: 草_ナッシー_究極_V6_アルティメット_Var8775(120 users) over 闘_ガブルカ_安定_V1_Var7981(100 users)
Gen 27 | Meta Shift: 悪_ダークライ睡眠_安定_V1_Var755(120 users) over 水_スイクンセグレイブ_グッズ偏重_V3_Var6769(80 users)
Gen 28 | Meta Shift: 水_スイクン_安定_V1_Var5206(120 users) over 悪_ダークライ睡眠_究極_V6_アルティメット_Var3589(80 users)
Gen 29 | Meta Shift: 鋼_メルルギア_究極_V6_アルティメット_Var9313(120 users) over 龍悪_ギラダク_安定_V1_Var5754(80 users)
Gen 30 | Meta Shift: 龍悪_ギラダク_グッズ偏重_V3_Var8043(120 users) over 雷_ライコウ_究極_V6_アルティメット_Var5629(80 users)
Gen 31 | Meta Shift: 雷_ライコウ_究極_V6_アルティメット_Var3918(120 users) over 水_スイクン_グッズ偏重_V3_Var1395(80 users)
Gen 32 | Meta Shift: 水_スイクン_安定_V1_Var2203(120 users) over 炎_リザードンX_安定_V1_Var6055(80 users)
Gen 33 | Meta Shift: 雷_ライコウ_究極_V6_アルティメット_Var4239(120 users) over 草_フシギバナ_グッズ偏重_V3_Var6449(80 users)
Gen 34 | Meta Shift: 水_スイクンセグレイブ_安定_V1_Var6674(120 users) over 水_スイクンセグレイブ_グッズ偏重_V3_Var7591(80 users)
Gen 35 | Meta Shift: 闘_ガブルカ_究極_V6_アルティメット_Var3185(120 users) over 水_スイクンセグレイブ_究極_V6_アルティメット_Var3930(80 users)
Gen 36 | Meta Shift: 闘_ガブルカ_究極_V6_アルティメット_Var4682(120 users) over 超_ミュウツー_究極_V6_アルティメット_Var4663(80 users)
Gen 37 | Meta Shift: 鋼_メルルギア_グッズ偏重_V3_Var7525(120 users) over 水_スイクン_究極_V6_アルティメット_Var5310(80 users)
Gen 38 | Meta Shift: 草_フシギバナ_グッズ偏重_V3_Var9078(120 users) over 闘_ガブルカ_グッズ偏重_V3_Var7845(80 users)
Gen 39 | Meta Shift: 超_ゲンガー_グッズ偏重_V3_Var1970(120 users) over 水_スイクンセグレイブ_グッズ偏重_V3_Var1227(80 users)
Gen 40 | Meta Shift: 悪_ダークライ睡眠_グッズ偏重_V3_Var5509(120 users) over 超_ミュウツー_安定_V1_Var8496(80 users)
Gen 41 | Meta Shift: 炎_リザードンX_究極_V6_アルティメット_Var7874(120 users) over 悪_ダークライ睡眠_グッズ偏重_V3_Var3801(80 users)
Gen 42 | Meta Shift: 草_ナッシー_安定_V1_Var149(120 users) over 雷_ライコウ_グッズ偏重_V3_Var7362(80 users)
Gen 43 | Meta Shift: 龍悪_ギラダク_安定_V1_Var3656(120 users) over 草_フシギバナ_究極_V6_アルティメット_Var1594(80 users)
Gen 44 | Meta Shift: 龍悪_ギラダク_究極_V6_アルティメット_Var4616(120 users) over 闘_ガブルカ_安定_V1_Var7763(80 users)
Gen 45 | Meta Shift: 炎_リザードンX_究極_V6_アルティメット_Var1830(120 users) over 超_ゲンガー_安定_V1_Var9166(80 users)
Gen 46 | Meta Shift: 龍悪_ギラダク_グッズ偏重_V3_Var9393(120 users) over 超_ゲンガー_究極_V6_アルティメット_Var1797(80 users)
Gen 47 | Meta Shift: 鋼_メルルギア_究極_V6_アルティメット_Var9625(120 users) over 草_フシギバナ_安定_V1_Var9465(100 users)
Gen 48 | Meta Shift: 龍悪_ギラダク_究極_V6_アルティメット_Var1355(120 users) over 炎_リザードンX_グッズ偏重_V3_Var5259(80 users)
Gen 49 | Meta Shift: 水_スイクンセグレイブ_安定_V1_Var8836(120 users) over 炎_リザードンX_グッズ偏重_V3_Var2202(80 users)
Gen 50 | Meta Shift: 雷_ライコウ_安定_V1_Var2093(120 users) over 悪_ダークライ睡眠_究極_V6_アルティメット_Var1474(80 users)
Gen 51 | Meta Shift: 悪_ダークライ睡眠_グッズ偏重_V3_Var9087(120 users) over 悪_ダークライ睡眠_究極_V6_アルティメット_Var8404(80 users)
Gen 52 | Meta Shift: 悪_ダークライ睡眠_安定_V1_Var5072(120 users) over 草_ナッシー_究極_V6_アルティメット_Var8954(80 users)
Gen 53 | Meta Shift: 鋼_メルルギア_究極_V6_アルティメット_Var1193(120 users) over 闘_ガブルカ_安定_V1_Var3765(80 users)
Gen 54 | Meta Shift: 超_ミュウツー_安定_V1_Var9640(120 users) over 龍悪_ギラダク_究極_V6_アルティメット_Var9868(80 users)
Gen 55 | Meta Shift: 草_フシギバナ_グッズ偏重_V3_Var5004(120 users) over 水_スイクンセグレイブ_安定_V1_Var5582(80 users)
Gen 56 | Meta Shift: 草_ナッシー_グッズ偏重_V3_Var2519(120 users) over 炎_リザードンX_究極_V6_アルティメット_Var6280(80 users)
Gen 57 | Meta Shift: 草_ナッシー_究極_V6_アルティメット_Var1506(120 users) over 超_ゲンガー_安定_V1_Var8087(80 users)
Gen 58 | Meta Shift: 闘_ガブルカ_安定_V1_Var9667(120 users) over 超_ミュウツー_究極_V6_アルティメット_Var5676(80 users)
Gen 59 | Meta Shift: 水_スイクン_究極_V6_アルティメット_Var5148(120 users) over 水_スイクン_グッズ偏重_V3_Var7037(80 users)
Gen 60 | Meta Shift: 悪_ダークライ睡眠_究極_V6_アルティメット_Var4645(120 users) over 悪_ダークライ睡眠_グッズ偏重_V3_Var3747(80 users)
Gen 61 | Meta Shift: 龍悪_ギラダク_グッズ偏重_V3_Var3716(120 users) over 草_フシギバナ_グッズ偏重_V3_Var5161(80 users)
Gen 62 | Meta Shift: 鋼_メルルギア_グッズ偏重_V3_Var7169(120 users) over 草_フシギバナ_究極_V6_アルティメット_Var560(80 users)
Gen 63 | Meta Shift: 闘_ガブルカ_安定_V1_Var6078(120 users) over 闘_ガブルカ_安定_V1_Var7536(80 users)
Gen 64 | Meta Shift: 鋼_メルルギア_究極_V6_アルティメット_Var2108(120 users) over 草_ナッシー_究極_V6_アルティメット_Var3969(80 users)
Gen 65 | Meta Shift: 悪_ダークライ睡眠_安定_V1_Var6412(120 users) over 水_スイクンセグレイブ_安定_V1_Var3579(80 users)
Gen 66 | Meta Shift: 水_スイクンセグレイブ_究極_V6_アルティメット_Var7283(120 users) over 水_スイクンセグレイブ_究極_V6_アルティメット_Var2288(80 users)
Gen 67 | Meta Shift: 鋼_メルルギア_安定_V1_Var8562(120 users) over 超_ミュウツー_安定_V1_Var8989(80 users)
Gen 68 | Meta Shift: 悪_ダークライ睡眠_グッズ偏重_V3_Var4402(120 users) over 超_ゲンガー_究極_V6_アルティメット_Var968(80 users)
Gen 69 | Meta Shift: 炎_リザードンX_安定_V1_Var1251(120 users) over 雷_ライコウ_究極_V6_アルティメット_Var9984(80 users)
Gen 70 | Meta Shift: 水_スイクン_安定_V1_Var9878(120 users) over 水_スイクン_グッズ偏重_V3_Var2413(80 users)
Gen 71 | Meta Shift: 雷_ライコウ_安定_V1_Var4817(120 users) over 闘_ガブルカ_グッズ偏重_V3_Var7762(80 users)
Gen 72 | Meta Shift: 雷_ライコウ_安定_V1_Var2277(120 users) over 超_ゲンガー_究極_V6_アルティメット_Var7268(80 users)
Gen 73 | Meta Shift: 闘_ガブルカ_グッズ偏重_V3_Var2768(120 users) over 龍悪_ギラダク_究極_V6_アルティメット_Var9806(80 users)
Gen 74 | Meta Shift: 草_ナッシー_グッズ偏重_V3_Var6047(120 users) over 闘_ガブルカ_グッズ偏重_V3_Var9197(80 users)
Gen 75 | Meta Shift: 超_ゲンガー_究極_V6_アルティメット_Var3988(120 users) over 水_スイクン_安定_V1_Var1122(80 users)
Gen 76 | Meta Shift: 龍悪_ギラダク_グッズ偏重_V3_Var2129(120 users) over 炎_リザードンX_グッズ偏重_V3_Var4558(80 users)
Gen 77 | Meta Shift: 炎_リザードンX_グッズ偏重_V3_Var3442(120 users) over 水_スイクンセグレイブ_グッズ偏重_V3_Var159(80 users)
Gen 78 | Meta Shift: 超_ミュウツー_究極_V6_アルティメット_Var3989(120 users) over 草_フシギバナ_安定_V1_Var4128(80 users)
Gen 79 | Meta Shift: 雷_ライコウ_究極_V6_アルティメット_Var4530(120 users) over 水_スイクンセグレイブ_究極_V6_アルティメット_Var4677(80 users)
Gen 80 | Meta Shift: 超_ミュウツー_グッズ偏重_V3_Var4272(120 users) over 超_ミュウツー_究極_V6_アルティメット_Var3807(80 users)
Gen 81 | Meta Shift: 炎_リザードンX_究極_V6_アルティメット_Var3524(120 users) over 水_スイクンセグレイブ_究極_V6_アルティメット_Var9628(80 users)
Gen 82 | Meta Shift: 超_ミュウツー_安定_V1_Var9979(120 users) over 超_ミュウツー_グッズ偏重_V3_Var4280(80 users)
Gen 83 | Meta Shift: 鋼_メルルギア_安定_V1_Var8435(120 users) over 炎_リザードンX_グッズ偏重_V3_Var7901(80 users)
Gen 84 | Meta Shift: 水_スイクンセグレイブ_安定_V1_Var1523(120 users) over 闘_ガブルカ_安定_V1_Var9885(80 users)
Gen 85 | Meta Shift: 悪_ダークライ睡眠_グッズ偏重_V3_Var6481(120 users) over 雷_ライコウ_安定_V1_Var4158(80 users)
Gen 86 | Meta Shift: 超_ゲンガー_グッズ偏重_V3_Var7702(120 users) over 雷_ライコウ_究極_V6_アルティメット_Var9082(80 users)
Gen 87 | Meta Shift: 雷_ライコウ_究極_V6_アルティメット_Var5057(120 users) over 超_ミュウツー_グッズ偏重_V3_Var6489(80 users)
Gen 88 | Meta Shift: 悪_ダークライ睡眠_グッズ偏重_V3_Var5709(120 users) over 闘_ガブルカ_安定_V1_Var7072(80 users)
Gen 89 | Meta Shift: 炎_リザードンX_グッズ偏重_V3_Var970(120 users) over 悪_ダークライ睡眠_究極_V6_アルティメット_Var2511(80 users)
Gen 90 | Meta Shift: 龍悪_ギラダク_グッズ偏重_V3_Var8124(120 users) over 水_スイクン_究極_V6_アルティメット_Var4046(80 users)
Gen 91 | Meta Shift: 悪_ダークライ睡眠_究極_V6_アルティメット_Var1115(120 users) over 草_フシギバナ_安定_V1_Var8966(80 users)
Gen 92 | Meta Shift: 超_ゲンガー_安定_V1_Var9614(120 users) over 水_スイクン_グッズ偏重_V3_Var8492(80 users)
Gen 93 | Meta Shift: 龍悪_ギラダク_究極_V6_アルティメット_Var8132(120 users) over 水_スイクン_安定_V1_Var3428(80 users)
Gen 94 | Meta Shift: 草_フシギバナ_究極_V6_アルティメット_Var6402(120 users) over 超_ゲンガー_安定_V1_Var5010(80 users)
Gen 95 | Meta Shift: 草_ナッシー_安定_V1_Var2319(120 users) over 悪_ダークライ睡眠_安定_V1_Var3174(80 users)
Gen 96 | Meta Shift: 悪_ダークライ睡眠_安定_V1_Var8350(120 users) over 雷_ライコウ_グッズ偏重_V3_Var4631(80 users)
Gen 97 | Meta Shift: 水_スイクンセグレイブ_グッズ偏重_V3_Var2838(120 users) over 炎_リザードンX_安定_V1_Var2417(80 users)
Gen 98 | Meta Shift: 炎_リザードンX_グッズ偏重_V3_Var7812(120 users) over 闘_ガブルカ_究極_V6_アルティメット_Var9696(80 users)
Gen 99 | Meta Shift: 草_ナッシー_究極_V6_アルティメット_Var3700(120 users) over 水_スイクンセグレイブ_グッズ偏重_V3_Var9308(80 users)
Gen 100 | Meta Shift: 草_ナッシー_安定_V1_Var9277(120 users) over 水_スイクン_グッズ偏重_V3_Var1747(80 users)
Gen 101 | Meta Shift: 水_スイクンセグレイブ_グッズ偏重_V3_Var5035(120 users) over 草_フシギバナ_究極_V6_アルティメット_Var4057(80 users)
Gen 102 | Meta Shift: 草_ナッシー_究極_V6_アルティメット_Var1943(120 users) over 悪_ダークライ睡眠_究極_V6_アルティメット_Var4546(80 users)
Gen 103 | Meta Shift: 悪_ダークライ睡眠_安定_V1_Var7752(120 users) over 草_ナッシー_安定_V1_Var3974(80 users)
Gen 104 | Meta Shift: 水_スイクンセグレイブ_究極_V6_アルティメット_Var7397(120 users) over 水_スイクンセグレイブ_安定_V1_Var5022(80 users)
Gen 105 | Meta Shift: 鋼_メルルギア_究極_V6_アルティメット_Var3094(120 users) over 龍悪_ギラダク_安定_V1_Var4309(80 users)
Gen 106 | Meta Shift: 鋼_メルルギア_安定_V1_Var3885(120 users) over 炎_リザードンX_グッズ偏重_V3_Var4914(80 users)
Gen 107 | Meta Shift: 龍悪_ギラダク_安定_V1_Var390(120 users) over 草_ナッシー_グッズ偏重_V3_Var8064(80 users)
Gen 108 | Meta Shift: 雷_ライコウ_安定_V1_Var2563(120 users) over 炎_リザードンX_究極_V6_アルティメット_Var5706(80 users)
Gen 109 | Meta Shift: 超_ミュウツー_安定_V1_Var8463(120 users) over 闘_ガブルカ_グッズ偏重_V3_Var1859(80 users)
Gen 110 | Meta Shift: 草_フシギバナ_究極_V6_アルティメット_Var6565(120 users) over 草_フシギバナ_グッズ偏重_V3_Var8735(80 users)
Gen 111 | Meta Shift: 悪_ダークライ睡眠_安定_V1_Var987(120 users) over 草_ナッシー_グッズ偏重_V3_Var1321(80 users)
Gen 112 | Meta Shift: 草_フシギバナ_グッズ偏重_V3_Var3585(120 users) over 龍悪_ギラダク_究極_V6_アルティメット_Var6605(80 users)
Gen 113 | Meta Shift: 草_フシギバナ_安定_V1_Var6272(120 users) over 龍悪_ギラダク_グッズ偏重_V3_Var1513(80 users)
Gen 114 | Meta Shift: 水_スイクンセグレイブ_安定_V1_Var7389(120 users) over 水_スイクンセグレイブ_安定_V1_Var2283(80 users)
Gen 115 | Meta Shift: 悪_ダークライ睡眠_究極_V6_アルティメット_Var1456(120 users) over 水_スイクンセグレイブ_究極_V6_アルティメット_Var6063(80 users)
Gen 116 | Meta Shift: 闘_ガブルカ_グッズ偏重_V3_Var30(120 users) over 鋼_メルルギア_グッズ偏重_V3_Var5412(80 users)
Gen 117 | Meta Shift: 水_スイクン_グッズ偏重_V3_Var6143(120 users) over 水_スイクン_究極_V6_アルティメット_Var3459(80 users)
Gen 118 | Meta Shift: 悪_ダークライ睡眠_安定_V1_Var9365(120 users) over 炎_リザードンX_グッズ偏重_V3_Var9318(80 users)
Gen 119 | Meta Shift: 闘_ガブルカ_グッズ偏重_V3_Var158(120 users) over 超_ゲンガー_究極_V6_アルティメット_Var2636(80 users)
Gen 120 | Meta Shift: 水_スイクン_安定_V1_Var2794(120 users) over 闘_ガブルカ_究極_V6_アルティメット_Var147(80 users)
Gen 121 | Meta Shift: 龍悪_ギラダク_安定_V1_Var1(140 users) over 水_スイクン_安定_V1_Var9744(80 users)
Gen 122 | Meta Shift: 鋼_メルルギア_グッズ偏重_V3_Var4438(120 users) over 悪_ダークライ睡眠_安定_V1_Var9091(80 users)
Gen 123 | Meta Shift: 草_ナッシー_究極_V6_アルティメット_Var7098(120 users) over 超_ミュウツー_グッズ偏重_V3_Var3406(80 users)
Gen 124 | Meta Shift: 超_ゲンガー_安定_V1_Var327(120 users) over 超_ゲンガー_グッズ偏重_V3_Var4120(80 users)
Gen 125 | Meta Shift: 水_スイクン_グッズ偏重_V3_Var8289(120 users) over 草_フシギバナ_安定_V1_Var9109(80 users)
Gen 126 | Meta Shift: 超_ミュウツー_グッズ偏重_V3_Var7518(120 users) over 超_ミュウツー_グッズ偏重_V3_Var9312(80 users)
Gen 127 | Meta Shift: 鋼_メルルギア_安定_V1_Var2442(120 users) over 鋼_メルルギア_究極_V6_アルティメット_Var7471(80 users)
Gen 128 | Meta Shift: 悪_ダークライ睡眠_究極_V6_アルティメット_Var319(120 users) over 炎_リザードンX_グッズ偏重_V3_Var4328(80 users)
Gen 129 | Meta Shift: 闘_ガブルカ_グッズ偏重_V3_Var8123(120 users) over 水_スイクンセグレイブ_グッズ偏重_V3_Var8257(80 users)
Gen 130 | Meta Shift: 草_ナッシー_グッズ偏重_V3_Var9293(120 users) over 悪_ダークライ睡眠_安定_V1_Var9956(80 users)
Gen 131 | Meta Shift: 龍悪_ギラダク_究極_V6_アルティメット_Var8846(120 users) over 炎_リザードンX_究極_V6_アルティメット_Var4675(80 users)
Gen 132 | Meta Shift: 龍悪_ギラダク_究極_V6_アルティメット_Var4707(120 users) over 水_スイクン_安定_V1_Var4209(80 users)
Gen 133 | Meta Shift: 龍悪_ギラダク_究極_V6_アルティメット_Var2639(120 users) over 炎_リザードンX_安定_V1_Var8636(80 users)
Gen 134 | Meta Shift: 草_フシギバナ_安定_V1_Var7200(120 users) over 水_スイクンセグレイブ_究極_V6_アルティメット_Var8432(80 users)
Gen 135 | Meta Shift: 雷_ライコウ_グッズ偏重_V3_Var1800(120 users) over 草_フシギバナ_究極_V6_アルティメット_Var9736(80 users)
Gen 136 | Meta Shift: 闘_ガブルカ_安定_V1_Var7071(120 users) over 闘_ガブルカ_安定_V1_Var1404(80 users)
Gen 137 | Meta Shift: 雷_ライコウ_究極_V6_アルティメット_Var9824(120 users) over 鋼_メルルギア_グッズ偏重_V3_Var6409(80 users)
Gen 138 | Meta Shift: 悪_ダークライ睡眠_グッズ偏重_V3_Var7578(120 users) over 水_スイクンセグレイブ_究極_V6_アルティメット_Var6376(80 users)
Gen 139 | Meta Shift: 超_ミュウツー_究極_V6_アルティメット_Var7576(120 users) over 炎_リザードンX_グッズ偏重_V3_Var9990(80 users)
Gen 140 | Meta Shift: 悪_ダークライ睡眠_グッズ偏重_V3_Var3493(120 users) over 草_フシギバナ_究極_V6_アルティメット_Var6567(80 users)
Gen 141 | Meta Shift: 悪_ダークライ睡眠_究極_V6_アルティメット_Var7830(120 users) over 草_フシギバナ_安定_V1_Var293(80 users)
Gen 142 | Meta Shift: 鋼_メルルギア_安定_V1_Var8027(120 users) over 鋼_メルルギア_グッズ偏重_V3_Var6503(80 users)
Gen 143 | Meta Shift: 超_ゲンガー_グッズ偏重_V3_Var5956(120 users) over 悪_ダークライ睡眠_安定_V1_Var3142(80 users)
Gen 144 | Meta Shift: 龍悪_ギラダク_グッズ偏重_V3_Var5061(120 users) over 超_ゲンガー_究極_V6_アルティメット_Var6417(80 users)
Gen 145 | Meta Shift: 超_ミュウツー_究極_V6_アルティメット_Var6467(120 users) over 超_ミュウツー_グッズ偏重_V3_Var951(80 users)
Gen 146 | Meta Shift: 超_ゲンガー_究極_V6_アルティメット_Var7134(120 users) over 悪_ダークライ睡眠_安定_V1_Var1657(80 users)
Gen 147 | Meta Shift: 超_ゲンガー_安定_V1_Var7767(120 users) over 炎_リザードンX_究極_V6_アルティメット_Var7444(80 users)
Gen 148 | Meta Shift: 草_フシギバナ_グッズ偏重_V3_Var8207(120 users) over 龍悪_ギラダク_グッズ偏重_V3_Var9155(80 users)
Gen 149 | Meta Shift: 超_ゲンガー_グッズ偏重_V3_Var7138(120 users) over 雷_ライコウ_グッズ偏重_V3_Var4104(80 users)
Gen 150 | Meta Shift: 雷_ライコウ_安定_V1_Var1480(120 users) over 鋼_メルルギア_究極_V6_アルティメット_Var7002(80 users)
Gen 151 | Meta Shift: 鋼_メルルギア_安定_V1_Var3316(120 users) over 炎_リザードンX_グッズ偏重_V3_Var1495(80 users)
Gen 152 | Meta Shift: 超_ミュウツー_究極_V6_アルティメット_Var9740(120 users) over 水_スイクン_安定_V1_Var8032(80 users)
Gen 153 | Meta Shift: 雷_ライコウ_グッズ偏重_V3_Var2296(120 users) over 草_フシギバナ_安定_V1_Var9918(80 users)
Gen 154 | Meta Shift: 超_ゲンガー_安定_V1_Var1046(120 users) over 闘_ガブルカ_安定_V1_Var4269(80 users)
Gen 155 | Meta Shift: 雷_ライコウ_究極_V6_アルティメット_Var3165(120 users) over 超_ミュウツー_安定_V1_Var2587(80 users)
Gen 156 | Meta Shift: 雷_ライコウ_グッズ偏重_V3_Var9077(120 users) over 炎_リザードンX_安定_V1_Var8521(80 users)
Gen 157 | Meta Shift: 雷_ライコウ_安定_V1_Var7457(120 users) over 炎_リザードンX_究極_V6_アルティメット_Var1545(80 users)
Gen 158 | Meta Shift: 草_フシギバナ_安定_V1_Var3879(120 users) over 水_スイクン_安定_V1_Var2370(80 users)
Gen 159 | Meta Shift: 水_スイクンセグレイブ_グッズ偏重_V3_Var1725(120 users) over 闘_ガブルカ_グッズ偏重_V3_Var7973(80 users)
Gen 160 | Meta Shift: 闘_ガブルカ_グッズ偏重_V3_Var1351(120 users) over 草_ナッシー_グッズ偏重_V3_Var2633(80 users)
Gen 161 | Meta Shift: 鋼_メルルギア_究極_V6_アルティメット_Var8077(120 users) over 悪_ダークライ睡眠_究極_V6_アルティメット_Var7807(80 users)
Gen 162 | Meta Shift: 鋼_メルルギア_究極_V6_アルティメット_Var7298(120 users) over 炎_リザードンX_究極_V6_アルティメット_Var4767(80 users)
Gen 163 | Meta Shift: 水_スイクンセグレイブ_安定_V1_Var233(120 users) over 悪_ダークライ睡眠_究極_V6_アルティメット_Var7903(80 users)
Gen 164 | Meta Shift: 鋼_メルルギア_安定_V1_Var7842(120 users) over 闘_ガブルカ_安定_V1_Var2136(80 users)
Gen 165 | Meta Shift: 闘_ガブルカ_究極_V6_アルティメット_Var1170(120 users) over 闘_ガブルカ_グッズ偏重_V3_Var8811(80 users)
Gen 166 | Meta Shift: 草_フシギバナ_安定_V1_Var4881(120 users) over 龍悪_ギラダク_グッズ偏重_V3_Var5837(80 users)
Gen 167 | Meta Shift: 悪_ダークライ睡眠_安定_V1_Var150(120 users) over 超_ゲンガー_安定_V1_Var9310(80 users)
Gen 168 | Meta Shift: 龍悪_ギラダク_究極_V6_アルティメット_Var4072(120 users) over 悪_ダークライ睡眠_安定_V1_Var9786(80 users)
Gen 169 | Meta Shift: 超_ミュウツー_安定_V1_Var1463(120 users) over 草_ナッシー_安定_V1_Var5716(80 users)
Gen 170 | Meta Shift: 水_スイクンセグレイブ_安定_V1_Var7243(120 users) over 炎_リザードンX_究極_V6_アルティメット_Var4451(80 users)
Gen 171 | Meta Shift: 超_ゲンガー_安定_V1_Var2706(120 users) over 雷_ライコウ_安定_V1_Var9327(80 users)
Gen 172 | Meta Shift: 草_フシギバナ_安定_V1_Var6824(120 users) over 水_スイクンセグレイブ_究極_V6_アルティメット_Var3851(80 users)
Gen 173 | Meta Shift: 水_スイクンセグレイブ_究極_V6_アルティメット_Var6001(120 users) over 超_ミュウツー_究極_V6_アルティメット_Var9282(80 users)
Gen 174 | Meta Shift: 龍悪_ギラダク_グッズ偏重_V3_Var7528(120 users) over 草_フシギバナ_グッズ偏重_V3_Var8677(80 users)
Gen 175 | Meta Shift: 闘_ガブルカ_安定_V1_Var9588(120 users) over 鋼_メルルギア_グッズ偏重_V3_Var2276(80 users)
Gen 176 | Meta Shift: 草_ナッシー_グッズ偏重_V3_Var9345(120 users) over 水_スイクン_安定_V1_Var8479(80 users)
Gen 177 | Meta Shift: 水_スイクン_グッズ偏重_V3_Var9135(120 users) over 水_スイクン_究極_V6_アルティメット_Var3652(80 users)
Gen 178 | Meta Shift: 闘_ガブルカ_究極_V6_アルティメット_Var1589(120 users) over 草_ナッシー_グッズ偏重_V3_Var2681(80 users)
Gen 179 | Meta Shift: 鋼_メルルギア_グッズ偏重_V3_Var4511(120 users) over 鋼_メルルギア_グッズ偏重_V3_Var5571(80 users)
Gen 180 | Meta Shift: 雷_ライコウ_究極_V6_アルティメット_Var5548(120 users) over 鋼_メルルギア_安定_V1_Var8166(80 users)
Gen 181 | Meta Shift: 炎_リザードンX_究極_V6_アルティメット_Var9477(120 users) over 闘_ガブルカ_安定_V1_Var6529(80 users)
Gen 182 | Meta Shift: 鋼_メルルギア_安定_V1_Var9547(120 users) over 闘_ガブルカ_究極_V6_アルティメット_Var5882(80 users)
Gen 183 | Meta Shift: 超_ミュウツー_究極_V6_アルティメット_Var3581(120 users) over 草_フシギバナ_グッズ偏重_V3_Var3555(80 users)
Gen 184 | Meta Shift: 鋼_メルルギア_安定_V1_Var8558(120 users) over 草_ナッシー_安定_V1_Var1837(80 users)
Gen 185 | Meta Shift: 闘_ガブルカ_グッズ偏重_V3_Var4805(120 users) over 悪_ダークライ睡眠_グッズ偏重_V3_Var2516(80 users)
Gen 186 | Meta Shift: 悪_ダークライ睡眠_グッズ偏重_V3_Var9349(120 users) over 超_ミュウツー_グッズ偏重_V3_Var5429(80 users)
Gen 187 | Meta Shift: 水_スイクンセグレイブ_究極_V6_アルティメット_Var624(120 users) over 悪_ダークライ睡眠_グッズ偏重_V3_Var9334(80 users)
Gen 188 | Meta Shift: 草_フシギバナ_安定_V1_Var9620(120 users) over 雷_ライコウ_安定_V1_Var1789(80 users)
Gen 189 | Meta Shift: 超_ゲンガー_究極_V6_アルティメット_Var526(120 users) over 草_ナッシー_グッズ偏重_V3_Var7294(80 users)
Gen 190 | Meta Shift: 水_スイクンセグレイブ_究極_V6_アルティメット_Var4600(120 users) over 鋼_メルルギア_究極_V6_アルティメット_Var3041(80 users)
Gen 191 | Meta Shift: 水_スイクンセグレイブ_グッズ偏重_V3_Var3775(120 users) over 闘_ガブルカ_安定_V1_Var1632(80 users)
Gen 192 | Meta Shift: 水_スイクン_究極_V6_アルティメット_Var8460(120 users) over 超_ゲンガー_グッズ偏重_V3_Var8536(80 users)
Gen 193 | Meta Shift: 水_スイクンセグレイブ_グッズ偏重_V3_Var6631(120 users) over 超_ミュウツー_グッズ偏重_V3_Var9992(80 users)
Gen 194 | Meta Shift: 水_スイクン_安定_V1_Var9768(120 users) over 雷_ライコウ_究極_V6_アルティメット_Var731(80 users)
Gen 195 | Meta Shift: 草_ナッシー_安定_V1_Var5042(120 users) over 炎_リザードンX_安定_V1_Var8444(80 users)
Gen 196 | Meta Shift: 超_ゲンガー_安定_V1_Var8126(100 users) over 龍悪_ギラダク_グッズ偏重_V3_Var9579(80 users)
Gen 197 | Meta Shift: 悪_ダークライ睡眠_グッズ偏重_V3_Var1930(120 users) over 草_フシギバナ_グッズ偏重_V3_Var8001(80 users)
Gen 198 | Meta Shift: 超_ミュウツー_グッズ偏重_V3_Var8051(120 users) over 草_ナッシー_究極_V6_アルティメット_Var5111(80 users)
Gen 199 | Meta Shift: 闘_ガブルカ_究極_V6_アルティメット_Var8667(120 users) over 炎_リザードンX_究極_V6_アルティメット_Var3539(80 users)
Gen 200 | Meta Shift: 鋼_メルルギア_安定_V1_Var6990(120 users) over 雷_ライコウ_安定_V1_Var6364(80 users)
Gen 201 | Meta Shift: 超_ミュウツー_安定_V1_Var6322(120 users) over 龍悪_ギラダク_安定_V1_Var957(80 users)
Gen 202 | Meta Shift: 雷_ライコウ_究極_V6_アルティメット_Var8352(120 users) over 闘_ガブルカ_グッズ偏重_V3_Var1738(80 users)
Gen 203 | Meta Shift: 鋼_メルルギア_安定_V1_Var7643(120 users) over 水_スイクンセグレイブ_安定_V1_Var4395(80 users)
Gen 204 | Meta Shift: 超_ミュウツー_グッズ偏重_V3_Var3598(120 users) over 水_スイクンセグレイブ_究極_V6_アルティメット_Var9607(80 users)
Gen 205 | Meta Shift: 雷_ライコウ_究極_V6_アルティメット_Var6088(120 users) over 草_フシギバナ_究極_V6_アルティメット_Var4374(80 users)
Gen 206 | Meta Shift: 水_スイクンセグレイブ_究極_V6_アルティメット_Var5623(120 users) over 超_ゲンガー_安定_V1_Var1399(80 users)
Gen 207 | Meta Shift: 草_フシギバナ_究極_V6_アルティメット_Var1993(120 users) over 雷_ライコウ_安定_V1_Var5696(80 users)
Gen 208 | Meta Shift: 水_スイクン_究極_V6_アルティメット_Var2851(120 users) over 闘_ガブルカ_究極_V6_アルティメット_Var1518(80 users)
Gen 209 | Meta Shift: 鋼_メルルギア_究極_V6_アルティメット_Var2172(120 users) over 水_スイクン_究極_V6_アルティメット_Var2354(80 users)
Gen 210 | Meta Shift: 草_フシギバナ_グッズ偏重_V3_Var7310(120 users) over 雷_ライコウ_グッズ偏重_V3_Var2781(80 users)
Gen 211 | Meta Shift: 超_ゲンガー_グッズ偏重_V3_Var7385(120 users) over 草_フシギバナ_究極_V6_アルティメット_Var5877(80 users)
Gen 212 | Meta Shift: 鋼_メルルギア_究極_V6_アルティメット_Var2776(120 users) over 超_ゲンガー_安定_V1_Var7553(80 users)
Gen 213 | Meta Shift: 雷_ライコウ_グッズ偏重_V3_Var3627(120 users) over 悪_ダークライ睡眠_安定_V1_Var1413(80 users)
Gen 214 | Meta Shift: 超_ゲンガー_究極_V6_アルティメット_Var1921(120 users) over 水_スイクン_安定_V1_Var9359(80 users)
Gen 215 | Meta Shift: 雷_ライコウ_安定_V1_Var3211(120 users) over 闘_ガブルカ_グッズ偏重_V3_Var7377(80 users)
Gen 216 | Meta Shift: 龍悪_ギラダク_安定_V1_Var8719(120 users) over 悪_ダークライ睡眠_グッズ偏重_V3_Var1605(80 users)
Gen 217 | Meta Shift: 超_ミュウツー_グッズ偏重_V3_Var9431(120 users) over 悪_ダークライ睡眠_究極_V6_アルティメット_Var8290(80 users)
Gen 218 | Meta Shift: 悪_ダークライ睡眠_グッズ偏重_V3_Var7888(120 users) over 鋼_メルルギア_究極_V6_アルティメット_Var4319(80 users)
Gen 219 | Meta Shift: 超_ミュウツー_究極_V6_アルティメット_Var6941(120 users) over 超_ゲンガー_グッズ偏重_V3_Var3659(80 users)
Gen 220 | Meta Shift: 悪_ダークライ睡眠_グッズ偏重_V3_Var926(120 users) over 超_ゲンガー_安定_V1_Var9611(80 users)
Gen 221 | Meta Shift: 鋼_メルルギア_安定_V1_Var3001(120 users) over 悪_ダークライ睡眠_グッズ偏重_V3_Var677(80 users)
Gen 222 | Meta Shift: 炎_リザードンX_究極_V6_アルティメット_Var8294(120 users) over 水_スイクンセグレイブ_究極_V6_アルティメット_Var578(80 users)
Gen 223 | Meta Shift: 雷_ライコウ_安定_V1_Var3485(120 users) over 水_スイクン_グッズ偏重_V3_Var8808(80 users)
Gen 224 | Meta Shift: 闘_ガブルカ_グッズ偏重_V3_Var3360(120 users) over 水_スイクンセグレイブ_グッズ偏重_V3_Var9303(80 users)
Gen 225 | Meta Shift: 草_ナッシー_究極_V6_アルティメット_Var288(120 users) over 超_ゲンガー_グッズ偏重_V3_Var7313(80 users)
Gen 226 | Meta Shift: 草_フシギバナ_安定_V1_Var7110(120 users) over 雷_ライコウ_安定_V1_Var5346(80 users)
Gen 227 | Meta Shift: 雷_ライコウ_安定_V1_Var3725(120 users) over 悪_ダークライ睡眠_グッズ偏重_V3_Var1930(100 users)
Gen 228 | Meta Shift: 水_スイクンセグレイブ_安定_V1_Var3084(120 users) over 炎_リザードンX_究極_V6_アルティメット_Var6692(80 users)
Gen 229 | Meta Shift: 炎_リザードンX_究極_V6_アルティメット_Var988(120 users) over 超_ゲンガー_安定_V1_Var2612(80 users)
Gen 230 | Meta Shift: 水_スイクン_安定_V1_Var5544(120 users) over 悪_ダークライ睡眠_グッズ偏重_V3_Var7286(80 users)
Gen 231 | Meta Shift: 水_スイクンセグレイブ_究極_V6_アルティメット_Var8275(120 users) over 草_ナッシー_グッズ偏重_V3_Var2681(60 users)
Gen 232 | Meta Shift: 炎_リザードンX_グッズ偏重_V3_Var2810(120 users) over 炎_リザードンX_グッズ偏重_V3_Var5730(80 users)
Gen 233 | Meta Shift: 草_フシギバナ_グッズ偏重_V3_Var6604(120 users) over 超_ゲンガー_安定_V1_Var899(80 users)
Gen 234 | Meta Shift: 悪_ダークライ睡眠_安定_V1_Var5215(120 users) over 超_ミュウツー_グッズ偏重_V3_Var7350(80 users)
Gen 235 | Meta Shift: 龍悪_ギラダク_究極_V6_アルティメット_Var1623(120 users) over 超_ゲンガー_究極_V6_アルティメット_Var569(80 users)
Gen 236 | Meta Shift: 闘_ガブルカ_究極_V6_アルティメット_Var8217(120 users) over 水_スイクン_安定_V1_Var1672(80 users)
Gen 237 | Meta Shift: 龍悪_ギラダク_グッズ偏重_V3_Var7341(120 users) over 雷_ライコウ_グッズ偏重_V3_Var9958(80 users)
Gen 238 | Meta Shift: 龍悪_ギラダク_究極_V6_アルティメット_Var3902(120 users) over 超_ゲンガー_究極_V6_アルティメット_Var5474(80 users)
Gen 239 | Meta Shift: 超_ゲンガー_究極_V6_アルティメット_Var3561(120 users) over 超_ミュウツー_究極_V6_アルティメット_Var554(80 users)
Gen 240 | Meta Shift: 鋼_メルルギア_グッズ偏重_V3_Var9509(120 users) over 悪_ダークライ睡眠_究極_V6_アルティメット_Var9234(80 users)
Gen 241 | Meta Shift: 草_ナッシー_究極_V6_アルティメット_Var596(120 users) over 炎_リザードンX_グッズ偏重_V3_Var105(80 users)
Gen 242 | Meta Shift: 水_スイクンセグレイブ_究極_V6_アルティメット_Var6001(140 users) over 炎_リザードンX_安定_V1_Var6117(80 users)
Gen 243 | Meta Shift: 炎_リザードンX_究極_V6_アルティメット_Var4664(120 users) over 鋼_メルルギア_究極_V6_アルティメット_Var6086(80 users)
Gen 244 | Meta Shift: 草_フシギバナ_究極_V6_アルティメット_Var8631(120 users) over 水_スイクンセグレイブ_安定_V1_Var5270(80 users)
Gen 245 | Meta Shift: 悪_ダークライ睡眠_安定_V1_Var6218(120 users) over 闘_ガブルカ_究極_V6_アルティメット_Var9471(80 users)
Gen 246 | Meta Shift: 炎_リザードンX_究極_V6_アルティメット_Var6774(120 users) over 雷_ライコウ_安定_V1_Var3170(80 users)
Gen 247 | Meta Shift: 龍悪_ギラダク_グッズ偏重_V3_Var1533(120 users) over 鋼_メルルギア_グッズ偏重_V3_Var5282(80 users)
Gen 248 | Meta Shift: 炎_リザードンX_安定_V1_Var1505(120 users) over 龍悪_ギラダク_安定_V1_Var7914(80 users)
Gen 249 | Meta Shift: 草_フシギバナ_安定_V1_Var8436(120 users) over 草_ナッシー_グッズ偏重_V3_Var3861(80 users)
Gen 250 | Meta Shift: 雷_ライコウ_究極_V6_アルティメット_Var9593(120 users) over 超_ミュウツー_究極_V6_アルティメット_Var1457(80 users)
Gen 251 | Meta Shift: 草_ナッシー_グッズ偏重_V3_Var4303(120 users) over 超_ゲンガー_究極_V6_アルティメット_Var4679(80 users)
Gen 252 | Meta Shift: 雷_ライコウ_究極_V6_アルティメット_Var8967(120 users) over 鋼_メルルギア_安定_V1_Var7388(80 users)
Gen 253 | Meta Shift: 炎_リザードンX_究極_V6_アルティメット_Var3242(120 users) over 草_ナッシー_究極_V6_アルティメット_Var7466(80 users)
Gen 254 | Meta Shift: 草_ナッシー_安定_V1_Var1243(120 users) over 水_スイクンセグレイブ_安定_V1_Var9810(80 users)
Gen 255 | Meta Shift: 鋼_メルルギア_グッズ偏重_V3_Var5841(120 users) over 炎_リザードンX_グッズ偏重_V3_Var9764(80 users)
Gen 256 | Meta Shift: 龍悪_ギラダク_グッズ偏重_V3_Var3135(120 users) over 水_スイクンセグレイブ_安定_V1_Var1599(80 users)
Gen 257 | Meta Shift: 超_ゲンガー_安定_V1_Var5923(120 users) over 水_スイクンセグレイブ_安定_V1_Var8238(80 users)
Gen 258 | Meta Shift: 雷_ライコウ_グッズ偏重_V3_Var6598(120 users) over 水_スイクンセグレイブ_安定_V1_Var8769(80 users)
Gen 259 | Meta Shift: 超_ミュウツー_グッズ偏重_V3_Var6225(120 users) over 草_ナッシー_安定_V1_Var138(80 users)
Gen 260 | Meta Shift: 龍悪_ギラダク_究極_V6_アルティメット_Var4707(140 users) over 水_スイクンセグレイブ_究極_V6_アルティメット_Var2210(80 users)
Gen 261 | Meta Shift: 水_スイクン_究極_V6_アルティメット_Var7408(120 users) over 鋼_メルルギア_安定_V1_Var5603(80 users)
Gen 262 | Meta Shift: 雷_ライコウ_究極_V6_アルティメット_Var168(120 users) over 水_スイクンセグレイブ_安定_V1_Var8227(80 users)
Gen 263 | Meta Shift: 闘_ガブルカ_究極_V6_アルティメット_Var4980(120 users) over 水_スイクン_安定_V1_Var3024(80 users)
Gen 264 | Meta Shift: 龍悪_ギラダク_グッズ偏重_V3_Var6245(120 users) over 超_ゲンガー_安定_V1_Var7841(80 users)
Gen 265 | Meta Shift: 鋼_メルルギア_グッズ偏重_V3_Var3005(120 users) over 龍悪_ギラダク_究極_V6_アルティメット_Var2057(80 users)
Gen 266 | Meta Shift: 炎_リザードンX_究極_V6_アルティメット_Var9400(120 users) over 闘_ガブルカ_安定_V1_Var9432(80 users)
Gen 267 | Meta Shift: 雷_ライコウ_究極_V6_アルティメット_Var6003(120 users) over 闘_ガブルカ_安定_V1_Var955(80 users)
Gen 268 | Meta Shift: 鋼_メルルギア_安定_V1_Var5953(120 users) over 炎_リザードンX_究極_V6_アルティメット_Var3106(80 users)
Gen 269 | Meta Shift: 草_フシギバナ_究極_V6_アルティメット_Var2833(120 users) over 龍悪_ギラダク_究極_V6_アルティメット_Var4918(80 users)
Gen 270 | Meta Shift: 水_スイクンセグレイブ_安定_V1_Var4236(120 users) over 超_ゲンガー_グッズ偏重_V3_Var4120(60 users)
Gen 271 | Meta Shift: 草_ナッシー_究極_V6_アルティメット_Var2818(120 users) over 闘_ガブルカ_安定_V1_Var3789(80 users)
Gen 272 | Meta Shift: 草_ナッシー_グッズ偏重_V3_Var3104(120 users) over 雷_ライコウ_グッズ偏重_V3_Var5687(80 users)
Gen 273 | Meta Shift: 雷_ライコウ_究極_V6_アルティメット_Var7417(120 users) over 水_スイクンセグレイブ_究極_V6_アルティメット_Var4600(100 users)
Gen 274 | Meta Shift: 鋼_メルルギア_安定_V1_Var1727(120 users) over 水_スイクンセグレイブ_安定_V1_Var7389(100 users)
Gen 275 | Meta Shift: 超_ミュウツー_究極_V6_アルティメット_Var3689(120 users) over 鋼_メルルギア_究極_V6_アルティメット_Var5513(80 users)
Gen 276 | Meta Shift: 超_ミュウツー_安定_V1_Var7954(120 users) over 水_スイクン_グッズ偏重_V3_Var5413(80 users)
Gen 277 | Meta Shift: 草_ナッシー_安定_V1_Var1467(120 users) over 水_スイクン_グッズ偏重_V3_Var336(80 users)
Gen 278 | Meta Shift: 超_ゲンガー_グッズ偏重_V3_Var8658(120 users) over 炎_リザードンX_グッズ偏重_V3_Var1147(80 users)
Gen 279 | Meta Shift: 闘_ガブルカ_究極_V6_アルティメット_Var4440(120 users) over 鋼_メルルギア_究極_V6_アルティメット_Var4074(80 users)
Gen 280 | Meta Shift: 鋼_メルルギア_究極_V6_アルティメット_Var5527(120 users) over 水_スイクン_グッズ偏重_V3_Var7709(80 users)
Gen 281 | Meta Shift: 悪_ダークライ睡眠_安定_V1_Var8761(120 users) over 超_ミュウツー_安定_V1_Var3483(80 users)
Gen 282 | Meta Shift: 闘_ガブルカ_安定_V1_Var4850(120 users) over 炎_リザードンX_究極_V6_アルティメット_Var7866(80 users)
Gen 283 | Meta Shift: 超_ゲンガー_安定_V1_Var5594(120 users) over 水_スイクンセグレイブ_安定_V1_Var8266(80 users)
Gen 284 | Meta Shift: 龍悪_ギラダク_安定_V1_Var6398(120 users) over 悪_ダークライ睡眠_究極_V6_アルティメット_Var7807(60 users)
Gen 285 | Meta Shift: 草_ナッシー_グッズ偏重_V3_Var9345(140 users) over 超_ミュウツー_グッズ偏重_V3_Var4068(80 users)
Gen 286 | Meta Shift: 龍悪_ギラダク_究極_V6_アルティメット_Var5436(120 users) over 水_スイクンセグレイブ_安定_V1_Var8072(80 users)
Gen 287 | Meta Shift: 雷_ライコウ_グッズ偏重_V3_Var2454(120 users) over 炎_リザードンX_グッズ偏重_V3_Var4258(80 users)
Gen 288 | Meta Shift: 超_ミュウツー_究極_V6_アルティメット_Var6650(120 users) over 草_フシギバナ_究極_V6_アルティメット_Var2616(80 users)
Gen 289 | Meta Shift: 炎_リザードンX_究極_V6_アルティメット_Var2282(120 users) over 超_ゲンガー_安定_V1_Var8126(80 users)
Gen 290 | Meta Shift: 炎_リザードンX_グッズ偏重_V3_Var7081(120 users) over 水_スイクンセグレイブ_グッズ偏重_V3_Var2618(80 users)
Gen 291 | Meta Shift: 草_ナッシー_グッズ偏重_V3_Var3422(120 users) over 草_ナッシー_究極_V6_アルティメット_Var4065(80 users)
Gen 292 | Meta Shift: 闘_ガブルカ_究極_V6_アルティメット_Var901(120 users) over 雷_ライコウ_グッズ偏重_V3_Var8136(80 users)
Gen 293 | Meta Shift: 超_ミュウツー_究極_V6_アルティメット_Var8018(120 users) over 鋼_メルルギア_安定_V1_Var4173(80 users)
Gen 294 | Meta Shift: 龍悪_ギラダク_安定_V1_Var2082(120 users) over 超_ミュウツー_安定_V1_Var3645(80 users)
Gen 295 | Meta Shift: 水_スイクン_究極_V6_アルティメット_Var2963(120 users) over 超_ゲンガー_安定_V1_Var2400(80 users)
Gen 296 | Meta Shift: 草_フシギバナ_究極_V6_アルティメット_Var2139(120 users) over 水_スイクン_安定_V1_Var7723(80 users)
Gen 297 | Meta Shift: 悪_ダークライ睡眠_安定_V1_Var181(120 users) over 悪_ダークライ睡眠_グッズ偏重_V3_Var603(80 users)
Gen 298 | Meta Shift: 鋼_メルルギア_安定_V1_Var4027(120 users) over 草_フシギバナ_安定_V1_Var8407(80 users)
Gen 299 | Meta Shift: 草_ナッシー_安定_V1_Var8946(120 users) over 闘_ガブルカ_グッズ偏重_V3_Var2861(80 users)
Gen 300 | Meta Shift: 草_フシギバナ_安定_V1_Var9676(120 users) over 水_スイクン_グッズ偏重_V3_Var2193(80 users)
Gen 301 | Meta Shift: 水_スイクンセグレイブ_安定_V1_Var5024(120 users) over 炎_リザードンX_グッズ偏重_V3_Var1334(80 users)
Gen 302 | Meta Shift: 超_ゲンガー_グッズ偏重_V3_Var2734(120 users) over 水_スイクンセグレイブ_グッズ偏重_V3_Var2063(80 users)
Gen 303 | Meta Shift: 草_フシギバナ_究極_V6_アルティメット_Var9171(120 users) over 龍悪_ギラダク_グッズ偏重_V3_Var9383(80 users)
Gen 304 | Meta Shift: 水_スイクン_究極_V6_アルティメット_Var6832(120 users) over 草_ナッシー_安定_V1_Var2319(100 users)
Gen 305 | Meta Shift: 雷_ライコウ_安定_V1_Var151(120 users) over 水_スイクン_グッズ偏重_V3_Var1250(80 users)
Gen 306 | Meta Shift: 超_ゲンガー_安定_V1_Var2400(100 users) over 草_ナッシー_グッズ偏重_V3_Var2713(80 users)
Gen 307 | Meta Shift: 雷_ライコウ_グッズ偏重_V3_Var9128(120 users) over 超_ゲンガー_安定_V1_Var2208(80 users)
Gen 308 | Meta Shift: 雷_ライコウ_グッズ偏重_V3_Var4025(120 users) over 雷_ライコウ_安定_V1_Var5300(80 users)
Gen 309 | Meta Shift: 水_スイクン_究極_V6_アルティメット_Var8945(120 users) over 水_スイクン_究極_V6_アルティメット_Var2652(80 users)
Gen 310 | Meta Shift: 水_スイクン_グッズ偏重_V3_Var3862(120 users) over 雷_ライコウ_グッズ偏重_V3_Var1708(80 users)
Gen 311 | Meta Shift: 炎_リザードンX_究極_V6_アルティメット_Var5894(120 users) over 雷_ライコウ_グッズ偏重_V3_Var1854(80 users)
Gen 312 | Meta Shift: 悪_ダークライ睡眠_安定_V1_Var4501(120 users) over 悪_ダークライ睡眠_グッズ偏重_V3_Var2309(80 users)
Gen 313 | Meta Shift: 水_スイクンセグレイブ_グッズ偏重_V3_Var8817(120 users) over 悪_ダークライ睡眠_安定_V1_Var4235(80 users)
Gen 314 | Meta Shift: 龍悪_ギラダク_安定_V1_Var9088(120 users) over 雷_ライコウ_究極_V6_アルティメット_Var10(80 users)
Gen 315 | Meta Shift: 闘_ガブルカ_安定_V1_Var1404(100 users) over 草_ナッシー_安定_V1_Var9046(80 users)
Gen 316 | Meta Shift: 龍悪_ギラダク_究極_V6_アルティメット_Var1444(120 users) over 雷_ライコウ_安定_V1_Var9069(80 users)
Gen 317 | Meta Shift: 鋼_メルルギア_グッズ偏重_V3_Var4263(120 users) over 龍悪_ギラダク_究極_V6_アルティメット_Var8717(80 users)
Gen 318 | Meta Shift: 超_ゲンガー_究極_V6_アルティメット_Var968(100 users) over 悪_ダークライ睡眠_究極_V6_アルティメット_Var6270(80 users)
Gen 319 | Meta Shift: 草_フシギバナ_安定_V1_Var555(120 users) over 草_フシギバナ_究極_V6_アルティメット_Var2144(80 users)
Gen 320 | Meta Shift: 水_スイクンセグレイブ_グッズ偏重_V3_Var9653(120 users) over 超_ゲンガー_安定_V1_Var1607(80 users)
Gen 321 | Meta Shift: 水_スイクンセグレイブ_グッズ偏重_V3_Var7900(120 users) over 悪_ダークライ睡眠_安定_V1_Var4399(80 users)
Gen 322 | Meta Shift: 水_スイクンセグレイブ_グッズ偏重_V3_Var6526(120 users) over 水_スイクンセグレイブ_グッズ偏重_V3_Var6753(80 users)
Gen 323 | Meta Shift: 超_ミュウツー_グッズ偏重_V3_Var3206(120 users) over 水_スイクンセグレイブ_安定_V1_Var9520(80 users)
Gen 324 | Meta Shift: 悪_ダークライ睡眠_安定_V1_Var9039(120 users) over 闘_ガブルカ_安定_V1_Var6854(80 users)
Gen 325 | Meta Shift: 炎_リザードンX_安定_V1_Var2177(120 users) over 雷_ライコウ_安定_V1_Var3725(100 users)
Gen 326 | Meta Shift: 超_ミュウツー_グッズ偏重_V3_Var689(120 users) over 水_スイクン_グッズ偏重_V3_Var8492(60 users)
Gen 327 | Meta Shift: 鋼_メルルギア_究極_V6_アルティメット_Var1511(120 users) over 雷_ライコウ_究極_V6_アルティメット_Var8037(80 users)
Gen 328 | Meta Shift: 鋼_メルルギア_グッズ偏重_V3_Var9373(120 users) over 草_ナッシー_究極_V6_アルティメット_Var6447(80 users)
Gen 329 | Meta Shift: 悪_ダークライ睡眠_究極_V6_アルティメット_Var3030(120 users) over 炎_リザードンX_安定_V1_Var1220(80 users)
Gen 330 | Meta Shift: 超_ミュウツー_究極_V6_アルティメット_Var4617(120 users) over 鋼_メルルギア_究極_V6_アルティメット_Var592(80 users)
Gen 331 | Meta Shift: 超_ゲンガー_安定_V1_Var6269(120 users) over 雷_ライコウ_安定_V1_Var4723(80 users)
Gen 332 | Meta Shift: 草_ナッシー_究極_V6_アルティメット_Var877(120 users) over 水_スイクン_究極_V6_アルティメット_Var2652(60 users)
Gen 1 | Meta Shift: 雷_ライコウ_グッズ偏重_V3_Var804(120 users) over 草_ナッシー_究極_V6_アルティメット_Var940(80 users)
Gen 2 | Meta Shift: 超_ミュウツー_究極_V6_アルティメット_Var2568(120 users) over 炎_リザードンX_グッズ偏重_V3_Var1928(80 users)
Gen 3 | Meta Shift: 超_ミュウツー_グッズ偏重_V3_Var5548(120 users) over 炎_リザードンX_安定_V1_Var1815(80 users)
Gen 4 | Meta Shift: 鋼_メルルギア_グッズ偏重_V3_Var5008(120 users) over 龍悪_ギラダク_究極_V6_アルティメット_Var9638(80 users)
Gen 5 | Meta Shift: 草_ナッシー_グッズ偏重_V3_Var1112(120 users) over 草_ナッシー_究極_V6_アルティメット_Var3712(80 users)
Gen 6 | Meta Shift: 水_スイクン_グッズ偏重_V3_Var2320(120 users) over 草_ナッシー_究極_V6_アルティメット_Var8935(80 users)
Gen 7 | Meta Shift: 炎_リザードンX_究極_V6_アルティメット_Var3304(120 users) over 雷_ライコウ_安定_V1_Var6201(80 users)
Gen 8 | Meta Shift: 超_ゲンガー_グッズ偏重_V3_Var6258(120 users) over 悪_ダークライ睡眠_安定_V1_Var4689(80 users)
Gen 9 | Meta Shift: 水_スイクン_安定_V1_Var4306(120 users) over 炎_リザードンX_安定_V1_Var2710(80 users)
Gen 10 | Meta Shift: 水_スイクンセグレイブ_グッズ偏重_V3_Var8638(120 users) over 雷_ライコウ_安定_V1_Var4513(80 users)
Gen 11 | Meta Shift: 龍悪_ギラダク_グッズ偏重_V3_Var546(120 users) over 超_ミュウツー_グッズ偏重_V3_Var7004(80 users)
Gen 12 | Meta Shift: 超_ミュウツー_究極_V6_アルティメット_Var8126(120 users) over 超_ゲンガー_グッズ偏重_V3_Var9763(80 users)
Gen 13 | Meta Shift: 水_スイクンセグレイブ_安定_V1_Var3300(120 users) over 超_ミュウツー_グッズ偏重_V3_Var1650(80 users)
Gen 14 | Meta Shift: 雷_ライコウ_安定_V1_Var7802(120 users) over 雷_ライコウ_安定_V1_Var9080(80 users)
Gen 15 | Meta Shift: 鋼_メルルギア_グッズ偏重_V3_Var6402(120 users) over 闘_ガブルカ_究極_V6_アルティメット_Var5889(80 users)
Gen 16 | Meta Shift: 水_スイクン_安定_V1_Var6476(120 users) over 鋼_メルルギア_安定_V1_Var8541(80 users)
Gen 17 | Meta Shift: 闘_ガブルカ_安定_V1_Var1173(120 users) over 雷_ライコウ_グッズ偏重_V3_Var6547(80 users)
Gen 18 | Meta Shift: 龍悪_ギラダク_究極_V6_アルティメット_Var528(120 users) over 闘_ガブルカ_グッズ偏重_V3_Var9759(80 users)
Gen 19 | Meta Shift: 超_ゲンガー_安定_V1_Var3301(120 users) over 水_スイクンセグレイブ_究極_V6_アルティメット_Var9391(80 users)
Gen 20 | Meta Shift: 鋼_メルルギア_安定_V1_Var8455(120 users) over 超_ゲンガー_グッズ偏重_V3_Var9346(80 users)
Gen 21 | Meta Shift: 龍悪_ギラダク_グッズ偏重_V3_Var8847(120 users) over 草_フシギバナ_グッズ偏重_V3_Var959(80 users)
Gen 22 | Meta Shift: 悪_ダークライ睡眠_グッズ偏重_V3_Var1795(120 users) over 超_ミュウツー_安定_V1_Var1718(80 users)
Gen 23 | Meta Shift: 闘_ガブルカ_究極_V6_アルティメット_Var5903(120 users) over 草_フシギバナ_究極_V6_アルティメット_Var3497(80 users)
Gen 24 | Meta Shift: 悪_ダークライ睡眠_安定_V1_Var3708(120 users) over 闘_ガブルカ_グッズ偏重_V3_Var6028(80 users)
Gen 25 | Meta Shift: 闘_ガブルカ_グッズ偏重_V3_Var6173(120 users) over 悪_ダークライ睡眠_究極_V6_アルティメット_Var3083(80 users)
Gen 26 | Meta Shift: 草_ナッシー_究極_V6_アルティメット_Var4213(120 users) over 水_スイクン_安定_V1_Var9945(80 users)
Gen 27 | Meta Shift: 悪_ダークライ睡眠_究極_V6_アルティメット_Var5074(120 users) over 鋼_メルルギア_究極_V6_アルティメット_Var6178(80 users)
Gen 28 | Meta Shift: 水_スイクン_グッズ偏重_V3_Var5950(120 users) over 草_フシギバナ_究極_V6_アルティメット_Var4601(80 users)
Gen 29 | Meta Shift: 草_ナッシー_安定_V1_Var4230(120 users) over 超_ゲンガー_安定_V1_Var763(80 users)
Gen 30 | Meta Shift: 鋼_メルルギア_安定_V1_Var772(120 users) over 超_ミュウツー_グッズ偏重_V3_Var7508(80 users)
Gen 31 | Meta Shift: 超_ゲンガー_安定_V1_Var3493(120 users) over 水_スイクン_安定_V1_Var474(80 users)
Gen 32 | Meta Shift: 超_ゲンガー_究極_V6_アルティメット_Var6715(120 users) over 雷_ライコウ_安定_V1_Var4817(80 users)
Gen 33 | Meta Shift: 超_ミュウツー_グッズ偏重_V3_Var8144(120 users) over 超_ミュウツー_安定_V1_Var7710(80 users)
Gen 34 | Meta Shift: 草_ナッシー_安定_V1_Var6829(120 users) over 超_ミュウツー_究極_V6_アルティメット_Var2517(80 users)
Gen 35 | Meta Shift: 水_スイクン_究極_V6_アルティメット_Var7687(120 users) over 水_スイクン_グッズ偏重_V3_Var5796(80 users)
Gen 36 | Meta Shift: 悪_ダークライ睡眠_安定_V1_Var3920(120 users) over 闘_ガブルカ_グッズ偏重_V3_Var4613(80 users)
Gen 37 | Meta Shift: 闘_ガブルカ_グッズ偏重_V3_Var8138(120 users) over 草_フシギバナ_安定_V1_Var9678(80 users)
Gen 38 | Meta Shift: 闘_ガブルカ_究極_V6_アルティメット_Var2050(120 users) over 草_フシギバナ_安定_V1_Var5141(80 users)
Gen 39 | Meta Shift: 闘_ガブルカ_グッズ偏重_V3_Var8259(120 users) over 雷_ライコウ_究極_V6_アルティメット_Var9392(80 users)
Gen 40 | Meta Shift: 龍悪_ギラダク_グッズ偏重_V3_Var2803(120 users) over 草_フシギバナ_究極_V6_アルティメット_Var138(80 users)
Gen 41 | Meta Shift: 鋼_メルルギア_安定_V1_Var1029(120 users) over 水_スイクン_究極_V6_アルティメット_Var4874(80 users)
Gen 42 | Meta Shift: 鋼_メルルギア_グッズ偏重_V3_Var7926(120 users) over 雷_ライコウ_究極_V6_アルティメット_Var9509(80 users)
Gen 43 | Meta Shift: 鋼_メルルギア_究極_V6_アルティメット_Var1899(120 users) over 闘_ガブルカ_グッズ偏重_V3_Var8153(80 users)
Gen 44 | Meta Shift: 草_ナッシー_グッズ偏重_V3_Var9536(120 users) over 草_ナッシー_安定_V1_Var4626(80 users)
Gen 45 | Meta Shift: 龍悪_ギラダク_究極_V6_アルティメット_Var278(120 users) over 水_スイクンセグレイブ_究極_V6_アルティメット_Var6701(80 users)
Gen 46 | Meta Shift: 超_ゲンガー_安定_V1_Var178(120 users) over 超_ミュウツー_グッズ偏重_V3_Var1838(80 users)
Gen 47 | Meta Shift: 鋼_メルルギア_安定_V1_Var3107(120 users) over 悪_ダークライ睡眠_グッズ偏重_V3_Var7554(80 users)
Gen 48 | Meta Shift: 草_ナッシー_グッズ偏重_V3_Var1746(120 users) over 草_ナッシー_グッズ偏重_V3_Var490(80 users)
Gen 49 | Meta Shift: 悪_ダークライ睡眠_安定_V1_Var3127(120 users) over 水_スイクンセグレイブ_安定_V1_Var1561(80 users)
Gen 50 | Meta Shift: 鋼_メルルギア_究極_V6_アルティメット_Var1266(120 users) over 草_フシギバナ_安定_V1_Var6441(80 users)
Gen 51 | Meta Shift: 超_ミュウツー_グッズ偏重_V3_Var4302(120 users) over 草_ナッシー_安定_V1_Var5589(80 users)
Gen 52 | Meta Shift: 超_ミュウツー_究極_V6_アルティメット_Var8619(120 users) over 水_スイクンセグレイブ_安定_V1_Var9408(80 users)
Gen 53 | Meta Shift: 鋼_メルルギア_グッズ偏重_V3_Var3357(120 users) over 超_ミュウツー_安定_V1_Var1038(80 users)
Gen 54 | Meta Shift: 鋼_メルルギア_グッズ偏重_V3_Var7558(120 users) over 草_ナッシー_グッズ偏重_V3_Var8591(80 users)
Gen 55 | Meta Shift: 龍悪_ギラダク_グッズ偏重_V3_Var947(120 users) over 炎_リザードンX_究極_V6_アルティメット_Var5853(80 users)
Gen 56 | Meta Shift: 鋼_メルルギア_グッズ偏重_V3_Var4375(120 users) over 雷_ライコウ_グッズ偏重_V3_Var2019(80 users)
Gen 57 | Meta Shift: 鋼_メルルギア_安定_V1_Var9486(120 users) over 龍悪_ギラダク_安定_V1_Var4426(80 users)
Gen 58 | Meta Shift: 悪_ダークライ睡眠_グッズ偏重_V3_Var2848(120 users) over 悪_ダークライ睡眠_安定_V1_Var955(80 users)
Gen 59 | Meta Shift: 水_スイクン_グッズ偏重_V3_Var3730(120 users) over 炎_リザードンX_グッズ偏重_V3_Var2855(80 users)
Gen 60 | Meta Shift: 鋼_メルルギア_安定_V1_Var3717(120 users) over 雷_ライコウ_安定_V1_Var3878(80 users)
Gen 61 | Meta Shift: 闘_ガブルカ_究極_V6_アルティメット_Var9725(120 users) over 水_スイクンセグレイブ_グッズ偏重_V3_Var1310(80 users)
Gen 62 | Meta Shift: 草_ナッシー_安定_V1_Var902(120 users) over 超_ゲンガー_究極_V6_アルティメット_Var3677(80 users)
Gen 63 | Meta Shift: 鋼_メルルギア_グッズ偏重_V3_Var3150(120 users) over 草_ナッシー_究極_V6_アルティメット_Var4369(80 users)
Gen 64 | Meta Shift: 悪_ダークライ睡眠_グッズ偏重_V3_Var8445(120 users) over 炎_リザードンX_安定_V1_Var2174(80 users)
Gen 65 | Meta Shift: 龍悪_ギラダク_グッズ偏重_V3_Var8652(120 users) over 雷_ライコウ_究極_V6_アルティメット_Var1857(80 users)
Gen 66 | Meta Shift: 草_ナッシー_グッズ偏重_V3_Var4332(120 users) over 龍悪_ギラダク_グッズ偏重_V3_Var3636(80 users)
Gen 67 | Meta Shift: 鋼_メルルギア_グッズ偏重_V3_Var1170(120 users) over 鋼_メルルギア_究極_V6_アルティメット_Var4062(80 users)
Gen 68 | Meta Shift: 雷_ライコウ_究極_V6_アルティメット_Var7801(120 users) over 超_ゲンガー_グッズ偏重_V3_Var7739(80 users)
Gen 69 | Meta Shift: 龍悪_ギラダク_安定_V1_Var244(120 users) over 草_フシギバナ_究極_V6_アルティメット_Var1194(80 users)
Gen 70 | Meta Shift: 龍悪_ギラダク_グッズ偏重_V3_Var5484(120 users) over 超_ゲンガー_究極_V6_アルティメット_Var590(80 users)
Gen 71 | Meta Shift: 雷_ライコウ_究極_V6_アルティメット_Var6888(120 users) over 炎_リザードンX_安定_V1_Var8879(80 users)
Gen 72 | Meta Shift: 超_ゲンガー_グッズ偏重_V3_Var2764(120 users) over 草_ナッシー_グッズ偏重_V3_Var3706(80 users)
Gen 73 | Meta Shift: 龍悪_ギラダク_安定_V1_Var2237(120 users) over 水_スイクン_安定_V1_Var7988(80 users)
Gen 74 | Meta Shift: 草_ナッシー_究極_V6_アルティメット_Var8802(120 users) over 炎_リザードンX_安定_V1_Var4259(80 users)
Gen 75 | Meta Shift: 悪_ダークライ睡眠_究極_V6_アルティメット_Var7782(120 users) over 水_スイクンセグレイブ_究極_V6_アルティメット_Var3659(80 users)
Gen 76 | Meta Shift: 闘_ガブルカ_グッズ偏重_V3_Var9596(120 users) over 鋼_メルルギア_安定_V1_Var3116(80 users)
Gen 77 | Meta Shift: 草_フシギバナ_究極_V6_アルティメット_Var7917(120 users) over 雷_ライコウ_グッズ偏重_V3_Var4860(80 users)
Gen 78 | Meta Shift: 闘_ガブルカ_究極_V6_アルティメット_Var4038(120 users) over 闘_ガブルカ_究極_V6_アルティメット_Var5300(80 users)
Gen 79 | Meta Shift: 草_フシギバナ_安定_V1_Var7115(120 users) over 雷_ライコウ_安定_V1_Var1096(80 users)
Gen 80 | Meta Shift: 悪_ダークライ睡眠_グッズ偏重_V3_Var8271(120 users) over 草_フシギバナ_グッズ偏重_V3_Var8465(80 users)
Gen 81 | Meta Shift: 草_フシギバナ_究極_V6_アルティメット_Var6343(120 users) over 草_フシギバナ_グッズ偏重_V3_Var1806(80 users)
Gen 82 | Meta Shift: 鋼_メルルギア_究極_V6_アルティメット_Var5540(120 users) over 超_ゲンガー_グッズ偏重_V3_Var587(80 users)
Gen 83 | Meta Shift: 悪_ダークライ睡眠_グッズ偏重_V3_Var811(120 users) over 闘_ガブルカ_安定_V1_Var3523(80 users)
Gen 84 | Meta Shift: 闘_ガブルカ_究極_V6_アルティメット_Var6298(120 users) over 炎_リザードンX_グッズ偏重_V3_Var4600(80 users)
Gen 85 | Meta Shift: 水_スイクン_安定_V1_Var5417(120 users) over 草_フシギバナ_安定_V1_Var890(80 users)
Gen 86 | Meta Shift: 水_スイクンセグレイブ_安定_V1_Var5425(120 users) over 水_スイクンセグレイブ_グッズ偏重_V3_Var5367(80 users)
Gen 87 | Meta Shift: 草_ナッシー_究極_V6_アルティメット_Var8787(120 users) over 炎_リザードンX_安定_V1_Var1151(80 users)
Gen 88 | Meta Shift: 超_ゲンガー_究極_V6_アルティメット_Var4279(120 users) over 鋼_メルルギア_安定_V1_Var7451(80 users)
Gen 89 | Meta Shift: 鋼_メルルギア_究極_V6_アルティメット_Var5737(120 users) over 炎_リザードンX_究極_V6_アルティメット_Var1574(80 users)
Gen 90 | Meta Shift: 水_スイクンセグレイブ_安定_V1_Var2943(120 users) over 超_ミュウツー_グッズ偏重_V3_Var5168(80 users)
Gen 91 | Meta Shift: 龍悪_ギラダク_究極_V6_アルティメット_Var5729(120 users) over 水_スイクンセグレイブ_究極_V6_アルティメット_Var648(80 users)
Gen 92 | Meta Shift: 悪_ダークライ睡眠_グッズ偏重_V3_Var4107(120 users) over 水_スイクン_究極_V6_アルティメット_Var6094(80 users)
Gen 93 | Meta Shift: 悪_ダークライ睡眠_安定_V1_Var336(120 users) over 炎_リザードンX_グッズ偏重_V3_Var1063(80 users)
Gen 94 | Meta Shift: 草_ナッシー_安定_V1_Var4505(120 users) over 水_スイクンセグレイブ_究極_V6_アルティメット_Var2100(80 users)
Gen 95 | Meta Shift: 水_スイクン_究極_V6_アルティメット_Var9162(120 users) over 水_スイクン_グッズ偏重_V3_Var8291(80 users)
Gen 96 | Meta Shift: 悪_ダークライ睡眠_究極_V6_アルティメット_Var7085(120 users) over 超_ミュウツー_グッズ偏重_V3_Var286(80 users)
Gen 97 | Meta Shift: 水_スイクン_グッズ偏重_V3_Var6088(120 users) over 草_ナッシー_究極_V6_アルティメット_Var2657(80 users)
Gen 98 | Meta Shift: 水_スイクン_安定_V1_Var1243(120 users) over 草_フシギバナ_究極_V6_アルティメット_Var3462(80 users)
Gen 99 | Meta Shift: 鋼_メルルギア_究極_V6_アルティメット_Var6213(120 users) over 龍悪_ギラダク_安定_V1_Var3049(80 users)
Gen 100 | Meta Shift: 超_ミュウツー_グッズ偏重_V3_Var2712(120 users) over 草_ナッシー_究極_V6_アルティメット_Var592(80 users)
Gen 101 | Meta Shift: 闘_ガブルカ_安定_V1_Var3036(120 users) over 水_スイクンセグレイブ_グッズ偏重_V3_Var7660(80 users)
Gen 102 | Meta Shift: 炎_リザードンX_安定_V1_Var4639(120 users) over 草_フシギバナ_グッズ偏重_V3_Var604(80 users)
Gen 103 | Meta Shift: 雷_ライコウ_安定_V1_Var8346(120 users) over 水_スイクン_究極_V6_アルティメット_Var7616(80 users)
Gen 104 | Meta Shift: 水_スイクン_グッズ偏重_V3_Var3861(120 users) over 超_ミュウツー_グッズ偏重_V3_Var2445(80 users)
Gen 105 | Meta Shift: 超_ゲンガー_究極_V6_アルティメット_Var2376(120 users) over 悪_ダークライ睡眠_安定_V1_Var3171(80 users)
Gen 106 | Meta Shift: 草_ナッシー_究極_V6_アルティメット_Var5525(120 users) over 水_スイクンセグレイブ_安定_V1_Var463(80 users)
Gen 107 | Meta Shift: 水_スイクンセグレイブ_グッズ偏重_V3_Var8496(120 users) over 雷_ライコウ_グッズ偏重_V3_Var8383(80 users)
Gen 108 | Meta Shift: 闘_ガブルカ_究極_V6_アルティメット_Var9376(120 users) over 超_ミュウツー_グッズ偏重_V3_Var2566(80 users)
Gen 109 | Meta Shift: 闘_ガブルカ_安定_V1_Var201(120 users) over 水_スイクンセグレイブ_究極_V6_アルティメット_Var7246(80 users)
Gen 110 | Meta Shift: 超_ゲンガー_安定_V1_Var7346(120 users) over 悪_ダークライ睡眠_グッズ偏重_V3_Var2015(80 users)
Gen 111 | Meta Shift: 雷_ライコウ_安定_V1_Var8018(120 users) over 雷_ライコウ_究極_V6_アルティメット_Var3653(80 users)
Gen 112 | Meta Shift: 超_ミュウツー_グッズ偏重_V3_Var4359(120 users) over 炎_リザードンX_グッズ偏重_V3_Var3509(80 users)
Gen 113 | Meta Shift: 龍悪_ギラダク_究極_V6_アルティメット_Var1786(120 users) over 水_スイクン_安定_V1_Var359(80 users)
Gen 114 | Meta Shift: 超_ゲンガー_究極_V6_アルティメット_Var2307(120 users) over 水_スイクンセグレイブ_究極_V6_アルティメット_Var2161(80 users)
Gen 115 | Meta Shift: 鋼_メルルギア_究極_V6_アルティメット_Var5747(120 users) over 炎_リザードンX_究極_V6_アルティメット_Var1292(80 users)
Gen 116 | Meta Shift: 雷_ライコウ_グッズ偏重_V3_Var6722(120 users) over 草_フシギバナ_究極_V6_アルティメット_Var172(80 users)
Gen 117 | Meta Shift: 草_ナッシー_究極_V6_アルティメット_Var9451(120 users) over 雷_ライコウ_究極_V6_アルティメット_Var891(80 users)
Gen 118 | Meta Shift: 草_フシギバナ_究極_V6_アルティメット_Var4931(120 users) over 水_スイクンセグレイブ_安定_V1_Var9264(80 users)
Gen 119 | Meta Shift: 水_スイクン_究極_V6_アルティメット_Var3286(120 users) over 水_スイクンセグレイブ_グッズ偏重_V3_Var7241(80 users)
Gen 120 | Meta Shift: 超_ゲンガー_究極_V6_アルティメット_Var5190(120 users) over 悪_ダークライ睡眠_グッズ偏重_V3_Var7579(80 users)
Gen 121 | Meta Shift: 龍悪_ギラダク_グッズ偏重_V3_Var3983(120 users) over 水_スイクンセグレイブ_安定_V1_Var3576(80 users)
Gen 122 | Meta Shift: 草_フシギバナ_グッズ偏重_V3_Var3818(120 users) over 水_スイクン_究極_V6_アルティメット_Var5016(80 users)
Gen 123 | Meta Shift: 草_フシギバナ_グッズ偏重_V3_Var1128(120 users) over 炎_リザードンX_安定_V1_Var6868(80 users)
Gen 124 | Meta Shift: 闘_ガブルカ_安定_V1_Var446(120 users) over 超_ゲンガー_グッズ偏重_V3_Var7173(80 users)
Gen 125 | Meta Shift: 雷_ライコウ_安定_V1_Var7269(120 users) over 炎_リザードンX_究極_V6_アルティメット_Var1378(80 users)
Gen 126 | Meta Shift: 草_フシギバナ_安定_V1_Var4669(120 users) over 闘_ガブルカ_グッズ偏重_V3_Var6741(80 users)
Gen 127 | Meta Shift: 雷_ライコウ_究極_V6_アルティメット_Var4691(120 users) over 水_スイクン_究極_V6_アルティメット_Var9768(80 users)
Gen 128 | Meta Shift: 龍悪_ギラダク_グッズ偏重_V3_Var4948(120 users) over 草_ナッシー_グッズ偏重_V3_Var503(80 users)
Gen 129 | Meta Shift: 闘_ガブルカ_安定_V1_Var246(120 users) over 超_ミュウツー_究極_V6_アルティメット_Var43(80 users)
Gen 130 | Meta Shift: 草_ナッシー_グッズ偏重_V3_Var9205(120 users) over 闘_ガブルカ_安定_V1_Var2209(80 users)
Gen 131 | Meta Shift: 龍悪_ギラダク_安定_V1_Var2402(120 users) over 草_フシギバナ_究極_V6_アルティメット_Var1126(80 users)
Gen 132 | Meta Shift: 炎_リザードンX_究極_V6_アルティメット_Var1212(120 users) over 水_スイクン_グッズ偏重_V3_Var5520(80 users)
Gen 133 | Meta Shift: 龍悪_ギラダク_安定_V1_Var3533(120 users) over 超_ミュウツー_安定_V1_Var3160(80 users)
Gen 134 | Meta Shift: 龍悪_ギラダク_安定_V1_Var7911(120 users) over 草_ナッシー_安定_V1_Var3559(80 users)
Gen 135 | Meta Shift: 炎_リザードンX_究極_V6_アルティメット_Var9339(120 users) over 炎_リザードンX_安定_V1_Var6757(80 users)
Gen 136 | Meta Shift: 雷_ライコウ_安定_V1_Var4826(120 users) over 炎_リザードンX_究極_V6_アルティメット_Var7893(80 users)
Gen 137 | Meta Shift: 雷_ライコウ_安定_V1_Var294(120 users) over 草_ナッシー_安定_V1_Var3522(80 users)
Gen 138 | Meta Shift: 水_スイクン_安定_V1_Var1518(120 users) over 水_スイクンセグレイブ_究極_V6_アルティメット_Var2101(80 users)
Gen 139 | Meta Shift: 悪_ダークライ睡眠_グッズ偏重_V3_Var6632(120 users) over 水_スイクン_グッズ偏重_V3_Var2897(80 users)
Gen 140 | Meta Shift: 水_スイクン_グッズ偏重_V3_Var313(120 users) over 水_スイクンセグレイブ_安定_V1_Var2667(80 users)
Gen 141 | Meta Shift: 草_ナッシー_安定_V1_Var3502(120 users) over 草_フシギバナ_安定_V1_Var6383(80 users)
Gen 142 | Meta Shift: 雷_ライコウ_グッズ偏重_V3_Var9313(120 users) over 鋼_メルルギア_究極_V6_アルティメット_Var795(80 users)
Gen 143 | Meta Shift: 草_フシギバナ_究極_V6_アルティメット_Var3962(120 users) over 超_ミュウツー_安定_V1_Var2035(80 users)
Gen 144 | Meta Shift: 草_フシギバナ_グッズ偏重_V3_Var6526(120 users) over 炎_リザードンX_究極_V6_アルティメット_Var4906(80 users)
Gen 145 | Meta Shift: 龍悪_ギラダク_究極_V6_アルティメット_Var5502(120 users) over 草_ナッシー_究極_V6_アルティメット_Var2991(80 users)
Gen 146 | Meta Shift: 悪_ダークライ睡眠_グッズ偏重_V3_Var2366(120 users) over 闘_ガブルカ_安定_V1_Var3726(80 users)
Gen 147 | Meta Shift: 水_スイクン_安定_V1_Var8673(120 users) over 超_ミュウツー_究極_V6_アルティメット_Var2200(80 users)
Gen 148 | Meta Shift: 鋼_メルルギア_グッズ偏重_V3_Var6746(120 users) over 草_フシギバナ_グッズ偏重_V3_Var5020(80 users)
Gen 149 | Meta Shift: 水_スイクンセグレイブ_究極_V6_アルティメット_Var4652(120 users) over 超_ミュウツー_グッズ偏重_V3_Var4567(80 users)
Gen 150 | Meta Shift: 鋼_メルルギア_グッズ偏重_V3_Var9637(120 users) over 草_ナッシー_究極_V6_アルティメット_Var533(80 users)
Gen 151 | Meta Shift: 炎_リザードンX_究極_V6_アルティメット_Var6387(120 users) over 草_ナッシー_グッズ偏重_V3_Var788(80 users)
Gen 152 | Meta Shift: 草_ナッシー_究極_V6_アルティメット_Var9227(120 users) over 水_スイクン_グッズ偏重_V3_Var7796(80 users)
Gen 153 | Meta Shift: 水_スイクンセグレイブ_グッズ偏重_V3_Var620(120 users) over 水_スイクン_グッズ偏重_V3_Var721(80 users)
Gen 154 | Meta Shift: 鋼_メルルギア_グッズ偏重_V3_Var2367(120 users) over 草_フシギバナ_究極_V6_アルティメット_Var4759(80 users)
Gen 155 | Meta Shift: 雷_ライコウ_究極_V6_アルティメット_Var2282(120 users) over 超_ゲンガー_グッズ偏重_V3_Var8148(80 users)
Gen 156 | Meta Shift: 水_スイクンセグレイブ_安定_V1_Var5436(120 users) over 炎_リザードンX_グッズ偏重_V3_Var1313(80 users)
Gen 157 | Meta Shift: 悪_ダークライ睡眠_安定_V1_Var7300(120 users) over 水_スイクン_究極_V6_アルティメット_Var7811(80 users)
Gen 158 | Meta Shift: 悪_ダークライ睡眠_グッズ偏重_V3_Var496(120 users) over 超_ミュウツー_グッズ偏重_V3_Var2086(80 users)
Gen 159 | Meta Shift: 悪_ダークライ睡眠_グッズ偏重_V3_Var2848(140 users) over 水_スイクン_安定_V1_Var8714(80 users)
Gen 160 | Meta Shift: 水_スイクン_究極_V6_アルティメット_Var794(120 users) over 草_フシギバナ_安定_V1_Var2275(80 users)
Gen 161 | Meta Shift: 龍悪_ギラダク_グッズ偏重_V3_Var4261(120 users) over 悪_ダークライ睡眠_安定_V1_Var9207(80 users)
Gen 162 | Meta Shift: 超_ゲンガー_安定_V1_Var6280(120 users) over 龍悪_ギラダク_安定_V1_Var524(80 users)
Gen 163 | Meta Shift: 水_スイクンセグレイブ_グッズ偏重_V3_Var3273(120 users) over 悪_ダークライ睡眠_安定_V1_Var9321(80 users)
Gen 164 | Meta Shift: 龍悪_ギラダク_安定_V1_Var1840(120 users) over 炎_リザードンX_究極_V6_アルティメット_Var7117(80 users)
Gen 165 | Meta Shift: 悪_ダークライ睡眠_グッズ偏重_V3_Var4624(120 users) over 水_スイクン_グッズ偏重_V3_Var780(80 users)
Gen 166 | Meta Shift: 草_フシギバナ_グッズ偏重_V3_Var8222(120 users) over 悪_ダークライ睡眠_安定_V1_Var7418(80 users)
Gen 167 | Meta Shift: 超_ゲンガー_グッズ偏重_V3_Var1288(120 users) over 鋼_メルルギア_究極_V6_アルティメット_Var731(80 users)
Gen 168 | Meta Shift: 水_スイクンセグレイブ_安定_V1_Var9662(120 users) over 雷_ライコウ_究極_V6_アルティメット_Var7904(80 users)
Gen 169 | Meta Shift: 草_フシギバナ_究極_V6_アルティメット_Var933(120 users) over 草_ナッシー_グッズ偏重_V3_Var5743(80 users)
Gen 170 | Meta Shift: 超_ゲンガー_グッズ偏重_V3_Var5819(120 users) over 龍悪_ギラダク_究極_V6_アルティメット_Var5381(80 users)
Gen 171 | Meta Shift: 水_スイクンセグレイブ_グッズ偏重_V3_Var9119(120 users) over 超_ミュウツー_安定_V1_Var249(80 users)
Gen 172 | Meta Shift: 龍悪_ギラダク_グッズ偏重_V3_Var6114(120 users) over 超_ミュウツー_安定_V1_Var871(80 users)
Gen 173 | Meta Shift: 水_スイクン_グッズ偏重_V3_Var9875(120 users) over 闘_ガブルカ_究極_V6_アルティメット_Var9508(80 users)
Gen 174 | Meta Shift: 草_フシギバナ_安定_V1_Var4153(120 users) over 炎_リザードンX_グッズ偏重_V3_Var1180(80 users)
Gen 175 | Meta Shift: 闘_ガブルカ_究極_V6_アルティメット_Var2344(120 users) over 炎_リザードンX_グッズ偏重_V3_Var117(80 users)
Gen 176 | Meta Shift: 炎_リザードンX_グッズ偏重_V3_Var1502(120 users) over 悪_ダークライ睡眠_グッズ偏重_V3_Var6900(80 users)
Gen 177 | Meta Shift: 草_ナッシー_グッズ偏重_V3_Var121(120 users) over 雷_ライコウ_究極_V6_アルティメット_Var4547(80 users)
Gen 178 | Meta Shift: 龍悪_ギラダク_安定_V1_Var3489(120 users) over 草_ナッシー_究極_V6_アルティメット_Var7061(80 users)
Gen 179 | Meta Shift: 雷_ライコウ_安定_V1_Var2800(120 users) over 水_スイクン_安定_V1_Var3703(80 users)
Gen 180 | Meta Shift: 鋼_メルルギア_究極_V6_アルティメット_Var8058(120 users) over 水_スイクンセグレイブ_安定_V1_Var6787(80 users)
Gen 181 | Meta Shift: 草_ナッシー_究極_V6_アルティメット_Var3696(120 users) over 鋼_メルルギア_安定_V1_Var7481(80 users)
Gen 182 | Meta Shift: 龍悪_ギラダク_究極_V6_アルティメット_Var6039(120 users) over 雷_ライコウ_グッズ偏重_V3_Var1326(80 users)
Gen 183 | Meta Shift: 雷_ライコウ_グッズ偏重_V3_Var9948(120 users) over 雷_ライコウ_グッズ偏重_V3_Var3349(80 users)
Gen 184 | Meta Shift: 水_スイクン_グッズ偏重_V3_Var4967(120 users) over 龍悪_ギラダク_究極_V6_アルティメット_Var4573(80 users)
Gen 185 | Meta Shift: 悪_ダークライ睡眠_グッズ偏重_V3_Var824(120 users) over 雷_ライコウ_究極_V6_アルティメット_Var3950(80 users)
Gen 186 | Meta Shift: 闘_ガブルカ_グッズ偏重_V3_Var4613(100 users) over 超_ゲンガー_安定_V1_Var8238(80 users)
Gen 187 | Meta Shift: 炎_リザードンX_グッズ偏重_V3_Var6262(120 users) over 超_ゲンガー_グッズ偏重_V3_Var7899(80 users)
Gen 188 | Meta Shift: 超_ミュウツー_安定_V1_Var8400(120 users) over 水_スイクン_安定_V1_Var7663(80 users)
Gen 189 | Meta Shift: 雷_ライコウ_究極_V6_アルティメット_Var7016(120 users) over 水_スイクンセグレイブ_安定_V1_Var9978(80 users)
Gen 190 | Meta Shift: 雷_ライコウ_究極_V6_アルティメット_Var3793(120 users) over 草_ナッシー_究極_V6_アルティメット_Var3759(80 users)
Gen 191 | Meta Shift: 闘_ガブルカ_グッズ偏重_V3_Var2859(120 users) over 超_ゲンガー_究極_V6_アルティメット_Var4649(80 users)
Gen 192 | Meta Shift: 炎_リザードンX_グッズ偏重_V3_Var4429(120 users) over 草_フシギバナ_安定_V1_Var9316(80 users)
Gen 193 | Meta Shift: 闘_ガブルカ_グッズ偏重_V3_Var619(120 users) over 水_スイクンセグレイブ_安定_V1_Var1371(80 users)
Gen 194 | Meta Shift: 水_スイクン_グッズ偏重_V3_Var7974(120 users) over 超_ゲンガー_究極_V6_アルティメット_Var5981(80 users)
Gen 195 | Meta Shift: 超_ゲンガー_究極_V6_アルティメット_Var8916(120 users) over 草_ナッシー_グッズ偏重_V3_Var7619(80 users)
Gen 196 | Meta Shift: 雷_ライコウ_グッズ偏重_V3_Var2467(120 users) over 水_スイクンセグレイブ_究極_V6_アルティメット_Var9834(80 users)
Gen 197 | Meta Shift: 雷_ライコウ_グッズ偏重_V3_Var3470(120 users) over 水_スイクンセグレイブ_グッズ偏重_V3_Var3315(80 users)
Gen 198 | Meta Shift: 水_スイクンセグレイブ_グッズ偏重_V3_Var4367(120 users) over 水_スイクンセグレイブ_グッズ偏重_V3_Var4907(80 users)
Gen 199 | Meta Shift: 草_フシギバナ_グッズ偏重_V3_Var4788(120 users) over 草_ナッシー_究極_V6_アルティメット_Var9980(80 users)
Gen 200 | Meta Shift: 悪_ダークライ睡眠_安定_V1_Var6904(120 users) over 龍悪_ギラダク_安定_V1_Var9819(80 users)
Gen 201 | Meta Shift: 悪_ダークライ睡眠_究極_V6_アルティメット_Var5905(120 users) over 草_ナッシー_安定_V1_Var2139(80 users)
Gen 202 | Meta Shift: 悪_ダークライ睡眠_安定_V1_Var2045(120 users) over 超_ゲンガー_安定_V1_Var2090(80 users)
Gen 203 | Meta Shift: 龍悪_ギラダク_究極_V6_アルティメット_Var7254(120 users) over 草_フシギバナ_安定_V1_Var3031(80 users)
Gen 204 | Meta Shift: 草_フシギバナ_安定_V1_Var4888(120 users) over 超_ゲンガー_究極_V6_アルティメット_Var5227(80 users)
Gen 205 | Meta Shift: 龍悪_ギラダク_究極_V6_アルティメット_Var7613(120 users) over 草_フシギバナ_究極_V6_アルティメット_Var7917(100 users)
Gen 206 | Meta Shift: 闘_ガブルカ_安定_V1_Var2766(120 users) over 草_フシギバナ_安定_V1_Var3031(60 users)
Gen 207 | Meta Shift: 鋼_メルルギア_グッズ偏重_V3_Var826(120 users) over 龍悪_ギラダク_安定_V1_Var1745(80 users)
Gen 208 | Meta Shift: 龍悪_ギラダク_安定_V1_Var1944(120 users) over 超_ゲンガー_安定_V1_Var4725(80 users)
Gen 209 | Meta Shift: 鋼_メルルギア_安定_V1_Var9702(120 users) over 水_スイクン_究極_V6_アルティメット_Var1269(80 users)
Gen 210 | Meta Shift: 雷_ライコウ_グッズ偏重_V3_Var3403(120 users) over 闘_ガブルカ_安定_V1_Var4900(80 users)
Gen 211 | Meta Shift: 超_ミュウツー_グッズ偏重_V3_Var5953(120 users) over 水_スイクンセグレイブ_究極_V6_アルティメット_Var1365(80 users)
Gen 212 | Meta Shift: 悪_ダークライ睡眠_安定_V1_Var173(120 users) over 超_ゲンガー_究極_V6_アルティメット_Var1482(80 users)
Gen 213 | Meta Shift: 龍悪_ギラダク_究極_V6_アルティメット_Var5683(120 users) over 水_スイクンセグレイブ_究極_V6_アルティメット_Var2853(80 users)
Gen 214 | Meta Shift: 龍悪_ギラダク_安定_V1_Var1750(120 users) over 草_フシギバナ_究極_V6_アルティメット_Var3256(80 users)
Gen 215 | Meta Shift: 草_ナッシー_究極_V6_アルティメット_Var4762(120 users) over 水_スイクン_グッズ偏重_V3_Var2214(80 users)
Gen 216 | Meta Shift: 超_ミュウツー_グッズ偏重_V3_Var750(120 users) over 草_ナッシー_究極_V6_アルティメット_Var3396(80 users)
Gen 217 | Meta Shift: 超_ミュウツー_グッズ偏重_V3_Var395(120 users) over 水_スイクン_グッズ偏重_V3_Var6587(80 users)
Gen 218 | Meta Shift: 雷_ライコウ_グッズ偏重_V3_Var9803(100 users) over 雷_ライコウ_グッズ偏重_V3_Var9803(100 users)
Gen 219 | Meta Shift: 超_ミュウツー_グッズ偏重_V3_Var5036(120 users) over 超_ミュウツー_究極_V6_アルティメット_Var4883(80 users)
Gen 220 | Meta Shift: 水_スイクン_グッズ偏重_V3_Var1676(120 users) over 炎_リザードンX_究極_V6_アルティメット_Var9339(100 users)
Gen 221 | Meta Shift: 龍悪_ギラダク_究極_V6_アルティメット_Var1364(120 users) over 闘_ガブルカ_安定_V1_Var9665(80 users)
Gen 222 | Meta Shift: 雷_ライコウ_グッズ偏重_V3_Var9021(120 users) over 水_スイクンセグレイブ_グッズ偏重_V3_Var301(80 users)
Gen 223 | Meta Shift: 超_ゲンガー_グッズ偏重_V3_Var1307(120 users) over 超_ゲンガー_グッズ偏重_V3_Var6148(80 users)
Gen 224 | Meta Shift: 闘_ガブルカ_グッズ偏重_V3_Var175(120 users) over 草_ナッシー_究極_V6_アルティメット_Var2698(80 users)
Gen 225 | Meta Shift: 草_フシギバナ_グッズ偏重_V3_Var7111(120 users) over 超_ミュウツー_究極_V6_アルティメット_Var5861(80 users)
Gen 226 | Meta Shift: 超_ゲンガー_安定_V1_Var1686(120 users) over 龍悪_ギラダク_安定_V1_Var9351(80 users)
Gen 227 | Meta Shift: 鋼_メルルギア_究極_V6_アルティメット_Var2218(120 users) over 悪_ダークライ睡眠_究極_V6_アルティメット_Var9226(80 users)
Gen 228 | Meta Shift: 超_ゲンガー_究極_V6_アルティメット_Var93(120 users) over 草_ナッシー_グッズ偏重_V3_Var8475(80 users)
Gen 229 | Meta Shift: 炎_リザードンX_安定_V1_Var8139(120 users) over 水_スイクンセグレイブ_グッズ偏重_V3_Var4386(80 users)
Gen 230 | Meta Shift: 水_スイクンセグレイブ_グッズ偏重_V3_Var2247(120 users) over 水_スイクンセグレイブ_安定_V1_Var383(80 users)
Gen 231 | Meta Shift: 草_フシギバナ_安定_V1_Var5575(120 users) over 龍悪_ギラダク_安定_V1_Var1944(100 users)
Gen 232 | Meta Shift: 雷_ライコウ_安定_V1_Var609(120 users) over 水_スイクン_グッズ偏重_V3_Var9363(80 users)
Gen 233 | Meta Shift: 龍悪_ギラダク_安定_V1_Var524(100 users) over 水_スイクン_グッズ偏重_V3_Var6423(80 users)
Gen 234 | Meta Shift: 水_スイクン_安定_V1_Var4306(140 users) over 炎_リザードンX_安定_V1_Var7235(80 users)
Gen 235 | Meta Shift: 水_スイクン_グッズ偏重_V3_Var8117(120 users) over 草_フシギバナ_安定_V1_Var8424(80 users)
Gen 236 | Meta Shift: 水_スイクン_究極_V6_アルティメット_Var262(120 users) over 草_フシギバナ_グッズ偏重_V3_Var1827(80 users)
Gen 237 | Meta Shift: 草_フシギバナ_安定_V1_Var7543(120 users) over 雷_ライコウ_究極_V6_アルティメット_Var3255(80 users)
Gen 238 | Meta Shift: 超_ミュウツー_グッズ偏重_V3_Var2227(120 users) over 草_フシギバナ_グッズ偏重_V3_Var998(80 users)
Gen 239 | Meta Shift: 悪_ダークライ睡眠_グッズ偏重_V3_Var4319(120 users) over 龍悪_ギラダク_究極_V6_アルティメット_Var2281(80 users)
Gen 240 | Meta Shift: 悪_ダークライ睡眠_究極_V6_アルティメット_Var350(120 users) over 草_ナッシー_究極_V6_アルティメット_Var812(80 users)
Gen 241 | Meta Shift: 悪_ダークライ睡眠_安定_V1_Var7097(120 users) over 炎_リザードンX_究極_V6_アルティメット_Var7434(80 users)
Gen 242 | Meta Shift: 超_ミュウツー_究極_V6_アルティメット_Var8288(120 users) over 水_スイクンセグレイブ_究極_V6_アルティメット_Var8313(80 users)
Gen 243 | Meta Shift: 鋼_メルルギア_安定_V1_Var772(140 users) over 草_ナッシー_グッズ偏重_V3_Var194(80 users)
Gen 244 | Meta Shift: 超_ゲンガー_安定_V1_Var6871(120 users) over 炎_リザードンX_究極_V6_アルティメット_Var7139(80 users)
Gen 245 | Meta Shift: 水_スイクン_安定_V1_Var8961(120 users) over 草_フシギバナ_究極_V6_アルティメット_Var2427(80 users)
Gen 246 | Meta Shift: 悪_ダークライ睡眠_安定_V1_Var1356(120 users) over 龍悪_ギラダク_究極_V6_アルティメット_Var2281(60 users)
Gen 247 | Meta Shift: 鋼_メルルギア_安定_V1_Var5832(120 users) over 水_スイクンセグレイブ_究極_V6_アルティメット_Var2926(80 users)
Gen 248 | Meta Shift: 超_ミュウツー_安定_V1_Var9931(120 users) over 炎_リザードンX_究極_V6_アルティメット_Var999(80 users)
Gen 249 | Meta Shift: 龍悪_ギラダク_究極_V6_アルティメット_Var1265(120 users) over 超_ゲンガー_安定_V1_Var8238(60 users)
Gen 250 | Meta Shift: 龍悪_ギラダク_グッズ偏重_V3_Var9728(120 users) over 超_ゲンガー_究極_V6_アルティメット_Var6528(80 users)
Gen 251 | Meta Shift: 草_ナッシー_究極_V6_アルティメット_Var1094(120 users) over 闘_ガブルカ_究極_V6_アルティメット_Var1050(80 users)
Gen 252 | Meta Shift: 龍悪_ギラダク_安定_V1_Var9081(120 users) over 水_スイクンセグレイブ_グッズ偏重_V3_Var1131(80 users)
Gen 253 | Meta Shift: 闘_ガブルカ_安定_V1_Var5357(120 users) over 炎_リザードンX_安定_V1_Var6899(80 users)
Gen 254 | Meta Shift: 超_ミュウツー_グッズ偏重_V3_Var9482(120 users) over 草_フシギバナ_究極_V6_アルティメット_Var9383(80 users)
Gen 255 | Meta Shift: 水_スイクンセグレイブ_グッズ偏重_V3_Var6372(120 users) over 草_フシギバナ_究極_V6_アルティメット_Var6141(80 users)
Gen 256 | Meta Shift: 草_フシギバナ_グッズ偏重_V3_Var291(120 users) over 草_ナッシー_グッズ偏重_V3_Var261(80 users)
Gen 257 | Meta Shift: 龍悪_ギラダク_安定_V1_Var3096(120 users) over 超_ミュウツー_究極_V6_アルティメット_Var844(80 users)
Gen 258 | Meta Shift: 草_ナッシー_安定_V1_Var9059(120 users) over 水_スイクンセグレイブ_グッズ偏重_V3_Var8356(80 users)
Gen 259 | Meta Shift: 草_フシギバナ_グッズ偏重_V3_Var6119(120 users) over 闘_ガブルカ_究極_V6_アルティメット_Var7547(80 users)
Gen 260 | Meta Shift: 龍悪_ギラダク_安定_V1_Var8361(120 users) over 悪_ダークライ睡眠_究極_V6_アルティメット_Var7516(80 users)
Gen 261 | Meta Shift: 鋼_メルルギア_究極_V6_アルティメット_Var1471(120 users) over 水_スイクン_究極_V6_アルティメット_Var1527(80 users)
Gen 262 | Meta Shift: 悪_ダークライ睡眠_安定_V1_Var2613(120 users) over 闘_ガブルカ_グッズ偏重_V3_Var5527(80 users)
Gen 263 | Meta Shift: 闘_ガブルカ_安定_V1_Var3849(120 users) over 草_フシギバナ_安定_V1_Var8930(80 users)
Gen 264 | Meta Shift: 炎_リザードンX_グッズ偏重_V3_Var737(120 users) over 超_ゲンガー_究極_V6_アルティメット_Var6977(80 users)
Gen 265 | Meta Shift: 炎_リザードンX_グッズ偏重_V3_Var9300(120 users) over 超_ゲンガー_安定_V1_Var9446(80 users)
Gen 266 | Meta Shift: 草_ナッシー_グッズ偏重_V3_Var7642(120 users) over 炎_リザードンX_グッズ偏重_V3_Var3780(80 users)
Gen 267 | Meta Shift: 草_ナッシー_究極_V6_アルティメット_Var8078(120 users) over 悪_ダークライ睡眠_安定_V1_Var8248(80 users)
Gen 268 | Meta Shift: 雷_ライコウ_究極_V6_アルティメット_Var2450(120 users) over 闘_ガブルカ_グッズ偏重_V3_Var8461(80 users)
Gen 269 | Meta Shift: 超_ゲンガー_グッズ偏重_V3_Var5806(120 users) over 超_ゲンガー_究極_V6_アルティメット_Var2862(80 users)
Gen 270 | Meta Shift: 鋼_メルルギア_究極_V6_アルティメット_Var5139(120 users) over 水_スイクン_グッズ偏重_V3_Var7277(80 users)
Gen 271 | Meta Shift: 超_ゲンガー_グッズ偏重_V3_Var167(120 users) over 龍悪_ギラダク_究極_V6_アルティメット_Var5767(80 users)
Gen 272 | Meta Shift: 龍悪_ギラダク_究極_V6_アルティメット_Var6001(120 users) over 超_ミュウツー_究極_V6_アルティメット_Var3258(80 users)
Gen 273 | Meta Shift: 超_ミュウツー_安定_V1_Var6798(120 users) over 超_ゲンガー_安定_V1_Var7350(80 users)
Gen 274 | Meta Shift: 炎_リザードンX_究極_V6_アルティメット_Var1149(120 users) over 草_ナッシー_グッズ偏重_V3_Var42(80 users)
Gen 275 | Meta Shift: 悪_ダークライ睡眠_グッズ偏重_V3_Var2604(120 users) over 炎_リザードンX_究極_V6_アルティメット_Var9126(80 users)
Gen 276 | Meta Shift: 悪_ダークライ睡眠_究極_V6_アルティメット_Var8046(120 users) over 闘_ガブルカ_グッズ偏重_V3_Var7251(80 users)
Gen 277 | Meta Shift: 水_スイクン_グッズ偏重_V3_Var8751(120 users) over 雷_ライコウ_グッズ偏重_V3_Var9957(80 users)
Gen 278 | Meta Shift: 超_ゲンガー_安定_V1_Var2866(120 users) over 闘_ガブルカ_安定_V1_Var1926(80 users)
Gen 279 | Meta Shift: 水_スイクン_グッズ偏重_V3_Var8672(120 users) over 草_ナッシー_グッズ偏重_V3_Var5479(80 users)
Gen 280 | Meta Shift: 雷_ライコウ_究極_V6_アルティメット_Var3671(120 users) over 龍悪_ギラダク_安定_V1_Var5629(80 users)
Gen 281 | Meta Shift: 炎_リザードンX_グッズ偏重_V3_Var384(120 users) over 闘_ガブルカ_グッズ偏重_V3_Var7112(80 users)
Gen 282 | Meta Shift: 雷_ライコウ_グッズ偏重_V3_Var7820(120 users) over 闘_ガブルカ_究極_V6_アルティメット_Var6628(80 users)
Gen 283 | Meta Shift: 水_スイクンセグレイブ_グッズ偏重_V3_Var7133(120 users) over 闘_ガブルカ_究極_V6_アルティメット_Var7923(80 users)
Gen 284 | Meta Shift: 闘_ガブルカ_安定_V1_Var438(120 users) over 水_スイクン_究極_V6_アルティメット_Var3623(80 users)
Gen 285 | Meta Shift: 龍悪_ギラダク_究極_V6_アルティメット_Var5955(120 users) over 超_ミュウツー_グッズ偏重_V3_Var5548(100 users)
Gen 286 | Meta Shift: 鋼_メルルギア_安定_V1_Var6916(120 users) over 超_ミュウツー_安定_V1_Var2630(80 users)
Gen 287 | Meta Shift: 水_スイクンセグレイブ_グッズ偏重_V3_Var2694(120 users) over 悪_ダークライ睡眠_グッズ偏重_V3_Var7579(60 users)
Gen 288 | Meta Shift: 超_ゲンガー_安定_V1_Var5846(120 users) over 炎_リザードンX_究極_V6_アルティメット_Var1808(80 users)
Gen 289 | Meta Shift: 草_フシギバナ_安定_V1_Var2707(120 users) over 草_フシギバナ_究極_V6_アルティメット_Var6502(80 users)
Gen 290 | Meta Shift: 超_ミュウツー_安定_V1_Var8772(120 users) over 炎_リザードンX_究極_V6_アルティメット_Var7848(80 users)
Gen 291 | Meta Shift: 草_ナッシー_グッズ偏重_V3_Var4280(120 users) over 草_ナッシー_安定_V1_Var4230(100 users)
Gen 292 | Meta Shift: 闘_ガブルカ_グッズ偏重_V3_Var5269(120 users) over 龍悪_ギラダク_安定_V1_Var7344(80 users)
Gen 293 | Meta Shift: 水_スイクンセグレイブ_安定_V1_Var4778(120 users) over 闘_ガブルカ_グッズ偏重_V3_Var6928(80 users)
Gen 294 | Meta Shift: 鋼_メルルギア_安定_V1_Var7481(100 users) over 龍悪_ギラダク_安定_V1_Var8280(80 users)
Gen 295 | Meta Shift: 水_スイクンセグレイブ_安定_V1_Var2204(120 users) over 草_ナッシー_安定_V1_Var2828(80 users)
Gen 296 | Meta Shift: 超_ゲンガー_グッズ偏重_V3_Var3965(120 users) over 水_スイクンセグレイブ_グッズ偏重_V3_Var3783(80 users)
Gen 297 | Meta Shift: 水_スイクンセグレイブ_究極_V6_アルティメット_Var2609(120 users) over 鋼_メルルギア_安定_V1_Var3404(80 users)
Gen 298 | Meta Shift: 闘_ガブルカ_グッズ偏重_V3_Var7952(120 users) over 草_ナッシー_究極_V6_アルティメット_Var9275(80 users)
Gen 299 | Meta Shift: 龍悪_ギラダク_グッズ偏重_V3_Var6660(120 users) over 超_ゲンガー_究極_V6_アルティメット_Var8267(80 users)
Gen 300 | Meta Shift: 超_ミュウツー_究極_V6_アルティメット_Var1630(120 users) over 雷_ライコウ_安定_V1_Var5566(80 users)
Gen 301 | Meta Shift: 鋼_メルルギア_究極_V6_アルティメット_Var6124(120 users) over 闘_ガブルカ_グッズ偏重_V3_Var1005(80 users)
Gen 302 | Meta Shift: 超_ミュウツー_グッズ偏重_V3_Var1515(120 users) over 超_ミュウツー_グッズ偏重_V3_Var2712(100 users)
Gen 303 | Meta Shift: 龍悪_ギラダク_究極_V6_アルティメット_Var5939(120 users) over 草_フシギバナ_究極_V6_アルティメット_Var1324(80 users)
Gen 304 | Meta Shift: 超_ミュウツー_安定_V1_Var3063(120 users) over 草_ナッシー_究極_V6_アルティメット_Var6017(80 users)
Gen 305 | Meta Shift: 龍悪_ギラダク_グッズ偏重_V3_Var2729(120 users) over 闘_ガブルカ_グッズ偏重_V3_Var5738(80 users)
Gen 306 | Meta Shift: 炎_リザードンX_安定_V1_Var7690(120 users) over 炎_リザードンX_究極_V6_アルティメット_Var888(80 users)
Gen 307 | Meta Shift: 龍悪_ギラダク_安定_V1_Var3489(140 users) over 龍悪_ギラダク_グッズ偏重_V3_Var4210(80 users)
Gen 308 | Meta Shift: 水_スイクン_グッズ偏重_V3_Var9597(120 users) over 水_スイクン_安定_V1_Var9927(80 users)
Gen 309 | Meta Shift: 闘_ガブルカ_究極_V6_アルティメット_Var8341(120 users) over 闘_ガブルカ_究極_V6_アルティメット_Var9232(80 users)
Gen 310 | Meta Shift: 草_ナッシー_安定_V1_Var7641(120 users) over 水_スイクンセグレイブ_究極_V6_アルティメット_Var4071(80 users)
Gen 311 | Meta Shift: 鋼_メルルギア_究極_V6_アルティメット_Var2913(120 users) over 雷_ライコウ_究極_V6_アルティメット_Var6144(80 users)
Gen 312 | Meta Shift: 草_ナッシー_安定_V1_Var4981(120 users) over 草_ナッシー_グッズ偏重_V3_Var6308(80 users)
Gen 313 | Meta Shift: 雷_ライコウ_グッズ偏重_V3_Var281(120 users) over 雷_ライコウ_グッズ偏重_V3_Var6393(80 users)
Gen 314 | Meta Shift: 悪_ダークライ睡眠_安定_V1_Var1859(120 users) over 闘_ガブルカ_グッズ偏重_V3_Var1724(80 users)
Gen 315 | Meta Shift: 超_ミュウツー_安定_V1_Var8551(120 users) over 雷_ライコウ_安定_V1_Var1848(80 users)
Gen 316 | Meta Shift: 鋼_メルルギア_グッズ偏重_V3_Var3580(120 users) over 草_ナッシー_グッズ偏重_V3_Var1867(80 users)
Gen 317 | Meta Shift: 超_ミュウツー_究極_V6_アルティメット_Var8640(120 users) over 超_ミュウツー_グッズ偏重_V3_Var782(80 users)
Gen 318 | Meta Shift: 超_ミュウツー_グッズ偏重_V3_Var3427(120 users) over 水_スイクンセグレイブ_安定_V1_Var7(80 users)
Gen 319 | Meta Shift: 超_ミュウツー_グッズ偏重_V3_Var3722(120 users) over 草_フシギバナ_安定_V1_Var3004(80 users)
Gen 320 | Meta Shift: 炎_リザードンX_究極_V6_アルティメット_Var3011(120 users) over 雷_ライコウ_グッズ偏重_V3_Var6296(80 users)
Gen 321 | Meta Shift: 悪_ダークライ睡眠_安定_V1_Var7177(120 users) over 超_ミュウツー_究極_V6_アルティメット_Var2843(80 users)
Gen 322 | Meta Shift: 炎_リザードンX_グッズ偏重_V3_Var1184(120 users) over 悪_ダークライ睡眠_グッズ偏重_V3_Var7298(80 users)
Gen 323 | Meta Shift: 龍悪_ギラダク_グッズ偏重_V3_Var2625(120 users) over 超_ゲンガー_安定_V1_Var1020(80 users)
Gen 324 | Meta Shift: 雷_ライコウ_グッズ偏重_V3_Var7332(120 users) over 鋼_メルルギア_安定_V1_Var3116(60 users)
Gen 325 | Meta Shift: 闘_ガブルカ_グッズ偏重_V3_Var3409(120 users) over 水_スイクン_安定_V1_Var4214(80 users)
Gen 326 | Meta Shift: 悪_ダークライ睡眠_安定_V1_Var8804(120 users) over 超_ゲンガー_究極_V6_アルティメット_Var3318(80 users)
Gen 327 | Meta Shift: 鋼_メルルギア_グッズ偏重_V3_Var2422(120 users) over 超_ミュウツー_安定_V1_Var1858(80 users)
Gen 328 | Meta Shift: 超_ゲンガー_グッズ偏重_V3_Var5806(140 users) over 鋼_メルルギア_究極_V6_アルティメット_Var4145(80 users)
Gen 329 | Meta Shift: 水_スイクンセグレイブ_グッズ偏重_V3_Var5109(120 users) over 草_ナッシー_安定_V1_Var1490(80 users)
Gen 330 | Meta Shift: 悪_ダークライ睡眠_究極_V6_アルティメット_Var5669(120 users) over 水_スイクン_安定_V1_Var6627(80 users)
Gen 331 | Meta Shift: 悪_ダークライ睡眠_究極_V6_アルティメット_Var2523(120 users) over 闘_ガブルカ_安定_V1_Var8898(80 users)
Gen 332 | Meta Shift: 水_スイクン_究極_V6_アルティメット_Var7626(120 users) over 水_スイクンセグレイブ_究極_V6_アルティメット_Var2301(80 users)
Gen 333 | Meta Shift: 闘_ガブルカ_グッズ偏重_V3_Var3657(120 users) over 草_フシギバナ_グッズ偏重_V3_Var5413(80 users)
Gen 334 | Meta Shift: 草_ナッシー_グッズ偏重_V3_Var6073(120 users) over 炎_リザードンX_安定_V1_Var3181(80 users)
Gen 335 | Meta Shift: 超_ミュウツー_安定_V1_Var746(120 users) over 草_フシギバナ_グッズ偏重_V3_Var497(80 users)
Gen 336 | Meta Shift: 龍悪_ギラダク_究極_V6_アルティメット_Var6039(140 users) over 水_スイクン_究極_V6_アルティメット_Var7240(80 users)
Gen 337 | Meta Shift: 超_ゲンガー_究極_V6_アルティメット_Var2084(120 users) over 雷_ライコウ_安定_V1_Var8346(100 users)
Gen 338 | Meta Shift: 超_ゲンガー_グッズ偏重_V3_Var105(120 users) over 闘_ガブルカ_グッズ偏重_V3_Var7925(80 users)
Gen 339 | Meta Shift: 雷_ライコウ_安定_V1_Var3038(120 users) over 草_フシギバナ_グッズ偏重_V3_Var308(80 users)
Gen 340 | Meta Shift: 草_ナッシー_究極_V6_アルティメット_Var347(120 users) over 超_ミュウツー_安定_V1_Var2014(80 users)
Gen 341 | Meta Shift: 龍悪_ギラダク_究極_V6_アルティメット_Var428(120 users) over 超_ミュウツー_グッズ偏重_V3_Var2038(80 users)
Gen 342 | Meta Shift: 水_スイクン_グッズ偏重_V3_Var8109(120 users) over 水_スイクンセグレイブ_安定_V1_Var2946(80 users)
Gen 343 | Meta Shift: 龍悪_ギラダク_究極_V6_アルティメット_Var5886(120 users) over 水_スイクン_グッズ偏重_V3_Var7267(80 users)
Gen 344 | Meta Shift: 超_ミュウツー_安定_V1_Var1906(120 users) over 超_ミュウツー_安定_V1_Var1706(80 users)
Gen 345 | Meta Shift: 超_ミュウツー_グッズ偏重_V3_Var4359(140 users) over 水_スイクン_グッズ偏重_V3_Var4507(80 users)
Gen 346 | Meta Shift: 悪_ダークライ睡眠_グッズ偏重_V3_Var2563(120 users) over 水_スイクンセグレイブ_グッズ偏重_V3_Var3062(80 users)
Gen 347 | Meta Shift: 悪_ダークライ睡眠_グッズ偏重_V3_Var7037(120 users) over 水_スイクンセグレイブ_究極_V6_アルティメット_Var571(80 users)
Gen 348 | Meta Shift: 水_スイクンセグレイブ_究極_V6_アルティメット_Var6686(120 users) over 草_フシギバナ_究極_V6_アルティメット_Var4245(80 users)
Gen 349 | Meta Shift: 超_ミュウツー_安定_V1_Var8400(140 users) over 炎_リザードンX_安定_V1_Var4824(80 users)
Gen 350 | Meta Shift: 草_ナッシー_究極_V6_アルティメット_Var2417(120 users) over 草_ナッシー_グッズ偏重_V3_Var5009(80 users)
Gen 351 | Meta Shift: 超_ゲンガー_グッズ偏重_V3_Var5819(140 users) over 闘_ガブルカ_安定_V1_Var8946(80 users)
Gen 352 | Meta Shift: 草_ナッシー_究極_V6_アルティメット_Var4885(120 users) over 超_ゲンガー_安定_V1_Var6501(80 users)
Gen 353 | Meta Shift: 超_ミュウツー_グッズ偏重_V3_Var8098(120 users) over 草_フシギバナ_究極_V6_アルティメット_Var8483(80 users)
Gen 354 | Meta Shift: 雷_ライコウ_究極_V6_アルティメット_Var3787(120 users) over 水_スイクン_究極_V6_アルティメット_Var3389(80 users)
Gen 355 | Meta Shift: 水_スイクンセグレイブ_究極_V6_アルティメット_Var8155(120 users) over 草_ナッシー_安定_V1_Var6567(80 users)
Gen 356 | Meta Shift: 鋼_メルルギア_グッズ偏重_V3_Var8653(120 users) over 雷_ライコウ_グッズ偏重_V3_Var2889(80 users)
Gen 357 | Meta Shift: 鋼_メルルギア_安定_V1_Var277(120 users) over 雷_ライコウ_グッズ偏重_V3_Var2898(80 users)
Gen 358 | Meta Shift: 悪_ダークライ睡眠_究極_V6_アルティメット_Var7085(140 users) over 炎_リザードンX_グッズ偏重_V3_Var9395(80 users)
Gen 359 | Meta Shift: 超_ミュウツー_安定_V1_Var5927(120 users) over 水_スイクンセグレイブ_究極_V6_アルティメット_Var2680(80 users)
Gen 360 | Meta Shift: 水_スイクン_究極_V6_アルティメット_Var3053(120 users) over 草_ナッシー_安定_V1_Var3853(80 users)
Gen 361 | Meta Shift: 闘_ガブルカ_グッズ偏重_V3_Var8905(120 users) over 鋼_メルルギア_安定_V1_Var3028(80 users)
Gen 362 | Meta Shift: 鋼_メルルギア_安定_V1_Var7678(120 users) over 闘_ガブルカ_究極_V6_アルティメット_Var2178(80 users)
Gen 363 | Meta Shift: 水_スイクン_安定_V1_Var968(120 users) over 超_ゲンガー_グッズ偏重_V3_Var439(80 users)
Gen 364 | Meta Shift: 悪_ダークライ睡眠_安定_V1_Var8447(120 users) over 闘_ガブルカ_究極_V6_アルティメット_Var317(80 users)
Gen 365 | Meta Shift: 草_ナッシー_グッズ偏重_V3_Var7383(120 users) over 悪_ダークライ睡眠_グッズ偏重_V3_Var6855(80 users)
Gen 366 | Meta Shift: 水_スイクン_究極_V6_アルティメット_Var1122(120 users) over 草_ナッシー_究極_V6_アルティメット_Var4934(80 users)
Gen 367 | Meta Shift: 鋼_メルルギア_グッズ偏重_V3_Var1757(120 users) over 龍悪_ギラダク_グッズ偏重_V3_Var216(80 users)
Gen 368 | Meta Shift: 鋼_メルルギア_安定_V1_Var272(120 users) over 草_ナッシー_究極_V6_アルティメット_Var197(80 users)
Gen 369 | Meta Shift: 草_ナッシー_グッズ偏重_V3_Var5614(120 users) over 雷_ライコウ_グッズ偏重_V3_Var7840(80 users)
Gen 370 | Meta Shift: 水_スイクン_安定_V1_Var2832(120 users) over 鋼_メルルギア_安定_V1_Var4514(80 users)
Gen 371 | Meta Shift: 草_ナッシー_安定_V1_Var6829(140 users) over 草_ナッシー_究極_V6_アルティメット_Var1430(80 users)
Gen 372 | Meta Shift: 水_スイクン_究極_V6_アルティメット_Var7377(120 users) over 超_ミュウツー_グッズ偏重_V3_Var4337(80 users)
Gen 373 | Meta Shift: 悪_ダークライ睡眠_究極_V6_アルティメット_Var5328(120 users) over 闘_ガブルカ_安定_V1_Var5635(80 users)
Gen 374 | Meta Shift: 超_ゲンガー_グッズ偏重_V3_Var5957(120 users) over 炎_リザードンX_究極_V6_アルティメット_Var633(80 users)
Gen 375 | Meta Shift: 水_スイクン_究極_V6_アルティメット_Var6482(120 users) over 炎_リザードンX_究極_V6_アルティメット_Var3692(80 users)
Gen 376 | Meta Shift: 雷_ライコウ_グッズ偏重_V3_Var5671(120 users) over 超_ゲンガー_究極_V6_アルティメット_Var46(80 users)
Gen 377 | Meta Shift: 悪_ダークライ睡眠_安定_V1_Var3845(120 users) over 水_スイクン_究極_V6_アルティメット_Var4185(80 users)
Gen 378 | Meta Shift: 草_ナッシー_グッズ偏重_V3_Var1703(120 users) over 水_スイクン_究極_V6_アルティメット_Var2769(80 users)
Gen 379 | Meta Shift: 龍悪_ギラダク_究極_V6_アルティメット_Var8641(120 users) over 鋼_メルルギア_安定_V1_Var7611(80 users)
Gen 380 | Meta Shift: 鋼_メルルギア_安定_V1_Var3002(120 users) over 超_ゲンガー_グッズ偏重_V3_Var8148(60 users)
Gen 381 | Meta Shift: 龍悪_ギラダク_究極_V6_アルティメット_Var2650(120 users) over 闘_ガブルカ_安定_V1_Var427(80 users)
Gen 382 | Meta Shift: 龍悪_ギラダク_安定_V1_Var3489(160 users) over 超_ゲンガー_安定_V1_Var6856(80 users)
Gen 383 | Meta Shift: 水_スイクン_グッズ偏重_V3_Var8024(120 users) over 炎_リザードンX_究極_V6_アルティメット_Var8057(80 users)
Gen 384 | Meta Shift: 悪_ダークライ睡眠_グッズ偏重_V3_Var6848(120 users) over 草_ナッシー_安定_V1_Var8120(80 users)
Gen 385 | Meta Shift: 鋼_メルルギア_究極_V6_アルティメット_Var4101(120 users) over 草_ナッシー_究極_V6_アルティメット_Var1477(80 users)
Gen 386 | Meta Shift: 闘_ガブルカ_グッズ偏重_V3_Var9574(120 users) over 水_スイクン_安定_V1_Var2499(80 users)
Gen 387 | Meta Shift: 草_フシギバナ_究極_V6_アルティメット_Var1194(100 users) over 悪_ダークライ睡眠_究極_V6_アルティメット_Var3351(80 users)
Gen 388 | Meta Shift: 龍悪_ギラダク_グッズ偏重_V3_Var5200(120 users) over 龍悪_ギラダク_安定_V1_Var82(80 users)
Gen 389 | Meta Shift: 龍悪_ギラダク_グッズ偏重_V3_Var2528(120 users) over 闘_ガブルカ_究極_V6_アルティメット_Var8609(80 users)
Gen 390 | Meta Shift: 草_フシギバナ_安定_V1_Var6419(120 users) over 水_スイクン_安定_V1_Var6986(80 users)
Gen 391 | Meta Shift: 鋼_メルルギア_グッズ偏重_V3_Var547(120 users) over 水_スイクン_グッズ偏重_V3_Var4428(80 users)
Gen 392 | Meta Shift: 超_ゲンガー_グッズ偏重_V3_Var9683(120 users) over 炎_リザードンX_グッズ偏重_V3_Var1506(80 users)
Gen 393 | Meta Shift: 超_ミュウツー_グッズ偏重_V3_Var808(120 users) over 超_ミュウツー_グッズ偏重_V3_Var6215(80 users)
Gen 394 | Meta Shift: 鋼_メルルギア_グッズ偏重_V3_Var8535(120 users) over 草_フシギバナ_究極_V6_アルティメット_Var4931(100 users)
Gen 395 | Meta Shift: 鋼_メルルギア_グッズ偏重_V3_Var9076(120 users) over 超_ミュウツー_グッズ偏重_V3_Var6215(60 users)
Gen 396 | Meta Shift: 鋼_メルルギア_究極_V6_アルティメット_Var7477(120 users) over 悪_ダークライ睡眠_究極_V6_アルティメット_Var8964(80 users)
Gen 397 | Meta Shift: 水_スイクン_安定_V1_Var1297(120 users) over 雷_ライコウ_究極_V6_アルティメット_Var5835(80 users)
Gen 398 | Meta Shift: 超_ゲンガー_究極_V6_アルティメット_Var3438(120 users) over 鋼_メルルギア_究極_V6_アルティメット_Var8500(80 users)
Gen 399 | Meta Shift: 鋼_メルルギア_安定_V1_Var6466(120 users) over 炎_リザードンX_安定_V1_Var8716(80 users)
Gen 400 | Meta Shift: 雷_ライコウ_グッズ偏重_V3_Var8071(120 users) over 鋼_メルルギア_安定_V1_Var1393(80 users)
Gen 401 | Meta Shift: 悪_ダークライ睡眠_究極_V6_アルティメット_Var3969(120 users) over 悪_ダークライ睡眠_グッズ偏重_V3_Var7520(80 users)
Gen 402 | Meta Shift: 草_ナッシー_究極_V6_アルティメット_Var1215(120 users) over 雷_ライコウ_グッズ偏重_V3_Var2467(100 users)
Gen 403 | Meta Shift: 超_ミュウツー_グッズ偏重_V3_Var4302(140 users) over 超_ゲンガー_安定_V1_Var302(80 users)
Gen 404 | Meta Shift: 鋼_メルルギア_究極_V6_アルティメット_Var63(120 users) over 水_スイクン_究極_V6_アルティメット_Var7940(80 users)
Gen 405 | Meta Shift: 草_フシギバナ_グッズ偏重_V3_Var8873(120 users) over 草_フシギバナ_究極_V6_アルティメット_Var225(80 users)
Gen 406 | Meta Shift: 草_フシギバナ_安定_V1_Var4153(140 users) over 鋼_メルルギア_グッズ偏重_V3_Var1124(80 users)
Gen 407 | Meta Shift: 鋼_メルルギア_安定_V1_Var3059(120 users) over 炎_リザードンX_安定_V1_Var4755(80 users)
Gen 408 | Meta Shift: 水_スイクンセグレイブ_究極_V6_アルティメット_Var2586(120 users) over 雷_ライコウ_グッズ偏重_V3_Var1798(80 users)
Gen 409 | Meta Shift: 草_フシギバナ_グッズ偏重_V3_Var4665(120 users) over 闘_ガブルカ_安定_V1_Var1049(80 users)
Gen 410 | Meta Shift: 水_スイクン_安定_V1_Var9750(120 users) over 水_スイクン_グッズ偏重_V3_Var3947(80 users)
Gen 411 | Meta Shift: 草_ナッシー_安定_V1_Var2403(120 users) over 水_スイクンセグレイブ_究極_V6_アルティメット_Var7180(80 users)
Gen 412 | Meta Shift: 水_スイクン_安定_V1_Var5054(120 users) over 炎_リザードンX_究極_V6_アルティメット_Var6336(80 users)
Gen 413 | Meta Shift: 炎_リザードンX_究極_V6_アルティメット_Var9126(100 users) over 草_ナッシー_グッズ偏重_V3_Var595(80 users)
Gen 414 | Meta Shift: 水_スイクンセグレイブ_グッズ偏重_V3_Var1397(120 users) over 草_ナッシー_安定_V1_Var1880(80 users)
Gen 415 | Meta Shift: 闘_ガブルカ_グッズ偏重_V3_Var6093(120 users) over 水_スイクン_安定_V1_Var1023(80 users)
Gen 416 | Meta Shift: 草_ナッシー_安定_V1_Var7342(120 users) over 炎_リザードンX_グッズ偏重_V3_Var1118(80 users)
Gen 417 | Meta Shift: 炎_リザードンX_グッズ偏重_V3_Var8857(120 users) over 水_スイクンセグレイブ_安定_V1_Var915(80 users)
Gen 418 | Meta Shift: 龍悪_ギラダク_グッズ偏重_V3_Var840(120 users) over 超_ミュウツー_究極_V6_アルティメット_Var5386(80 users)
Gen 419 | Meta Shift: 水_スイクン_安定_V1_Var8780(120 users) over 炎_リザードンX_安定_V1_Var9983(80 users)
Gen 420 | Meta Shift: 雷_ライコウ_安定_V1_Var4902(120 users) over 悪_ダークライ睡眠_安定_V1_Var4243(80 users)
Gen 421 | Meta Shift: 超_ミュウツー_安定_V1_Var8551(140 users) over 超_ミュウツー_安定_V1_Var9625(80 users)
Gen 422 | Meta Shift: 悪_ダークライ睡眠_究極_V6_アルティメット_Var3762(120 users) over 超_ゲンガー_グッズ偏重_V3_Var4940(80 users)
Gen 423 | Meta Shift: 悪_ダークライ睡眠_安定_V1_Var2534(120 users) over 悪_ダークライ睡眠_安定_V1_Var4696(80 users)
Gen 424 | Meta Shift: 炎_リザードンX_究極_V6_アルティメット_Var1816(120 users) over 草_ナッシー_グッズ偏重_V3_Var7842(80 users)
Gen 425 | Meta Shift: 闘_ガブルカ_究極_V6_アルティメット_Var351(120 users) over 炎_リザードンX_究極_V6_アルティメット_Var2009(80 users)
Gen 426 | Meta Shift: 鋼_メルルギア_究極_V6_アルティメット_Var9026(120 users) over 龍悪_ギラダク_究極_V6_アルティメット_Var8818(80 users)
Gen 427 | Meta Shift: 超_ゲンガー_安定_V1_Var6163(120 users) over 水_スイクンセグレイブ_究極_V6_アルティメット_Var1697(80 users)
Gen 428 | Meta Shift: 草_ナッシー_究極_V6_アルティメット_Var7949(120 users) over 草_フシギバナ_グッズ偏重_V3_Var9644(80 users)
Gen 429 | Meta Shift: 鋼_メルルギア_グッズ偏重_V3_Var7309(120 users) over 雷_ライコウ_究極_V6_アルティメット_Var1320(80 users)
Gen 430 | Meta Shift: 悪_ダークライ睡眠_グッズ偏重_V3_Var8976(120 users) over 炎_リザードンX_グッズ偏重_V3_Var2032(80 users)
Gen 431 | Meta Shift: 龍悪_ギラダク_グッズ偏重_V3_Var3894(120 users) over 鋼_メルルギア_究極_V6_アルティメット_Var1424(80 users)
Gen 432 | Meta Shift: 草_フシギバナ_究極_V6_アルティメット_Var3611(120 users) over 龍悪_ギラダク_安定_V1_Var8188(80 users)
Gen 433 | Meta Shift: 闘_ガブルカ_究極_V6_アルティメット_Var9147(120 users) over 草_ナッシー_グッズ偏重_V3_Var495(80 users)
Gen 434 | Meta Shift: 龍悪_ギラダク_安定_V1_Var854(120 users) over 草_フシギバナ_究極_V6_アルティメット_Var3485(80 users)
Gen 435 | Meta Shift: 龍悪_ギラダク_グッズ偏重_V3_Var1498(120 users) over 水_スイクン_安定_V1_Var1355(80 users)
Gen 436 | Meta Shift: 悪_ダークライ睡眠_グッズ偏重_V3_Var322(120 users) over 闘_ガブルカ_究極_V6_アルティメット_Var9876(80 users)
Gen 437 | Meta Shift: 水_スイクン_グッズ偏重_V3_Var3913(120 users) over 炎_リザードンX_グッズ偏重_V3_Var6171(80 users)
Gen 438 | Meta Shift: 超_ゲンガー_究極_V6_アルティメット_Var6528(100 users) over 闘_ガブルカ_安定_V1_Var8137(80 users)
Gen 439 | Meta Shift: 水_スイクン_グッズ偏重_V3_Var9217(120 users) over 超_ミュウツー_グッズ偏重_V3_Var7987(80 users)
Gen 440 | Meta Shift: 水_スイクンセグレイブ_グッズ偏重_V3_Var936(120 users) over 炎_リザードンX_グッズ偏重_V3_Var9709(80 users)
Gen 441 | Meta Shift: 鋼_メルルギア_安定_V1_Var1914(120 users) over 水_スイクンセグレイブ_安定_V1_Var7922(80 users)
Gen 442 | Meta Shift: 雷_ライコウ_安定_V1_Var2879(120 users) over 炎_リザードンX_グッズ偏重_V3_Var2597(80 users)
Gen 443 | Meta Shift: 超_ゲンガー_究極_V6_アルティメット_Var3212(120 users) over 炎_リザードンX_安定_V1_Var6757(60 users)
Gen 444 | Meta Shift: 草_ナッシー_安定_V1_Var8157(120 users) over 水_スイクンセグレイブ_究極_V6_アルティメット_Var6873(80 users)
Gen 445 | Meta Shift: 超_ミュウツー_究極_V6_アルティメット_Var4012(120 users) over 超_ミュウツー_究極_V6_アルティメット_Var2843(60 users)
Gen 446 | Meta Shift: 鋼_メルルギア_安定_V1_Var473(120 users) over 悪_ダークライ睡眠_安定_V1_Var6050(80 users)
Gen 447 | Meta Shift: 鋼_メルルギア_究極_V6_アルティメット_Var3454(120 users) over 超_ミュウツー_グッズ偏重_V3_Var5770(80 users)
Gen 448 | Meta Shift: 龍悪_ギラダク_究極_V6_アルティメット_Var1185(120 users) over 超_ゲンガー_究極_V6_アルティメット_Var7101(80 users)
Gen 449 | Meta Shift: 炎_リザードンX_グッズ偏重_V3_Var355(120 users) over 草_ナッシー_究極_V6_アルティメット_Var6688(80 users)
Gen 450 | Meta Shift: 草_ナッシー_グッズ偏重_V3_Var4201(120 users) over 草_フシギバナ_究極_V6_アルティメット_Var9995(80 users)
Gen 451 | Meta Shift: 龍悪_ギラダク_究極_V6_アルティメット_Var8891(120 users) over 水_スイクンセグレイブ_究極_V6_アルティメット_Var5912(80 users)
Gen 452 | Meta Shift: 闘_ガブルカ_グッズ偏重_V3_Var4362(120 users) over 雷_ライコウ_安定_V1_Var9051(80 users)
Gen 453 | Meta Shift: 超_ミュウツー_究極_V6_アルティメット_Var6425(120 users) over 超_ミュウツー_究極_V6_アルティメット_Var2957(80 users)
Gen 454 | Meta Shift: 雷_ライコウ_安定_V1_Var1660(120 users) over 炎_リザードンX_グッズ偏重_V3_Var5247(80 users)
Gen 455 | Meta Shift: 水_スイクン_究極_V6_アルティメット_Var8374(120 users) over 闘_ガブルカ_グッズ偏重_V3_Var5269(100 users)
Gen 456 | Meta Shift: 超_ミュウツー_安定_V1_Var4726(120 users) over 草_ナッシー_安定_V1_Var135(80 users)
Gen 457 | Meta Shift: 超_ゲンガー_安定_V1_Var8988(120 users) over 闘_ガブルカ_安定_V1_Var9303(80 users)
Gen 458 | Meta Shift: 超_ミュウツー_究極_V6_アルティメット_Var5789(120 users) over 闘_ガブルカ_究極_V6_アルティメット_Var4889(80 users)
Gen 459 | Meta Shift: 闘_ガブルカ_グッズ偏重_V3_Var5299(120 users) over 闘_ガブルカ_安定_V1_Var5207(80 users)
Gen 460 | Meta Shift: 雷_ライコウ_安定_V1_Var2162(120 users) over 鋼_メルルギア_グッズ偏重_V3_Var5742(80 users)
Gen 461 | Meta Shift: 闘_ガブルカ_グッズ偏重_V3_Var8969(120 users) over 水_スイクンセグレイブ_究極_V6_アルティメット_Var2043(80 users)
Gen 462 | Meta Shift: 雷_ライコウ_グッズ偏重_V3_Var111(120 users) over 鋼_メルルギア_グッズ偏重_V3_Var479(80 users)
Gen 463 | Meta Shift: 炎_リザードンX_グッズ偏重_V3_Var1368(120 users) over 水_スイクン_安定_V1_Var6496(80 users)
Gen 464 | Meta Shift: 悪_ダークライ睡眠_安定_V1_Var5959(120 users) over 超_ミュウツー_グッズ偏重_V3_Var1652(80 users)
Gen 465 | Meta Shift: 水_スイクン_グッズ偏重_V3_Var1732(120 users) over 超_ゲンガー_究極_V6_アルティメット_Var2484(80 users)
Gen 466 | Meta Shift: 悪_ダークライ睡眠_安定_V1_Var3735(120 users) over 超_ミュウツー_安定_V1_Var7534(80 users)
Gen 467 | Meta Shift: 草_フシギバナ_安定_V1_Var6081(120 users) over 草_ナッシー_グッズ偏重_V3_Var6073(100 users)
Gen 468 | Meta Shift: 龍悪_ギラダク_安定_V1_Var9734(120 users) over 龍悪_ギラダク_安定_V1_Var5233(80 users)
Gen 469 | Meta Shift: 鋼_メルルギア_安定_V1_Var4134(120 users) over 雷_ライコウ_グッズ偏重_V3_Var1738(80 users)
Gen 470 | Meta Shift: 闘_ガブルカ_安定_V1_Var208(120 users) over 水_スイクン_究極_V6_アルティメット_Var4185(60 users)
Gen 471 | Meta Shift: 鋼_メルルギア_安定_V1_Var6365(120 users) over 雷_ライコウ_グッズ偏重_V3_Var4180(80 users)
Gen 472 | Meta Shift: 悪_ダークライ睡眠_グッズ偏重_V3_Var7207(120 users) over 超_ミュウツー_究極_V6_アルティメット_Var1924(80 users)
Gen 473 | Meta Shift: 草_ナッシー_安定_V1_Var2306(120 users) over 超_ミュウツー_グッズ偏重_V3_Var2462(80 users)
Gen 474 | Meta Shift: 雷_ライコウ_究極_V6_アルティメット_Var3793(140 users) over 草_ナッシー_グッズ偏重_V3_Var3609(80 users)
Gen 475 | Meta Shift: 炎_リザードンX_グッズ偏重_V3_Var8762(120 users) over 超_ゲンガー_グッズ偏重_V3_Var1323(80 users)
Gen 476 | Meta Shift: 草_フシギバナ_究極_V6_アルティメット_Var6613(120 users) over 草_ナッシー_グッズ偏重_V3_Var5479(60 users)
Gen 477 | Meta Shift: 超_ミュウツー_究極_V6_アルティメット_Var5136(120 users) over 水_スイクンセグレイブ_安定_V1_Var5865(80 users)
Gen 478 | Meta Shift: 超_ミュウツー_究極_V6_アルティメット_Var2473(120 users) over 龍悪_ギラダク_安定_V1_Var1807(80 users)
Gen 479 | Meta Shift: 超_ゲンガー_グッズ偏重_V3_Var9040(120 users) over 龍悪_ギラダク_グッズ偏重_V3_Var4779(80 users)
Gen 480 | Meta Shift: 水_スイクン_グッズ偏重_V3_Var3(120 users) over 悪_ダークライ睡眠_グッズ偏重_V3_Var5868(80 users)
Gen 481 | Meta Shift: 悪_ダークライ睡眠_グッズ偏重_V3_Var674(120 users) over 超_ミュウツー_究極_V6_アルティメット_Var9304(80 users)
Gen 482 | Meta Shift: 龍悪_ギラダク_グッズ偏重_V3_Var923(120 users) over 水_スイクンセグレイブ_グッズ偏重_V3_Var7850(80 users)
Gen 483 | Meta Shift: 草_フシギバナ_安定_V1_Var1902(120 users) over 悪_ダークライ睡眠_グッズ偏重_V3_Var6900(60 users)
Gen 484 | Meta Shift: 龍悪_ギラダク_究極_V6_アルティメット_Var8282(120 users) over 悪_ダークライ睡眠_究極_V6_アルティメット_Var642(80 users)
Gen 485 | Meta Shift: 超_ゲンガー_究極_V6_アルティメット_Var8852(120 users) over 水_スイクン_安定_V1_Var4110(80 users)
Gen 486 | Meta Shift: 炎_リザードンX_安定_V1_Var4530(120 users) over 闘_ガブルカ_安定_V1_Var3964(80 users)
Gen 487 | Meta Shift: 水_スイクンセグレイブ_安定_V1_Var4050(120 users) over 超_ゲンガー_グッズ偏重_V3_Var1097(80 users)
Gen 488 | Meta Shift: 悪_ダークライ睡眠_グッズ偏重_V3_Var50(120 users) over 雷_ライコウ_究極_V6_アルティメット_Var8754(80 users)
Gen 489 | Meta Shift: 鋼_メルルギア_究極_V6_アルティメット_Var5747(140 users) over 草_フシギバナ_安定_V1_Var7986(80 users)
Gen 490 | Meta Shift: 超_ミュウツー_安定_V1_Var6431(120 users) over 悪_ダークライ睡眠_グッズ偏重_V3_Var8615(80 users)
Gen 491 | Meta Shift: 炎_リザードンX_究極_V6_アルティメット_Var4961(120 users) over 超_ミュウツー_究極_V6_アルティメット_Var43(60 users)
Gen 492 | Meta Shift: 悪_ダークライ睡眠_グッズ偏重_V3_Var1982(120 users) over 超_ミュウツー_グッズ偏重_V3_Var8293(80 users)
Gen 493 | Meta Shift: 鋼_メルルギア_グッズ偏重_V3_Var4933(120 users) over 超_ミュウツー_グッズ偏重_V3_Var1273(80 users)
Gen 494 | Meta Shift: 悪_ダークライ睡眠_究極_V6_アルティメット_Var5328(140 users) over 悪_ダークライ睡眠_安定_V1_Var3845(100 users)
Gen 495 | Meta Shift: 炎_リザードンX_グッズ偏重_V3_Var5447(120 users) over 超_ミュウツー_究極_V6_アルティメット_Var1919(80 users)
Gen 496 | Meta Shift: 龍悪_ギラダク_安定_V1_Var3538(120 users) over 悪_ダークライ睡眠_グッズ偏重_V3_Var725(80 users)
Gen 497 | Meta Shift: 草_フシギバナ_究極_V6_アルティメット_Var9779(120 users) over 悪_ダークライ睡眠_グッズ偏重_V3_Var8177(80 users)
Gen 498 | Meta Shift: 超_ミュウツー_安定_V1_Var746(140 users) over 炎_リザードンX_安定_V1_Var3130(80 users)
Gen 499 | Meta Shift: 雷_ライコウ_究極_V6_アルティメット_Var9954(120 users) over 炎_リザードンX_グッズ偏重_V3_Var2901(80 users)
Gen 500 | Meta Shift: 水_スイクン_究極_V6_アルティメット_Var4522(120 users) over 超_ミュウツー_究極_V6_アルティメット_Var5861(60 users)
Gen 501 | Meta Shift: 水_スイクンセグレイブ_グッズ偏重_V3_Var5045(120 users) over 炎_リザードンX_究極_V6_アルティメット_Var1988(80 users)
Gen 502 | Meta Shift: 雷_ライコウ_安定_V1_Var900(120 users) over 超_ミュウツー_安定_V1_Var1706(60 users)
Gen 503 | Meta Shift: 悪_ダークライ睡眠_究極_V6_アルティメット_Var7835(120 users) over 草_フシギバナ_グッズ偏重_V3_Var9974(80 users)
Gen 504 | Meta Shift: 闘_ガブルカ_グッズ偏重_V3_Var1669(120 users) over 草_ナッシー_究極_V6_アルティメット_Var5823(80 users)
Gen 505 | Meta Shift: 雷_ライコウ_グッズ偏重_V3_Var7514(120 users) over 水_スイクン_グッズ偏重_V3_Var7654(80 users)
Gen 506 | Meta Shift: 草_ナッシー_安定_V1_Var8727(120 users) over 炎_リザードンX_安定_V1_Var5408(80 users)
Gen 507 | Meta Shift: 水_スイクンセグレイブ_安定_V1_Var2196(120 users) over 炎_リザードンX_究極_V6_アルティメット_Var1(80 users)
Gen 508 | Meta Shift: 龍悪_ギラダク_安定_V1_Var7793(120 users) over 草_ナッシー_グッズ偏重_V3_Var7881(80 users)
Gen 509 | Meta Shift: 草_ナッシー_安定_V1_Var102(120 users) over 草_フシギバナ_安定_V1_Var9387(80 users)
Gen 510 | Meta Shift: 草_ナッシー_グッズ偏重_V3_Var6789(120 users) over 超_ゲンガー_安定_V1_Var5645(80 users)
Gen 511 | Meta Shift: 鋼_メルルギア_グッズ偏重_V3_Var6273(120 users) over 超_ミュウツー_安定_V1_Var9550(80 users)
Gen 512 | Meta Shift: 悪_ダークライ睡眠_究極_V6_アルティメット_Var6617(120 users) over 超_ゲンガー_究極_V6_アルティメット_Var6711(80 users)
Gen 513 | Meta Shift: 草_フシギバナ_安定_V1_Var5491(120 users) over 草_フシギバナ_グッズ偏重_V3_Var5943(80 users)
Gen 514 | Meta Shift: 草_フシギバナ_究極_V6_アルティメット_Var2636(120 users) over 雷_ライコウ_安定_V1_Var1406(80 users)
Gen 515 | Meta Shift: 鋼_メルルギア_究極_V6_アルティメット_Var1610(120 users) over 闘_ガブルカ_グッズ偏重_V3_Var2446(80 users)
Gen 516 | Meta Shift: 龍悪_ギラダク_グッズ偏重_V3_Var5466(120 users) over 闘_ガブルカ_グッズ偏重_V3_Var6456(80 users)
Gen 517 | Meta Shift: 水_スイクン_グッズ偏重_V3_Var7026(120 users) over 超_ミュウツー_安定_V1_Var8048(80 users)
Gen 518 | Meta Shift: 闘_ガブルカ_グッズ偏重_V3_Var730(120 users) over 龍悪_ギラダク_グッズ偏重_V3_Var8229(80 users)
Gen 519 | Meta Shift: 悪_ダークライ睡眠_安定_V1_Var5553(120 users) over 超_ゲンガー_究極_V6_アルティメット_Var8408(80 users)
Gen 520 | Meta Shift: 草_ナッシー_安定_V1_Var8727(140 users) over 闘_ガブルカ_究極_V6_アルティメット_Var6505(80 users)
Gen 521 | Meta Shift: 水_スイクン_安定_V1_Var6438(120 users) over 水_スイクンセグレイブ_グッズ偏重_V3_Var6840(80 users)
Gen 522 | Meta Shift: 龍悪_ギラダク_究極_V6_アルティメット_Var3647(120 users) over 超_ゲンガー_究極_V6_アルティメット_Var2013(80 users)
Gen 523 | Meta Shift: 炎_リザードンX_安定_V1_Var8716(100 users) over 悪_ダークライ睡眠_安定_V1_Var6008(80 users)
Gen 524 | Meta Shift: 龍悪_ギラダク_安定_V1_Var9941(120 users) over 炎_リザードンX_究極_V6_アルティメット_Var279(80 users)
Gen 525 | Meta Shift: 悪_ダークライ睡眠_安定_V1_Var8662(120 users) over 水_スイクンセグレイブ_安定_V1_Var9760(80 users)
Gen 526 | Meta Shift: 龍悪_ギラダク_究極_V6_アルティメット_Var744(120 users) over 雷_ライコウ_安定_V1_Var5685(80 users)
Gen 527 | Meta Shift: 鋼_メルルギア_グッズ偏重_V3_Var6380(120 users) over 水_スイクン_グッズ偏重_V3_Var7144(80 users)
Gen 528 | Meta Shift: 超_ゲンガー_グッズ偏重_V3_Var1347(120 users) over 鋼_メルルギア_グッズ偏重_V3_Var7883(80 users)
Gen 529 | Meta Shift: 水_スイクン_究極_V6_アルティメット_Var8796(120 users) over 炎_リザードンX_グッズ偏重_V3_Var62(80 users)
Gen 530 | Meta Shift: 悪_ダークライ睡眠_究極_V6_アルティメット_Var9609(120 users) over 炎_リザードンX_安定_V1_Var4524(80 users)
Gen 531 | Meta Shift: 水_スイクン_究極_V6_アルティメット_Var4979(120 users) over 鋼_メルルギア_グッズ偏重_V3_Var6238(80 users)
Gen 532 | Meta Shift: 超_ミュウツー_グッズ偏重_V3_Var29(120 users) over 超_ミュウツー_安定_V1_Var3643(80 users)
Gen 533 | Meta Shift: 水_スイクンセグレイブ_安定_V1_Var4179(120 users) over 草_ナッシー_グッズ偏重_V3_Var7619(60 users)
Gen 534 | Meta Shift: 鋼_メルルギア_安定_V1_Var1529(120 users) over 水_スイクン_究極_V6_アルティメット_Var7303(80 users)
Gen 535 | Meta Shift: 水_スイクン_グッズ偏重_V3_Var1575(120 users) over 水_スイクン_グッズ偏重_V3_Var8598(80 users)
Gen 536 | Meta Shift: 水_スイクンセグレイブ_グッズ偏重_V3_Var1102(120 users) over 草_フシギバナ_安定_V1_Var1462(80 users)
Gen 537 | Meta Shift: 龍悪_ギラダク_安定_V1_Var3489(180 users) over 悪_ダークライ睡眠_安定_V1_Var647(80 users)
Gen 538 | Meta Shift: 水_スイクン_安定_V1_Var1329(120 users) over 超_ミュウツー_安定_V1_Var1431(80 users)
Gen 539 | Meta Shift: 悪_ダークライ睡眠_グッズ偏重_V3_Var6769(120 users) over 水_スイクンセグレイブ_グッズ偏重_V3_Var7126(80 users)
Gen 540 | Meta Shift: 悪_ダークライ睡眠_グッズ偏重_V3_Var5183(120 users) over 水_スイクン_グッズ偏重_V3_Var6483(80 users)
Gen 541 | Meta Shift: 鋼_メルルギア_究極_V6_アルティメット_Var109(120 users) over 草_フシギバナ_究極_V6_アルティメット_Var6317(80 users)
Gen 542 | Meta Shift: 龍悪_ギラダク_安定_V1_Var6508(120 users) over 闘_ガブルカ_究極_V6_アルティメット_Var5708(80 users)
Gen 543 | Meta Shift: 雷_ライコウ_究極_V6_アルティメット_Var3054(120 users) over 雷_ライコウ_究極_V6_アルティメット_Var1538(80 users)
Gen 544 | Meta Shift: 炎_リザードンX_究極_V6_アルティメット_Var9045(120 users) over 水_スイクンセグレイブ_グッズ偏重_V3_Var9403(80 users)
Gen 545 | Meta Shift: 悪_ダークライ睡眠_究極_V6_アルティメット_Var1021(120 users) over 超_ゲンガー_究極_V6_アルティメット_Var5818(80 users)
Gen 546 | Meta Shift: 闘_ガブルカ_安定_V1_Var6451(120 users) over 龍悪_ギラダク_安定_V1_Var3615(80 users)
Gen 547 | Meta Shift: 龍悪_ギラダク_グッズ偏重_V3_Var1147(120 users) over 水_スイクン_グッズ偏重_V3_Var9743(80 users)
Gen 548 | Meta Shift: 水_スイクンセグレイブ_グッズ偏重_V3_Var8208(120 users) over 炎_リザードンX_安定_V1_Var8220(80 users)
Gen 549 | Meta Shift: 水_スイクンセグレイブ_安定_V1_Var6370(120 users) over 超_ミュウツー_グッズ偏重_V3_Var4337(60 users)
Gen 550 | Meta Shift: 悪_ダークライ睡眠_グッズ偏重_V3_Var4695(120 users) over 超_ミュウツー_安定_V1_Var6130(80 users)
Gen 551 | Meta Shift: 悪_ダークライ睡眠_安定_V1_Var2860(120 users) over 炎_リザードンX_グッズ偏重_V3_Var2655(80 users)
Gen 552 | Meta Shift: 水_スイクンセグレイブ_究極_V6_アルティメット_Var8327(120 users) over 悪_ダークライ睡眠_究極_V6_アルティメット_Var6617(100 users)
Gen 553 | Meta Shift: 水_スイクン_グッズ偏重_V3_Var6499(120 users) over 超_ゲンガー_グッズ偏重_V3_Var9465(80 users)
Gen 554 | Meta Shift: 草_ナッシー_グッズ偏重_V3_Var9917(120 users) over 水_スイクン_安定_V1_Var7188(80 users)
Gen 555 | Meta Shift: 悪_ダークライ睡眠_安定_V1_Var9691(120 users) over 闘_ガブルカ_グッズ偏重_V3_Var932(80 users)
Gen 556 | Meta Shift: 龍悪_ギラダク_安定_V1_Var4227(120 users) over 水_スイクン_究極_V6_アルティメット_Var7616(60 users)
Gen 557 | Meta Shift: 超_ミュウツー_究極_V6_アルティメット_Var3820(120 users) over 炎_リザードンX_安定_V1_Var6971(80 users)
Gen 558 | Meta Shift: 雷_ライコウ_安定_V1_Var2162(140 users) over 悪_ダークライ睡眠_究極_V6_アルティメット_Var3969(100 users)
Gen 559 | Meta Shift: 草_ナッシー_安定_V1_Var5441(120 users) over 鋼_メルルギア_グッズ偏重_V3_Var1219(80 users)
Gen 560 | Meta Shift: 龍悪_ギラダク_究極_V6_アルティメット_Var8001(120 users) over 悪_ダークライ睡眠_安定_V1_Var1271(80 users)
Gen 561 | Meta Shift: 悪_ダークライ睡眠_グッズ偏重_V3_Var7159(120 users) over 超_ミュウツー_安定_V1_Var3806(80 users)
Gen 562 | Meta Shift: 鋼_メルルギア_究極_V6_アルティメット_Var5568(120 users) over 草_ナッシー_究極_V6_アルティメット_Var7962(80 users)
Gen 563 | Meta Shift: 草_ナッシー_安定_V1_Var6947(120 users) over 龍悪_ギラダク_究極_V6_アルティメット_Var1967(80 users)
Gen 564 | Meta Shift: 闘_ガブルカ_グッズ偏重_V3_Var9459(120 users) over 草_ナッシー_グッズ偏重_V3_Var5896(80 users)
Gen 565 | Meta Shift: 悪_ダークライ睡眠_グッズ偏重_V3_Var1795(140 users) over 水_スイクンセグレイブ_グッズ偏重_V3_Var1760(80 users)
Gen 566 | Meta Shift: 闘_ガブルカ_グッズ偏重_V3_Var7777(120 users) over 水_スイクンセグレイブ_安定_V1_Var7212(80 users)
Gen 567 | Meta Shift: 超_ゲンガー_究極_V6_アルティメット_Var6715(140 users) over 草_ナッシー_安定_V1_Var4499(80 users)
Gen 568 | Meta Shift: 水_スイクン_究極_V6_アルティメット_Var8708(120 users) over 闘_ガブルカ_安定_V1_Var3385(80 users)
Gen 569 | Meta Shift: 超_ミュウツー_究極_V6_アルティメット_Var6310(120 users) over 超_ゲンガー_グッズ偏重_V3_Var6530(80 users)
Gen 570 | Meta Shift: 悪_ダークライ睡眠_安定_V1_Var8994(120 users) over 龍悪_ギラダク_究極_V6_アルティメット_Var8914(80 users)
Gen 571 | Meta Shift: 龍悪_ギラダク_グッズ偏重_V3_Var8414(120 users) over 雷_ライコウ_グッズ偏重_V3_Var2266(80 users)
Gen 572 | Meta Shift: 超_ゲンガー_グッズ偏重_V3_Var8989(120 users) over 超_ミュウツー_グッズ偏重_V3_Var4160(80 users)
Gen 573 | Meta Shift: 炎_リザードンX_安定_V1_Var8220(100 users) over 闘_ガブルカ_安定_V1_Var8093(80 users)
Gen 574 | Meta Shift: 草_フシギバナ_グッズ偏重_V3_Var400(120 users) over 草_フシギバナ_安定_V1_Var4175(80 users)
Gen 575 | Meta Shift: 鋼_メルルギア_究極_V6_アルティメット_Var1100(120 users) over 悪_ダークライ睡眠_究極_V6_アルティメット_Var728(80 users)
Gen 576 | Meta Shift: 水_スイクン_安定_V1_Var4614(120 users) over 炎_リザードンX_グッズ偏重_V3_Var374(80 users)
Gen 577 | Meta Shift: 草_ナッシー_安定_V1_Var927(120 users) over 闘_ガブルカ_グッズ偏重_V3_Var918(80 users)
Gen 578 | Meta Shift: 水_スイクン_究極_V6_アルティメット_Var9679(120 users) over 炎_リザードンX_安定_V1_Var7165(80 users)
Gen 579 | Meta Shift: 水_スイクン_究極_V6_アルティメット_Var3803(120 users) over 龍悪_ギラダク_グッズ偏重_V3_Var3654(80 users)
Gen 580 | Meta Shift: 悪_ダークライ睡眠_グッズ偏重_V3_Var2526(120 users) over 超_ゲンガー_究極_V6_アルティメット_Var7396(80 users)
Gen 581 | Meta Shift: 悪_ダークライ睡眠_究極_V6_アルティメット_Var6015(120 users) over 草_ナッシー_究極_V6_アルティメット_Var764(80 users)
Gen 582 | Meta Shift: 雷_ライコウ_グッズ偏重_V3_Var4116(120 users) over 龍悪_ギラダク_究極_V6_アルティメット_Var5450(80 users)
Gen 583 | Meta Shift: 草_ナッシー_安定_V1_Var4720(120 users) over 超_ゲンガー_安定_V1_Var3715(80 users)
Gen 584 | Meta Shift: 超_ミュウツー_究極_V6_アルティメット_Var9956(120 users) over 水_スイクン_グッズ偏重_V3_Var6854(80 users)
Gen 585 | Meta Shift: 闘_ガブルカ_究極_V6_アルティメット_Var3342(120 users) over 草_フシギバナ_究極_V6_アルティメット_Var6278(80 users)
Gen 586 | Meta Shift: 草_フシギバナ_安定_V1_Var9476(120 users) over 水_スイクンセグレイブ_究極_V6_アルティメット_Var2956(80 users)
Gen 587 | Meta Shift: 龍悪_ギラダク_究極_V6_アルティメット_Var9150(120 users) over 闘_ガブルカ_グッズ偏重_V3_Var2658(80 users)
Gen 588 | Meta Shift: 龍悪_ギラダク_グッズ偏重_V3_Var1147(140 users) over 悪_ダークライ睡眠_安定_V1_Var2534(100 users)
Gen 589 | Meta Shift: 草_フシギバナ_究極_V6_アルティメット_Var4912(120 users) over 鋼_メルルギア_究極_V6_アルティメット_Var3932(80 users)
Gen 590 | Meta Shift: 草_フシギバナ_グッズ偏重_V3_Var5763(120 users) over 龍悪_ギラダク_グッズ偏重_V3_Var1907(80 users)
Gen 591 | Meta Shift: 超_ミュウツー_究極_V6_アルティメット_Var1519(120 users) over 草_ナッシー_グッズ偏重_V3_Var9024(80 users)
Gen 592 | Meta Shift: 鋼_メルルギア_安定_V1_Var9538(120 users) over 龍悪_ギラダク_究極_V6_アルティメット_Var9724(80 users)
Gen 593 | Meta Shift: 水_スイクン_グッズ偏重_V3_Var5600(120 users) over 超_ゲンガー_安定_V1_Var4863(80 users)
Gen 594 | Meta Shift: 超_ミュウツー_グッズ偏重_V3_Var4335(120 users) over 超_ミュウツー_究極_V6_アルティメット_Var9585(80 users)
Gen 595 | Meta Shift: 超_ゲンガー_グッズ偏重_V3_Var5819(160 users) over 超_ゲンガー_究極_V6_アルティメット_Var1716(80 users)
Gen 596 | Meta Shift: 草_フシギバナ_グッズ偏重_V3_Var6860(120 users) over 悪_ダークライ睡眠_グッズ偏重_V3_Var7121(80 users)
Gen 597 | Meta Shift: 悪_ダークライ睡眠_グッズ偏重_V3_Var5799(120 users) over 超_ミュウツー_グッズ偏重_V3_Var8715(80 users)
Gen 598 | Meta Shift: 超_ミュウツー_究極_V6_アルティメット_Var7774(120 users) over 草_フシギバナ_究極_V6_アルティメット_Var1508(80 users)
Gen 599 | Meta Shift: 草_フシギバナ_究極_V6_アルティメット_Var3122(120 users) over 炎_リザードンX_グッズ偏重_V3_Var6481(80 users)
Gen 600 | Meta Shift: 水_スイクン_グッズ偏重_V3_Var5754(120 users) over 雷_ライコウ_安定_V1_Var9080(60 users)
Gen 601 | Meta Shift: 闘_ガブルカ_安定_V1_Var208(140 users) over 雷_ライコウ_安定_V1_Var9566(80 users)
Gen 602 | Meta Shift: 水_スイクン_安定_V1_Var5684(120 users) over 水_スイクン_グッズ偏重_V3_Var5112(80 users)
Gen 603 | Meta Shift: 龍悪_ギラダク_究極_V6_アルティメット_Var1392(120 users) over 超_ゲンガー_安定_V1_Var6163(100 users)
Gen 604 | Meta Shift: 雷_ライコウ_究極_V6_アルティメット_Var1469(120 users) over 雷_ライコウ_安定_V1_Var4430(80 users)
Gen 605 | Meta Shift: 闘_ガブルカ_グッズ偏重_V3_Var3406(120 users) over 雷_ライコウ_究極_V6_アルティメット_Var4722(80 users)
Gen 606 | Meta Shift: 超_ミュウツー_究極_V6_アルティメット_Var9966(120 users) over 草_ナッシー_安定_V1_Var9744(80 users)
Gen 607 | Meta Shift: 炎_リザードンX_グッズ偏重_V3_Var7724(120 users) over 水_スイクンセグレイブ_グッズ偏重_V3_Var7183(80 users)
Gen 608 | Meta Shift: 悪_ダークライ睡眠_安定_V1_Var173(140 users) over 超_ゲンガー_安定_V1_Var2485(80 users)
Gen 609 | Meta Shift: 炎_リザードンX_究極_V6_アルティメット_Var3529(120 users) over 超_ゲンガー_安定_V1_Var9878(80 users)
Gen 610 | Meta Shift: 水_スイクンセグレイブ_グッズ偏重_V3_Var8980(120 users) over 悪_ダークライ睡眠_究極_V6_アルティメット_Var9436(80 users)
Gen 611 | Meta Shift: 鋼_メルルギア_究極_V6_アルティメット_Var8058(140 users) over 草_ナッシー_究極_V6_アルティメット_Var9215(80 users)
Gen 612 | Meta Shift: 草_ナッシー_究極_V6_アルティメット_Var5593(120 users) over 雷_ライコウ_安定_V1_Var1069(80 users)
Gen 613 | Meta Shift: 草_フシギバナ_安定_V1_Var3711(120 users) over 水_スイクンセグレイブ_グッズ偏重_V3_Var8295(80 users)
Gen 614 | Meta Shift: 雷_ライコウ_グッズ偏重_V3_Var3875(120 users) over 草_ナッシー_安定_V1_Var2046(80 users)
Gen 615 | Meta Shift: 龍悪_ギラダク_究極_V6_アルティメット_Var1705(120 users) over 超_ミュウツー_安定_V1_Var3931(80 users)
Gen 616 | Meta Shift: 超_ゲンガー_究極_V6_アルティメット_Var6549(120 users) over 炎_リザードンX_安定_V1_Var4524(60 users)
Gen 617 | Meta Shift: 水_スイクンセグレイブ_グッズ偏重_V3_Var5324(120 users) over 水_スイクン_グッズ偏重_V3_Var2904(80 users)
Gen 618 | Meta Shift: 龍悪_ギラダク_安定_V1_Var478(120 users) over 水_スイクン_グッズ偏重_V3_Var465(80 users)
Gen 619 | Meta Shift: 鋼_メルルギア_安定_V1_Var9009(120 users) over 水_スイクン_究極_V6_アルティメット_Var5758(80 users)
Gen 620 | Meta Shift: 闘_ガブルカ_グッズ偏重_V3_Var9675(120 users) over 草_フシギバナ_グッズ偏重_V3_Var4980(80 users)
Gen 621 | Meta Shift: 草_ナッシー_グッズ偏重_V3_Var4975(120 users) over 龍悪_ギラダク_安定_V1_Var9161(80 users)
Gen 622 | Meta Shift: 悪_ダークライ睡眠_グッズ偏重_V3_Var7037(140 users) over 炎_リザードンX_グッズ偏重_V3_Var8122(80 users)
Gen 623 | Meta Shift: 草_ナッシー_グッズ偏重_V3_Var9347(120 users) over 超_ミュウツー_究極_V6_アルティメット_Var3885(80 users)
Gen 624 | Meta Shift: 悪_ダークライ睡眠_安定_V1_Var9378(120 users) over 草_フシギバナ_究極_V6_アルティメット_Var8483(60 users)
Gen 625 | Meta Shift: 雷_ライコウ_グッズ偏重_V3_Var5114(120 users) over 悪_ダークライ睡眠_グッズ偏重_V3_Var5239(80 users)
Gen 626 | Meta Shift: 水_スイクンセグレイブ_究極_V6_アルティメット_Var4148(120 users) over 炎_リザードンX_グッズ偏重_V3_Var3589(80 users)
Gen 627 | Meta Shift: 闘_ガブルカ_究極_V6_アルティメット_Var3574(120 users) over 草_フシギバナ_安定_V1_Var8748(80 users)
Gen 628 | Meta Shift: 龍悪_ギラダク_グッズ偏重_V3_Var2625(140 users) over 水_スイクンセグレイブ_グッズ偏重_V3_Var5922(80 users)
Gen 629 | Meta Shift: 草_ナッシー_究極_V6_アルティメット_Var5133(120 users) over 雷_ライコウ_究極_V6_アルティメット_Var3283(80 users)
Gen 630 | Meta Shift: 炎_リザードンX_グッズ偏重_V3_Var2129(120 users) over 龍悪_ギラダク_グッズ偏重_V3_Var2919(80 users)
Gen 631 | Meta Shift: 炎_リザードンX_安定_V1_Var8343(120 users) over 龍悪_ギラダク_安定_V1_Var6323(80 users)
Gen 632 | Meta Shift: 鋼_メルルギア_究極_V6_アルティメット_Var6953(120 users) over 炎_リザードンX_安定_V1_Var8597(80 users)
Gen 633 | Meta Shift: 超_ゲンガー_グッズ偏重_V3_Var8104(120 users) over 水_スイクン_安定_V1_Var4602(80 users)
Gen 634 | Meta Shift: 超_ミュウツー_グッズ偏重_V3_Var7970(120 users) over 鋼_メルルギア_グッズ偏重_V3_Var4163(80 users)
Gen 635 | Meta Shift: 超_ミュウツー_安定_V1_Var3076(120 users) over 草_フシギバナ_究極_V6_アルティメット_Var5420(80 users)
Gen 636 | Meta Shift: 水_スイクン_究極_V6_アルティメット_Var1003(120 users) over 炎_リザードンX_安定_V1_Var5184(80 users)
Gen 637 | Meta Shift: 水_スイクンセグレイブ_究極_V6_アルティメット_Var6618(120 users) over 草_ナッシー_グッズ偏重_V3_Var8031(80 users)
Gen 638 | Meta Shift: 超_ミュウツー_グッズ偏重_V3_Var3481(120 users) over 草_フシギバナ_究極_V6_アルティメット_Var1491(80 users)
Gen 639 | Meta Shift: 草_ナッシー_究極_V6_アルティメット_Var4397(120 users) over 水_スイクンセグレイブ_グッズ偏重_V3_Var6582(80 users)
Gen 640 | Meta Shift: 鋼_メルルギア_究極_V6_アルティメット_Var3974(120 users) over 雷_ライコウ_究極_V6_アルティメット_Var4611(80 users)
Gen 641 | Meta Shift: 超_ゲンガー_グッズ偏重_V3_Var7732(120 users) over 草_ナッシー_安定_V1_Var7439(80 users)
Gen 642 | Meta Shift: 炎_リザードンX_究極_V6_アルティメット_Var390(120 users) over 鋼_メルルギア_究極_V6_アルティメット_Var5586(80 users)
Gen 643 | Meta Shift: 鋼_メルルギア_究極_V6_アルティメット_Var4348(120 users) over 鋼_メルルギア_安定_V1_Var5825(80 users)
Gen 644 | Meta Shift: 雷_ライコウ_安定_V1_Var2135(120 users) over 超_ゲンガー_究極_V6_アルティメット_Var8267(60 users)
Gen 645 | Meta Shift: 雷_ライコウ_安定_V1_Var9653(120 users) over 鋼_メルルギア_グッズ偏重_V3_Var9698(80 users)
Gen 646 | Meta Shift: 水_スイクンセグレイブ_究極_V6_アルティメット_Var7720(120 users) over 草_ナッシー_グッズ偏重_V3_Var5273(80 users)
Gen 647 | Meta Shift: 雷_ライコウ_安定_V1_Var1768(120 users) over 悪_ダークライ睡眠_究極_V6_アルティメット_Var5905(100 users)
Gen 648 | Meta Shift: 水_スイクン_グッズ偏重_V3_Var4442(120 users) over 草_ナッシー_安定_V1_Var6127(80 users)
Gen 649 | Meta Shift: 草_フシギバナ_グッズ偏重_V3_Var4627(120 users) over 闘_ガブルカ_グッズ偏重_V3_Var5175(80 users)
Gen 650 | Meta Shift: 鋼_メルルギア_安定_V1_Var6096(120 users) over 超_ミュウツー_究極_V6_アルティメット_Var5849(80 users)
Gen 651 | Meta Shift: 炎_リザードンX_究極_V6_アルティメット_Var9339(120 users) over 雷_ライコウ_安定_V1_Var8532(80 users)
Gen 652 | Meta Shift: 闘_ガブルカ_究極_V6_アルティメット_Var4508(120 users) over 悪_ダークライ睡眠_安定_V1_Var5432(80 users)
Gen 653 | Meta Shift: 超_ミュウツー_究極_V6_アルティメット_Var3575(120 users) over 闘_ガブルカ_安定_V1_Var8946(60 users)
Gen 654 | Meta Shift: 鋼_メルルギア_究極_V6_アルティメット_Var212(120 users) over 龍悪_ギラダク_究極_V6_アルティメット_Var7525(80 users)
Gen 655 | Meta Shift: 悪_ダークライ睡眠_究極_V6_アルティメット_Var7929(120 users) over 超_ミュウツー_究極_V6_アルティメット_Var1244(80 users)
Gen 656 | Meta Shift: 悪_ダークライ睡眠_グッズ偏重_V3_Var5183(140 users) over 水_スイクン_安定_V1_Var5667(80 users)
Gen 657 | Meta Shift: 水_スイクン_究極_V6_アルティメット_Var4256(120 users) over 超_ゲンガー_安定_V1_Var9838(80 users)
Gen 658 | Meta Shift: 草_フシギバナ_グッズ偏重_V3_Var4988(120 users) over 草_フシギバナ_安定_V1_Var5320(80 users)
Gen 659 | Meta Shift: 鋼_メルルギア_究極_V6_アルティメット_Var6178(100 users) over 水_スイクン_究極_V6_アルティメット_Var5519(80 users)
Gen 660 | Meta Shift: 雷_ライコウ_安定_V1_Var8943(120 users) over 雷_ライコウ_安定_V1_Var4832(80 users)
Gen 661 | Meta Shift: 草_ナッシー_安定_V1_Var3456(120 users) over 草_ナッシー_安定_V1_Var3966(80 users)
Gen 662 | Meta Shift: 超_ゲンガー_グッズ偏重_V3_Var6329(120 users) over 悪_ダークライ睡眠_安定_V1_Var4930(80 users)
Gen 663 | Meta Shift: 雷_ライコウ_グッズ偏重_V3_Var4654(120 users) over 草_ナッシー_究極_V6_アルティメット_Var2109(80 users)
Gen 664 | Meta Shift: 鋼_メルルギア_究極_V6_アルティメット_Var6334(120 users) over 草_ナッシー_グッズ偏重_V3_Var51(80 users)
Gen 665 | Meta Shift: 雷_ライコウ_グッズ偏重_V3_Var1978(120 users) over 闘_ガブルカ_安定_V1_Var3852(80 users)
Gen 666 | Meta Shift: 鋼_メルルギア_安定_V1_Var2419(120 users) over 草_ナッシー_究極_V6_アルティメット_Var5663(80 users)
Gen 667 | Meta Shift: 超_ゲンガー_究極_V6_アルティメット_Var9103(120 users) over 悪_ダークライ睡眠_究極_V6_アルティメット_Var2952(80 users)
Gen 668 | Meta Shift: 草_フシギバナ_グッズ偏重_V3_Var4504(120 users) over 闘_ガブルカ_グッズ偏重_V3_Var2715(80 users)
Gen 669 | Meta Shift: 草_フシギバナ_安定_V1_Var4540(120 users) over 水_スイクン_究極_V6_アルティメット_Var263(80 users)
Gen 670 | Meta Shift: 雷_ライコウ_グッズ偏重_V3_Var6040(120 users) over 鋼_メルルギア_グッズ偏重_V3_Var3858(80 users)
Gen 671 | Meta Shift: 水_スイクン_安定_V1_Var2378(120 users) over 水_スイクン_究極_V6_アルティメット_Var3433(80 users)
Gen 672 | Meta Shift: 鋼_メルルギア_グッズ偏重_V3_Var2238(120 users) over 炎_リザードンX_究極_V6_アルティメット_Var2356(80 users)
Gen 673 | Meta Shift: 闘_ガブルカ_究極_V6_アルティメット_Var7545(120 users) over 炎_リザードンX_究極_V6_アルティメット_Var6714(80 users)
Gen 674 | Meta Shift: 超_ミュウツー_究極_V6_アルティメット_Var5641(120 users) over 水_スイクンセグレイブ_究極_V6_アルティメット_Var9200(80 users)
Gen 675 | Meta Shift: 闘_ガブルカ_究極_V6_アルティメット_Var1875(120 users) over 雷_ライコウ_究極_V6_アルティメット_Var802(80 users)
Gen 676 | Meta Shift: 炎_リザードンX_安定_V1_Var4273(120 users) over 闘_ガブルカ_究極_V6_アルティメット_Var1539(80 users)
Gen 677 | Meta Shift: 悪_ダークライ睡眠_安定_V1_Var7062(120 users) over 超_ミュウツー_グッズ偏重_V3_Var805(80 users)
Gen 678 | Meta Shift: 超_ミュウツー_グッズ偏重_V3_Var1652(100 users) over 闘_ガブルカ_安定_V1_Var6629(80 users)
Gen 679 | Meta Shift: 龍悪_ギラダク_究極_V6_アルティメット_Var1773(120 users) over 闘_ガブルカ_究極_V6_アルティメット_Var9251(80 users)
Gen 680 | Meta Shift: 炎_リザードンX_グッズ偏重_V3_Var4095(120 users) over 雷_ライコウ_究極_V6_アルティメット_Var6144(60 users)
Gen 681 | Meta Shift: 超_ミュウツー_究極_V6_アルティメット_Var6970(120 users) over 鋼_メルルギア_究極_V6_アルティメット_Var7340(80 users)
Gen 682 | Meta Shift: 草_ナッシー_グッズ偏重_V3_Var5975(120 users) over 悪_ダークライ睡眠_グッズ偏重_V3_Var5076(80 users)
Gen 683 | Meta Shift: 草_ナッシー_グッズ偏重_V3_Var9631(120 users) over 炎_リザードンX_究極_V6_アルティメット_Var977(80 users)
Gen 684 | Meta Shift: 鋼_メルルギア_安定_V1_Var9104(120 users) over 龍悪_ギラダク_安定_V1_Var1750(100 users)
Gen 685 | Meta Shift: 龍悪_ギラダク_究極_V6_アルティメット_Var7254(140 users) over 悪_ダークライ睡眠_究極_V6_アルティメット_Var4212(80 users)
Gen 686 | Meta Shift: 雷_ライコウ_安定_V1_Var900(140 users) over 悪_ダークライ睡眠_安定_V1_Var7294(80 users)
Gen 687 | Meta Shift: 悪_ダークライ睡眠_安定_V1_Var7062(140 users) over 水_スイクンセグレイブ_グッズ偏重_V3_Var8517(80 users)
Gen 688 | Meta Shift: 雷_ライコウ_グッズ偏重_V3_Var1114(120 users) over 草_ナッシー_グッズ偏重_V3_Var430(80 users)
Gen 689 | Meta Shift: 超_ゲンガー_安定_V1_Var9085(120 users) over 龍悪_ギラダク_究極_V6_アルティメット_Var8914(60 users)
Gen 690 | Meta Shift: 悪_ダークライ睡眠_グッズ偏重_V3_Var7159(140 users) over 草_ナッシー_グッズ偏重_V3_Var1846(80 users)
Gen 691 | Meta Shift: 雷_ライコウ_グッズ偏重_V3_Var111(140 users) over 水_スイクンセグレイブ_安定_V1_Var9662(100 users)
Gen 692 | Meta Shift: 闘_ガブルカ_究極_V6_アルティメット_Var1468(120 users) over 草_ナッシー_グッズ偏重_V3_Var492(80 users)
Gen 693 | Meta Shift: 草_ナッシー_究極_V6_アルティメット_Var9(120 users) over 草_フシギバナ_安定_V1_Var8003(80 users)
Gen 694 | Meta Shift: 悪_ダークライ睡眠_究極_V6_アルティメット_Var3378(120 users) over 超_ミュウツー_安定_V1_Var7710(60 users)
Gen 695 | Meta Shift: 水_スイクンセグレイブ_究極_V6_アルティメット_Var7837(120 users) over 水_スイクンセグレイブ_グッズ偏重_V3_Var5885(80 users)
Gen 696 | Meta Shift: 超_ミュウツー_グッズ偏重_V3_Var3204(120 users) over 草_ナッシー_究極_V6_アルティメット_Var8935(60 users)
Gen 697 | Meta Shift: 龍悪_ギラダク_究極_V6_アルティメット_Var5692(120 users) over 水_スイクンセグレイブ_安定_V1_Var3034(80 users)
Gen 698 | Meta Shift: 草_フシギバナ_グッズ偏重_V3_Var5020(100 users) over 龍悪_ギラダク_グッズ偏重_V3_Var994(80 users)
Gen 699 | Meta Shift: 水_スイクンセグレイブ_グッズ偏重_V3_Var1397(140 users) over 雷_ライコウ_安定_V1_Var1771(80 users)
Gen 700 | Meta Shift: 鋼_メルルギア_グッズ偏重_V3_Var7372(120 users) over 草_フシギバナ_グッズ偏重_V3_Var7818(80 users)
Gen 701 | Meta Shift: 超_ゲンガー_安定_V1_Var6070(120 users) over 雷_ライコウ_安定_V1_Var8649(80 users)
Gen 702 | Meta Shift: 悪_ダークライ睡眠_グッズ偏重_V3_Var8628(120 users) over 草_フシギバナ_究極_V6_アルティメット_Var2112(80 users)
Gen 703 | Meta Shift: 草_フシギバナ_究極_V6_アルティメット_Var8667(120 users) over 闘_ガブルカ_究極_V6_アルティメット_Var7264(80 users)
Gen 704 | Meta Shift: 闘_ガブルカ_安定_V1_Var1943(120 users) over 超_ゲンガー_究極_V6_アルティメット_Var4677(80 users)
Gen 705 | Meta Shift: 鋼_メルルギア_究極_V6_アルティメット_Var4400(120 users) over 水_スイクン_究極_V6_アルティメット_Var9042(80 users)
Gen 706 | Meta Shift: 龍悪_ギラダク_グッズ偏重_V3_Var2317(120 users) over 闘_ガブルカ_安定_V1_Var5418(80 users)
Gen 707 | Meta Shift: 炎_リザードンX_グッズ偏重_V3_Var2733(120 users) over 水_スイクン_安定_V1_Var6394(80 users)
Gen 708 | Meta Shift: 草_フシギバナ_究極_V6_アルティメット_Var1375(120 users) over 草_ナッシー_究極_V6_アルティメット_Var9227(100 users)
Gen 709 | Meta Shift: 闘_ガブルカ_究極_V6_アルティメット_Var4828(120 users) over 炎_リザードンX_究極_V6_アルティメット_Var9073(80 users)
Gen 710 | Meta Shift: 雷_ライコウ_究極_V6_アルティメット_Var6571(120 users) over 水_スイクンセグレイブ_グッズ偏重_V3_Var1439(80 users)
Gen 711 | Meta Shift: 龍悪_ギラダク_安定_V1_Var6326(120 users) over 水_スイクン_グッズ偏重_V3_Var2923(80 users)
Gen 712 | Meta Shift: 闘_ガブルカ_安定_V1_Var2808(120 users) over 草_ナッシー_グッズ偏重_V3_Var2704(80 users)
Gen 713 | Meta Shift: 鋼_メルルギア_グッズ偏重_V3_Var1882(120 users) over 超_ゲンガー_グッズ偏重_V3_Var49(80 users)
Gen 714 | Meta Shift: 闘_ガブルカ_安定_V1_Var2258(120 users) over 超_ゲンガー_究極_V6_アルティメット_Var8650(80 users)
Gen 715 | Meta Shift: 雷_ライコウ_究極_V6_アルティメット_Var4108(120 users) over 草_フシギバナ_究極_V6_アルティメット_Var8443(80 users)
Gen 716 | Meta Shift: 雷_ライコウ_究極_V6_アルティメット_Var3371(120 users) over 水_スイクンセグレイブ_グッズ偏重_V3_Var1027(80 users)
Gen 717 | Meta Shift: 超_ミュウツー_究極_V6_アルティメット_Var4276(120 users) over 草_ナッシー_グッズ偏重_V3_Var4744(80 users)
Gen 718 | Meta Shift: 炎_リザードンX_究極_V6_アルティメット_Var8657(120 users) over 雷_ライコウ_究極_V6_アルティメット_Var3876(80 users)
Gen 719 | Meta Shift: 草_ナッシー_究極_V6_アルティメット_Var2208(120 users) over 草_ナッシー_究極_V6_アルティメット_Var6411(80 users)
Gen 720 | Meta Shift: 悪_ダークライ睡眠_安定_V1_Var1148(120 users) over 炎_リザードンX_安定_V1_Var1777(80 users)
Gen 721 | Meta Shift: 悪_ダークライ睡眠_究極_V6_アルティメット_Var3744(120 users) over 水_スイクン_グッズ偏重_V3_Var2920(80 users)
Gen 722 | Meta Shift: 鋼_メルルギア_究極_V6_アルティメット_Var7011(120 users) over 超_ゲンガー_安定_V1_Var1892(80 users)
Gen 723 | Meta Shift: 闘_ガブルカ_究極_V6_アルティメット_Var4038(140 users) over 鋼_メルルギア_安定_V1_Var8541(60 users)
Gen 724 | Meta Shift: 水_スイクン_究極_V6_アルティメット_Var4256(140 users) over 悪_ダークライ睡眠_究極_V6_アルティメット_Var2221(80 users)
Gen 725 | Meta Shift: 闘_ガブルカ_究極_V6_アルティメット_Var4797(120 users) over 草_フシギバナ_安定_V1_Var5624(80 users)
Gen 726 | Meta Shift: 闘_ガブルカ_究極_V6_アルティメット_Var8232(120 users) over 悪_ダークライ睡眠_究極_V6_アルティメット_Var1421(80 users)
Gen 727 | Meta Shift: 闘_ガブルカ_究極_V6_アルティメット_Var1225(120 users) over 雷_ライコウ_安定_V1_Var4629(80 users)
Gen 728 | Meta Shift: 鋼_メルルギア_グッズ偏重_V3_Var4064(120 users) over 超_ゲンガー_グッズ偏重_V3_Var3897(80 users)
Gen 729 | Meta Shift: 炎_リザードンX_安定_V1_Var8826(120 users) over 超_ミュウツー_安定_V1_Var4663(80 users)
Gen 730 | Meta Shift: 草_フシギバナ_安定_V1_Var6983(120 users) over 草_ナッシー_安定_V1_Var2094(80 users)
Gen 731 | Meta Shift: 悪_ダークライ睡眠_グッズ偏重_V3_Var4476(120 users) over 炎_リザードンX_安定_V1_Var8686(80 users)
Gen 732 | Meta Shift: 草_ナッシー_究極_V6_アルティメット_Var5702(120 users) over 草_フシギバナ_安定_V1_Var3201(80 users)
Gen 733 | Meta Shift: 超_ミュウツー_安定_V1_Var7627(120 users) over 炎_リザードンX_究極_V6_アルティメット_Var2359(80 users)
Gen 734 | Meta Shift: 草_フシギバナ_グッズ偏重_V3_Var404(120 users) over 草_ナッシー_グッズ偏重_V3_Var8101(80 users)
Gen 735 | Meta Shift: 雷_ライコウ_究極_V6_アルティメット_Var7696(120 users) over 鋼_メルルギア_グッズ偏重_V3_Var2367(100 users)
Gen 736 | Meta Shift: 炎_リザードンX_グッズ偏重_V3_Var9450(120 users) over 炎_リザードンX_グッズ偏重_V3_Var3163(80 users)
Gen 737 | Meta Shift: 龍悪_ギラダク_グッズ偏重_V3_Var5898(120 users) over 闘_ガブルカ_安定_V1_Var6451(100 users)
Gen 738 | Meta Shift: 草_フシギバナ_グッズ偏重_V3_Var5108(120 users) over 水_スイクンセグレイブ_究極_V6_アルティメット_Var182(80 users)
Gen 739 | Meta Shift: 草_フシギバナ_グッズ偏重_V3_Var6253(120 users) over 闘_ガブルカ_グッズ偏重_V3_Var7908(80 users)
Gen 740 | Meta Shift: 水_スイクンセグレイブ_グッズ偏重_V3_Var7575(120 users) over 水_スイクンセグレイブ_安定_V1_Var1672(80 users)
Gen 741 | Meta Shift: 炎_リザードンX_安定_V1_Var9112(120 users) over 炎_リザードンX_究極_V6_アルティメット_Var633(60 users)
Gen 742 | Meta Shift: 鋼_メルルギア_安定_V1_Var8743(120 users) over 鋼_メルルギア_究極_V6_アルティメット_Var6972(80 users)
Gen 743 | Meta Shift: 鋼_メルルギア_安定_V1_Var3933(120 users) over 水_スイクンセグレイブ_安定_V1_Var9905(80 users)
Gen 744 | Meta Shift: 雷_ライコウ_グッズ偏重_V3_Var690(120 users) over 超_ゲンガー_究極_V6_アルティメット_Var8205(80 users)
Gen 745 | Meta Shift: 雷_ライコウ_グッズ偏重_V3_Var4085(120 users) over 龍悪_ギラダク_グッズ偏重_V3_Var3825(80 users)
Gen 746 | Meta Shift: 雷_ライコウ_究極_V6_アルティメット_Var615(120 users) over 水_スイクンセグレイブ_究極_V6_アルティメット_Var1860(80 users)
Gen 747 | Meta Shift: 水_スイクン_グッズ偏重_V3_Var5161(120 users) over 水_スイクンセグレイブ_安定_V1_Var3670(80 users)
Gen 748 | Meta Shift: 龍悪_ギラダク_グッズ偏重_V3_Var4342(120 users) over 闘_ガブルカ_グッズ偏重_V3_Var8294(80 users)
Gen 749 | Meta Shift: 超_ミュウツー_究極_V6_アルティメット_Var8266(120 users) over 龍悪_ギラダク_安定_V1_Var8886(80 users)
Gen 750 | Meta Shift: 雷_ライコウ_安定_V1_Var5837(120 users) over 水_スイクン_究極_V6_アルティメット_Var2732(80 users)
Gen 751 | Meta Shift: 鋼_メルルギア_究極_V6_アルティメット_Var1067(120 users) over 超_ミュウツー_究極_V6_アルティメット_Var5789(100 users)
Gen 752 | Meta Shift: 闘_ガブルカ_グッズ偏重_V3_Var9281(120 users) over 草_ナッシー_究極_V6_アルティメット_Var4748(80 users)
Gen 753 | Meta Shift: 龍悪_ギラダク_究極_V6_アルティメット_Var8553(120 users) over 草_ナッシー_安定_V1_Var9060(80 users)
Gen 754 | Meta Shift: 水_スイクン_究極_V6_アルティメット_Var8182(120 users) over 闘_ガブルカ_究極_V6_アルティメット_Var1225(100 users)
Gen 755 | Meta Shift: 炎_リザードンX_究極_V6_アルティメット_Var3761(120 users) over 炎_リザードンX_安定_V1_Var1829(80 users)
Gen 756 | Meta Shift: 草_ナッシー_究極_V6_アルティメット_Var4886(120 users) over 龍悪_ギラダク_安定_V1_Var838(80 users)
Gen 757 | Meta Shift: 悪_ダークライ睡眠_グッズ偏重_V3_Var4282(120 users) over 水_スイクン_グッズ偏重_V3_Var2686(80 users)
Gen 758 | Meta Shift: 水_スイクン_究極_V6_アルティメット_Var2732(100 users) over 草_フシギバナ_安定_V1_Var8684(80 users)
Gen 759 | Meta Shift: 雷_ライコウ_究極_V6_アルティメット_Var9502(120 users) over 草_フシギバナ_安定_V1_Var9368(80 users)
Gen 760 | Meta Shift: 悪_ダークライ睡眠_安定_V1_Var7946(120 users) over 炎_リザードンX_グッズ偏重_V3_Var724(80 users)
Gen 761 | Meta Shift: 闘_ガブルカ_究極_V6_アルティメット_Var4971(120 users) over 超_ゲンガー_究極_V6_アルティメット_Var590(60 users)
Gen 762 | Meta Shift: 鋼_メルルギア_安定_V1_Var5908(120 users) over 悪_ダークライ睡眠_究極_V6_アルティメット_Var2293(80 users)
Gen 763 | Meta Shift: 超_ミュウツー_究極_V6_アルティメット_Var8150(120 users) over 炎_リザードンX_安定_V1_Var2939(80 users)
Gen 764 | Meta Shift: 龍悪_ギラダク_グッズ偏重_V3_Var6152(120 users) over 水_スイクンセグレイブ_グッズ偏重_V3_Var5045(100 users)
Gen 765 | Meta Shift: 鋼_メルルギア_グッズ偏重_V3_Var7785(120 users) over 草_フシギバナ_安定_V1_Var3711(100 users)
Gen 766 | Meta Shift: 悪_ダークライ睡眠_安定_V1_Var4843(120 users) over 炎_リザードンX_安定_V1_Var9981(80 users)
Gen 767 | Meta Shift: 雷_ライコウ_グッズ偏重_V3_Var5198(120 users) over 草_ナッシー_安定_V1_Var6863(80 users)
Gen 768 | Meta Shift: 悪_ダークライ睡眠_安定_V1_Var7830(120 users) over 水_スイクンセグレイブ_究極_V6_アルティメット_Var6880(80 users)
Gen 769 | Meta Shift: 超_ゲンガー_究極_V6_アルティメット_Var5409(120 users) over 超_ミュウツー_究極_V6_アルティメット_Var8150(100 users)
Gen 770 | Meta Shift: 草_フシギバナ_グッズ偏重_V3_Var1973(120 users) over 超_ミュウツー_究極_V6_アルティメット_Var7278(80 users)
Gen 771 | Meta Shift: 草_ナッシー_安定_V1_Var1221(120 users) over 草_フシギバナ_究極_V6_アルティメット_Var7066(80 users)
Gen 772 | Meta Shift: 超_ゲンガー_グッズ偏重_V3_Var9589(120 users) over 水_スイクン_究極_V6_アルティメット_Var6837(80 users)
Gen 773 | Meta Shift: 龍悪_ギラダク_グッズ偏重_V3_Var9728(140 users) over 闘_ガブルカ_安定_V1_Var9468(80 users)
Gen 774 | Meta Shift: 炎_リザードンX_究極_V6_アルティメット_Var4608(120 users) over 草_フシギバナ_グッズ偏重_V3_Var3279(80 users)
Gen 775 | Meta Shift: 闘_ガブルカ_グッズ偏重_V3_Var8969(140 users) over 鋼_メルルギア_究極_V6_アルティメット_Var6012(80 users)
Gen 776 | Meta Shift: 草_フシギバナ_グッズ偏重_V3_Var8783(120 users) over 雷_ライコウ_グッズ偏重_V3_Var7565(80 users)
Gen 777 | Meta Shift: 超_ミュウツー_グッズ偏重_V3_Var1727(120 users) over 水_スイクンセグレイブ_グッズ偏重_V3_Var5885(60 users)
Gen 778 | Meta Shift: 悪_ダークライ睡眠_安定_V1_Var4815(120 users) over 草_ナッシー_グッズ偏重_V3_Var4969(80 users)
Gen 779 | Meta Shift: 悪_ダークライ睡眠_究極_V6_アルティメット_Var2629(120 users) over 龍悪_ギラダク_グッズ偏重_V3_Var7993(80 users)
Gen 780 | Meta Shift: 水_スイクンセグレイブ_安定_V1_Var4303(120 users) over 水_スイクン_究極_V6_アルティメット_Var9938(80 users)
Gen 781 | Meta Shift: 水_スイクン_安定_V1_Var6083(120 users) over 鋼_メルルギア_安定_V1_Var8455(100 users)
Gen 782 | Meta Shift: 水_スイクン_安定_V1_Var5189(120 users) over 水_スイクン_安定_V1_Var4035(80 users)
Gen 783 | Meta Shift: 闘_ガブルカ_究極_V6_アルティメット_Var7934(120 users) over 超_ゲンガー_グッズ偏重_V3_Var1776(80 users)
Gen 784 | Meta Shift: 悪_ダークライ睡眠_安定_V1_Var4241(120 users) over 水_スイクンセグレイブ_安定_V1_Var5725(80 users)
Gen 785 | Meta Shift: 雷_ライコウ_安定_V1_Var9942(120 users) over 草_フシギバナ_究極_V6_アルティメット_Var3142(80 users)
Gen 786 | Meta Shift: 鋼_メルルギア_究極_V6_アルティメット_Var3792(120 users) over 水_スイクン_グッズ偏重_V3_Var4155(80 users)
Gen 787 | Meta Shift: 雷_ライコウ_究極_V6_アルティメット_Var3268(120 users) over 闘_ガブルカ_安定_V1_Var9137(80 users)
Gen 788 | Meta Shift: 水_スイクン_究極_V6_アルティメット_Var709(120 users) over 炎_リザードンX_グッズ偏重_V3_Var306(80 users)
Gen 789 | Meta Shift: 龍悪_ギラダク_究極_V6_アルティメット_Var1448(120 users) over 炎_リザードンX_究極_V6_アルティメット_Var3519(80 users)
Gen 790 | Meta Shift: 超_ミュウツー_グッズ偏重_V3_Var450(120 users) over 水_スイクン_究極_V6_アルティメット_Var4256(120 users)
Gen 791 | Meta Shift: 龍悪_ギラダク_グッズ偏重_V3_Var5195(120 users) over 雷_ライコウ_安定_V1_Var4903(80 users)
Gen 792 | Meta Shift: 雷_ライコウ_究極_V6_アルティメット_Var7016(140 users) over 鋼_メルルギア_グッズ偏重_V3_Var6540(80 users)
Gen 793 | Meta Shift: 炎_リザードンX_究極_V6_アルティメット_Var7098(120 users) over 水_スイクン_グッズ偏重_V3_Var6824(80 users)
Gen 794 | Meta Shift: 水_スイクン_究極_V6_アルティメット_Var885(120 users) over 悪_ダークライ睡眠_究極_V6_アルティメット_Var3083(60 users)
Gen 795 | Meta Shift: 龍悪_ギラダク_安定_V1_Var4752(120 users) over 炎_リザードンX_安定_V1_Var5119(80 users)
Gen 796 | Meta Shift: 悪_ダークライ睡眠_究極_V6_アルティメット_Var555(120 users) over 草_フシギバナ_究極_V6_アルティメット_Var104(80 users)
Gen 797 | Meta Shift: 龍悪_ギラダク_グッズ偏重_V3_Var9472(120 users) over 水_スイクン_グッズ偏重_V3_Var3902(80 users)
Gen 798 | Meta Shift: 超_ミュウツー_究極_V6_アルティメット_Var1116(120 users) over 超_ミュウツー_安定_V1_Var2190(80 users)
Gen 799 | Meta Shift: 水_スイクンセグレイブ_究極_V6_アルティメット_Var9834(100 users) over 闘_ガブルカ_究極_V6_アルティメット_Var2300(80 users)
Gen 800 | Meta Shift: 悪_ダークライ睡眠_安定_V1_Var8680(120 users) over 水_スイクン_究極_V6_アルティメット_Var3584(80 users)
Gen 801 | Meta Shift: 闘_ガブルカ_グッズ偏重_V3_Var7040(120 users) over 水_スイクン_究極_V6_アルティメット_Var7626(100 users)
Gen 802 | Meta Shift: 悪_ダークライ睡眠_グッズ偏重_V3_Var5135(120 users) over 草_フシギバナ_安定_V1_Var9374(80 users)
Gen 803 | Meta Shift: 超_ゲンガー_グッズ偏重_V3_Var7882(120 users) over 龍悪_ギラダク_究極_V6_アルティメット_Var7254(120 users)
Gen 804 | Meta Shift: 鋼_メルルギア_グッズ偏重_V3_Var6827(120 users) over 水_スイクン_究極_V6_アルティメット_Var7140(80 users)
Gen 805 | Meta Shift: 闘_ガブルカ_グッズ偏重_V3_Var7777(140 users) over 水_スイクンセグレイブ_グッズ偏重_V3_Var751(80 users)
Gen 806 | Meta Shift: 鋼_メルルギア_グッズ偏重_V3_Var9462(120 users) over 草_ナッシー_グッズ偏重_V3_Var1080(80 users)
Gen 807 | Meta Shift: 悪_ダークライ睡眠_究極_V6_アルティメット_Var64(120 users) over 雷_ライコウ_究極_V6_アルティメット_Var3070(80 users)
Gen 808 | Meta Shift: 草_フシギバナ_グッズ偏重_V3_Var5385(120 users) over 水_スイクン_安定_V1_Var7730(80 users)
Gen 809 | Meta Shift: 超_ゲンガー_グッズ偏重_V3_Var1347(140 users) over 鋼_メルルギア_グッズ偏重_V3_Var4936(80 users)
Gen 810 | Meta Shift: 炎_リザードンX_グッズ偏重_V3_Var2594(120 users) over 超_ゲンガー_究極_V6_アルティメット_Var5082(80 users)
Gen 811 | Meta Shift: 炎_リザードンX_グッズ偏重_V3_Var5202(120 users) over 草_フシギバナ_究極_V6_アルティメット_Var1559(80 users)
Gen 812 | Meta Shift: 龍悪_ギラダク_究極_V6_アルティメット_Var9424(120 users) over 悪_ダークライ睡眠_究極_V6_アルティメット_Var2177(80 users)
Gen 813 | Meta Shift: 闘_ガブルカ_究極_V6_アルティメット_Var9251(100 users) over 龍悪_ギラダク_グッズ偏重_V3_Var8106(80 users)
Gen 814 | Meta Shift: 雷_ライコウ_究極_V6_アルティメット_Var4834(120 users) over 炎_リザードンX_究極_V6_アルティメット_Var5235(80 users)
Gen 815 | Meta Shift: 草_ナッシー_究極_V6_アルティメット_Var8197(120 users) over 草_ナッシー_究極_V6_アルティメット_Var9275(60 users)
Gen 816 | Meta Shift: 闘_ガブルカ_安定_V1_Var3964(100 users) over 悪_ダークライ睡眠_グッズ偏重_V3_Var3131(80 users)
Gen 817 | Meta Shift: 鋼_メルルギア_究極_V6_アルティメット_Var63(140 users) over 炎_リザードンX_究極_V6_アルティメット_Var4289(80 users)
Gen 818 | Meta Shift: 草_フシギバナ_グッズ偏重_V3_Var9143(120 users) over 闘_ガブルカ_安定_V1_Var5369(80 users)
Gen 819 | Meta Shift: 闘_ガブルカ_安定_V1_Var3326(120 users) over 水_スイクン_究極_V6_アルティメット_Var9967(80 users)
Gen 820 | Meta Shift: 超_ミュウツー_究極_V6_アルティメット_Var9266(120 users) over 水_スイクン_グッズ偏重_V3_Var2641(80 users)
Gen 821 | Meta Shift: 龍悪_ギラダク_安定_V1_Var2407(120 users) over 超_ゲンガー_究極_V6_アルティメット_Var1182(80 users)
Gen 822 | Meta Shift: 悪_ダークライ睡眠_究極_V6_アルティメット_Var3154(120 users) over 水_スイクン_グッズ偏重_V3_Var934(80 users)
Gen 823 | Meta Shift: 炎_リザードンX_究極_V6_アルティメット_Var3560(120 users) over 水_スイクン_グッズ偏重_V3_Var8794(80 users)
Gen 824 | Meta Shift: 草_ナッシー_安定_V1_Var8720(120 users) over 草_フシギバナ_究極_V6_アルティメット_Var6654(80 users)
Gen 825 | Meta Shift: 悪_ダークライ睡眠_グッズ偏重_V3_Var723(120 users) over 龍悪_ギラダク_究極_V6_アルティメット_Var3436(80 users)
Gen 826 | Meta Shift: 炎_リザードンX_グッズ偏重_V3_Var2497(120 users) over 炎_リザードンX_究極_V6_アルティメット_Var4604(80 users)
Gen 827 | Meta Shift: 水_スイクン_安定_V1_Var5990(120 users) over 雷_ライコウ_グッズ偏重_V3_Var8440(80 users)
Gen 828 | Meta Shift: 龍悪_ギラダク_安定_V1_Var8622(120 users) over 水_スイクンセグレイブ_究極_V6_アルティメット_Var8193(80 users)
Gen 829 | Meta Shift: 炎_リザードンX_グッズ偏重_V3_Var4757(120 users) over 水_スイクン_安定_V1_Var3487(80 users)
Gen 830 | Meta Shift: 闘_ガブルカ_グッズ偏重_V3_Var8872(120 users) over 悪_ダークライ睡眠_安定_V1_Var5873(80 users)
Gen 831 | Meta Shift: 超_ゲンガー_安定_V1_Var385(120 users) over 草_フシギバナ_グッズ偏重_V3_Var582(80 users)
Gen 832 | Meta Shift: 鋼_メルルギア_安定_V1_Var4336(120 users) over 草_ナッシー_グッズ偏重_V3_Var6418(80 users)
Gen 833 | Meta Shift: 龍悪_ギラダク_究極_V6_アルティメット_Var1896(120 users) over 龍悪_ギラダク_グッズ偏重_V3_Var1940(80 users)
Gen 834 | Meta Shift: 水_スイクンセグレイブ_グッズ偏重_V3_Var4414(120 users) over 草_フシギバナ_安定_V1_Var9489(80 users)
Gen 835 | Meta Shift: 悪_ダークライ睡眠_グッズ偏重_V3_Var1461(120 users) over 雷_ライコウ_グッズ偏重_V3_Var3249(80 users)
Gen 836 | Meta Shift: 水_スイクン_究極_V6_アルティメット_Var6252(120 users) over 鋼_メルルギア_安定_V1_Var9720(80 users)
Gen 837 | Meta Shift: 悪_ダークライ睡眠_究極_V6_アルティメット_Var9909(120 users) over 水_スイクン_安定_V1_Var661(80 users)
Gen 838 | Meta Shift: 悪_ダークライ睡眠_グッズ偏重_V3_Var5845(120 users) over 水_スイクンセグレイブ_安定_V1_Var1074(80 users)
Gen 839 | Meta Shift: 超_ゲンガー_安定_V1_Var7379(120 users) over 草_フシギバナ_究極_V6_アルティメット_Var4202(80 users)
Gen 840 | Meta Shift: 龍悪_ギラダク_グッズ偏重_V3_Var5857(120 users) over 超_ミュウツー_究極_V6_アルティメット_Var887(80 users)
Gen 841 | Meta Shift: 悪_ダークライ睡眠_安定_V1_Var1284(120 users) over 闘_ガブルカ_安定_V1_Var1943(100 users)
Gen 842 | Meta Shift: 水_スイクン_グッズ偏重_V3_Var5188(120 users) over 水_スイクン_安定_V1_Var7511(80 users)
Gen 843 | Meta Shift: 水_スイクン_究極_V6_アルティメット_Var9453(120 users) over 草_ナッシー_安定_V1_Var1611(80 users)
Gen 844 | Meta Shift: 雷_ライコウ_究極_V6_アルティメット_Var1192(120 users) over 炎_リザードンX_究極_V6_アルティメット_Var6782(80 users)
Gen 845 | Meta Shift: 龍悪_ギラダク_グッズ偏重_V3_Var3983(140 users) over 雷_ライコウ_究極_V6_アルティメット_Var614(80 users)
Gen 846 | Meta Shift: 悪_ダークライ睡眠_グッズ偏重_V3_Var9527(120 users) over 闘_ガブルカ_グッズ偏重_V3_Var8526(80 users)
Gen 847 | Meta Shift: 悪_ダークライ睡眠_グッズ偏重_V3_Var6597(120 users) over 草_ナッシー_安定_V1_Var4626(60 users)
Gen 848 | Meta Shift: 鋼_メルルギア_安定_V1_Var5832(140 users) over 超_ミュウツー_グッズ偏重_V3_Var8995(80 users)
Gen 849 | Meta Shift: 鋼_メルルギア_グッズ偏重_V3_Var4163(100 users) over 草_ナッシー_究極_V6_アルティメット_Var6918(80 users)
Gen 850 | Meta Shift: 水_スイクン_グッズ偏重_V3_Var4446(120 users) over 超_ゲンガー_安定_V1_Var455(80 users)
Gen 851 | Meta Shift: 草_フシギバナ_安定_V1_Var482(120 users) over 草_フシギバナ_安定_V1_Var4195(80 users)
Gen 852 | Meta Shift: 炎_リザードンX_グッズ偏重_V3_Var8839(120 users) over 超_ゲンガー_安定_V1_Var385(100 users)
Gen 853 | Meta Shift: 悪_ダークライ睡眠_安定_V1_Var7830(140 users) over 草_ナッシー_グッズ偏重_V3_Var3748(80 users)
Gen 854 | Meta Shift: 超_ゲンガー_グッズ偏重_V3_Var718(120 users) over 鋼_メルルギア_究極_V6_アルティメット_Var7703(80 users)
Gen 855 | Meta Shift: 闘_ガブルカ_グッズ偏重_V3_Var7549(120 users) over 水_スイクンセグレイブ_安定_V1_Var1577(80 users)
Gen 856 | Meta Shift: 鋼_メルルギア_安定_V1_Var8455(120 users) over 闘_ガブルカ_安定_V1_Var8159(80 users)
Gen 857 | Meta Shift: 悪_ダークライ睡眠_グッズ偏重_V3_Var6429(120 users) over 草_フシギバナ_究極_V6_アルティメット_Var5275(80 users)
Gen 858 | Meta Shift: 炎_リザードンX_究極_V6_アルティメット_Var977(100 users) over 炎_リザードンX_グッズ偏重_V3_Var3293(80 users)
Gen 859 | Meta Shift: 雷_ライコウ_グッズ偏重_V3_Var3399(120 users) over 闘_ガブルカ_安定_V1_Var5711(80 users)
Gen 860 | Meta Shift: 草_ナッシー_究極_V6_アルティメット_Var6574(120 users) over 超_ゲンガー_究極_V6_アルティメット_Var2022(80 users)
Gen 861 | Meta Shift: 草_ナッシー_究極_V6_アルティメット_Var5158(120 users) over 水_スイクン_安定_V1_Var6912(80 users)
Gen 862 | Meta Shift: 水_スイクン_安定_V1_Var6627(100 users) over 悪_ダークライ睡眠_安定_V1_Var1191(80 users)
Gen 863 | Meta Shift: 水_スイクン_グッズ偏重_V3_Var5129(120 users) over 水_スイクン_安定_V1_Var2287(80 users)
Gen 864 | Meta Shift: 草_ナッシー_安定_V1_Var1980(120 users) over 超_ミュウツー_グッズ偏重_V3_Var2074(80 users)
Gen 865 | Meta Shift: 雷_ライコウ_究極_V6_アルティメット_Var9382(120 users) over 炎_リザードンX_安定_V1_Var5433(80 users)
Gen 866 | Meta Shift: 炎_リザードンX_究極_V6_アルティメット_Var777(120 users) over 水_スイクン_グッズ偏重_V3_Var2410(80 users)
Gen 867 | Meta Shift: 超_ミュウツー_安定_V1_Var4731(120 users) over 水_スイクン_安定_V1_Var5990(100 users)
Gen 868 | Meta Shift: 闘_ガブルカ_グッズ偏重_V3_Var851(120 users) over 水_スイクン_究極_V6_アルティメット_Var8796(100 users)
Gen 869 | Meta Shift: 水_スイクン_安定_V1_Var6512(120 users) over 水_スイクンセグレイブ_グッズ偏重_V3_Var4093(80 users)
Gen 870 | Meta Shift: 鋼_メルルギア_安定_V1_Var5344(120 users) over 草_フシギバナ_グッズ偏重_V3_Var8861(80 users)
Gen 871 | Meta Shift: 超_ゲンガー_グッズ偏重_V3_Var2457(120 users) over 龍悪_ギラダク_究極_V6_アルティメット_Var820(80 users)
Gen 872 | Meta Shift: 闘_ガブルカ_究極_V6_アルティメット_Var7422(120 users) over 龍悪_ギラダク_究極_V6_アルティメット_Var2078(80 users)
Gen 873 | Meta Shift: 草_ナッシー_グッズ偏重_V3_Var9563(120 users) over 水_スイクン_グッズ偏重_V3_Var8200(80 users)
Gen 874 | Meta Shift: 闘_ガブルカ_安定_V1_Var3072(120 users) over 悪_ダークライ睡眠_グッズ偏重_V3_Var2091(80 users)
Gen 875 | Meta Shift: 龍悪_ギラダク_グッズ偏重_V3_Var8106(100 users) over 超_ミュウツー_グッズ偏重_V3_Var7004(60 users)
Gen 876 | Meta Shift: 草_フシギバナ_究極_V6_アルティメット_Var1214(120 users) over 草_ナッシー_安定_V1_Var6823(80 users)
Gen 877 | Meta Shift: 炎_リザードンX_究極_V6_アルティメット_Var2578(120 users) over 草_フシギバナ_究極_V6_アルティメット_Var2653(80 users)
Gen 878 | Meta Shift: 龍悪_ギラダク_グッズ偏重_V3_Var2420(120 users) over 水_スイクン_究極_V6_アルティメット_Var1012(80 users)
Gen 879 | Meta Shift: 草_ナッシー_安定_V1_Var4499(100 users) over 闘_ガブルカ_究極_V6_アルティメット_Var5171(80 users)
Gen 880 | Meta Shift: 超_ゲンガー_グッズ偏重_V3_Var5323(120 users) over 鋼_メルルギア_究極_V6_アルティメット_Var1471(100 users)
Gen 881 | Meta Shift: 鋼_メルルギア_安定_V1_Var899(120 users) over 雷_ライコウ_究極_V6_アルティメット_Var615(100 users)
Gen 882 | Meta Shift: 鋼_メルルギア_究極_V6_アルティメット_Var5083(120 users) over 草_フシギバナ_究極_V6_アルティメット_Var337(80 users)
Gen 883 | Meta Shift: 闘_ガブルカ_グッズ偏重_V3_Var6928(100 users) over 雷_ライコウ_究極_V6_アルティメット_Var5724(80 users)
Gen 884 | Meta Shift: 悪_ダークライ睡眠_究極_V6_アルティメット_Var7588(120 users) over 水_スイクン_グッズ偏重_V3_Var313(100 users)
Gen 885 | Meta Shift: 闘_ガブルカ_グッズ偏重_V3_Var8490(120 users) over 龍悪_ギラダク_究極_V6_アルティメット_Var6503(80 users)
Gen 886 | Meta Shift: 鋼_メルルギア_安定_V1_Var9515(120 users) over 超_ゲンガー_グッズ偏重_V3_Var587(60 users)
Gen 887 | Meta Shift: 龍悪_ギラダク_グッズ偏重_V3_Var6375(120 users) over 悪_ダークライ睡眠_グッズ偏重_V3_Var7676(80 users)
Gen 888 | Meta Shift: 悪_ダークライ睡眠_安定_V1_Var5803(120 users) over 草_ナッシー_安定_V1_Var3263(80 users)
Gen 889 | Meta Shift: 草_フシギバナ_究極_V6_アルティメット_Var6446(120 users) over 草_フシギバナ_安定_V1_Var1487(80 users)
Gen 890 | Meta Shift: 龍悪_ギラダク_究極_V6_アルティメット_Var1339(120 users) over 水_スイクンセグレイブ_安定_V1_Var3468(80 users)
Gen 891 | Meta Shift: 水_スイクン_安定_V1_Var6476(140 users) over 水_スイクンセグレイブ_グッズ偏重_V3_Var5347(80 users)
Gen 892 | Meta Shift: 超_ミュウツー_グッズ偏重_V3_Var6300(120 users) over 闘_ガブルカ_究極_V6_アルティメット_Var259(80 users)
Gen 893 | Meta Shift: 龍悪_ギラダク_究極_V6_アルティメット_Var793(120 users) over 水_スイクンセグレイブ_安定_V1_Var4778(100 users)
Gen 894 | Meta Shift: 雷_ライコウ_グッズ偏重_V3_Var2759(120 users) over 水_スイクンセグレイブ_グッズ偏重_V3_Var3991(80 users)
Gen 895 | Meta Shift: 鋼_メルルギア_究極_V6_アルティメット_Var2383(120 users) over 雷_ライコウ_安定_V1_Var5872(80 users)
Gen 896 | Meta Shift: 水_スイクンセグレイブ_安定_V1_Var7868(120 users) over 炎_リザードンX_究極_V6_アルティメット_Var8962(80 users)
Gen 897 | Meta Shift: 雷_ライコウ_究極_V6_アルティメット_Var614(100 users) over 超_ミュウツー_究極_V6_アルティメット_Var1752(80 users)
Gen 898 | Meta Shift: 超_ゲンガー_究極_V6_アルティメット_Var4469(120 users) over 水_スイクン_究極_V6_アルティメット_Var4468(80 users)
Gen 899 | Meta Shift: 鋼_メルルギア_究極_V6_アルティメット_Var1894(120 users) over 水_スイクン_安定_V1_Var1758(80 users)
Gen 900 | Meta Shift: 水_スイクン_グッズ偏重_V3_Var9311(120 users) over 闘_ガブルカ_安定_V1_Var2103(80 users)
Gen 901 | Meta Shift: 草_フシギバナ_究極_V6_アルティメット_Var1666(120 users) over 超_ゲンガー_安定_V1_Var4075(80 users)
Gen 902 | Meta Shift: 超_ゲンガー_安定_V1_Var4589(120 users) over 超_ミュウツー_グッズ偏重_V3_Var325(80 users)
Gen 903 | Meta Shift: 雷_ライコウ_グッズ偏重_V3_Var111(160 users) over 水_スイクンセグレイブ_安定_V1_Var566(80 users)
Gen 904 | Meta Shift: 鋼_メルルギア_グッズ偏重_V3_Var7261(120 users) over 草_ナッシー_究極_V6_アルティメット_Var11(80 users)
Gen 905 | Meta Shift: 草_フシギバナ_究極_V6_アルティメット_Var7343(120 users) over 悪_ダークライ睡眠_グッズ偏重_V3_Var725(60 users)
Gen 906 | Meta Shift: 闘_ガブルカ_究極_V6_アルティメット_Var5378(120 users) over 超_ミュウツー_グッズ偏重_V3_Var286(60 users)
Gen 907 | Meta Shift: 雷_ライコウ_グッズ偏重_V3_Var5090(120 users) over 闘_ガブルカ_グッズ偏重_V3_Var3276(80 users)
Gen 908 | Meta Shift: 超_ゲンガー_グッズ偏重_V3_Var167(140 users) over 雷_ライコウ_グッズ偏重_V3_Var9197(80 users)
Gen 909 | Meta Shift: 草_ナッシー_安定_V1_Var7536(120 users) over 闘_ガブルカ_安定_V1_Var3073(80 users)
Gen 910 | Meta Shift: 雷_ライコウ_究極_V6_アルティメット_Var6652(120 users) over 炎_リザードンX_安定_V1_Var8824(80 users)
Gen 911 | Meta Shift: 水_スイクンセグレイブ_究極_V6_アルティメット_Var4432(120 users) over 鋼_メルルギア_グッズ偏重_V3_Var6540(60 users)
Gen 912 | Meta Shift: 悪_ダークライ睡眠_安定_V1_Var657(120 users) over 超_ミュウツー_究極_V6_アルティメット_Var9893(80 users)
Gen 913 | Meta Shift: 水_スイクン_安定_V1_Var8683(120 users) over 闘_ガブルカ_グッズ偏重_V3_Var1174(80 users)
Gen 914 | Meta Shift: 龍悪_ギラダク_究極_V6_アルティメット_Var1250(120 users) over 炎_リザードンX_究極_V6_アルティメット_Var5902(80 users)
Gen 915 | Meta Shift: 水_スイクン_安定_V1_Var6496(100 users) over 闘_ガブルカ_安定_V1_Var984(80 users)
Gen 916 | Meta Shift: 超_ミュウツー_グッズ偏重_V3_Var8993(120 users) over 水_スイクンセグレイブ_グッズ偏重_V3_Var6941(80 users)
Gen 917 | Meta Shift: 悪_ダークライ睡眠_安定_V1_Var7097(140 users) over 水_スイクン_グッズ偏重_V3_Var2979(80 users)
Gen 918 | Meta Shift: 超_ミュウツー_究極_V6_アルティメット_Var2346(120 users) over 草_フシギバナ_安定_V1_Var8656(80 users)
Gen 919 | Meta Shift: 草_ナッシー_安定_V1_Var9028(120 users) over 水_スイクンセグレイブ_グッズ偏重_V3_Var6840(60 users)
Gen 920 | Meta Shift: 雷_ライコウ_グッズ偏重_V3_Var9844(120 users) over 超_ミュウツー_グッズ偏重_V3_Var2025(80 users)
Gen 921 | Meta Shift: 雷_ライコウ_グッズ偏重_V3_Var7454(120 users) over 水_スイクンセグレイブ_究極_V6_アルティメット_Var9061(80 users)
Gen 922 | Meta Shift: 超_ミュウツー_究極_V6_アルティメット_Var4883(100 users) over 水_スイクン_グッズ偏重_V3_Var6604(80 users)
Gen 923 | Meta Shift: 悪_ダークライ睡眠_グッズ偏重_V3_Var9228(120 users) over 草_ナッシー_グッズ偏重_V3_Var5419(80 users)
Gen 924 | Meta Shift: 龍悪_ギラダク_グッズ偏重_V3_Var8941(120 users) over 草_ナッシー_安定_V1_Var9235(80 users)
Gen 925 | Meta Shift: 鋼_メルルギア_究極_V6_アルティメット_Var7409(120 users) over 龍悪_ギラダク_安定_V1_Var6060(80 users)
Gen 926 | Meta Shift: 水_スイクンセグレイブ_究極_V6_アルティメット_Var9023(120 users) over 雷_ライコウ_グッズ偏重_V3_Var7859(80 users)
Gen 927 | Meta Shift: 悪_ダークライ睡眠_究極_V6_アルティメット_Var733(120 users) over 炎_リザードンX_グッズ偏重_V3_Var1767(80 users)
Gen 928 | Meta Shift: 草_ナッシー_安定_V1_Var6783(120 users) over 草_ナッシー_究極_V6_アルティメット_Var97(80 users)
Gen 929 | Meta Shift: 草_フシギバナ_究極_V6_アルティメット_Var2309(120 users) over 草_ナッシー_グッズ偏重_V3_Var9785(80 users)
Gen 930 | Meta Shift: 悪_ダークライ睡眠_究極_V6_アルティメット_Var8396(120 users) over 炎_リザードンX_安定_V1_Var4449(80 users)
Gen 931 | Meta Shift: 超_ミュウツー_安定_V1_Var9671(120 users) over 鋼_メルルギア_グッズ偏重_V3_Var7412(80 users)
Gen 932 | Meta Shift: 闘_ガブルカ_グッズ偏重_V3_Var918(100 users) over 闘_ガブルカ_安定_V1_Var9895(80 users)
Gen 933 | Meta Shift: 超_ミュウツー_究極_V6_アルティメット_Var6970(140 users) over 炎_リザードンX_安定_V1_Var1092(80 users)
Gen 934 | Meta Shift: 草_ナッシー_グッズ偏重_V3_Var596(120 users) over 草_フシギバナ_グッズ偏重_V3_Var1099(80 users)
Gen 935 | Meta Shift: 草_ナッシー_究極_V6_アルティメット_Var4934(100 users) over 炎_リザードンX_究極_V6_アルティメット_Var7581(80 users)
Gen 936 | Meta Shift: 闘_ガブルカ_安定_V1_Var3317(120 users) over 超_ゲンガー_安定_V1_Var9861(80 users)
Gen 937 | Meta Shift: 超_ミュウツー_グッズ偏重_V3_Var3413(120 users) over 草_フシギバナ_究極_V6_アルティメット_Var4292(80 users)
Gen 938 | Meta Shift: 龍悪_ギラダク_究極_V6_アルティメット_Var8242(120 users) over 超_ゲンガー_安定_V1_Var5322(80 users)
Gen 939 | Meta Shift: 雷_ライコウ_グッズ偏重_V3_Var7565(100 users) over 水_スイクン_安定_V1_Var1915(80 users)
Gen 940 | Meta Shift: 超_ミュウツー_グッズ偏重_V3_Var4088(120 users) over 龍悪_ギラダク_グッズ偏重_V3_Var9869(80 users)
Gen 941 | Meta Shift: 鋼_メルルギア_安定_V1_Var3174(120 users) over 鋼_メルルギア_グッズ偏重_V3_Var8759(80 users)
Gen 942 | Meta Shift: 草_ナッシー_グッズ偏重_V3_Var7670(120 users) over 超_ゲンガー_究極_V6_アルティメット_Var5476(80 users)
Gen 943 | Meta Shift: 闘_ガブルカ_安定_V1_Var2103(100 users) over 水_スイクン_究極_V6_アルティメット_Var7578(80 users)
Gen 944 | Meta Shift: 水_スイクン_安定_V1_Var7296(120 users) over 炎_リザードンX_安定_V1_Var9048(80 users)
Gen 945 | Meta Shift: 水_スイクンセグレイブ_グッズ偏重_V3_Var531(120 users) over 炎_リザードンX_究極_V6_アルティメット_Var9829(80 users)
Gen 946 | Meta Shift: 水_スイクン_究極_V6_アルティメット_Var1853(120 users) over 悪_ダークライ睡眠_安定_V1_Var815(80 users)
Gen 947 | Meta Shift: 鋼_メルルギア_安定_V1_Var654(120 users) over 草_ナッシー_安定_V1_Var9059(100 users)
Gen 948 | Meta Shift: 悪_ダークライ睡眠_グッズ偏重_V3_Var9180(120 users) over 水_スイクン_グッズ偏重_V3_Var5224(80 users)
Gen 949 | Meta Shift: 水_スイクン_グッズ偏重_V3_Var6293(120 users) over 炎_リザードンX_グッズ偏重_V3_Var538(80 users)
Gen 950 | Meta Shift: 鋼_メルルギア_グッズ偏重_V3_Var3710(120 users) over 炎_リザードンX_究極_V6_アルティメット_Var904(80 users)
Gen 951 | Meta Shift: 水_スイクンセグレイブ_究極_V6_アルティメット_Var6846(120 users) over 水_スイクンセグレイブ_究極_V6_アルティメット_Var2627(80 users)
Gen 952 | Meta Shift: 悪_ダークライ睡眠_グッズ偏重_V3_Var8320(120 users) over 悪_ダークライ睡眠_グッズ偏重_V3_Var3896(80 users)
Gen 953 | Meta Shift: 草_ナッシー_究極_V6_アルティメット_Var347(140 users) over 超_ゲンガー_究極_V6_アルティメット_Var6712(80 users)
Gen 954 | Meta Shift: 超_ゲンガー_安定_V1_Var3984(120 users) over 雷_ライコウ_安定_V1_Var2066(80 users)
Gen 955 | Meta Shift: 悪_ダークライ睡眠_安定_V1_Var3061(120 users) over 龍悪_ギラダク_グッズ偏重_V3_Var8883(80 users)
Gen 956 | Meta Shift: 闘_ガブルカ_究極_V6_アルティメット_Var9508(100 users) over 水_スイクンセグレイブ_安定_V1_Var2965(80 users)
Gen 957 | Meta Shift: 雷_ライコウ_グッズ偏重_V3_Var1222(120 users) over 闘_ガブルカ_究極_V6_アルティメット_Var1751(80 users)
Gen 958 | Meta Shift: 龍悪_ギラダク_究極_V6_アルティメット_Var3395(120 users) over 炎_リザードンX_安定_V1_Var5377(80 users)
Gen 959 | Meta Shift: 草_フシギバナ_究極_V6_アルティメット_Var7257(120 users) over 闘_ガブルカ_グッズ偏重_V3_Var6928(80 users)
Gen 960 | Meta Shift: 雷_ライコウ_グッズ偏重_V3_Var3306(120 users) over 草_フシギバナ_究極_V6_アルティメット_Var5051(80 users)
Gen 961 | Meta Shift: 水_スイクンセグレイブ_安定_V1_Var4122(120 users) over 草_ナッシー_究極_V6_アルティメット_Var9195(80 users)
Gen 962 | Meta Shift: 鋼_メルルギア_グッズ偏重_V3_Var5931(120 users) over 悪_ダークライ睡眠_安定_V1_Var217(80 users)
Gen 963 | Meta Shift: 水_スイクン_グッズ偏重_V3_Var2320(140 users) over 炎_リザードンX_究極_V6_アルティメット_Var1149(100 users)
Gen 964 | Meta Shift: 超_ゲンガー_安定_V1_Var9745(120 users) over 炎_リザードンX_グッズ偏重_V3_Var9315(80 users)
Gen 965 | Meta Shift: 草_フシギバナ_グッズ偏重_V3_Var7937(120 users) over 雷_ライコウ_安定_V1_Var4569(80 users)
Gen 966 | Meta Shift: 水_スイクンセグレイブ_グッズ偏重_V3_Var8517(100 users) over 草_ナッシー_安定_V1_Var2580(80 users)
Gen 967 | Meta Shift: 雷_ライコウ_安定_V1_Var627(120 users) over 超_ゲンガー_究極_V6_アルティメット_Var1482(60 users)
Gen 968 | Meta Shift: 草_フシギバナ_グッズ偏重_V3_Var26(120 users) over 超_ミュウツー_究極_V6_アルティメット_Var4693(80 users)
Gen 969 | Meta Shift: 雷_ライコウ_安定_V1_Var48(120 users) over 超_ゲンガー_グッズ偏重_V3_Var9589(100 users)
Gen 970 | Meta Shift: 悪_ダークライ睡眠_グッズ偏重_V3_Var6887(120 users) over 草_ナッシー_安定_V1_Var2961(80 users)
Gen 971 | Meta Shift: 闘_ガブルカ_安定_V1_Var4380(120 users) over 草_フシギバナ_グッズ偏重_V3_Var2339(80 users)
Gen 972 | Meta Shift: 雷_ライコウ_究極_V6_アルティメット_Var9128(120 users) over 草_ナッシー_グッズ偏重_V3_Var1722(80 users)
Gen 973 | Meta Shift: 鋼_メルルギア_グッズ偏重_V3_Var5732(120 users) over 炎_リザードンX_グッズ偏重_V3_Var3313(80 users)
Gen 974 | Meta Shift: 闘_ガブルカ_究極_V6_アルティメット_Var9232(100 users) over 水_スイクンセグレイブ_究極_V6_アルティメット_Var7019(80 users)
Gen 975 | Meta Shift: 悪_ダークライ睡眠_安定_V1_Var7830(160 users) over 超_ミュウツー_究極_V6_アルティメット_Var358(80 users)
Gen 976 | Meta Shift: 悪_ダークライ睡眠_究極_V6_アルティメット_Var6625(120 users) over 草_ナッシー_グッズ偏重_V3_Var1059(80 users)
Gen 977 | Meta Shift: 超_ゲンガー_グッズ偏重_V3_Var8104(140 users) over 龍悪_ギラダク_グッズ偏重_V3_Var7196(80 users)
Gen 978 | Meta Shift: 鋼_メルルギア_安定_V1_Var211(120 users) over 水_スイクン_グッズ偏重_V3_Var3435(80 users)
Gen 979 | Meta Shift: 闘_ガブルカ_グッズ偏重_V3_Var9305(120 users) over 龍悪_ギラダク_安定_V1_Var2551(80 users)
Gen 980 | Meta Shift: 超_ゲンガー_安定_V1_Var7889(120 users) over 超_ゲンガー_安定_V1_Var3591(80 users)
Gen 981 | Meta Shift: 闘_ガブルカ_グッズ偏重_V3_Var6031(120 users) over 草_フシギバナ_究極_V6_アルティメット_Var3665(80 users)
Gen 982 | Meta Shift: 炎_リザードンX_安定_V1_Var9852(120 users) over 超_ゲンガー_グッズ偏重_V3_Var3241(80 users)
Gen 983 | Meta Shift: 雷_ライコウ_究極_V6_アルティメット_Var9502(140 users) over 龍悪_ギラダク_究極_V6_アルティメット_Var9296(80 users)
Gen 984 | Meta Shift: 悪_ダークライ睡眠_安定_V1_Var4478(120 users) over 炎_リザードンX_安定_V1_Var5119(60 users)
Gen 985 | Meta Shift: 草_ナッシー_究極_V6_アルティメット_Var4949(120 users) over 超_ゲンガー_安定_V1_Var2777(80 users)
Gen 986 | Meta Shift: 闘_ガブルカ_究極_V6_アルティメット_Var1121(120 users) over 超_ゲンガー_究極_V6_アルティメット_Var6117(80 users)
Gen 987 | Meta Shift: 闘_ガブルカ_安定_V1_Var969(120 users) over 超_ゲンガー_安定_V1_Var5571(80 users)
Gen 988 | Meta Shift: 龍悪_ギラダク_究極_V6_アルティメット_Var5272(120 users) over 草_フシギバナ_究極_V6_アルティメット_Var5632(80 users)
Gen 989 | Meta Shift: 悪_ダークライ睡眠_究極_V6_アルティメット_Var402(120 users) over 草_ナッシー_究極_V6_アルティメット_Var649(80 users)
Gen 990 | Meta Shift: 水_スイクンセグレイブ_グッズ偏重_V3_Var4907(100 users) over 龍悪_ギラダク_究極_V6_アルティメット_Var8451(80 users)
Gen 991 | Meta Shift: 草_ナッシー_究極_V6_アルティメット_Var3472(120 users) over 闘_ガブルカ_グッズ偏重_V3_Var918(80 users)
Gen 992 | Meta Shift: 悪_ダークライ睡眠_安定_V1_Var1084(120 users) over 闘_ガブルカ_究極_V6_アルティメット_Var2433(80 users)
Gen 993 | Meta Shift: 炎_リザードンX_グッズ偏重_V3_Var1368(140 users) over 草_フシギバナ_安定_V1_Var6983(100 users)
Gen 994 | Meta Shift: 草_フシギバナ_安定_V1_Var2095(120 users) over 鋼_メルルギア_安定_V1_Var6763(80 users)
Gen 995 | Meta Shift: 悪_ダークライ睡眠_グッズ偏重_V3_Var5270(120 users) over 草_ナッシー_安定_V1_Var8436(80 users)
Gen 996 | Meta Shift: 悪_ダークライ睡眠_安定_V1_Var8680(140 users) over 炎_リザードンX_グッズ偏重_V3_Var4887(80 users)
Gen 997 | Meta Shift: 鋼_メルルギア_グッズ偏重_V3_Var3377(120 users) over 鋼_メルルギア_究極_V6_アルティメット_Var6347(80 users)
Gen 998 | Meta Shift: 悪_ダークライ睡眠_安定_V1_Var8467(120 users) over 水_スイクンセグレイブ_グッズ偏重_V3_Var6910(80 users)
Gen 999 | Meta Shift: 水_スイクン_究極_V6_アルティメット_Var457(120 users) over 草_フシギバナ_安定_V1_Var7787(80 users)
Gen 1000 | Meta Shift: 悪_ダークライ睡眠_安定_V1_Var7577(120 users) over 雷_ライコウ_究極_V6_アルティメット_Var4283(80 users)
Gen 1001 | Meta Shift: 龍悪_ギラダク_究極_V6_アルティメット_Var997(120 users) over 超_ゲンガー_究極_V6_アルティメット_Var9359(80 users)
Gen 1002 | Meta Shift: 悪_ダークライ睡眠_究極_V6_アルティメット_Var150(120 users) over 水_スイクンセグレイブ_究極_V6_アルティメット_Var8677(80 users)
Gen 1003 | Meta Shift: 水_スイクン_グッズ偏重_V3_Var917(120 users) over 闘_ガブルカ_グッズ偏重_V3_Var5038(80 users)
Gen 1004 | Meta Shift: 鋼_メルルギア_グッズ偏重_V3_Var4141(120 users) over 鋼_メルルギア_究極_V6_アルティメット_Var6012(60 users)
Gen 1005 | Meta Shift: 超_ミュウツー_グッズ偏重_V3_Var7449(120 users) over 鋼_メルルギア_究極_V6_アルティメット_Var5541(80 users)
Gen 1006 | Meta Shift: 草_フシギバナ_安定_V1_Var2707(140 users) over 超_ゲンガー_グッズ偏重_V3_Var2525(80 users)
Gen 1007 | Meta Shift: 龍悪_ギラダク_グッズ偏重_V3_Var8847(140 users) over 超_ゲンガー_究極_V6_アルティメット_Var5981(60 users)
Gen 1008 | Meta Shift: 悪_ダークライ睡眠_究極_V6_アルティメット_Var8011(120 users) over 龍悪_ギラダク_究極_V6_アルティメット_Var5558(80 users)
Gen 1009 | Meta Shift: 雷_ライコウ_グッズ偏重_V3_Var1893(120 users) over 雷_ライコウ_グッズ偏重_V3_Var3752(80 users)
Gen 1010 | Meta Shift: 鋼_メルルギア_安定_V1_Var6464(120 users) over 悪_ダークライ睡眠_究極_V6_アルティメット_Var8046(100 users)
Gen 1011 | Meta Shift: 炎_リザードンX_安定_V1_Var8390(120 users) over 龍悪_ギラダク_グッズ偏重_V3_Var3294(80 users)
Gen 1012 | Meta Shift: 超_ミュウツー_グッズ偏重_V3_Var2160(120 users) over 雷_ライコウ_安定_V1_Var5280(80 users)
Gen 1013 | Meta Shift: 鋼_メルルギア_究極_V6_アルティメット_Var8210(120 users) over 草_フシギバナ_安定_V1_Var2459(80 users)
Gen 1014 | Meta Shift: 鋼_メルルギア_安定_V1_Var9791(120 users) over 草_ナッシー_究極_V6_アルティメット_Var3191(80 users)
Gen 1015 | Meta Shift: 鋼_メルルギア_安定_V1_Var7921(120 users) over 悪_ダークライ睡眠_グッズ偏重_V3_Var6581(80 users)
Gen 1016 | Meta Shift: 草_ナッシー_グッズ偏重_V3_Var8475(100 users) over 悪_ダークライ睡眠_グッズ偏重_V3_Var1047(80 users)
Gen 1017 | Meta Shift: 草_ナッシー_究極_V6_アルティメット_Var4775(120 users) over 草_ナッシー_安定_V1_Var8344(80 users)
Gen 1018 | Meta Shift: 草_フシギバナ_究極_V6_アルティメット_Var137(120 users) over 炎_リザードンX_究極_V6_アルティメット_Var708(80 users)
Gen 1019 | Meta Shift: 超_ゲンガー_グッズ偏重_V3_Var8174(120 users) over 超_ゲンガー_究極_V6_アルティメット_Var9103(100 users)
Gen 1020 | Meta Shift: 鋼_メルルギア_グッズ偏重_V3_Var3580(140 users) over 炎_リザードンX_グッズ偏重_V3_Var4807(80 users)
Gen 1021 | Meta Shift: 水_スイクンセグレイブ_安定_V1_Var5436(140 users) over 鋼_メルルギア_安定_V1_Var856(80 users)
Gen 1022 | Meta Shift: 悪_ダークライ睡眠_安定_V1_Var6705(120 users) over 水_スイクンセグレイブ_安定_V1_Var3548(80 users)
Gen 1023 | Meta Shift: 水_スイクン_安定_V1_Var1889(120 users) over 炎_リザードンX_安定_V1_Var8820(80 users)
Gen 1024 | Meta Shift: 水_スイクン_安定_V1_Var1023(100 users) over 雷_ライコウ_究極_V6_アルティメット_Var5535(80 users)
Gen 1025 | Meta Shift: 炎_リザードンX_安定_V1_Var9421(120 users) over 超_ミュウツー_究極_V6_アルティメット_Var4277(80 users)
Gen 1026 | Meta Shift: 炎_リザードンX_究極_V6_アルティメット_Var6074(120 users) over 鋼_メルルギア_究極_V6_アルティメット_Var1553(80 users)
Gen 1027 | Meta Shift: 超_ゲンガー_安定_V1_Var8538(120 users) over 炎_リザードンX_究極_V6_アルティメット_Var735(80 users)
Gen 1028 | Meta Shift: 超_ゲンガー_究極_V6_アルティメット_Var5791(120 users) over 龍悪_ギラダク_安定_V1_Var1745(60 users)
Gen 1029 | Meta Shift: 超_ゲンガー_究極_V6_アルティメット_Var1996(120 users) over 悪_ダークライ睡眠_グッズ偏重_V3_Var4687(80 users)
Gen 1030 | Meta Shift: 闘_ガブルカ_究極_V6_アルティメット_Var1989(120 users) over 闘_ガブルカ_究極_V6_アルティメット_Var5098(80 users)
Gen 1031 | Meta Shift: 超_ミュウツー_究極_V6_アルティメット_Var818(120 users) over 炎_リザードンX_究極_V6_アルティメット_Var3731(80 users)
Gen 1032 | Meta Shift: 水_スイクン_究極_V6_アルティメット_Var885(140 users) over 水_スイクン_究極_V6_アルティメット_Var5911(80 users)
Gen 1033 | Meta Shift: 超_ゲンガー_グッズ偏重_V3_Var241(120 users) over 雷_ライコウ_安定_V1_Var6192(80 users)
Gen 1034 | Meta Shift: 鋼_メルルギア_グッズ偏重_V3_Var9950(120 users) over 炎_リザードンX_グッズ偏重_V3_Var697(80 users)
Gen 1035 | Meta Shift: 悪_ダークライ睡眠_グッズ偏重_V3_Var7589(120 users) over 悪_ダークライ睡眠_究極_V6_アルティメット_Var5790(80 users)
Gen 1036 | Meta Shift: 超_ミュウツー_究極_V6_アルティメット_Var9529(120 users) over 草_フシギバナ_安定_V1_Var8882(80 users)
Gen 1037 | Meta Shift: 悪_ダークライ睡眠_グッズ偏重_V3_Var2815(120 users) over 超_ミュウツー_安定_V1_Var5775(80 users)
Gen 1038 | Meta Shift: 龍悪_ギラダク_グッズ偏重_V3_Var8755(120 users) over 超_ゲンガー_究極_V6_アルティメット_Var9094(80 users)
Gen 1039 | Meta Shift: 闘_ガブルカ_究極_V6_アルティメット_Var423(120 users) over 鋼_メルルギア_グッズ偏重_V3_Var5008(100 users)
Gen 1040 | Meta Shift: 草_ナッシー_安定_V1_Var3319(120 users) over 超_ゲンガー_グッズ偏重_V3_Var6382(80 users)
Gen 1041 | Meta Shift: 闘_ガブルカ_究極_V6_アルティメット_Var127(120 users) over 草_ナッシー_安定_V1_Var9733(80 users)
Gen 1042 | Meta Shift: 闘_ガブルカ_究極_V6_アルティメット_Var8685(120 users) over 水_スイクンセグレイブ_究極_V6_アルティメット_Var227(80 users)
Gen 1043 | Meta Shift: 炎_リザードンX_究極_V6_アルティメット_Var8049(120 users) over 水_スイクン_究極_V6_アルティメット_Var1196(80 users)
Gen 1044 | Meta Shift: 闘_ガブルカ_グッズ偏重_V3_Var8294(100 users) over 闘_ガブルカ_グッズ偏重_V3_Var7781(80 users)
Gen 1045 | Meta Shift: 超_ゲンガー_グッズ偏重_V3_Var8880(120 users) over 雷_ライコウ_グッズ偏重_V3_Var1893(100 users)
Gen 1046 | Meta Shift: 鋼_メルルギア_安定_V1_Var4518(120 users) over 鋼_メルルギア_グッズ偏重_V3_Var7738(80 users)
Gen 1047 | Meta Shift: 草_フシギバナ_究極_V6_アルティメット_Var6120(120 users) over 龍悪_ギラダク_究極_V6_アルティメット_Var8636(80 users)
Gen 1048 | Meta Shift: 龍悪_ギラダク_グッズ偏重_V3_Var2804(120 users) over 水_スイクン_グッズ偏重_V3_Var5229(80 users)
Gen 1049 | Meta Shift: 鋼_メルルギア_グッズ偏重_V3_Var2130(120 users) over 鋼_メルルギア_究極_V6_アルティメット_Var1828(80 users)
Gen 1050 | Meta Shift: 龍悪_ギラダク_究極_V6_アルティメット_Var3007(120 users) over 炎_リザードンX_グッズ偏重_V3_Var9620(80 users)
Gen 1051 | Meta Shift: 闘_ガブルカ_安定_V1_Var8152(120 users) over 鋼_メルルギア_グッズ偏重_V3_Var3277(80 users)
Gen 1052 | Meta Shift: 雷_ライコウ_究極_V6_アルティメット_Var8089(120 users) over 超_ミュウツー_グッズ偏重_V3_Var8793(80 users)
Gen 1053 | Meta Shift: 水_スイクン_グッズ偏重_V3_Var664(120 users) over 水_スイクンセグレイブ_グッズ偏重_V3_Var1264(80 users)
Gen 1054 | Meta Shift: 鋼_メルルギア_安定_V1_Var8970(120 users) over 龍悪_ギラダク_安定_V1_Var6544(80 users)
Gen 1055 | Meta Shift: 雷_ライコウ_グッズ偏重_V3_Var9033(120 users) over 水_スイクン_究極_V6_アルティメット_Var123(80 users)
Gen 1056 | Meta Shift: 水_スイクンセグレイブ_安定_V1_Var6477(120 users) over 草_ナッシー_安定_V1_Var7424(80 users)
Gen 1057 | Meta Shift: 鋼_メルルギア_究極_V6_アルティメット_Var5568(140 users) over 悪_ダークライ睡眠_安定_V1_Var5959(100 users)
Gen 1058 | Meta Shift: 龍悪_ギラダク_安定_V1_Var524(120 users) over 龍悪_ギラダク_安定_V1_Var2192(80 users)
Gen 1059 | Meta Shift: 水_スイクンセグレイブ_グッズ偏重_V3_Var5359(120 users) over 雷_ライコウ_グッズ偏重_V3_Var5976(80 users)
Gen 1060 | Meta Shift: 超_ミュウツー_安定_V1_Var5968(120 users) over 草_ナッシー_究極_V6_アルティメット_Var5697(80 users)
Gen 1061 | Meta Shift: 悪_ダークライ睡眠_究極_V6_アルティメット_Var733(140 users) over 闘_ガブルカ_究極_V6_アルティメット_Var5374(80 users)
Gen 1062 | Meta Shift: 悪_ダークライ睡眠_安定_V1_Var5228(120 users) over 水_スイクンセグレイブ_グッズ偏重_V3_Var4373(80 users)
Gen 1063 | Meta Shift: 草_ナッシー_グッズ偏重_V3_Var5086(120 users) over 闘_ガブルカ_究極_V6_アルティメット_Var8290(80 users)
Gen 1064 | Meta Shift: 草_フシギバナ_究極_V6_アルティメット_Var5673(120 users) over 水_スイクンセグレイブ_究極_V6_アルティメット_Var6087(80 users)
Gen 1065 | Meta Shift: 草_ナッシー_グッズ偏重_V3_Var9536(140 users) over 草_フシギバナ_グッズ偏重_V3_Var9426(80 users)
Gen 1066 | Meta Shift: 超_ミュウツー_安定_V1_Var7400(120 users) over 草_ナッシー_グッズ偏重_V3_Var5162(80 users)
Gen 1067 | Meta Shift: 雷_ライコウ_安定_V1_Var1785(120 users) over 超_ミュウツー_究極_V6_アルティメット_Var2106(80 users)
Gen 1068 | Meta Shift: 龍悪_ギラダク_安定_V1_Var9140(120 users) over 鋼_メルルギア_グッズ偏重_V3_Var2556(80 users)
Gen 1069 | Meta Shift: 悪_ダークライ睡眠_究極_V6_アルティメット_Var9283(120 users) over 草_フシギバナ_究極_V6_アルティメット_Var337(60 users)
Gen 1070 | Meta Shift: 草_ナッシー_究極_V6_アルティメット_Var3895(120 users) over 闘_ガブルカ_究極_V6_アルティメット_Var8406(80 users)
Gen 1071 | Meta Shift: 超_ミュウツー_究極_V6_アルティメット_Var4294(120 users) over 闘_ガブルカ_グッズ偏重_V3_Var9610(80 users)
Gen 1072 | Meta Shift: 水_スイクン_究極_V6_アルティメット_Var572(120 users) over 超_ゲンガー_究極_V6_アルティメット_Var4279(100 users)
Gen 1073 | Meta Shift: 水_スイクン_究極_V6_アルティメット_Var2605(120 users) over 超_ゲンガー_安定_V1_Var7889(100 users)
Gen 1074 | Meta Shift: 草_ナッシー_安定_V1_Var3019(120 users) over 鋼_メルルギア_究極_V6_アルティメット_Var795(60 users)
Gen 1075 | Meta Shift: 水_スイクン_究極_V6_アルティメット_Var8113(120 users) over 鋼_メルルギア_安定_V1_Var4500(80 users)
Gen 1076 | Meta Shift: 炎_リザードンX_グッズ偏重_V3_Var6591(120 users) over 炎_リザードンX_安定_V1_Var247(80 users)
Gen 1077 | Meta Shift: 闘_ガブルカ_安定_V1_Var4900(100 users) over 草_フシギバナ_安定_V1_Var6142(80 users)
Gen 1078 | Meta Shift: 草_ナッシー_グッズ偏重_V3_Var373(120 users) over 水_スイクンセグレイブ_究極_V6_アルティメット_Var2100(60 users)
Gen 1079 | Meta Shift: 鋼_メルルギア_究極_V6_アルティメット_Var4188(120 users) over 水_スイクンセグレイブ_安定_V1_Var6723(80 users)
Gen 1080 | Meta Shift: 鋼_メルルギア_究極_V6_アルティメット_Var7891(120 users) over 水_スイクン_安定_V1_Var2189(80 users)
Gen 1081 | Meta Shift: 鋼_メルルギア_安定_V1_Var8939(120 users) over 鋼_メルルギア_グッズ偏重_V3_Var3520(80 users)
Gen 1082 | Meta Shift: 悪_ダークライ睡眠_安定_V1_Var975(120 users) over 草_ナッシー_安定_V1_Var147(80 users)
Gen 1083 | Meta Shift: 炎_リザードンX_究極_V6_アルティメット_Var8657(140 users) over 悪_ダークライ睡眠_安定_V1_Var9602(80 users)
Gen 1084 | Meta Shift: 龍悪_ギラダク_グッズ偏重_V3_Var3134(120 users) over 水_スイクンセグレイブ_究極_V6_アルティメット_Var2586(100 users)
Gen 1085 | Meta Shift: 超_ミュウツー_安定_V1_Var7219(120 users) over 草_ナッシー_安定_V1_Var6698(80 users)
Gen 1086 | Meta Shift: 水_スイクン_安定_V1_Var3418(120 users) over 炎_リザードンX_安定_V1_Var3790(80 users)
Gen 1087 | Meta Shift: 水_スイクン_安定_V1_Var2342(120 users) over 草_ナッシー_究極_V6_アルティメット_Var5063(80 users)
Gen 1088 | Meta Shift: 草_フシギバナ_安定_V1_Var5599(120 users) over 超_ゲンガー_安定_V1_Var2065(80 users)
Gen 1089 | Meta Shift: 悪_ダークライ睡眠_安定_V1_Var4583(120 users) over 炎_リザードンX_グッズ偏重_V3_Var4057(80 users)
Gen 1090 | Meta Shift: 超_ゲンガー_安定_V1_Var1679(120 users) over 水_スイクンセグレイブ_グッズ偏重_V3_Var7851(80 users)
Gen 1091 | Meta Shift: 水_スイクン_グッズ偏重_V3_Var2921(120 users) over 草_ナッシー_安定_V1_Var5073(80 users)
Gen 1092 | Meta Shift: 雷_ライコウ_究極_V6_アルティメット_Var5360(120 users) over 雷_ライコウ_グッズ偏重_V3_Var9308(80 users)
Gen 1093 | Meta Shift: 超_ミュウツー_グッズ偏重_V3_Var7106(120 users) over 水_スイクン_グッズ偏重_V3_Var1676(100 users)
Gen 1094 | Meta Shift: 水_スイクン_グッズ偏重_V3_Var6710(120 users) over 草_フシギバナ_究極_V6_アルティメット_Var2950(80 users)
Gen 1095 | Meta Shift: 鋼_メルルギア_安定_V1_Var2166(120 users) over 雷_ライコウ_安定_V1_Var4952(80 users)
Gen 1096 | Meta Shift: 超_ミュウツー_グッズ偏重_V3_Var1861(120 users) over 超_ミュウツー_グッズ偏重_V3_Var7106(100 users)
Gen 1097 | Meta Shift: 水_スイクン_グッズ偏重_V3_Var3447(120 users) over 悪_ダークライ睡眠_究極_V6_アルティメット_Var5328(120 users)
Gen 1098 | Meta Shift: 水_スイクン_究極_V6_アルティメット_Var7735(120 users) over 草_フシギバナ_安定_V1_Var5559(80 users)
Gen 1099 | Meta Shift: 龍悪_ギラダク_グッズ偏重_V3_Var5195(140 users) over 水_スイクンセグレイブ_グッズ偏重_V3_Var6915(80 users)
Gen 1100 | Meta Shift: 草_ナッシー_究極_V6_アルティメット_Var20(120 users) over 悪_ダークライ睡眠_究極_V6_アルティメット_Var8107(80 users)
Gen 1101 | Meta Shift: 草_フシギバナ_グッズ偏重_V3_Var5734(120 users) over 草_フシギバナ_グッズ偏重_V3_Var8233(80 users)
Gen 1102 | Meta Shift: 龍悪_ギラダク_安定_V1_Var5838(120 users) over 超_ミュウツー_安定_V1_Var2673(80 users)
Gen 1103 | Meta Shift: 闘_ガブルカ_グッズ偏重_V3_Var1796(120 users) over 草_フシギバナ_究極_V6_アルティメット_Var7767(80 users)
Gen 1104 | Meta Shift: 雷_ライコウ_グッズ偏重_V3_Var1713(120 users) over 鋼_メルルギア_グッズ偏重_V3_Var5187(80 users)
Gen 1105 | Meta Shift: 草_フシギバナ_安定_V1_Var5704(120 users) over 草_フシギバナ_グッズ偏重_V3_Var4504(100 users)
Gen 1106 | Meta Shift: 超_ミュウツー_グッズ偏重_V3_Var9169(120 users) over 水_スイクンセグレイブ_究極_V6_アルティメット_Var2783(80 users)
Gen 1107 | Meta Shift: 炎_リザードンX_究極_V6_アルティメット_Var7098(140 users) over 超_ゲンガー_グッズ偏重_V3_Var8828(80 users)
Gen 1108 | Meta Shift: 龍悪_ギラダク_グッズ偏重_V3_Var9767(120 users) over 闘_ガブルカ_究極_V6_アルティメット_Var3251(80 users)
Gen 1109 | Meta Shift: 鋼_メルルギア_安定_V1_Var4506(120 users) over 悪_ダークライ睡眠_グッズ偏重_V3_Var877(80 users)
Gen 1110 | Meta Shift: 闘_ガブルカ_安定_V1_Var5207(100 users) over 草_ナッシー_安定_V1_Var9744(60 users)
Gen 1111 | Meta Shift: 闘_ガブルカ_グッズ偏重_V3_Var6542(120 users) over 炎_リザードンX_グッズ偏重_V3_Var4600(60 users)
Gen 1112 | Meta Shift: 悪_ダークライ睡眠_安定_V1_Var2579(120 users) over 闘_ガブルカ_究極_V6_アルティメット_Var5903(100 users)
Gen 1113 | Meta Shift: 草_ナッシー_安定_V1_Var9235(100 users) over 超_ゲンガー_安定_V1_Var4682(80 users)
Gen 1114 | Meta Shift: 草_フシギバナ_究極_V6_アルティメット_Var1491(100 users) over 鋼_メルルギア_安定_V1_Var3836(80 users)
Gen 1115 | Meta Shift: 水_スイクン_究極_V6_アルティメット_Var6325(120 users) over 水_スイクンセグレイブ_グッズ偏重_V3_Var9074(80 users)
Gen 1116 | Meta Shift: 悪_ダークライ睡眠_グッズ偏重_V3_Var1153(120 users) over 炎_リザードンX_グッズ偏重_V3_Var8575(80 users)
Gen 1117 | Meta Shift: 龍悪_ギラダク_グッズ偏重_V3_Var2528(140 users) over 水_スイクンセグレイブ_究極_V6_アルティメット_Var9240(80 users)
Gen 1118 | Meta Shift: 龍悪_ギラダク_グッズ偏重_V3_Var8652(140 users) over 水_スイクン_安定_V1_Var9817(80 users)
Gen 1119 | Meta Shift: 草_ナッシー_グッズ偏重_V3_Var5643(120 users) over 草_ナッシー_グッズ偏重_V3_Var7685(80 users)
Gen 1120 | Meta Shift: 雷_ライコウ_安定_V1_Var4096(120 users) over 闘_ガブルカ_グッズ偏重_V3_Var2061(80 users)
Gen 1121 | Meta Shift: 草_フシギバナ_安定_V1_Var8656(100 users) over 草_フシギバナ_安定_V1_Var6543(80 users)
Gen 1122 | Meta Shift: 水_スイクン_グッズ偏重_V3_Var1676(120 users) over 雷_ライコウ_グッズ偏重_V3_Var9761(80 users)
Gen 1123 | Meta Shift: 超_ミュウツー_安定_V1_Var413(120 users) over 鋼_メルルギア_究極_V6_アルティメット_Var5210(80 users)
Gen 1124 | Meta Shift: 炎_リザードンX_グッズ偏重_V3_Var6270(120 users) over 水_スイクンセグレイブ_グッズ偏重_V3_Var7677(80 users)
Gen 1125 | Meta Shift: 草_ナッシー_安定_V1_Var9430(120 users) over 草_ナッシー_グッズ偏重_V3_Var3363(80 users)
Gen 1126 | Meta Shift: 超_ゲンガー_安定_V1_Var4767(120 users) over 水_スイクンセグレイブ_グッズ偏重_V3_Var5660(80 users)
Gen 1127 | Meta Shift: 草_フシギバナ_グッズ偏重_V3_Var5259(120 users) over 龍悪_ギラダク_グッズ偏重_V3_Var2420(100 users)
Gen 1128 | Meta Shift: 超_ミュウツー_究極_V6_アルティメット_Var7877(120 users) over 超_ミュウツー_グッズ偏重_V3_Var4633(80 users)
Gen 1129 | Meta Shift: 龍悪_ギラダク_究極_V6_アルティメット_Var8451(100 users) over 草_フシギバナ_安定_V1_Var1330(80 users)
Gen 1130 | Meta Shift: 雷_ライコウ_究極_V6_アルティメット_Var3402(120 users) over 水_スイクン_安定_V1_Var2679(80 users)
Gen 1131 | Meta Shift: 悪_ダークライ睡眠_究極_V6_アルティメット_Var4836(120 users) over 炎_リザードンX_究極_V6_アルティメット_Var1782(80 users)
Gen 1132 | Meta Shift: 龍悪_ギラダク_グッズ偏重_V3_Var6185(120 users) over 水_スイクンセグレイブ_究極_V6_アルティメット_Var7791(80 users)
Gen 1133 | Meta Shift: 草_フシギバナ_安定_V1_Var6219(120 users) over 鋼_メルルギア_究極_V6_アルティメット_Var192(80 users)
Gen 1134 | Meta Shift: 草_フシギバナ_グッズ偏重_V3_Var2124(120 users) over 水_スイクン_安定_V1_Var2312(80 users)
Gen 1135 | Meta Shift: 龍悪_ギラダク_究極_V6_アルティメット_Var5450(100 users) over 草_フシギバナ_究極_V6_アルティメット_Var6762(80 users)
Gen 1136 | Meta Shift: 炎_リザードンX_安定_V1_Var1417(120 users) over 炎_リザードンX_グッズ偏重_V3_Var8762(100 users)
Gen 1137 | Meta Shift: 龍悪_ギラダク_安定_V1_Var4990(120 users) over 悪_ダークライ睡眠_安定_V1_Var6075(80 users)
Gen 1138 | Meta Shift: 鋼_メルルギア_グッズ偏重_V3_Var6402(140 users) over 悪_ダークライ睡眠_グッズ偏重_V3_Var1047(60 users)
Gen 1139 | Meta Shift: 超_ゲンガー_安定_V1_Var101(120 users) over 闘_ガブルカ_安定_V1_Var1918(80 users)
Gen 1140 | Meta Shift: 草_ナッシー_究極_V6_アルティメット_Var9357(120 users) over 水_スイクン_究極_V6_アルティメット_Var9031(80 users)
Gen 1141 | Meta Shift: 炎_リザードンX_安定_V1_Var8331(120 users) over 炎_リザードンX_グッズ偏重_V3_Var7502(80 users)
Gen 1142 | Meta Shift: 水_スイクンセグレイブ_グッズ偏重_V3_Var1150(120 users) over 超_ゲンガー_グッズ偏重_V3_Var9437(80 users)
Gen 1143 | Meta Shift: 鋼_メルルギア_究極_V6_アルティメット_Var7679(120 users) over 水_スイクン_究極_V6_アルティメット_Var8431(80 users)
Gen 1144 | Meta Shift: 鋼_メルルギア_安定_V1_Var5908(140 users) over 超_ミュウツー_究極_V6_アルティメット_Var9496(80 users)
Gen 1145 | Meta Shift: 鋼_メルルギア_究極_V6_アルティメット_Var109(140 users) over 草_ナッシー_安定_V1_Var4208(80 users)
Gen 1146 | Meta Shift: 龍悪_ギラダク_グッズ偏重_V3_Var1357(120 users) over 雷_ライコウ_グッズ偏重_V3_Var1798(60 users)
Gen 1147 | Meta Shift: 草_フシギバナ_グッズ偏重_V3_Var7358(120 users) over 鋼_メルルギア_安定_V1_Var5344(100 users)
Gen 1148 | Meta Shift: 龍悪_ギラダク_安定_V1_Var5569(120 users) over 草_フシギバナ_安定_V1_Var7593(80 users)
Gen 1149 | Meta Shift: 草_ナッシー_グッズ偏重_V3_Var4280(140 users) over 超_ミュウツー_安定_V1_Var7198(80 users)
Gen 1150 | Meta Shift: 悪_ダークライ睡眠_究極_V6_アルティメット_Var2211(120 users) over 鋼_メルルギア_究極_V6_アルティメット_Var2765(80 users)
Gen 1151 | Meta Shift: 水_スイクン_安定_V1_Var5602(120 users) over 龍悪_ギラダク_安定_V1_Var7414(80 users)
Gen 1152 | Meta Shift: 龍悪_ギラダク_安定_V1_Var8434(120 users) over 草_ナッシー_グッズ偏重_V3_Var3532(80 users)
Gen 1153 | Meta Shift: 闘_ガブルカ_安定_V1_Var5059(120 users) over 雷_ライコウ_安定_V1_Var4902(100 users)
Gen 1154 | Meta Shift: 超_ミュウツー_グッズ偏重_V3_Var9169(140 users) over 水_スイクンセグレイブ_グッズ偏重_V3_Var5335(80 users)
Gen 1155 | Meta Shift: 草_フシギバナ_グッズ偏重_V3_Var1132(120 users) over 炎_リザードンX_究極_V6_アルティメット_Var3003(80 users)
Gen 1156 | Meta Shift: 草_ナッシー_究極_V6_アルティメット_Var1900(120 users) over 草_ナッシー_安定_V1_Var9191(80 users)
Gen 1157 | Meta Shift: 龍悪_ギラダク_グッズ偏重_V3_Var3233(120 users) over 雷_ライコウ_グッズ偏重_V3_Var7565(80 users)
Gen 1158 | Meta Shift: 水_スイクン_究極_V6_アルティメット_Var115(120 users) over 炎_リザードンX_安定_V1_Var738(80 users)
Gen 1159 | Meta Shift: 悪_ダークライ睡眠_グッズ偏重_V3_Var7121(100 users) over 鋼_メルルギア_究極_V6_アルティメット_Var9029(80 users)
Gen 1160 | Meta Shift: 雷_ライコウ_究極_V6_アルティメット_Var7698(120 users) over 龍悪_ギラダク_安定_V1_Var1361(80 users)
Gen 1161 | Meta Shift: 超_ミュウツー_安定_V1_Var4921(120 users) over 雷_ライコウ_究極_V6_アルティメット_Var928(80 users)
Gen 1162 | Meta Shift: 草_ナッシー_安定_V1_Var9213(120 users) over 草_ナッシー_グッズ偏重_V3_Var9831(80 users)
Gen 1163 | Meta Shift: 龍悪_ギラダク_グッズ偏重_V3_Var216(100 users) over 草_ナッシー_究極_V6_アルティメット_Var8503(80 users)
Gen 1164 | Meta Shift: 闘_ガブルカ_安定_V1_Var315(120 users) over 超_ゲンガー_究極_V6_アルティメット_Var3212(100 users)
Gen 1165 | Meta Shift: 龍悪_ギラダク_究極_V6_アルティメット_Var377(120 users) over 草_フシギバナ_グッズ偏重_V3_Var9818(80 users)
Gen 1166 | Meta Shift: 超_ミュウツー_安定_V1_Var7219(140 users) over 水_スイクンセグレイブ_グッズ偏重_V3_Var739(80 users)
Gen 1167 | Meta Shift: 龍悪_ギラダク_グッズ偏重_V3_Var4261(140 users) over 炎_リザードンX_グッズ偏重_V3_Var7473(80 users)
Gen 1168 | Meta Shift: 龍悪_ギラダク_グッズ偏重_V3_Var3233(140 users) over 龍悪_ギラダク_グッズ偏重_V3_Var2110(80 users)
Gen 1169 | Meta Shift: 水_スイクンセグレイブ_グッズ偏重_V3_Var5080(120 users) over 炎_リザードンX_グッズ偏重_V3_Var7440(80 users)
Gen 1170 | Meta Shift: 雷_ライコウ_グッズ偏重_V3_Var9385(120 users) over 炎_リザードンX_究極_V6_アルティメット_Var5866(80 users)
Gen 1171 | Meta Shift: 超_ゲンガー_安定_V1_Var4725(100 users) over 鋼_メルルギア_安定_V1_Var9538(100 users)
Gen 1172 | Meta Shift: 水_スイクン_安定_V1_Var1758(100 users) over 炎_リザードンX_グッズ偏重_V3_Var3231(80 users)
Gen 1173 | Meta Shift: 水_スイクン_安定_V1_Var2779(120 users) over 草_フシギバナ_グッズ偏重_V3_Var2816(80 users)
Gen 1174 | Meta Shift: 悪_ダークライ睡眠_グッズ偏重_V3_Var1603(120 users) over 草_フシギバナ_グッズ偏重_V3_Var8783(100 users)
Gen 1175 | Meta Shift: 悪_ダークライ睡眠_究極_V6_アルティメット_Var2345(120 users) over 草_フシギバナ_安定_V1_Var6404(80 users)
Gen 1176 | Meta Shift: 悪_ダークライ睡眠_究極_V6_アルティメット_Var3799(120 users) over 鋼_メルルギア_安定_V1_Var2145(80 users)
Gen 1177 | Meta Shift: 雷_ライコウ_安定_V1_Var5137(120 users) over 草_ナッシー_グッズ偏重_V3_Var8022(80 users)
Gen 1178 | Meta Shift: 雷_ライコウ_究極_V6_アルティメット_Var9277(120 users) over 炎_リザードンX_究極_V6_アルティメット_Var2230(80 users)
Gen 1179 | Meta Shift: 鋼_メルルギア_究極_V6_アルティメット_Var8380(120 users) over 水_スイクンセグレイブ_安定_V1_Var1187(80 users)
Gen 1180 | Meta Shift: 龍悪_ギラダク_安定_V1_Var7496(120 users) over 悪_ダークライ睡眠_グッズ偏重_V3_Var7298(60 users)
Gen 1181 | Meta Shift: 悪_ダークライ睡眠_安定_V1_Var7765(120 users) over 超_ゲンガー_究極_V6_アルティメット_Var2149(80 users)
Gen 1182 | Meta Shift: 超_ミュウツー_グッズ偏重_V3_Var9431(120 users) over 草_フシギバナ_安定_V1_Var4322(80 users)
Gen 1183 | Meta Shift: 超_ミュウツー_安定_V1_Var5761(120 users) over 水_スイクンセグレイブ_究極_V6_アルティメット_Var3775(80 users)
Gen 1184 | Meta Shift: 鋼_メルルギア_安定_V1_Var6916(140 users) over 水_スイクンセグレイブ_グッズ偏重_V3_Var7936(80 users)
Gen 1185 | Meta Shift: 鋼_メルルギア_安定_V1_Var4336(140 users) over 草_ナッシー_安定_V1_Var667(80 users)
Gen 1186 | Meta Shift: 龍悪_ギラダク_究極_V6_アルティメット_Var7312(120 users) over 雷_ライコウ_グッズ偏重_V3_Var5197(80 users)
Gen 1187 | Meta Shift: 闘_ガブルカ_安定_V1_Var4056(120 users) over 水_スイクンセグレイブ_グッズ偏重_V3_Var5080(100 users)
Gen 1188 | Meta Shift: 悪_ダークライ睡眠_グッズ偏重_V3_Var5799(140 users) over 闘_ガブルカ_グッズ偏重_V3_Var8872(100 users)
Gen 1189 | Meta Shift: 超_ミュウツー_グッズ偏重_V3_Var907(120 users) over 水_スイクン_安定_V1_Var2257(80 users)
Gen 1190 | Meta Shift: 鋼_メルルギア_安定_V1_Var6374(120 users) over 超_ゲンガー_安定_V1_Var9085(100 users)
Gen 1191 | Meta Shift: 鋼_メルルギア_安定_V1_Var257(120 users) over 闘_ガブルカ_究極_V6_アルティメット_Var5713(80 users)
Gen 1192 | Meta Shift: 悪_ダークライ睡眠_安定_V1_Var7389(120 users) over 水_スイクンセグレイブ_グッズ偏重_V3_Var3840(80 users)
Gen 1193 | Meta Shift: 超_ゲンガー_究極_V6_アルティメット_Var1404(120 users) over 炎_リザードンX_究極_V6_アルティメット_Var6361(80 users)
Gen 1194 | Meta Shift: 龍悪_ギラダク_究極_V6_アルティメット_Var320(120 users) over 鋼_メルルギア_究極_V6_アルティメット_Var7328(80 users)
Gen 1195 | Meta Shift: 超_ゲンガー_究極_V6_アルティメット_Var7335(120 users) over 鋼_メルルギア_グッズ偏重_V3_Var911(80 users)
Gen 1196 | Meta Shift: 水_スイクン_安定_V1_Var755(120 users) over 超_ゲンガー_究極_V6_アルティメット_Var2720(80 users)
Gen 1197 | Meta Shift: 龍悪_ギラダク_安定_V1_Var7242(120 users) over 悪_ダークライ睡眠_究極_V6_アルティメット_Var704(80 users)
Gen 1198 | Meta Shift: 草_ナッシー_安定_V1_Var1595(120 users) over 超_ゲンガー_究極_V6_アルティメット_Var4019(80 users)
Gen 1199 | Meta Shift: 闘_ガブルカ_安定_V1_Var3198(120 users) over 水_スイクン_究極_V6_アルティメット_Var7501(80 users)
Gen 1200 | Meta Shift: 闘_ガブルカ_究極_V6_アルティメット_Var8678(120 users) over 水_スイクン_安定_V1_Var8230(80 users)
Gen 1201 | Meta Shift: 雷_ライコウ_究極_V6_アルティメット_Var832(120 users) over 超_ミュウツー_グッズ偏重_V3_Var719(80 users)
Gen 1202 | Meta Shift: 超_ミュウツー_安定_V1_Var651(120 users) over 闘_ガブルカ_安定_V1_Var3317(100 users)
Gen 1203 | Meta Shift: 超_ミュウツー_究極_V6_アルティメット_Var761(120 users) over 龍悪_ギラダク_究極_V6_アルティメット_Var1448(100 users)
Gen 1204 | Meta Shift: 超_ミュウツー_グッズ偏重_V3_Var3166(120 users) over 悪_ダークライ睡眠_究極_V6_アルティメット_Var8964(60 users)
Gen 1205 | Meta Shift: 草_フシギバナ_究極_V6_アルティメット_Var6018(120 users) over 雷_ライコウ_究極_V6_アルティメット_Var9399(80 users)
Gen 1206 | Meta Shift: 龍悪_ギラダク_グッズ偏重_V3_Var3247(120 users) over 闘_ガブルカ_グッズ偏重_V3_Var5536(80 users)
Gen 1207 | Meta Shift: 超_ミュウツー_安定_V1_Var2083(120 users) over 炎_リザードンX_安定_V1_Var5377(60 users)
Gen 1208 | Meta Shift: 雷_ライコウ_安定_V1_Var4660(120 users) over 水_スイクン_安定_V1_Var3153(80 users)
Gen 1209 | Meta Shift: 龍悪_ギラダク_安定_V1_Var5629(100 users) over 超_ゲンガー_究極_V6_アルティメット_Var8841(80 users)
Gen 1210 | Meta Shift: 超_ミュウツー_グッズ偏重_V3_Var9868(120 users) over 水_スイクンセグレイブ_グッズ偏重_V3_Var6372(100 users)
Gen 1211 | Meta Shift: 草_ナッシー_究極_V6_アルティメット_Var2944(120 users) over 炎_リザードンX_グッズ偏重_V3_Var6104(80 users)
Gen 1212 | Meta Shift: 鋼_メルルギア_グッズ偏重_V3_Var4434(120 users) over 闘_ガブルカ_究極_V6_アルティメット_Var8885(80 users)
Gen 1213 | Meta Shift: 雷_ライコウ_グッズ偏重_V3_Var3249(100 users) over 水_スイクン_グッズ偏重_V3_Var8109(100 users)
Gen 1214 | Meta Shift: 雷_ライコウ_安定_V1_Var4223(120 users) over 闘_ガブルカ_グッズ偏重_V3_Var8294(80 users)
Gen 1215 | Meta Shift: 水_スイクン_究極_V6_アルティメット_Var1336(120 users) over 草_フシギバナ_究極_V6_アルティメット_Var8029(80 users)
Gen 1216 | Meta Shift: 悪_ダークライ睡眠_グッズ偏重_V3_Var4938(120 users) over 闘_ガブルカ_安定_V1_Var1052(80 users)
Gen 1217 | Meta Shift: 超_ミュウツー_グッズ偏重_V3_Var5741(120 users) over 雷_ライコウ_究極_V6_アルティメット_Var6025(80 users)
Gen 1218 | Meta Shift: 炎_リザードンX_グッズ偏重_V3_Var3229(120 users) over 鋼_メルルギア_安定_V1_Var5047(80 users)
Gen 1219 | Meta Shift: 鋼_メルルギア_グッズ偏重_V3_Var6884(120 users) over 雷_ライコウ_安定_V1_Var2624(80 users)
Gen 1220 | Meta Shift: 鋼_メルルギア_安定_V1_Var1179(120 users) over 超_ミュウツー_グッズ偏重_V3_Var3166(100 users)
Gen 1221 | Meta Shift: 超_ミュウツー_安定_V1_Var7436(120 users) over 水_スイクン_究極_V6_アルティメット_Var8654(80 users)
Gen 1222 | Meta Shift: 炎_リザードンX_安定_V1_Var1474(120 users) over 闘_ガブルカ_究極_V6_アルティメット_Var2810(80 users)
Gen 1223 | Meta Shift: 悪_ダークライ睡眠_究極_V6_アルティメット_Var64(140 users) over 草_ナッシー_究極_V6_アルティメット_Var1817(80 users)
Gen 1224 | Meta Shift: 鋼_メルルギア_グッズ偏重_V3_Var5931(140 users) over 鋼_メルルギア_グッズ偏重_V3_Var1942(80 users)
Gen 1225 | Meta Shift: 雷_ライコウ_グッズ偏重_V3_Var1713(140 users) over 草_フシギバナ_究極_V6_アルティメット_Var8301(80 users)
Gen 1226 | Meta Shift: 水_スイクン_安定_V1_Var9828(120 users) over 超_ゲンガー_グッズ偏重_V3_Var2390(80 users)
Gen 1227 | Meta Shift: 超_ゲンガー_究極_V6_アルティメット_Var4568(120 users) over 水_スイクンセグレイブ_安定_V1_Var53(80 users)
Gen 1228 | Meta Shift: 草_フシギバナ_究極_V6_アルティメット_Var6317(100 users) over 超_ミュウツー_究極_V6_アルティメット_Var9776(80 users)
Gen 1229 | Meta Shift: 水_スイクンセグレイブ_究極_V6_アルティメット_Var6655(120 users) over 草_フシギバナ_グッズ偏重_V3_Var6603(80 users)
Gen 1230 | Meta Shift: 炎_リザードンX_グッズ偏重_V3_Var5960(120 users) over 超_ミュウツー_グッズ偏重_V3_Var653(80 users)
Gen 1231 | Meta Shift: 草_フシギバナ_グッズ偏重_V3_Var7959(120 users) over 草_フシギバナ_究極_V6_アルティメット_Var3631(80 users)
Gen 1232 | Meta Shift: 超_ゲンガー_グッズ偏重_V3_Var9635(120 users) over 炎_リザードンX_安定_V1_Var234(80 users)
Gen 1233 | Meta Shift: 超_ゲンガー_安定_V1_Var4069(120 users) over 超_ゲンガー_究極_V6_アルティメット_Var6513(80 users)
Gen 1234 | Meta Shift: 鋼_メルルギア_安定_V1_Var211(140 users) over 雷_ライコウ_究極_V6_アルティメット_Var7999(80 users)
Gen 1235 | Meta Shift: 雷_ライコウ_グッズ偏重_V3_Var2922(120 users) over 闘_ガブルカ_安定_V1_Var4143(80 users)
Gen 1236 | Meta Shift: 悪_ダークライ睡眠_グッズ偏重_V3_Var4695(140 users) over 草_フシギバナ_安定_V1_Var7375(80 users)
Gen 1237 | Meta Shift: 鋼_メルルギア_究極_V6_アルティメット_Var4965(120 users) over 炎_リザードンX_安定_V1_Var8381(80 users)
Gen 1238 | Meta Shift: 水_スイクン_グッズ偏重_V3_Var5224(100 users) over 水_スイクンセグレイブ_グッズ偏重_V3_Var7658(80 users)
Gen 1239 | Meta Shift: 超_ミュウツー_究極_V6_アルティメット_Var8722(120 users) over 超_ミュウツー_安定_V1_Var2131(80 users)
Gen 1240 | Meta Shift: 闘_ガブルカ_安定_V1_Var258(120 users) over 炎_リザードンX_グッズ偏重_V3_Var5064(80 users)
Gen 1241 | Meta Shift: 鋼_メルルギア_グッズ偏重_V3_Var7472(120 users) over 草_フシギバナ_安定_V1_Var3126(80 users)
Gen 1242 | Meta Shift: 炎_リザードンX_グッズ偏重_V3_Var355(140 users) over 草_ナッシー_究極_V6_アルティメット_Var5522(80 users)
Gen 1243 | Meta Shift: 水_スイクン_グッズ偏重_V3_Var3572(120 users) over 炎_リザードンX_安定_V1_Var7075(80 users)
Gen 1244 | Meta Shift: 闘_ガブルカ_究極_V6_アルティメット_Var7706(120 users) over 炎_リザードンX_グッズ偏重_V3_Var9078(80 users)
Gen 1245 | Meta Shift: 超_ゲンガー_グッズ偏重_V3_Var9437(100 users) over 超_ゲンガー_グッズ偏重_V3_Var6555(80 users)
Gen 1246 | Meta Shift: 鋼_メルルギア_グッズ偏重_V3_Var5730(120 users) over 草_フシギバナ_安定_V1_Var2072(80 users)
Gen 1247 | Meta Shift: 水_スイクン_グッズ偏重_V3_Var8402(120 users) over 水_スイクン_安定_V1_Var9582(80 users)
Gen 1248 | Meta Shift: 水_スイクン_安定_V1_Var6083(140 users) over 炎_リザードンX_グッズ偏重_V3_Var30(80 users)
Gen 1249 | Meta Shift: 龍悪_ギラダク_安定_V1_Var5637(120 users) over 鋼_メルルギア_グッズ偏重_V3_Var8281(80 users)
Gen 1250 | Meta Shift: 雷_ライコウ_安定_V1_Var8357(120 users) over 雷_ライコウ_グッズ偏重_V3_Var2467(80 users)
Gen 1251 | Meta Shift: 龍悪_ギラダク_グッズ偏重_V3_Var2217(120 users) over 超_ゲンガー_安定_V1_Var178(100 users)
Gen 1252 | Meta Shift: 水_スイクンセグレイブ_グッズ偏重_V3_Var6067(120 users) over 超_ミュウツー_グッズ偏重_V3_Var7797(80 users)
Gen 1253 | Meta Shift: 雷_ライコウ_グッズ偏重_V3_Var6223(120 users) over 悪_ダークライ睡眠_究極_V6_アルティメット_Var4922(80 users)
Gen 1254 | Meta Shift: 草_ナッシー_安定_V1_Var4578(120 users) over 雷_ライコウ_グッズ偏重_V3_Var2266(60 users)
Gen 1255 | Meta Shift: 水_スイクンセグレイブ_安定_V1_Var4564(120 users) over 超_ミュウツー_究極_V6_アルティメット_Var5897(80 users)
Gen 1256 | Meta Shift: 雷_ライコウ_グッズ偏重_V3_Var2467(100 users) over 草_ナッシー_安定_V1_Var8599(80 users)
Gen 1257 | Meta Shift: 雷_ライコウ_安定_V1_Var1596(120 users) over 草_フシギバナ_究極_V6_アルティメット_Var6654(60 users)
Gen 1258 | Meta Shift: 超_ゲンガー_グッズ偏重_V3_Var726(120 users) over 草_ナッシー_安定_V1_Var8021(80 users)
Gen 1259 | Meta Shift: 鋼_メルルギア_グッズ偏重_V3_Var6354(120 users) over 水_スイクンセグレイブ_究極_V6_アルティメット_Var4806(80 users)
Gen 1260 | Meta Shift: 炎_リザードンX_グッズ偏重_V3_Var8889(120 users) over 炎_リザードンX_究極_V6_アルティメット_Var5166(80 users)
Gen 1261 | Meta Shift: 鋼_メルルギア_グッズ偏重_V3_Var2924(120 users) over 闘_ガブルカ_究極_V6_アルティメット_Var5098(60 users)
Gen 1262 | Meta Shift: 炎_リザードンX_安定_V1_Var1312(120 users) over 龍悪_ギラダク_究極_V6_アルティメット_Var1530(80 users)
Gen 1263 | Meta Shift: 龍悪_ギラダク_安定_V1_Var7793(140 users) over 闘_ガブルカ_グッズ偏重_V3_Var5299(100 users)
Gen 1264 | Meta Shift: 炎_リザードンX_究極_V6_アルティメット_Var4604(100 users) over 龍悪_ギラダク_グッズ偏重_V3_Var7341(80 users)
Gen 1265 | Meta Shift: 炎_リザードンX_究極_V6_アルティメット_Var8844(120 users) over 龍悪_ギラダク_究極_V6_アルティメット_Var5844(80 users)
Gen 1266 | Meta Shift: 龍悪_ギラダク_究極_V6_アルティメット_Var5729(140 users) over 悪_ダークライ睡眠_安定_V1_Var2613(100 users)
Gen 1267 | Meta Shift: 草_ナッシー_グッズ偏重_V3_Var1604(120 users) over 龍悪_ギラダク_究極_V6_アルティメット_Var1614(80 users)
Gen 1268 | Meta Shift: 雷_ライコウ_究極_V6_アルティメット_Var4295(120 users) over 超_ゲンガー_安定_V1_Var8416(80 users)
Gen 1269 | Meta Shift: 雷_ライコウ_グッズ偏重_V3_Var1016(120 users) over 草_ナッシー_グッズ偏重_V3_Var488(80 users)
Gen 1270 | Meta Shift: 草_ナッシー_究極_V6_アルティメット_Var1900(140 users) over 超_ミュウツー_安定_V1_Var7204(80 users)
Gen 1271 | Meta Shift: 悪_ダークライ睡眠_究極_V6_アルティメット_Var7291(120 users) over 闘_ガブルカ_安定_V1_Var4704(80 users)
Gen 1272 | Meta Shift: 草_フシギバナ_安定_V1_Var2095(140 users) over 炎_リザードンX_究極_V6_アルティメット_Var9506(80 users)
Gen 1273 | Meta Shift: 超_ミュウツー_グッズ偏重_V3_Var907(140 users) over 悪_ダークライ睡眠_究極_V6_アルティメット_Var7799(80 users)
Gen 1274 | Meta Shift: 水_スイクン_グッズ偏重_V3_Var313(120 users) over 草_フシギバナ_グッズ偏重_V3_Var9037(80 users)
Gen 1275 | Meta Shift: 草_フシギバナ_グッズ偏重_V3_Var2362(120 users) over 炎_リザードンX_グッズ偏重_V3_Var243(80 users)
Gen 1276 | Meta Shift: 悪_ダークライ睡眠_究極_V6_アルティメット_Var2151(120 users) over 超_ゲンガー_グッズ偏重_V3_Var8401(80 users)
Gen 1277 | Meta Shift: 炎_リザードンX_究極_V6_アルティメット_Var5431(120 users) over 草_ナッシー_究極_V6_アルティメット_Var926(80 users)
Gen 1278 | Meta Shift: 草_フシギバナ_安定_V1_Var7898(120 users) over 超_ミュウツー_究極_V6_アルティメット_Var9457(80 users)
Gen 1279 | Meta Shift: 草_ナッシー_グッズ偏重_V3_Var7743(120 users) over 炎_リザードンX_安定_V1_Var1334(80 users)
Gen 1280 | Meta Shift: 超_ゲンガー_安定_V1_Var9125(120 users) over 草_フシギバナ_グッズ偏重_V3_Var2816(60 users)
Gen 1281 | Meta Shift: 草_ナッシー_グッズ偏重_V3_Var6318(120 users) over 闘_ガブルカ_安定_V1_Var3113(80 users)
Gen 1282 | Meta Shift: 雷_ライコウ_究極_V6_アルティメット_Var7517(120 users) over 水_スイクン_究極_V6_アルティメット_Var4531(80 users)
Gen 1283 | Meta Shift: 超_ミュウツー_安定_V1_Var2147(120 users) over 草_ナッシー_グッズ偏重_V3_Var2603(80 users)
Gen 1284 | Meta Shift: 雷_ライコウ_究極_V6_アルティメット_Var7442(120 users) over 闘_ガブルカ_究極_V6_アルティメット_Var5098(40 users)
Gen 1285 | Meta Shift: 闘_ガブルカ_究極_V6_アルティメット_Var486(120 users) over 鋼_メルルギア_グッズ偏重_V3_Var701(80 users)
Gen 1286 | Meta Shift: 水_スイクンセグレイブ_安定_V1_Var2946(100 users) over 水_スイクンセグレイブ_究極_V6_アルティメット_Var1653(80 users)
Gen 1287 | Meta Shift: 雷_ライコウ_安定_V1_Var4010(120 users) over 草_フシギバナ_安定_V1_Var9216(80 users)
Gen 1288 | Meta Shift: 龍悪_ギラダク_究極_V6_アルティメット_Var1399(120 users) over 雷_ライコウ_究極_V6_アルティメット_Var814(80 users)
Gen 1289 | Meta Shift: 超_ゲンガー_究極_V6_アルティメット_Var8382(120 users) over 草_ナッシー_安定_V1_Var1382(80 users)
Gen 1290 | Meta Shift: 水_スイクンセグレイブ_グッズ偏重_V3_Var5626(120 users) over 草_ナッシー_グッズ偏重_V3_Var1322(80 users)
Gen 1291 | Meta Shift: 超_ミュウツー_グッズ偏重_V3_Var3316(120 users) over 草_ナッシー_安定_V1_Var7417(80 users)
Gen 1292 | Meta Shift: 鋼_メルルギア_グッズ偏重_V3_Var7606(120 users) over 草_フシギバナ_究極_V6_アルティメット_Var3764(80 users)
Gen 1293 | Meta Shift: 草_ナッシー_究極_V6_アルティメット_Var4384(120 users) over 闘_ガブルカ_究極_V6_アルティメット_Var7545(100 users)
Gen 1294 | Meta Shift: 水_スイクンセグレイブ_グッズ偏重_V3_Var8980(140 users) over 闘_ガブルカ_安定_V1_Var1622(80 users)
Gen 1295 | Meta Shift: 龍悪_ギラダク_グッズ偏重_V3_Var5351(120 users) over 悪_ダークライ睡眠_グッズ偏重_V3_Var7079(80 users)
Gen 1296 | Meta Shift: 炎_リザードンX_安定_V1_Var5992(120 users) over 草_ナッシー_グッズ偏重_V3_Var8183(80 users)
Gen 1297 | Meta Shift: 雷_ライコウ_グッズ偏重_V3_Var1895(120 users) over 龍悪_ギラダク_究極_V6_アルティメット_Var2294(80 users)
Gen 1298 | Meta Shift: 闘_ガブルカ_究極_V6_アルティメット_Var3380(120 users) over 鋼_メルルギア_安定_V1_Var2166(100 users)
Gen 1299 | Meta Shift: 鋼_メルルギア_安定_V1_Var6096(140 users) over 草_ナッシー_究極_V6_アルティメット_Var6942(80 users)
Gen 1300 | Meta Shift: 草_ナッシー_安定_V1_Var6516(120 users) over 水_スイクン_安定_V1_Var1342(80 users)
Gen 1301 | Meta Shift: 雷_ライコウ_究極_V6_アルティメット_Var7448(120 users) over 悪_ダークライ睡眠_究極_V6_アルティメット_Var4454(80 users)
Gen 1302 | Meta Shift: 雷_ライコウ_究極_V6_アルティメット_Var5360(140 users) over 水_スイクン_究極_V6_アルティメット_Var8310(80 users)
Gen 1303 | Meta Shift: 闘_ガブルカ_安定_V1_Var6398(120 users) over 超_ゲンガー_グッズ偏重_V3_Var835(80 users)
Gen 1304 | Meta Shift: 闘_ガブルカ_グッズ偏重_V3_Var9259(120 users) over 超_ミュウツー_安定_V1_Var7969(80 users)
Gen 1305 | Meta Shift: 水_スイクン_安定_V1_Var6912(100 users) over 炎_リザードンX_究極_V6_アルティメット_Var6421(80 users)
Gen 1306 | Meta Shift: 鋼_メルルギア_安定_V1_Var9041(120 users) over 水_スイクン_グッズ偏重_V3_Var280(80 users)
Gen 1307 | Meta Shift: 水_スイクンセグレイブ_究極_V6_アルティメット_Var6920(120 users) over 水_スイクンセグレイブ_グッズ偏重_V3_Var8632(80 users)
Gen 1308 | Meta Shift: 草_フシギバナ_グッズ偏重_V3_Var9911(120 users) over 悪_ダークライ睡眠_究極_V6_アルティメット_Var1510(80 users)
Gen 1309 | Meta Shift: 雷_ライコウ_安定_V1_Var3743(120 users) over 草_フシギバナ_グッズ偏重_V3_Var400(100 users)
Gen 1310 | Meta Shift: 水_スイクンセグレイブ_究極_V6_アルティメット_Var4148(140 users) over 草_ナッシー_安定_V1_Var9733(60 users)
Gen 1311 | Meta Shift: 超_ミュウツー_安定_V1_Var760(120 users) over 闘_ガブルカ_グッズ偏重_V3_Var619(100 users)
Gen 1312 | Meta Shift: 超_ミュウツー_安定_V1_Var9298(120 users) over 闘_ガブルカ_グッズ偏重_V3_Var906(80 users)
Gen 1313 | Meta Shift: 超_ゲンガー_安定_V1_Var5812(120 users) over 闘_ガブルカ_究極_V6_アルティメット_Var6058(80 users)
Gen 1314 | Meta Shift: 水_スイクンセグレイブ_安定_V1_Var7035(120 users) over 水_スイクンセグレイブ_究極_V6_アルティメット_Var2172(80 users)
Gen 1315 | Meta Shift: 悪_ダークライ睡眠_グッズ偏重_V3_Var5664(120 users) over 龍悪_ギラダク_究極_V6_アルティメット_Var5450(80 users)
Gen 1316 | Meta Shift: 雷_ライコウ_グッズ偏重_V3_Var7329(120 users) over 超_ミュウツー_安定_V1_Var4037(80 users)
Gen 1317 | Meta Shift: 悪_ダークライ睡眠_安定_V1_Var5084(120 users) over 炎_リザードンX_究極_V6_アルティメット_Var3562(80 users)
Gen 1318 | Meta Shift: 鋼_メルルギア_グッズ偏重_V3_Var9707(120 users) over 水_スイクンセグレイブ_グッズ偏重_V3_Var9902(80 users)
Gen 1319 | Meta Shift: 悪_ダークライ睡眠_究極_V6_アルティメット_Var5790(100 users) over 超_ゲンガー_安定_V1_Var3301(100 users)
Gen 1320 | Meta Shift: 雷_ライコウ_安定_V1_Var4862(120 users) over 雷_ライコウ_安定_V1_Var2135(100 users)
Gen 1321 | Meta Shift: 超_ゲンガー_究極_V6_アルティメット_Var7404(120 users) over 闘_ガブルカ_安定_V1_Var8278(80 users)
Gen 1322 | Meta Shift: 悪_ダークライ睡眠_安定_V1_Var1290(120 users) over 草_フシギバナ_グッズ偏重_V3_Var4594(80 users)
Gen 1323 | Meta Shift: 闘_ガブルカ_究極_V6_アルティメット_Var4849(120 users) over 水_スイクン_究極_V6_アルティメット_Var9162(100 users)
Gen 1324 | Meta Shift: 雷_ライコウ_究極_V6_アルティメット_Var2839(120 users) over 炎_リザードンX_グッズ偏重_V3_Var4057(60 users)
Gen 1325 | Meta Shift: 悪_ダークライ睡眠_究極_V6_アルティメット_Var3091(120 users) over 超_ミュウツー_グッズ偏重_V3_Var7508(60 users)
Gen 1326 | Meta Shift: 鋼_メルルギア_究極_V6_アルティメット_Var1894(140 users) over 水_スイクンセグレイブ_安定_V1_Var6341(80 users)
Gen 1327 | Meta Shift: 超_ゲンガー_安定_V1_Var4640(120 users) over 鋼_メルルギア_安定_V1_Var3111(80 users)
Gen 1328 | Meta Shift: 炎_リザードンX_グッズ偏重_V3_Var8996(120 users) over 水_スイクンセグレイブ_安定_V1_Var1349(80 users)
Gen 1329 | Meta Shift: 水_スイクンセグレイブ_グッズ偏重_V3_Var5660(100 users) over 超_ミュウツー_安定_V1_Var7631(80 users)
Gen 1330 | Meta Shift: 鋼_メルルギア_グッズ偏重_V3_Var3277(100 users) over 炎_リザードンX_安定_V1_Var1815(60 users)
Gen 1331 | Meta Shift: 雷_ライコウ_グッズ偏重_V3_Var7686(120 users) over 炎_リザードンX_究極_V6_アルティメット_Var3981(80 users)
Gen 1332 | Meta Shift: 悪_ダークライ睡眠_安定_V1_Var3708(140 users) over 闘_ガブルカ_究極_V6_アルティメット_Var2187(80 users)
Gen 1333 | Meta Shift: 超_ミュウツー_究極_V6_アルティメット_Var6013(120 users) over 水_スイクンセグレイブ_究極_V6_アルティメット_Var2782(80 users)
Gen 1334 | Meta Shift: 龍悪_ギラダク_究極_V6_アルティメット_Var3737(120 users) over 超_ミュウツー_安定_V1_Var9256(80 users)
Gen 1335 | Meta Shift: 超_ミュウツー_究極_V6_アルティメット_Var4053(120 users) over 雷_ライコウ_究極_V6_アルティメット_Var3255(60 users)
Gen 1336 | Meta Shift: 雷_ライコウ_グッズ偏重_V3_Var1731(120 users) over 水_スイクン_安定_V1_Var5218(80 users)
Gen 1337 | Meta Shift: 悪_ダークライ睡眠_究極_V6_アルティメット_Var9910(120 users) over 闘_ガブルカ_グッズ偏重_V3_Var7972(80 users)
Gen 1338 | Meta Shift: 草_ナッシー_グッズ偏重_V3_Var7939(120 users) over 炎_リザードンX_安定_V1_Var2507(80 users)
Gen 1339 | Meta Shift: 雷_ライコウ_究極_V6_アルティメット_Var4519(120 users) over 炎_リザードンX_究極_V6_アルティメット_Var904(60 users)
Gen 1340 | Meta Shift: 水_スイクンセグレイブ_究極_V6_アルティメット_Var4255(120 users) over 炎_リザードンX_安定_V1_Var7429(80 users)
Gen 1341 | Meta Shift: 龍悪_ギラダク_究極_V6_アルティメット_Var6645(120 users) over 悪_ダークライ睡眠_究極_V6_アルティメット_Var716(80 users)
Gen 1342 | Meta Shift: 鋼_メルルギア_安定_V1_Var7029(120 users) over 水_スイクンセグレイブ_安定_V1_Var5077(80 users)
Gen 1343 | Meta Shift: 雷_ライコウ_安定_V1_Var4623(120 users) over 水_スイクンセグレイブ_安定_V1_Var5862(80 users)
Gen 1344 | Meta Shift: 鋼_メルルギア_グッズ偏重_V3_Var9637(140 users) over 鋼_メルルギア_安定_V1_Var3404(60 users)
Gen 1345 | Meta Shift: 超_ゲンガー_究極_V6_アルティメット_Var8676(120 users) over 鋼_メルルギア_グッズ偏重_V3_Var8312(80 users)
Gen 1346 | Meta Shift: 炎_リザードンX_グッズ偏重_V3_Var2841(120 users) over 草_フシギバナ_グッズ偏重_V3_Var6253(100 users)
Gen 1347 | Meta Shift: 草_ナッシー_グッズ偏重_V3_Var2788(120 users) over 雷_ライコウ_グッズ偏重_V3_Var8601(80 users)
Gen 1348 | Meta Shift: 龍悪_ギラダク_安定_V1_Var6541(120 users) over 水_スイクンセグレイブ_安定_V1_Var6246(80 users)
Gen 1349 | Meta Shift: 鋼_メルルギア_グッズ偏重_V3_Var9115(120 users) over 龍悪_ギラダク_究極_V6_アルティメット_Var6503(60 users)
Gen 1350 | Meta Shift: 龍悪_ギラダク_グッズ偏重_V3_Var6461(120 users) over 超_ゲンガー_グッズ偏重_V3_Var7488(80 users)
Gen 1351 | Meta Shift: 超_ゲンガー_安定_V1_Var6079(120 users) over 悪_ダークライ睡眠_グッズ偏重_V3_Var7857(80 users)
Gen 1352 | Meta Shift: 雷_ライコウ_安定_V1_Var2255(120 users) over 草_ナッシー_究極_V6_アルティメット_Var9357(100 users)
Gen 1353 | Meta Shift: 雷_ライコウ_究極_V6_アルティメット_Var1717(120 users) over 雷_ライコウ_安定_V1_Var493(80 users)
Gen 1354 | Meta Shift: 雷_ライコウ_究極_V6_アルティメット_Var8321(120 users) over 炎_リザードンX_安定_V1_Var4607(80 users)
Gen 1355 | Meta Shift: 超_ミュウツー_グッズ偏重_V3_Var7991(120 users) over 水_スイクンセグレイブ_グッズ偏重_V3_Var1033(80 users)
Gen 1356 | Meta Shift: 雷_ライコウ_グッズ偏重_V3_Var4685(120 users) over 草_ナッシー_究極_V6_アルティメット_Var7006(80 users)
Gen 1357 | Meta Shift: 超_ミュウツー_グッズ偏重_V3_Var5261(120 users) over 闘_ガブルカ_究極_V6_アルティメット_Var4391(80 users)
Gen 1358 | Meta Shift: 草_フシギバナ_安定_V1_Var9374(100 users) over 闘_ガブルカ_安定_V1_Var9510(80 users)
Gen 1359 | Meta Shift: 龍悪_ギラダク_究極_V6_アルティメット_Var1951(120 users) over 水_スイクン_究極_V6_アルティメット_Var1026(80 users)
Gen 1360 | Meta Shift: 草_フシギバナ_究極_V6_アルティメット_Var2181(120 users) over 超_ゲンガー_究極_V6_アルティメット_Var8452(80 users)
Gen 1361 | Meta Shift: 闘_ガブルカ_究極_V6_アルティメット_Var5171(100 users) over 水_スイクンセグレイブ_グッズ偏重_V3_Var2247(100 users)
Gen 1362 | Meta Shift: 超_ミュウツー_究極_V6_アルティメット_Var753(120 users) over 草_ナッシー_究極_V6_アルティメット_Var1820(80 users)
Gen 1363 | Meta Shift: 悪_ダークライ睡眠_究極_V6_アルティメット_Var3275(120 users) over 炎_リザードンX_グッズ偏重_V3_Var737(100 users)
Gen 1364 | Meta Shift: 龍悪_ギラダク_グッズ偏重_V3_Var2740(120 users) over 悪_ダークライ睡眠_安定_V1_Var9356(80 users)
Gen 1365 | Meta Shift: 雷_ライコウ_グッズ偏重_V3_Var3547(120 users) over 闘_ガブルカ_安定_V1_Var2606(80 users)
Gen 1366 | Meta Shift: 水_スイクン_究極_V6_アルティメット_Var1066(120 users) over 水_スイクン_安定_V1_Var1605(80 users)
Gen 1367 | Meta Shift: 炎_リザードンX_グッズ偏重_V3_Var1184(140 users) over 超_ミュウツー_安定_V1_Var3455(80 users)
Gen 1368 | Meta Shift: 闘_ガブルカ_安定_V1_Var9303(100 users) over 闘_ガブルカ_究極_V6_アルティメット_Var4038(120 users)
Gen 1369 | Meta Shift: 雷_ライコウ_究極_V6_アルティメット_Var4108(140 users) over 超_ゲンガー_究極_V6_アルティメット_Var4576(80 users)
Gen 1370 | Meta Shift: 闘_ガブルカ_究極_V6_アルティメット_Var8899(120 users) over 水_スイクンセグレイブ_究極_V6_アルティメット_Var3180(80 users)
Gen 1371 | Meta Shift: 龍悪_ギラダク_安定_V1_Var2206(120 users) over 鋼_メルルギア_安定_V1_Var8487(80 users)
Gen 1372 | Meta Shift: 龍悪_ギラダク_究極_V6_アルティメット_Var4363(120 users) over 水_スイクンセグレイブ_安定_V1_Var5159(80 users)
Gen 1373 | Meta Shift: 鋼_メルルギア_安定_V1_Var4678(120 users) over 草_フシギバナ_グッズ偏重_V3_Var2124(100 users)
Gen 1374 | Meta Shift: 超_ミュウツー_グッズ偏重_V3_Var7394(120 users) over 雷_ライコウ_グッズ偏重_V3_Var3026(80 users)
Gen 1375 | Meta Shift: 雷_ライコウ_安定_V1_Var2255(140 users) over 水_スイクン_究極_V6_アルティメット_Var7140(60 users)
Gen 1376 | Meta Shift: 闘_ガブルカ_究極_V6_アルティメット_Var4656(120 users) over 超_ミュウツー_グッズ偏重_V3_Var2123(80 users)
Gen 1377 | Meta Shift: 雷_ライコウ_安定_V1_Var6192(100 users) over 闘_ガブルカ_究極_V6_アルティメット_Var8484(80 users)
Gen 1378 | Meta Shift: 水_スイクン_安定_V1_Var4472(120 users) over 水_スイクン_安定_V1_Var9985(80 users)
Gen 1379 | Meta Shift: 水_スイクン_究極_V6_アルティメット_Var6672(120 users) over 闘_ガブルカ_グッズ偏重_V3_Var2689(80 users)
Gen 1380 | Meta Shift: 超_ゲンガー_究極_V6_アルティメット_Var839(120 users) over 鋼_メルルギア_安定_V1_Var1635(80 users)
Gen 1381 | Meta Shift: 鋼_メルルギア_究極_V6_アルティメット_Var5894(120 users) over 鋼_メルルギア_グッズ偏重_V3_Var3710(100 users)
Gen 1382 | Meta Shift: 鋼_メルルギア_究極_V6_アルティメット_Var7518(120 users) over 水_スイクンセグレイブ_安定_V1_Var9328(80 users)
Gen 1383 | Meta Shift: 超_ゲンガー_安定_V1_Var6909(120 users) over 草_フシギバナ_グッズ偏重_V3_Var5020(80 users)
Gen 1384 | Meta Shift: 龍悪_ギラダク_安定_V1_Var9734(140 users) over 龍悪_ギラダク_安定_V1_Var5448(80 users)
Gen 1385 | Meta Shift: 鋼_メルルギア_安定_V1_Var8487(100 users) over 悪_ダークライ睡眠_究極_V6_アルティメット_Var2661(80 users)
Gen 1386 | Meta Shift: 炎_リザードンX_安定_V1_Var9421(140 users) over 超_ゲンガー_究極_V6_アルティメット_Var2805(80 users)
Gen 1387 | Meta Shift: 鋼_メルルギア_グッズ偏重_V3_Var9129(120 users) over 草_フシギバナ_安定_V1_Var2690(80 users)
Gen 1388 | Meta Shift: 水_スイクン_究極_V6_アルティメット_Var8112(120 users) over 草_フシギバナ_究極_V6_アルティメット_Var9971(80 users)
Gen 1389 | Meta Shift: 闘_ガブルカ_究極_V6_アルティメット_Var748(120 users) over 鋼_メルルギア_安定_V1_Var5081(80 users)
Gen 1390 | Meta Shift: 草_フシギバナ_安定_V1_Var3270(120 users) over 鋼_メルルギア_グッズ偏重_V3_Var3377(100 users)
Gen 1391 | Meta Shift: 龍悪_ギラダク_究極_V6_アルティメット_Var8453(120 users) over 水_スイクン_究極_V6_アルティメット_Var885(120 users)
Gen 1392 | Meta Shift: 龍悪_ギラダク_安定_V1_Var8279(120 users) over 超_ゲンガー_究極_V6_アルティメット_Var6790(80 users)
Gen 1393 | Meta Shift: 龍悪_ギラダク_安定_V1_Var5283(120 users) over 草_フシギバナ_安定_V1_Var8655(80 users)
Gen 1394 | Meta Shift: 龍悪_ギラダク_究極_V6_アルティメット_Var1707(120 users) over 炎_リザードンX_安定_V1_Var247(60 users)
Gen 1395 | Meta Shift: 水_スイクンセグレイブ_究極_V6_アルティメット_Var9834(120 users) over 雷_ライコウ_安定_V1_Var3888(80 users)
Gen 1396 | Meta Shift: 草_ナッシー_究極_V6_アルティメット_Var3980(120 users) over 超_ミュウツー_グッズ偏重_V3_Var8993(100 users)
Gen 1397 | Meta Shift: 龍悪_ギラダク_安定_V1_Var8178(120 users) over 鋼_メルルギア_安定_V1_Var7921(100 users)
Gen 1398 | Meta Shift: 鋼_メルルギア_グッズ偏重_V3_Var9177(120 users) over 龍悪_ギラダク_究極_V6_アルティメット_Var5502(100 users)
Gen 1399 | Meta Shift: 超_ゲンガー_グッズ偏重_V3_Var5739(120 users) over 龍悪_ギラダク_安定_V1_Var2407(100 users)
Gen 1400 | Meta Shift: 鋼_メルルギア_グッズ偏重_V3_Var7276(120 users) over 水_スイクン_安定_V1_Var1297(100 users)
Gen 1401 | Meta Shift: 超_ゲンガー_究極_V6_アルティメット_Var827(120 users) over 炎_リザードンX_究極_V6_アルティメット_Var4328(80 users)
Gen 1402 | Meta Shift: 龍悪_ギラダク_グッズ偏重_V3_Var7341(100 users) over 悪_ダークライ睡眠_安定_V1_Var1001(80 users)
Gen 1403 | Meta Shift: 草_フシギバナ_究極_V6_アルティメット_Var1194(120 users) over 水_スイクン_安定_V1_Var2318(80 users)
Gen 1404 | Meta Shift: 草_フシギバナ_究極_V6_アルティメット_Var9443(120 users) over 炎_リザードンX_究極_V6_アルティメット_Var4961(100 users)
Gen 1405 | Meta Shift: 超_ゲンガー_安定_V1_Var5846(140 users) over 草_フシギバナ_安定_V1_Var7809(80 users)
Gen 1406 | Meta Shift: 悪_ダークライ睡眠_究極_V6_アルティメット_Var6625(140 users) over 草_フシギバナ_安定_V1_Var5833(80 users)
Gen 1407 | Meta Shift: 闘_ガブルカ_安定_V1_Var937(120 users) over 草_フシギバナ_安定_V1_Var9489(60 users)
Gen 1408 | Meta Shift: 悪_ダークライ睡眠_グッズ偏重_V3_Var9180(140 users) over 水_スイクン_安定_V1_Var2280(80 users)
Gen 1409 | Meta Shift: 炎_リザードンX_グッズ偏重_V3_Var9547(120 users) over 草_フシギバナ_安定_V1_Var8790(80 users)
Gen 1410 | Meta Shift: 草_フシギバナ_究極_V6_アルティメット_Var3434(120 users) over 草_ナッシー_究極_V6_アルティメット_Var5104(80 users)
Gen 1411 | Meta Shift: 龍悪_ギラダク_安定_V1_Var2407(120 users) over 炎_リザードンX_安定_V1_Var6805(80 users)
Gen 1412 | Meta Shift: 悪_ダークライ睡眠_グッズ偏重_V3_Var8690(120 users) over 超_ミュウツー_究極_V6_アルティメット_Var1015(80 users)
Gen 1413 | Meta Shift: 超_ミュウツー_究極_V6_アルティメット_Var1721(120 users) over 炎_リザードンX_安定_V1_Var8826(100 users)
Gen 1414 | Meta Shift: 雷_ライコウ_グッズ偏重_V3_Var6490(120 users) over 草_フシギバナ_安定_V1_Var1068(80 users)
Gen 1415 | Meta Shift: 水_スイクンセグレイブ_究極_V6_アルティメット_Var5765(120 users) over 炎_リザードンX_グッズ偏重_V3_Var7647(80 users)
Gen 1416 | Meta Shift: 雷_ライコウ_究極_V6_アルティメット_Var832(140 users) over 水_スイクン_安定_V1_Var1023(80 users)
Gen 1417 | Meta Shift: 鋼_メルルギア_グッズ偏重_V3_Var284(120 users) over 水_スイクンセグレイブ_グッズ偏重_V3_Var9261(80 users)
Gen 1418 | Meta Shift: 水_スイクン_究極_V6_アルティメット_Var7055(120 users) over 水_スイクンセグレイブ_グッズ偏重_V3_Var6307(80 users)
Gen 1419 | Meta Shift: 雷_ライコウ_グッズ偏重_V3_Var1016(140 users) over 超_ミュウツー_究極_V6_アルティメット_Var5503(80 users)
Gen 1420 | Meta Shift: 龍悪_ギラダク_グッズ偏重_V3_Var534(120 users) over 龍悪_ギラダク_安定_V1_Var4924(80 users)
Gen 1421 | Meta Shift: 闘_ガブルカ_グッズ偏重_V3_Var4406(120 users) over 闘_ガブルカ_安定_V1_Var3570(80 users)
Gen 1422 | Meta Shift: 鋼_メルルギア_安定_V1_Var2927(120 users) over 雷_ライコウ_グッズ偏重_V3_Var7514(100 users)
Gen 1423 | Meta Shift: 鋼_メルルギア_究極_V6_アルティメット_Var2449(120 users) over 炎_リザードンX_安定_V1_Var9118(80 users)
Gen 1424 | Meta Shift: 炎_リザードンX_グッズ偏重_V3_Var1054(120 users) over 雷_ライコウ_安定_V1_Var4660(100 users)
Gen 1425 | Meta Shift: 悪_ダークライ睡眠_究極_V6_アルティメット_Var2295(120 users) over 鋼_メルルギア_グッズ偏重_V3_Var6354(100 users)
Gen 1426 | Meta Shift: 鋼_メルルギア_安定_V1_Var8185(120 users) over 炎_リザードンX_安定_V1_Var9559(80 users)
Gen 1427 | Meta Shift: 鋼_メルルギア_グッズ偏重_V3_Var7566(120 users) over 闘_ガブルカ_安定_V1_Var843(80 users)
Gen 1428 | Meta Shift: 水_スイクン_グッズ偏重_V3_Var6604(100 users) over 超_ミュウツー_グッズ偏重_V3_Var3907(80 users)
Gen 1429 | Meta Shift: 炎_リザードンX_安定_V1_Var7284(120 users) over 草_ナッシー_安定_V1_Var8157(100 users)
Gen 1430 | Meta Shift: 龍悪_ギラダク_グッズ偏重_V3_Var6851(120 users) over 超_ミュウツー_グッズ偏重_V3_Var255(80 users)
Gen 1431 | Meta Shift: 闘_ガブルカ_究極_V6_アルティメット_Var127(140 users) over 鋼_メルルギア_究極_V6_アルティメット_Var5001(80 users)
Gen 1432 | Meta Shift: 鋼_メルルギア_グッズ偏重_V3_Var3370(120 users) over 水_スイクンセグレイブ_安定_V1_Var5241(80 users)
Gen 1433 | Meta Shift: 水_スイクンセグレイブ_安定_V1_Var7452(120 users) over 草_フシギバナ_グッズ偏重_V3_Var3839(80 users)
Gen 1434 | Meta Shift: 鋼_メルルギア_グッズ偏重_V3_Var3410(120 users) over 水_スイクンセグレイブ_究極_V6_アルティメット_Var1606(80 users)
Gen 1435 | Meta Shift: 炎_リザードンX_究極_V6_アルティメット_Var2319(120 users) over 闘_ガブルカ_グッズ偏重_V3_Var5309(80 users)
Gen 1436 | Meta Shift: 雷_ライコウ_安定_V1_Var3123(120 users) over 超_ゲンガー_究極_V6_アルティメット_Var2133(80 users)
Gen 1437 | Meta Shift: 草_フシギバナ_グッズ偏重_V3_Var6981(120 users) over 超_ゲンガー_グッズ偏重_V3_Var9595(80 users)
Gen 1438 | Meta Shift: 水_スイクン_グッズ偏重_V3_Var1927(120 users) over 雷_ライコウ_グッズ偏重_V3_Var3778(80 users)
Gen 1439 | Meta Shift: 水_スイクン_究極_V6_アルティメット_Var1003(140 users) over 水_スイクンセグレイブ_グッズ偏重_V3_Var3843(80 users)
Gen 1440 | Meta Shift: 超_ミュウツー_グッズ偏重_V3_Var9886(120 users) over 雷_ライコウ_グッズ偏重_V3_Var5811(80 users)
Gen 1441 | Meta Shift: 悪_ダークライ睡眠_グッズ偏重_V3_Var6858(120 users) over 鋼_メルルギア_グッズ偏重_V3_Var9072(80 users)
Gen 1442 | Meta Shift: 草_フシギバナ_安定_V1_Var4842(120 users) over 闘_ガブルカ_グッズ偏重_V3_Var6748(80 users)
Gen 1443 | Meta Shift: 闘_ガブルカ_安定_V1_Var5207(120 users) over 草_ナッシー_グッズ偏重_V3_Var5954(80 users)
Gen 1444 | Meta Shift: 鋼_メルルギア_究極_V6_アルティメット_Var2928(120 users) over 水_スイクンセグレイブ_究極_V6_アルティメット_Var9747(80 users)
Gen 1445 | Meta Shift: 雷_ライコウ_究極_V6_アルティメット_Var8190(120 users) over 闘_ガブルカ_グッズ偏重_V3_Var3409(100 users)
Gen 1446 | Meta Shift: 悪_ダークライ睡眠_グッズ偏重_V3_Var481(120 users) over 水_スイクンセグレイブ_グッズ偏重_V3_Var2968(80 users)
Gen 1447 | Meta Shift: 草_フシギバナ_究極_V6_アルティメット_Var9273(120 users) over 草_ナッシー_安定_V1_Var147(60 users)
Gen 1448 | Meta Shift: 炎_リザードンX_安定_V1_Var9370(120 users) over 草_ナッシー_究極_V6_アルティメット_Var9795(80 users)
Gen 1449 | Meta Shift: 炎_リザードンX_安定_V1_Var9118(100 users) over 雷_ライコウ_安定_V1_Var8855(80 users)
Gen 1450 | Meta Shift: 龍悪_ギラダク_グッズ偏重_V3_Var3453(120 users) over 雷_ライコウ_安定_V1_Var4903(60 users)
Gen 1451 | Meta Shift: 炎_リザードンX_安定_V1_Var8010(120 users) over 闘_ガブルカ_グッズ偏重_V3_Var5428(80 users)
Gen 1452 | Meta Shift: 鋼_メルルギア_究極_V6_アルティメット_Var109(160 users) over 水_スイクンセグレイブ_究極_V6_アルティメット_Var501(80 users)
Gen 1453 | Meta Shift: 水_スイクンセグレイブ_究極_V6_アルティメット_Var1860(100 users) over 超_ゲンガー_究極_V6_アルティメット_Var1879(80 users)
Gen 1454 | Meta Shift: 鋼_メルルギア_グッズ偏重_V3_Var4434(140 users) over 水_スイクン_グッズ偏重_V3_Var7789(80 users)
Gen 1455 | Meta Shift: 水_スイクンセグレイブ_グッズ偏重_V3_Var1700(120 users) over 草_フシギバナ_安定_V1_Var1898(80 users)
Gen 1456 | Meta Shift: 闘_ガブルカ_安定_V1_Var9303(120 users) over 龍悪_ギラダク_グッズ偏重_V3_Var8883(60 users)
Gen 1457 | Meta Shift: 水_スイクン_究極_V6_アルティメット_Var457(140 users) over 悪_ダークライ睡眠_究極_V6_アルティメット_Var8646(80 users)
Gen 1458 | Meta Shift: 超_ゲンガー_究極_V6_アルティメット_Var4844(120 users) over 鋼_メルルギア_グッズ偏重_V3_Var3082(80 users)
Gen 1459 | Meta Shift: 草_ナッシー_安定_V1_Var3810(120 users) over 草_ナッシー_安定_V1_Var3463(80 users)
Gen 1460 | Meta Shift: 鋼_メルルギア_究極_V6_アルティメット_Var1828(100 users) over 炎_リザードンX_安定_V1_Var9480(80 users)
Gen 1461 | Meta Shift: 炎_リザードンX_グッズ偏重_V3_Var5963(120 users) over 悪_ダークライ睡眠_究極_V6_アルティメット_Var8046(80 users)
Gen 1462 | Meta Shift: 龍悪_ギラダク_究極_V6_アルティメット_Var9319(120 users) over 超_ゲンガー_グッズ偏重_V3_Var3887(80 users)
Gen 1463 | Meta Shift: 超_ミュウツー_安定_V1_Var2241(120 users) over 鋼_メルルギア_グッズ偏重_V3_Var3781(80 users)
Gen 1464 | Meta Shift: 水_スイクン_安定_V1_Var6394(100 users) over 超_ゲンガー_グッズ偏重_V3_Var1347(120 users)
Gen 1465 | Meta Shift: 悪_ダークライ睡眠_安定_V1_Var3021(120 users) over 炎_リザードンX_グッズ偏重_V3_Var4616(80 users)
Gen 1466 | Meta Shift: 超_ゲンガー_究極_V6_アルティメット_Var5439(120 users) over 龍悪_ギラダク_究極_V6_アルティメット_Var5844(60 users)
Gen 1467 | Meta Shift: 鋼_メルルギア_グッズ偏重_V3_Var3797(120 users) over 悪_ダークライ睡眠_安定_V1_Var637(80 users)
Gen 1468 | Meta Shift: 鋼_メルルギア_安定_V1_Var6226(120 users) over 龍悪_ギラダク_安定_V1_Var7540(80 users)
Gen 1469 | Meta Shift: 草_フシギバナ_究極_V6_アルティメット_Var9856(120 users) over 鋼_メルルギア_グッズ偏重_V3_Var5044(80 users)
Gen 1470 | Meta Shift: 炎_リザードンX_グッズ偏重_V3_Var4830(120 users) over 草_フシギバナ_究極_V6_アルティメット_Var9052(80 users)
Gen 1471 | Meta Shift: 雷_ライコウ_グッズ偏重_V3_Var4735(120 users) over 水_スイクン_安定_V1_Var9927(60 users)
Gen 1472 | Meta Shift: 超_ミュウツー_安定_V1_Var8066(120 users) over 超_ミュウツー_究極_V6_アルティメット_Var1919(60 users)
Gen 1473 | Meta Shift: 鋼_メルルギア_安定_V1_Var3107(140 users) over 龍悪_ギラダク_安定_V1_Var3364(80 users)
Gen 1474 | Meta Shift: 超_ゲンガー_究極_V6_アルティメット_Var7396(100 users) over 炎_リザードンX_究極_V6_アルティメット_Var8785(80 users)
Gen 1475 | Meta Shift: 炎_リザードンX_安定_V1_Var6870(120 users) over 雷_ライコウ_グッズ偏重_V3_Var9973(80 users)
Gen 1476 | Meta Shift: 龍悪_ギラダク_究極_V6_アルティメット_Var5554(120 users) over 水_スイクンセグレイブ_究極_V6_アルティメット_Var9741(80 users)
Gen 1477 | Meta Shift: 悪_ダークライ睡眠_究極_V6_アルティメット_Var4454(100 users) over 悪_ダークライ睡眠_究極_V6_アルティメット_Var331(80 users)
Gen 1478 | Meta Shift: 闘_ガブルカ_究極_V6_アルティメット_Var8545(120 users) over 水_スイクン_グッズ偏重_V3_Var6229(80 users)
Gen 1479 | Meta Shift: 雷_ライコウ_究極_V6_アルティメット_Var6256(120 users) over 炎_リザードンX_グッズ偏重_V3_Var2129(100 users)
Gen 1480 | Meta Shift: 水_スイクン_グッズ偏重_V3_Var3732(120 users) over 草_ナッシー_グッズ偏重_V3_Var51(60 users)
Gen 1481 | Meta Shift: 雷_ライコウ_グッズ偏重_V3_Var2266(80 users) over 闘_ガブルカ_究極_V6_アルティメット_Var6006(80 users)
Gen 1482 | Meta Shift: 草_フシギバナ_安定_V1_Var8617(120 users) over 水_スイクンセグレイブ_究極_V6_アルティメット_Var8146(80 users)
Gen 1483 | Meta Shift: 龍悪_ギラダク_究極_V6_アルティメット_Var3333(120 users) over 雷_ライコウ_安定_V1_Var2148(80 users)
Gen 1484 | Meta Shift: 雷_ライコウ_究極_V6_アルティメット_Var9178(120 users) over 草_ナッシー_安定_V1_Var8570(80 users)
Gen 1485 | Meta Shift: 水_スイクンセグレイブ_安定_V1_Var5781(120 users) over 炎_リザードンX_究極_V6_アルティメット_Var3774(80 users)
Gen 1486 | Meta Shift: 龍悪_ギラダク_究極_V6_アルティメット_Var2027(120 users) over 雷_ライコウ_グッズ偏重_V3_Var9313(100 users)
Gen 1487 | Meta Shift: 草_フシギバナ_究極_V6_アルティメット_Var1327(120 users) over 悪_ダークライ睡眠_グッズ偏重_V3_Var5270(100 users)
Gen 1488 | Meta Shift: 水_スイクン_究極_V6_アルティメット_Var6033(120 users) over 超_ミュウツー_究極_V6_アルティメット_Var5804(80 users)
Gen 1489 | Meta Shift: 炎_リザードンX_究極_V6_アルティメット_Var1149(120 users) over 超_ミュウツー_グッズ偏重_V3_Var7797(60 users)
Gen 1490 | Meta Shift: 龍悪_ギラダク_グッズ偏重_V3_Var4774(120 users) over 闘_ガブルカ_グッズ偏重_V3_Var1139(80 users)
Gen 1491 | Meta Shift: 龍悪_ギラダク_グッズ偏重_V3_Var8652(160 users) over 闘_ガブルカ_安定_V1_Var7603(80 users)
Gen 1492 | Meta Shift: 水_スイクンセグレイブ_グッズ偏重_V3_Var5384(120 users) over 超_ミュウツー_安定_V1_Var413(100 users)
Gen 1493 | Meta Shift: 龍悪_ギラダク_究極_V6_アルティメット_Var7992(120 users) over 超_ミュウツー_究極_V6_アルティメット_Var6878(80 users)
Gen 1494 | Meta Shift: 龍悪_ギラダク_究極_V6_アルティメット_Var5570(120 users) over 悪_ダークライ睡眠_安定_V1_Var8477(80 users)
Gen 1495 | Meta Shift: 悪_ダークライ睡眠_安定_V1_Var5204(120 users) over 水_スイクン_安定_V1_Var157(80 users)
Gen 1496 | Meta Shift: 雷_ライコウ_グッズ偏重_V3_Var4732(120 users) over 草_ナッシー_究極_V6_アルティメット_Var9025(80 users)
Gen 1497 | Meta Shift: 龍悪_ギラダク_安定_V1_Var4457(120 users) over 草_フシギバナ_安定_V1_Var6441(60 users)
Gen 1498 | Meta Shift: 草_フシギバナ_グッズ偏重_V3_Var905(120 users) over 水_スイクン_グッズ偏重_V3_Var4171(80 users)
Gen 1499 | Meta Shift: 悪_ダークライ睡眠_究極_V6_アルティメット_Var1728(120 users) over 鋼_メルルギア_グッズ偏重_V3_Var5742(60 users)
Gen 1500 | Meta Shift: 悪_ダークライ睡眠_安定_V1_Var7300(140 users) over 超_ゲンガー_グッズ偏重_V3_Var9648(80 users)
Gen 1501 | Meta Shift: 水_スイクン_グッズ偏重_V3_Var9217(140 users) over 鋼_メルルギア_安定_V1_Var9139(80 users)
Gen 1502 | Meta Shift: 超_ミュウツー_安定_V1_Var7755(120 users) over 雷_ライコウ_グッズ偏重_V3_Var8384(80 users)
Gen 1503 | Meta Shift: 龍悪_ギラダク_グッズ偏重_V3_Var923(140 users) over 炎_リザードンX_グッズ偏重_V3_Var9398(80 users)
Gen 1504 | Meta Shift: 鋼_メルルギア_安定_V1_Var4707(120 users) over 草_フシギバナ_究極_V6_アルティメット_Var4439(80 users)
Gen 1505 | Meta Shift: 草_ナッシー_グッズ偏重_V3_Var4231(120 users) over 龍悪_ギラダク_グッズ偏重_V3_Var1763(80 users)
Gen 1506 | Meta Shift: 超_ミュウツー_安定_V1_Var830(120 users) over 炎_リザードンX_究極_V6_アルティメット_Var8372(80 users)
Gen 1507 | Meta Shift: 超_ゲンガー_安定_V1_Var75(120 users) over 雷_ライコウ_グッズ偏重_V3_Var4085(100 users)
Gen 1508 | Meta Shift: 草_フシギバナ_グッズ偏重_V3_Var6119(140 users) over 草_フシギバナ_グッズ偏重_V3_Var285(80 users)
Gen 1509 | Meta Shift: 炎_リザードンX_安定_V1_Var7042(120 users) over 雷_ライコウ_グッズ偏重_V3_Var7773(80 users)
Gen 1510 | Meta Shift: 悪_ダークライ睡眠_究極_V6_アルティメット_Var436(120 users) over 悪_ダークライ睡眠_安定_V1_Var7418(60 users)
Gen 1511 | Meta Shift: 悪_ダークライ睡眠_究極_V6_アルティメット_Var436(140 users) over 水_スイクンセグレイブ_究極_V6_アルティメット_Var1145(80 users)
Gen 1512 | Meta Shift: 雷_ライコウ_グッズ偏重_V3_Var7329(140 users) over 闘_ガブルカ_究極_V6_アルティメット_Var9814(80 users)
Gen 1513 | Meta Shift: 龍悪_ギラダク_究極_V6_アルティメット_Var6311(120 users) over 草_ナッシー_究極_V6_アルティメット_Var2277(80 users)
Gen 1514 | Meta Shift: 草_ナッシー_究極_V6_アルティメット_Var9944(120 users) over 炎_リザードンX_究極_V6_アルティメット_Var3731(60 users)
Gen 1515 | Meta Shift: 水_スイクン_究極_V6_アルティメット_Var1909(120 users) over 草_フシギバナ_究極_V6_アルティメット_Var7699(80 users)
Gen 1516 | Meta Shift: 草_ナッシー_安定_V1_Var4505(140 users) over 炎_リザードンX_グッズ偏重_V3_Var3016(80 users)
Gen 1517 | Meta Shift: 悪_ダークライ睡眠_究極_V6_アルティメット_Var4450(120 users) over 水_スイクンセグレイブ_グッズ偏重_V3_Var8423(80 users)
Gen 1518 | Meta Shift: 水_スイクン_安定_V1_Var58(120 users) over 超_ミュウツー_究極_V6_アルティメット_Var4142(80 users)
Gen 1519 | Meta Shift: 龍悪_ギラダク_グッズ偏重_V3_Var6980(120 users) over 水_スイクン_グッズ偏重_V3_Var3447(100 users)
Gen 1520 | Meta Shift: 水_スイクン_安定_V1_Var9811(120 users) over 草_ナッシー_グッズ偏重_V3_Var1293(80 users)
Gen 1521 | Meta Shift: 鋼_メルルギア_安定_V1_Var7678(140 users) over 龍悪_ギラダク_究極_V6_アルティメット_Var4351(80 users)
Gen 1522 | Meta Shift: 悪_ダークライ睡眠_究極_V6_アルティメット_Var5024(120 users) over 超_ゲンガー_究極_V6_アルティメット_Var8998(80 users)
Gen 1523 | Meta Shift: 雷_ライコウ_安定_V1_Var9942(140 users) over 雷_ライコウ_安定_V1_Var3495(80 users)
Gen 1524 | Meta Shift: 超_ゲンガー_安定_V1_Var3354(120 users) over 雷_ライコウ_安定_V1_Var4513(60 users)
Gen 1525 | Meta Shift: 闘_ガブルカ_グッズ偏重_V3_Var2859(140 users) over 雷_ライコウ_安定_V1_Var990(80 users)
Gen 1526 | Meta Shift: 龍悪_ギラダク_究極_V6_アルティメット_Var5939(140 users) over 水_スイクンセグレイブ_グッズ偏重_V3_Var6210(80 users)
Gen 1527 | Meta Shift: 悪_ダークライ睡眠_安定_V1_Var3171(100 users) over 悪_ダークライ睡眠_安定_V1_Var5396(80 users)
Gen 1528 | Meta Shift: 悪_ダークライ睡眠_グッズ偏重_V3_Var1501(120 users) over 炎_リザードンX_究極_V6_アルティメット_Var1175(80 users)
Gen 1529 | Meta Shift: 草_フシギバナ_安定_V1_Var3101(120 users) over 草_ナッシー_究極_V6_アルティメット_Var7130(80 users)
Gen 1530 | Meta Shift: 水_スイクン_安定_V1_Var9114(120 users) over 水_スイクン_究極_V6_アルティメット_Var1073(80 users)
Gen 1531 | Meta Shift: 悪_ダークライ睡眠_安定_V1_Var1843(120 users) over 草_ナッシー_安定_V1_Var6143(80 users)
Gen 1532 | Meta Shift: 草_フシギバナ_究極_V6_アルティメット_Var2236(120 users) over 悪_ダークライ睡眠_グッズ偏重_V3_Var8271(100 users)
Gen 1533 | Meta Shift: 闘_ガブルカ_グッズ偏重_V3_Var8256(120 users) over 草_ナッシー_グッズ偏重_V3_Var1665(80 users)
Gen 1534 | Meta Shift: 炎_リザードンX_究極_V6_アルティメット_Var4706(120 users) over 鋼_メルルギア_安定_V1_Var3174(100 users)
Gen 1535 | Meta Shift: 闘_ガブルカ_グッズ偏重_V3_Var8629(120 users) over 水_スイクンセグレイブ_究極_V6_アルティメット_Var17(80 users)
Gen 1536 | Meta Shift: 超_ミュウツー_究極_V6_アルティメット_Var9015(120 users) over 草_フシギバナ_安定_V1_Var5215(80 users)
Gen 1537 | Meta Shift: 超_ゲンガー_安定_V1_Var6856(100 users) over 水_スイクンセグレイブ_究極_V6_アルティメット_Var3929(80 users)
Gen 1538 | Meta Shift: 雷_ライコウ_究極_V6_アルティメット_Var4304(120 users) over 水_スイクンセグレイブ_グッズ偏重_V3_Var936(100 users)
Gen 1539 | Meta Shift: 超_ミュウツー_安定_V1_Var5264(120 users) over 超_ミュウツー_安定_V1_Var2039(80 users)
Gen 1540 | Meta Shift: 超_ゲンガー_グッズ偏重_V3_Var9648(100 users) over 悪_ダークライ睡眠_究極_V6_アルティメット_Var5281(80 users)
Gen 1541 | Meta Shift: 闘_ガブルカ_安定_V1_Var9419(120 users) over 超_ミュウツー_グッズ偏重_V3_Var1463(80 users)
Gen 1542 | Meta Shift: 龍悪_ギラダク_究極_V6_アルティメット_Var9237(120 users) over 草_フシギバナ_究極_V6_アルティメット_Var9052(60 users)
Gen 1543 | Meta Shift: 龍悪_ギラダク_究極_V6_アルティメット_Var8968(120 users) over 悪_ダークライ睡眠_グッズ偏重_V3_Var5728(80 users)
Gen 1544 | Meta Shift: 雷_ライコウ_グッズ偏重_V3_Var5090(140 users) over 水_スイクン_グッズ偏重_V3_Var2642(80 users)
Gen 1545 | Meta Shift: 超_ゲンガー_究極_V6_アルティメット_Var9285(120 users) over 超_ミュウツー_究極_V6_アルティメット_Var2322(80 users)
Gen 1546 | Meta Shift: 水_スイクン_グッズ偏重_V3_Var2978(120 users) over 闘_ガブルカ_安定_V1_Var3475(80 users)
Gen 1547 | Meta Shift: 雷_ライコウ_究極_V6_アルティメット_Var8358(120 users) over 悪_ダークライ睡眠_究極_V6_アルティメット_Var4484(80 users)
Gen 1548 | Meta Shift: 草_フシギバナ_グッズ偏重_V3_Var998(100 users) over 炎_リザードンX_グッズ偏重_V3_Var3816(80 users)
Gen 1549 | Meta Shift: 超_ゲンガー_究極_V6_アルティメット_Var7485(120 users) over 水_スイクンセグレイブ_究極_V6_アルティメット_Var3585(80 users)
Gen 1550 | Meta Shift: 龍悪_ギラダク_究極_V6_アルティメット_Var1448(120 users) over 草_フシギバナ_グッズ偏重_V3_Var4586(80 users)
Gen 1551 | Meta Shift: 龍悪_ギラダク_安定_V1_Var2206(140 users) over 水_スイクンセグレイブ_グッズ偏重_V3_Var8632(60 users)
Gen 1552 | Meta Shift: 草_ナッシー_究極_V6_アルティメット_Var7949(140 users) over 龍悪_ギラダク_グッズ偏重_V3_Var1357(100 users)
Gen 1553 | Meta Shift: 闘_ガブルカ_グッズ偏重_V3_Var6646(120 users) over 雷_ライコウ_究極_V6_アルティメット_Var2962(80 users)
Gen 1554 | Meta Shift: 超_ゲンガー_究極_V6_アルティメット_Var7779(120 users) over 水_スイクン_究極_V6_アルティメット_Var6435(80 users)
Gen 1555 | Meta Shift: 龍悪_ギラダク_グッズ偏重_V3_Var232(120 users) over 雷_ライコウ_安定_V1_Var6192(80 users)
Gen 1556 | Meta Shift: 水_スイクン_グッズ偏重_V3_Var1642(120 users) over 炎_リザードンX_究極_V6_アルティメット_Var8372(60 users)
Gen 1557 | Meta Shift: 鋼_メルルギア_究極_V6_アルティメット_Var7585(120 users) over 龍悪_ギラダク_安定_V1_Var8791(80 users)
Gen 1558 | Meta Shift: 闘_ガブルカ_究極_V6_アルティメット_Var1544(120 users) over 闘_ガブルカ_究極_V6_アルティメット_Var5615(80 users)
Gen 1559 | Meta Shift: 超_ゲンガー_究極_V6_アルティメット_Var8267(80 users) over 草_フシギバナ_安定_V1_Var5575(100 users)
Gen 1560 | Meta Shift: 龍悪_ギラダク_安定_V1_Var5321(120 users) over 龍悪_ギラダク_究極_V6_アルティメット_Var3244(80 users)
Gen 1561 | Meta Shift: 龍悪_ギラダク_究極_V6_アルティメット_Var1201(120 users) over 炎_リザードンX_安定_V1_Var8139(100 users)
Gen 1562 | Meta Shift: 炎_リザードンX_グッズ偏重_V3_Var6061(120 users) over 水_スイクン_グッズ偏重_V3_Var5129(100 users)
Gen 1563 | Meta Shift: 悪_ダークライ睡眠_究極_V6_アルティメット_Var2040(120 users) over 超_ゲンガー_安定_V1_Var45(80 users)
Gen 1564 | Meta Shift: 龍悪_ギラダク_グッズ偏重_V3_Var546(140 users) over 雷_ライコウ_究極_V6_アルティメット_Var953(80 users)
Gen 1565 | Meta Shift: 龍悪_ギラダク_グッズ偏重_V3_Var7171(120 users) over 鋼_メルルギア_グッズ偏重_V3_Var3370(100 users)
Gen 1566 | Meta Shift: 炎_リザードンX_グッズ偏重_V3_Var62(100 users) over 鋼_メルルギア_究極_V6_アルティメット_Var2383(100 users)
Gen 1567 | Meta Shift: 超_ゲンガー_安定_V1_Var6828(120 users) over 闘_ガブルカ_グッズ偏重_V3_Var8421(80 users)
Gen 1568 | Meta Shift: 炎_リザードンX_安定_V1_Var267(120 users) over 超_ミュウツー_安定_V1_Var4726(100 users)
Gen 1569 | Meta Shift: 悪_ダークライ睡眠_究極_V6_アルティメット_Var5926(120 users) over 超_ゲンガー_究極_V6_アルティメット_Var4741(80 users)
Gen 1570 | Meta Shift: 炎_リザードンX_究極_V6_アルティメット_Var1597(120 users) over 超_ミュウツー_安定_V1_Var6030(80 users)
Gen 1571 | Meta Shift: 超_ゲンガー_グッズ偏重_V3_Var4174(120 users) over 雷_ライコウ_究極_V6_アルティメット_Var798(80 users)
Gen 1572 | Meta Shift: 超_ゲンガー_安定_V1_Var9133(120 users) over 闘_ガブルカ_グッズ偏重_V3_Var7711(80 users)
Gen 1573 | Meta Shift: 炎_リザードンX_究極_V6_アルティメット_Var3999(120 users) over 鋼_メルルギア_グッズ偏重_V3_Var2719(80 users)
Gen 1574 | Meta Shift: 草_ナッシー_グッズ偏重_V3_Var1670(120 users) over 超_ゲンガー_グッズ偏重_V3_Var1974(80 users)
Gen 1575 | Meta Shift: 龍悪_ギラダク_安定_V1_Var4426(100 users) over 闘_ガブルカ_安定_V1_Var1926(60 users)
Gen 1576 | Meta Shift: 草_フシギバナ_究極_V6_アルティメット_Var5972(120 users) over 水_スイクンセグレイブ_安定_V1_Var7541(80 users)
Gen 1577 | Meta Shift: 悪_ダークライ睡眠_安定_V1_Var3282(120 users) over 闘_ガブルカ_安定_V1_Var208(120 users)
Gen 1578 | Meta Shift: 水_スイクン_究極_V6_アルティメット_Var5679(120 users) over 雷_ライコウ_究極_V6_アルティメット_Var4295(100 users)
Gen 1579 | Meta Shift: 悪_ダークライ睡眠_グッズ偏重_V3_Var7298(80 users) over 草_ナッシー_グッズ偏重_V3_Var4201(100 users)
Gen 1580 | Meta Shift: 炎_リザードンX_安定_V1_Var949(120 users) over 闘_ガブルカ_グッズ偏重_V3_Var6741(60 users)
Gen 1581 | Meta Shift: 鋼_メルルギア_安定_V1_Var5400(120 users) over 雷_ライコウ_グッズ偏重_V3_Var833(80 users)
Gen 1582 | Meta Shift: 雷_ライコウ_安定_V1_Var57(120 users) over 闘_ガブルカ_安定_V1_Var8264(80 users)
Gen 1583 | Meta Shift: 闘_ガブルカ_究極_V6_アルティメット_Var4264(120 users) over 鋼_メルルギア_グッズ偏重_V3_Var547(100 users)
Gen 1584 | Meta Shift: 龍悪_ギラダク_安定_V1_Var7084(120 users) over 炎_リザードンX_グッズ偏重_V3_Var3837(80 users)
Gen 1585 | Meta Shift: 超_ミュウツー_安定_V1_Var4244(120 users) over 草_ナッシー_安定_V1_Var6092(80 users)
Gen 1586 | Meta Shift: 鋼_メルルギア_究極_V6_アルティメット_Var6729(120 users) over 龍悪_ギラダク_究極_V6_アルティメット_Var6311(100 users)
Gen 1587 | Meta Shift: 超_ゲンガー_グッズ偏重_V3_Var7709(120 users) over 草_フシギバナ_グッズ偏重_V3_Var1876(80 users)
Gen 1588 | Meta Shift: 龍悪_ギラダク_究極_V6_アルティメット_Var5570(140 users) over 鋼_メルルギア_グッズ偏重_V3_Var1663(80 users)
Gen 1589 | Meta Shift: 炎_リザードンX_究極_V6_アルティメット_Var3815(120 users) over 水_スイクンセグレイブ_究極_V6_アルティメット_Var9834(100 users)
Gen 1590 | Meta Shift: 炎_リザードンX_究極_V6_アルティメット_Var6026(120 users) over 超_ゲンガー_安定_V1_Var2780(80 users)
Gen 1591 | Meta Shift: 龍悪_ギラダク_究極_V6_アルティメット_Var2441(120 users) over 龍悪_ギラダク_安定_V1_Var6999(80 users)
Gen 1592 | Meta Shift: 炎_リザードンX_安定_V1_Var2577(120 users) over 炎_リザードンX_安定_V1_Var3381(80 users)
Gen 1593 | Meta Shift: 超_ゲンガー_究極_V6_アルティメット_Var6486(120 users) over 炎_リザードンX_グッズ偏重_V3_Var4049(80 users)
Gen 1594 | Meta Shift: 草_フシギバナ_グッズ偏重_V3_Var9780(120 users) over 草_ナッシー_グッズ偏重_V3_Var7383(100 users)
Gen 1595 | Meta Shift: 龍悪_ギラダク_グッズ偏重_V3_Var6950(120 users) over 雷_ライコウ_グッズ偏重_V3_Var2002(80 users)
Gen 1596 | Meta Shift: 水_スイクン_安定_V1_Var8673(140 users) over 超_ミュウツー_究極_V6_アルティメット_Var8585(80 users)
Gen 1597 | Meta Shift: 悪_ダークライ睡眠_グッズ偏重_V3_Var4024(120 users) over 超_ミュウツー_グッズ偏重_V3_Var1725(80 users)
Gen 1598 | Meta Shift: 水_スイクンセグレイブ_究極_V6_アルティメット_Var8933(120 users) over 鋼_メルルギア_安定_V1_Var231(80 users)
Gen 1599 | Meta Shift: 草_フシギバナ_究極_V6_アルティメット_Var172(100 users) over 草_ナッシー_グッズ偏重_V3_Var199(80 users)
Gen 1600 | Meta Shift: 草_フシギバナ_究極_V6_アルティメット_Var85(120 users) over 雷_ライコウ_安定_V1_Var8073(80 users)
Gen 1601 | Meta Shift: 雷_ライコウ_グッズ偏重_V3_Var6732(120 users) over 草_ナッシー_グッズ偏重_V3_Var1677(80 users)
Gen 1602 | Meta Shift: 超_ミュウツー_グッズ偏重_V3_Var5330(120 users) over 炎_リザードンX_グッズ偏重_V3_Var6231(80 users)
Gen 1603 | Meta Shift: 悪_ダークライ睡眠_究極_V6_アルティメット_Var642(100 users) over 鋼_メルルギア_安定_V1_Var1529(100 users)
Gen 1604 | Meta Shift: 超_ゲンガー_グッズ偏重_V3_Var3008(120 users) over 水_スイクンセグレイブ_究極_V6_アルティメット_Var2762(80 users)
Gen 1605 | Meta Shift: 超_ゲンガー_究極_V6_アルティメット_Var2423(120 users) over 闘_ガブルカ_究極_V6_アルティメット_Var5631(80 users)
Gen 1606 | Meta Shift: 悪_ダークライ睡眠_究極_V6_アルティメット_Var2791(120 users) over 草_フシギバナ_究極_V6_アルティメット_Var5904(80 users)
Gen 1607 | Meta Shift: 超_ミュウツー_究極_V6_アルティメット_Var1103(120 users) over 悪_ダークライ睡眠_安定_V1_Var5084(100 users)
Gen 1608 | Meta Shift: 鋼_メルルギア_安定_V1_Var4793(120 users) over 超_ミュウツー_グッズ偏重_V3_Var8515(80 users)
Gen 1609 | Meta Shift: 超_ゲンガー_グッズ偏重_V3_Var3618(120 users) over 草_フシギバナ_安定_V1_Var9994(80 users)
Gen 1610 | Meta Shift: 超_ミュウツー_グッズ偏重_V3_Var7997(120 users) over 超_ミュウツー_グッズ偏重_V3_Var4045(80 users)
Gen 1611 | Meta Shift: 悪_ダークライ睡眠_究極_V6_アルティメット_Var7191(120 users) over 雷_ライコウ_グッズ偏重_V3_Var1731(100 users)
Gen 1612 | Meta Shift: 龍悪_ギラダク_安定_V1_Var4052(120 users) over 水_スイクン_安定_V1_Var8230(60 users)
Gen 1613 | Meta Shift: 炎_リザードンX_安定_V1_Var6935(120 users) over 水_スイクン_安定_V1_Var3515(80 users)
Gen 1614 | Meta Shift: 超_ゲンガー_グッズ偏重_V3_Var9397(120 users) over 悪_ダークライ睡眠_グッズ偏重_V3_Var5013(80 users)
Gen 1 | Meta Shift: 雷_ライコウ_究極_V6_アルティメット_Var3096(120 users) over 水_スイクン_グッズ偏重_V3_Var9628(80 users)
Gen 2 | Meta Shift: 水_スイクン_グッズ偏重_V3_Var6684(120 users) over 炎_リザードンX_グッズ偏重_V3_Var2892(80 users)
Gen 3 | Meta Shift: 炎_リザードンX_究極_V6_アルティメット_Var596(120 users) over 草_ナッシー_グッズ偏重_V3_Var7899(80 users)
Gen 4 | Meta Shift: 炎_リザードンX_究極_V6_アルティメット_Var6850(120 users) over 闘_ガブルカ_グッズ偏重_V3_Var7824(80 users)
Gen 5 | Meta Shift: 悪_ダークライ睡眠_安定_V1_Var4609(120 users) over 鋼_メルルギア_究極_V6_アルティメット_Var6657(80 users)
Gen 6 | Meta Shift: 草_フシギバナ_究極_V6_アルティメット_Var7544(120 users) over 超_ミュウツー_究極_V6_アルティメット_Var2344(80 users)
Gen 7 | Meta Shift: 超_ゲンガー_究極_V6_アルティメット_Var6189(120 users) over 闘_ガブルカ_安定_V1_Var5346(80 users)
Gen 8 | Meta Shift: 悪_ダークライ睡眠_グッズ偏重_V3_Var7474(120 users) over 水_スイクン_究極_V6_アルティメット_Var8921(80 users)
Gen 9 | Meta Shift: 闘_ガブルカ_グッズ偏重_V3_Var684(120 users) over 草_フシギバナ_グッズ偏重_V3_Var7160(80 users)
Gen 10 | Meta Shift: 雷_ライコウ_究極_V6_アルティメット_Var5270(120 users) over 水_スイクンセグレイブ_グッズ偏重_V3_Var7793(80 users)
Gen 11 | Meta Shift: 草_ナッシー_グッズ偏重_V3_Var3861(120 users) over 悪_ダークライ睡眠_究極_V6_アルティメット_Var7989(80 users)
Gen 12 | Meta Shift: 草_ナッシー_安定_V1_Var577(120 users) over 超_ミュウツー_安定_V1_Var68(80 users)
Gen 13 | Meta Shift: 闘_ガブルカ_安定_V1_Var4126(120 users) over 水_スイクンセグレイブ_グッズ偏重_V3_Var1396(80 users)
Gen 14 | Meta Shift: 雷_ライコウ_安定_V1_Var5394(120 users) over 炎_リザードンX_グッズ偏重_V3_Var9044(80 users)
Gen 15 | Meta Shift: 草_フシギバナ_安定_V1_Var148(120 users) over 雷_ライコウ_究極_V6_アルティメット_Var1910(80 users)
Gen 16 | Meta Shift: 超_ゲンガー_安定_V1_Var6279(120 users) over 超_ミュウツー_究極_V6_アルティメット_Var5202(80 users)
Gen 17 | Meta Shift: 悪_ダークライ睡眠_グッズ偏重_V3_Var6000(120 users) over 超_ゲンガー_グッズ偏重_V3_Var1550(80 users)
Gen 18 | Meta Shift: 闘_ガブルカ_安定_V1_Var6427(120 users) over 水_スイクンセグレイブ_安定_V1_Var3018(80 users)
Gen 19 | Meta Shift: 雷_ライコウ_究極_V6_アルティメット_Var528(120 users) over 闘_ガブルカ_安定_V1_Var2273(80 users)
Gen 20 | Meta Shift: 悪_ダークライ睡眠_究極_V6_アルティメット_Var6229(120 users) over 龍悪_ギラダク_究極_V6_アルティメット_Var703(80 users)
Gen 21 | Meta Shift: 水_スイクンセグレイブ_グッズ偏重_V3_Var4788(120 users) over 闘_ガブルカ_究極_V6_アルティメット_Var4113(80 users)
Gen 22 | Meta Shift: 草_ナッシー_グッズ偏重_V3_Var8257(120 users) over 龍悪_ギラダク_究極_V6_アルティメット_Var6031(80 users)
Gen 23 | Meta Shift: 雷_ライコウ_グッズ偏重_V3_Var9367(120 users) over 闘_ガブルカ_究極_V6_アルティメット_Var1860(80 users)
Gen 24 | Meta Shift: 龍悪_ギラダク_究極_V6_アルティメット_Var2496(120 users) over 草_ナッシー_安定_V1_Var71(80 users)
Gen 25 | Meta Shift: 龍悪_ギラダク_安定_V1_Var4121(120 users) over 超_ミュウツー_究極_V6_アルティメット_Var6429(80 users)
Gen 26 | Meta Shift: 悪_ダークライ睡眠_グッズ偏重_V3_Var783(120 users) over 超_ゲンガー_安定_V1_Var8047(80 users)
Gen 27 | Meta Shift: 炎_リザードンX_グッズ偏重_V3_Var4449(120 users) over 草_フシギバナ_グッズ偏重_V3_Var9373(80 users)
Gen 28 | Meta Shift: 悪_ダークライ睡眠_安定_V1_Var72(120 users) over 超_ゲンガー_グッズ偏重_V3_Var2974(80 users)
Gen 29 | Meta Shift: 草_ナッシー_安定_V1_Var6397(120 users) over 鋼_メルルギア_グッズ偏重_V3_Var7266(80 users)
Gen 30 | Meta Shift: 草_フシギバナ_安定_V1_Var7043(120 users) over 水_スイクンセグレイブ_安定_V1_Var9033(80 users)
Gen 31 | Meta Shift: 水_スイクンセグレイブ_グッズ偏重_V3_Var6375(120 users) over 草_ナッシー_究極_V6_アルティメット_Var5647(80 users)
Gen 32 | Meta Shift: 草_フシギバナ_グッズ偏重_V3_Var6884(120 users) over 草_フシギバナ_究極_V6_アルティメット_Var6694(80 users)
Gen 33 | Meta Shift: 雷_ライコウ_究極_V6_アルティメット_Var8349(120 users) over 水_スイクンセグレイブ_究極_V6_アルティメット_Var9642(80 users)
Gen 34 | Meta Shift: 鋼_メルルギア_安定_V1_Var5467(120 users) over 龍悪_ギラダク_究極_V6_アルティメット_Var1695(80 users)
Gen 35 | Meta Shift: 闘_ガブルカ_グッズ偏重_V3_Var4232(120 users) over 超_ゲンガー_究極_V6_アルティメット_Var3036(80 users)
Gen 36 | Meta Shift: 超_ゲンガー_究極_V6_アルティメット_Var1704(120 users) over 悪_ダークライ睡眠_グッズ偏重_V3_Var9352(80 users)
Gen 37 | Meta Shift: 炎_リザードンX_究極_V6_アルティメット_Var1311(120 users) over 龍悪_ギラダク_究極_V6_アルティメット_Var9420(80 users)
Gen 38 | Meta Shift: 雷_ライコウ_安定_V1_Var6266(120 users) over 水_スイクン_グッズ偏重_V3_Var4915(80 users)
Gen 39 | Meta Shift: 龍悪_ギラダク_グッズ偏重_V3_Var9480(120 users) over 超_ミュウツー_究極_V6_アルティメット_Var3407(80 users)
Gen 40 | Meta Shift: 炎_リザードンX_安定_V1_Var9211(120 users) over 草_フシギバナ_安定_V1_Var8498(80 users)
Gen 41 | Meta Shift: 水_スイクンセグレイブ_グッズ偏重_V3_Var2641(120 users) over 水_スイクンセグレイブ_グッズ偏重_V3_Var2610(80 users)
Gen 42 | Meta Shift: 鋼_メルルギア_グッズ偏重_V3_Var7737(120 users) over 草_ナッシー_安定_V1_Var1094(80 users)
Gen 43 | Meta Shift: 炎_リザードンX_安定_V1_Var1836(120 users) over 悪_ダークライ睡眠_グッズ偏重_V3_Var6912(80 users)
Gen 44 | Meta Shift: 水_スイクン_究極_V6_アルティメット_Var8220(120 users) over 水_スイクンセグレイブ_安定_V1_Var8320(80 users)
Gen 45 | Meta Shift: 闘_ガブルカ_究極_V6_アルティメット_Var903(120 users) over 水_スイクンセグレイブ_グッズ偏重_V3_Var8888(80 users)
Gen 46 | Meta Shift: 水_スイクン_究極_V6_アルティメット_Var594(120 users) over 龍悪_ギラダク_グッズ偏重_V3_Var3705(80 users)
Gen 47 | Meta Shift: 鋼_メルルギア_グッズ偏重_V3_Var5185(120 users) over 水_スイクン_究極_V6_アルティメット_Var8399(80 users)
Gen 48 | Meta Shift: 超_ミュウツー_グッズ偏重_V3_Var1495(120 users) over 龍悪_ギラダク_グッズ偏重_V3_Var6798(80 users)
Gen 49 | Meta Shift: 鋼_メルルギア_安定_V1_Var2699(120 users) over 炎_リザードンX_グッズ偏重_V3_Var8352(80 users)
Gen 50 | Meta Shift: 鋼_メルルギア_究極_V6_アルティメット_Var5999(120 users) over 水_スイクンセグレイブ_グッズ偏重_V3_Var6857(80 users)
Gen 51 | Meta Shift: 水_スイクンセグレイブ_グッズ偏重_V3_Var4345(120 users) over 草_フシギバナ_グッズ偏重_V3_Var3224(80 users)
Gen 52 | Meta Shift: 超_ゲンガー_グッズ偏重_V3_Var7488(120 users) over 悪_ダークライ睡眠_究極_V6_アルティメット_Var218(80 users)
Gen 53 | Meta Shift: 超_ゲンガー_グッズ偏重_V3_Var7957(120 users) over 闘_ガブルカ_究極_V6_アルティメット_Var3081(80 users)
Gen 54 | Meta Shift: 草_ナッシー_安定_V1_Var4587(120 users) over 超_ゲンガー_究極_V6_アルティメット_Var2695(80 users)
Gen 55 | Meta Shift: 悪_ダークライ睡眠_安定_V1_Var3882(120 users) over 水_スイクンセグレイブ_究極_V6_アルティメット_Var1036(80 users)
Gen 56 | Meta Shift: 超_ゲンガー_安定_V1_Var4264(120 users) over 龍悪_ギラダク_グッズ偏重_V3_Var45(80 users)
Gen 57 | Meta Shift: 龍悪_ギラダク_究極_V6_アルティメット_Var2733(120 users) over 悪_ダークライ睡眠_究極_V6_アルティメット_Var4237(80 users)
Gen 58 | Meta Shift: 超_ゲンガー_安定_V1_Var8345(120 users) over 炎_リザードンX_安定_V1_Var674(80 users)
Gen 59 | Meta Shift: 水_スイクン_グッズ偏重_V3_Var4511(120 users) over 水_スイクン_安定_V1_Var3947(80 users)
Gen 60 | Meta Shift: 草_フシギバナ_グッズ偏重_V3_Var8961(120 users) over 龍悪_ギラダク_グッズ偏重_V3_Var6614(80 users)
Gen 61 | Meta Shift: 悪_ダークライ睡眠_グッズ偏重_V3_Var7350(120 users) over 草_フシギバナ_安定_V1_Var3320(80 users)
Gen 62 | Meta Shift: 草_ナッシー_安定_V1_Var4065(120 users) over 龍悪_ギラダク_究極_V6_アルティメット_Var2079(80 users)
Gen 63 | Meta Shift: 闘_ガブルカ_グッズ偏重_V3_Var6052(120 users) over 超_ゲンガー_究極_V6_アルティメット_Var5388(80 users)
Gen 64 | Meta Shift: 炎_リザードンX_究極_V6_アルティメット_Var7805(120 users) over 闘_ガブルカ_安定_V1_Var3205(80 users)
Gen 65 | Meta Shift: 超_ミュウツー_究極_V6_アルティメット_Var1924(120 users) over 草_ナッシー_安定_V1_Var2085(80 users)
Gen 66 | Meta Shift: 水_スイクンセグレイブ_安定_V1_Var7249(120 users) over 草_ナッシー_安定_V1_Var1961(80 users)
Gen 67 | Meta Shift: 闘_ガブルカ_究極_V6_アルティメット_Var8113(120 users) over 闘_ガブルカ_グッズ偏重_V3_Var9252(80 users)
Gen 68 | Meta Shift: 超_ミュウツー_グッズ偏重_V3_Var4532(120 users) over 炎_リザードンX_安定_V1_Var790(80 users)
Gen 69 | Meta Shift: 雷_ライコウ_究極_V6_アルティメット_Var1667(120 users) over 超_ゲンガー_安定_V1_Var6810(80 users)
Gen 70 | Meta Shift: 鋼_メルルギア_究極_V6_アルティメット_Var4339(120 users) over 水_スイクン_グッズ偏重_V3_Var3939(80 users)
Gen 71 | Meta Shift: 草_フシギバナ_グッズ偏重_V3_Var3314(120 users) over 超_ゲンガー_究極_V6_アルティメット_Var5565(80 users)
Gen 72 | Meta Shift: 草_フシギバナ_グッズ偏重_V3_Var7750(120 users) over 炎_リザードンX_グッズ偏重_V3_Var1825(80 users)
Gen 73 | Meta Shift: 草_ナッシー_グッズ偏重_V3_Var1732(120 users) over 炎_リザードンX_究極_V6_アルティメット_Var9798(80 users)
Gen 74 | Meta Shift: 水_スイクン_グッズ偏重_V3_Var411(120 users) over 炎_リザードンX_安定_V1_Var6001(80 users)
Gen 75 | Meta Shift: 雷_ライコウ_安定_V1_Var935(120 users) over 闘_ガブルカ_究極_V6_アルティメット_Var9770(80 users)
Gen 76 | Meta Shift: 悪_ダークライ睡眠_安定_V1_Var4549(120 users) over 水_スイクン_グッズ偏重_V3_Var3127(80 users)
Gen 77 | Meta Shift: 水_スイクンセグレイブ_グッズ偏重_V3_Var7001(120 users) over 草_ナッシー_究極_V6_アルティメット_Var8919(80 users)
Gen 78 | Meta Shift: 闘_ガブルカ_グッズ偏重_V3_Var88(120 users) over 雷_ライコウ_安定_V1_Var7281(80 users)
Gen 79 | Meta Shift: 雷_ライコウ_究極_V6_アルティメット_Var2043(120 users) over 雷_ライコウ_グッズ偏重_V3_Var9262(80 users)
Gen 80 | Meta Shift: 雷_ライコウ_グッズ偏重_V3_Var2754(120 users) over 超_ゲンガー_安定_V1_Var7871(80 users)
Gen 1 | Meta Shift: 悪_ダークライ睡眠_安定_V1_Var8506(120 users) over 超_ミュウツー_安定_V1_Var4005(80 users)
Gen 81 | Meta Shift: 超_ミュウツー_安定_V1_Var6734(120 users) over 闘_ガブルカ_安定_V1_Var5008(80 users)
Gen 2 | Meta Shift: 超_ミュウツー_究極_V6_アルティメット_Var1799(120 users) over 炎_リザードンX_究極_V6_アルティメット_Var2078(80 users)
Gen 82 | Meta Shift: 草_フシギバナ_安定_V1_Var6301(120 users) over 水_スイクンセグレイブ_安定_V1_Var9338(80 users)
Gen 3 | Meta Shift: 雷_ライコウ_安定_V1_Var4920(120 users) over 鋼_メルルギア_グッズ偏重_V3_Var8134(80 users)
Gen 83 | Meta Shift: 龍悪_ギラダク_グッズ偏重_V3_Var4665(120 users) over 雷_ライコウ_安定_V1_Var9914(80 users)
Gen 4 | Meta Shift: 超_ミュウツー_安定_V1_Var6676(120 users) over 水_スイクンセグレイブ_安定_V1_Var5880(80 users)
Gen 84 | Meta Shift: 水_スイクン_グッズ偏重_V3_Var2705(120 users) over 超_ゲンガー_究極_V6_アルティメット_Var3829(80 users)
Gen 5 | Meta Shift: 雷_ライコウ_安定_V1_Var4007(120 users) over 草_ナッシー_安定_V1_Var3309(80 users)
Gen 85 | Meta Shift: 超_ゲンガー_究極_V6_アルティメット_Var4401(120 users) over 水_スイクン_究極_V6_アルティメット_Var9993(80 users)
Gen 6 | Meta Shift: 雷_ライコウ_グッズ偏重_V3_Var6928(120 users) over 闘_ガブルカ_安定_V1_Var6660(80 users)
Gen 86 | Meta Shift: 草_ナッシー_安定_V1_Var636(120 users) over 龍悪_ギラダク_究極_V6_アルティメット_Var4378(80 users)
Gen 7 | Meta Shift: 龍悪_ギラダク_安定_V1_Var4162(120 users) over 鋼_メルルギア_究極_V6_アルティメット_Var6644(80 users)
Gen 87 | Meta Shift: 龍悪_ギラダク_究極_V6_アルティメット_Var7689(120 users) over 水_スイクンセグレイブ_究極_V6_アルティメット_Var6766(80 users)
Gen 8 | Meta Shift: 雷_ライコウ_究極_V6_アルティメット_Var7740(120 users) over 水_スイクン_グッズ偏重_V3_Var3283(80 users)
Gen 88 | Meta Shift: 超_ゲンガー_究極_V6_アルティメット_Var1091(120 users) over 水_スイクンセグレイブ_グッズ偏重_V3_Var7733(80 users)
Gen 9 | Meta Shift: 雷_ライコウ_安定_V1_Var9668(120 users) over 水_スイクンセグレイブ_グッズ偏重_V3_Var9615(80 users)
Gen 89 | Meta Shift: 炎_リザードンX_グッズ偏重_V3_Var1636(120 users) over 草_ナッシー_究極_V6_アルティメット_Var5044(80 users)
Gen 10 | Meta Shift: 龍悪_ギラダク_グッズ偏重_V3_Var6404(120 users) over 超_ミュウツー_安定_V1_Var8180(80 users)
Gen 90 | Meta Shift: 鋼_メルルギア_グッズ偏重_V3_Var8347(120 users) over 水_スイクン_安定_V1_Var6071(80 users)
Gen 11 | Meta Shift: 悪_ダークライ睡眠_安定_V1_Var7080(120 users) over 鋼_メルルギア_安定_V1_Var3032(80 users)
Gen 91 | Meta Shift: 鋼_メルルギア_安定_V1_Var8449(120 users) over 炎_リザードンX_グッズ偏重_V3_Var4518(80 users)
Gen 12 | Meta Shift: 龍悪_ギラダク_グッズ偏重_V3_Var7177(120 users) over 水_スイクン_グッズ偏重_V3_Var4831(80 users)
Gen 92 | Meta Shift: 鋼_メルルギア_安定_V1_Var850(120 users) over 超_ゲンガー_究極_V6_アルティメット_Var6788(80 users)
Gen 13 | Meta Shift: 悪_ダークライ睡眠_グッズ偏重_V3_Var4187(120 users) over 悪_ダークライ睡眠_安定_V1_Var8522(80 users)
Gen 93 | Meta Shift: 草_ナッシー_究極_V6_アルティメット_Var9732(120 users) over 雷_ライコウ_安定_V1_Var3623(80 users)
Gen 14 | Meta Shift: 雷_ライコウ_究極_V6_アルティメット_Var5343(120 users) over 闘_ガブルカ_安定_V1_Var9159(80 users)
Gen 94 | Meta Shift: 草_フシギバナ_グッズ偏重_V3_Var9394(120 users) over 超_ゲンガー_究極_V6_アルティメット_Var1852(80 users)
Gen 15 | Meta Shift: 雷_ライコウ_究極_V6_アルティメット_Var2844(120 users) over 草_フシギバナ_グッズ偏重_V3_Var9790(80 users)
Gen 95 | Meta Shift: 悪_ダークライ睡眠_グッズ偏重_V3_Var4816(120 users) over 雷_ライコウ_究極_V6_アルティメット_Var1079(80 users)
Gen 16 | Meta Shift: 草_ナッシー_グッズ偏重_V3_Var883(120 users) over 鋼_メルルギア_究極_V6_アルティメット_Var9599(80 users)
Gen 96 | Meta Shift: 水_スイクン_グッズ偏重_V3_Var7897(120 users) over 炎_リザードンX_グッズ偏重_V3_Var3782(80 users)
Gen 17 | Meta Shift: 雷_ライコウ_究極_V6_アルティメット_Var6265(120 users) over 炎_リザードンX_究極_V6_アルティメット_Var9213(80 users)
Gen 97 | Meta Shift: 草_ナッシー_グッズ偏重_V3_Var2378(120 users) over 水_スイクンセグレイブ_究極_V6_アルティメット_Var7691(80 users)
Gen 18 | Meta Shift: 龍悪_ギラダク_究極_V6_アルティメット_Var764(120 users) over 闘_ガブルカ_究極_V6_アルティメット_Var6228(80 users)
Gen 98 | Meta Shift: 悪_ダークライ睡眠_究極_V6_アルティメット_Var5079(120 users) over 炎_リザードンX_安定_V1_Var6931(80 users)
Gen 19 | Meta Shift: 雷_ライコウ_グッズ偏重_V3_Var9629(120 users) over 草_フシギバナ_究極_V6_アルティメット_Var7007(80 users)
Gen 99 | Meta Shift: 草_ナッシー_グッズ偏重_V3_Var5007(120 users) over 悪_ダークライ睡眠_安定_V1_Var7760(80 users)
Gen 20 | Meta Shift: 悪_ダークライ睡眠_グッズ偏重_V3_Var1594(120 users) over 悪_ダークライ睡眠_究極_V6_アルティメット_Var3237(80 users)
Gen 100 | Meta Shift: 超_ミュウツー_究極_V6_アルティメット_Var7867(120 users) over 草_フシギバナ_安定_V1_Var2817(80 users)
Gen 21 | Meta Shift: 炎_リザードンX_究極_V6_アルティメット_Var9388(120 users) over 超_ゲンガー_グッズ偏重_V3_Var388(80 users)
Gen 101 | Meta Shift: 闘_ガブルカ_グッズ偏重_V3_Var9803(120 users) over 草_フシギバナ_安定_V1_Var3354(80 users)
Gen 22 | Meta Shift: 龍悪_ギラダク_安定_V1_Var3710(120 users) over 水_スイクンセグレイブ_究極_V6_アルティメット_Var5258(80 users)
Gen 102 | Meta Shift: 鋼_メルルギア_安定_V1_Var9219(120 users) over 炎_リザードンX_安定_V1_Var8761(80 users)
Gen 23 | Meta Shift: 超_ゲンガー_グッズ偏重_V3_Var1638(120 users) over 草_ナッシー_グッズ偏重_V3_Var846(80 users)
Gen 103 | Meta Shift: 雷_ライコウ_究極_V6_アルティメット_Var5497(120 users) over 炎_リザードンX_究極_V6_アルティメット_Var2588(80 users)
Gen 24 | Meta Shift: 龍悪_ギラダク_グッズ偏重_V3_Var8435(120 users) over 雷_ライコウ_安定_V1_Var829(80 users)
Gen 104 | Meta Shift: 水_スイクン_究極_V6_アルティメット_Var6717(120 users) over 悪_ダークライ睡眠_究極_V6_アルティメット_Var204(80 users)
Gen 25 | Meta Shift: 草_フシギバナ_グッズ偏重_V3_Var8247(120 users) over 鋼_メルルギア_安定_V1_Var7825(80 users)
Gen 105 | Meta Shift: 炎_リザードンX_安定_V1_Var5719(120 users) over 龍悪_ギラダク_安定_V1_Var16(80 users)
Gen 26 | Meta Shift: 草_ナッシー_究極_V6_アルティメット_Var6550(120 users) over 超_ゲンガー_究極_V6_アルティメット_Var5072(80 users)
Gen 106 | Meta Shift: 雷_ライコウ_究極_V6_アルティメット_Var8238(120 users) over 超_ゲンガー_安定_V1_Var7632(80 users)
Gen 27 | Meta Shift: 炎_リザードンX_究極_V6_アルティメット_Var7384(120 users) over 水_スイクン_究極_V6_アルティメット_Var2233(80 users)
Gen 107 | Meta Shift: 超_ミュウツー_グッズ偏重_V3_Var1467(120 users) over 水_スイクン_究極_V6_アルティメット_Var5250(80 users)
Gen 28 | Meta Shift: 水_スイクンセグレイブ_究極_V6_アルティメット_Var124(120 users) over 水_スイクンセグレイブ_安定_V1_Var6793(80 users)
Gen 108 | Meta Shift: 悪_ダークライ睡眠_グッズ偏重_V3_Var4896(120 users) over 悪_ダークライ睡眠_グッズ偏重_V3_Var6517(80 users)
Gen 29 | Meta Shift: 超_ミュウツー_究極_V6_アルティメット_Var5943(120 users) over 炎_リザードンX_究極_V6_アルティメット_Var3759(80 users)
Gen 109 | Meta Shift: 悪_ダークライ睡眠_究極_V6_アルティメット_Var9493(120 users) over 超_ミュウツー_究極_V6_アルティメット_Var7304(80 users)
Gen 30 | Meta Shift: 超_ミュウツー_グッズ偏重_V3_Var2486(120 users) over 水_スイクン_究極_V6_アルティメット_Var2633(80 users)
Gen 110 | Meta Shift: 草_フシギバナ_安定_V1_Var2901(120 users) over 鋼_メルルギア_安定_V1_Var3783(80 users)
Gen 31 | Meta Shift: 超_ゲンガー_グッズ偏重_V3_Var8840(120 users) over 超_ミュウツー_グッズ偏重_V3_Var8442(80 users)
Gen 111 | Meta Shift: 草_ナッシー_究極_V6_アルティメット_Var8838(120 users) over 水_スイクンセグレイブ_安定_V1_Var1580(80 users)
Gen 32 | Meta Shift: 悪_ダークライ睡眠_グッズ偏重_V3_Var2026(120 users) over 草_フシギバナ_グッズ偏重_V3_Var1418(80 users)
Gen 112 | Meta Shift: 草_フシギバナ_グッズ偏重_V3_Var9484(120 users) over 炎_リザードンX_究極_V6_アルティメット_Var6124(80 users)
Gen 33 | Meta Shift: 雷_ライコウ_究極_V6_アルティメット_Var382(120 users) over 雷_ライコウ_究極_V6_アルティメット_Var7251(80 users)
Gen 113 | Meta Shift: 悪_ダークライ睡眠_安定_V1_Var2581(120 users) over 悪_ダークライ睡眠_グッズ偏重_V3_Var4148(80 users)
Gen 34 | Meta Shift: 悪_ダークライ睡眠_グッズ偏重_V3_Var2052(120 users) over 超_ミュウツー_安定_V1_Var134(80 users)
Gen 114 | Meta Shift: 悪_ダークライ睡眠_グッズ偏重_V3_Var5087(120 users) over 水_スイクンセグレイブ_究極_V6_アルティメット_Var5020(80 users)
Gen 35 | Meta Shift: 超_ミュウツー_安定_V1_Var4238(120 users) over 鋼_メルルギア_グッズ偏重_V3_Var8283(80 users)
Gen 115 | Meta Shift: 闘_ガブルカ_グッズ偏重_V3_Var8417(120 users) over 草_フシギバナ_究極_V6_アルティメット_Var5287(80 users)
Gen 36 | Meta Shift: 龍悪_ギラダク_究極_V6_アルティメット_Var3498(120 users) over 水_スイクン_安定_V1_Var6680(80 users)
Gen 116 | Meta Shift: 草_フシギバナ_安定_V1_Var1872(120 users) over 超_ミュウツー_安定_V1_Var6975(80 users)
Gen 37 | Meta Shift: 龍悪_ギラダク_グッズ偏重_V3_Var9413(120 users) over 草_ナッシー_安定_V1_Var9020(80 users)
Gen 117 | Meta Shift: 水_スイクン_グッズ偏重_V3_Var8407(120 users) over 炎_リザードンX_グッズ偏重_V3_Var2275(80 users)
Gen 38 | Meta Shift: 悪_ダークライ睡眠_究極_V6_アルティメット_Var3117(120 users) over 草_フシギバナ_安定_V1_Var701(80 users)
Gen 1 | Meta Shift: 草_フシギバナ_安定_V1_Var6669(120 users) over 鋼_メルルギア_安定_V1_Var2916(80 users)
Gen 2 | Meta Shift: 鋼_メルルギア_グッズ偏重_V3_Var1849(120 users) over 鋼_メルルギア_グッズ偏重_V3_Var4678(80 users)
Gen 3 | Meta Shift: 超_ゲンガー_究極_V6_アルティメット_Var9011(120 users) over 水_スイクン_究極_V6_アルティメット_Var9139(80 users)
Gen 4 | Meta Shift: 草_ナッシー_グッズ偏重_V3_Var3652(120 users) over 超_ゲンガー_安定_V1_Var976(80 users)
Gen 5 | Meta Shift: 闘_ガブルカ_グッズ偏重_V3_Var749(120 users) over 超_ゲンガー_グッズ偏重_V3_Var6783(80 users)
Gen 6 | Meta Shift: 鋼_メルルギア_安定_V1_Var2520(120 users) over 超_ゲンガー_安定_V1_Var2303(80 users)
Gen 7 | Meta Shift: 水_スイクン_安定_V1_Var946(120 users) over 草_ナッシー_グッズ偏重_V3_Var7346(80 users)
Gen 8 | Meta Shift: 超_ミュウツー_究極_V6_アルティメット_Var2709(120 users) over 水_スイクンセグレイブ_究極_V6_アルティメット_Var566(80 users)
Gen 9 | Meta Shift: 超_ミュウツー_究極_V6_アルティメット_Var2622(120 users) over 闘_ガブルカ_究極_V6_アルティメット_Var7672(80 users)
Gen 10 | Meta Shift: 水_スイクン_究極_V6_アルティメット_Var7053(120 users) over 雷_ライコウ_グッズ偏重_V3_Var3879(80 users)
Gen 11 | Meta Shift: 雷_ライコウ_安定_V1_Var1785(120 users) over 超_ゲンガー_グッズ偏重_V3_Var1860(80 users)
Gen 12 | Meta Shift: 龍悪_ギラダク_安定_V1_Var5981(120 users) over 闘_ガブルカ_究極_V6_アルティメット_Var2428(80 users)
Gen 13 | Meta Shift: 闘_ガブルカ_グッズ偏重_V3_Var4954(120 users) over 草_ナッシー_究極_V6_アルティメット_Var3826(80 users)
Gen 14 | Meta Shift: 龍悪_ギラダク_安定_V1_Var1630(120 users) over 草_フシギバナ_究極_V6_アルティメット_Var8096(80 users)
Gen 15 | Meta Shift: 超_ゲンガー_グッズ偏重_V3_Var8358(120 users) over 炎_リザードンX_安定_V1_Var7848(80 users)
Gen 16 | Meta Shift: 鋼_メルルギア_安定_V1_Var9397(120 users) over 水_スイクン_安定_V1_Var6569(80 users)
Gen 17 | Meta Shift: 超_ゲンガー_グッズ偏重_V3_Var7040(120 users) over 水_スイクン_グッズ偏重_V3_Var5585(80 users)
Gen 18 | Meta Shift: 鋼_メルルギア_安定_V1_Var569(120 users) over 雷_ライコウ_安定_V1_Var9715(80 users)
Gen 19 | Meta Shift: 草_ナッシー_究極_V6_アルティメット_Var4463(120 users) over 炎_リザードンX_安定_V1_Var9830(80 users)
Gen 20 | Meta Shift: 炎_リザードンX_究極_V6_アルティメット_Var4337(120 users) over 超_ミュウツー_グッズ偏重_V3_Var9807(80 users)
Gen 21 | Meta Shift: 闘_ガブルカ_グッズ偏重_V3_Var1798(120 users) over 炎_リザードンX_究極_V6_アルティメット_Var4547(80 users)
Gen 22 | Meta Shift: 闘_ガブルカ_グッズ偏重_V3_Var6101(120 users) over 炎_リザードンX_安定_V1_Var6390(80 users)
Gen 23 | Meta Shift: 水_スイクン_グッズ偏重_V3_Var3352(120 users) over 草_ナッシー_安定_V1_Var7533(80 users)
Gen 24 | Meta Shift: 悪_ダークライ睡眠_安定_V1_Var7952(120 users) over 闘_ガブルカ_究極_V6_アルティメット_Var506(80 users)
Gen 25 | Meta Shift: 悪_ダークライ睡眠_グッズ偏重_V3_Var1024(120 users) over 炎_リザードンX_究極_V6_アルティメット_Var9249(80 users)
Gen 26 | Meta Shift: 龍悪_ギラダク_安定_V1_Var942(120 users) over 闘_ガブルカ_安定_V1_Var7693(80 users)
Gen 27 | Meta Shift: 龍悪_ギラダク_安定_V1_Var4981(120 users) over 水_スイクン_グッズ偏重_V3_Var1985(80 users)
Gen 28 | Meta Shift: 草_フシギバナ_グッズ偏重_V3_Var1881(120 users) over 闘_ガブルカ_グッズ偏重_V3_Var752(80 users)
Gen 29 | Meta Shift: 超_ミュウツー_安定_V1_Var9468(120 users) over 草_ナッシー_究極_V6_アルティメット_Var3765(80 users)
Gen 30 | Meta Shift: 草_フシギバナ_グッズ偏重_V3_Var1881(140 users) over 鋼_メルルギア_究極_V6_アルティメット_Var8377(80 users)
Gen 31 | Meta Shift: 超_ミュウツー_グッズ偏重_V3_Var878(120 users) over 水_スイクン_究極_V6_アルティメット_Var680(80 users)
Gen 32 | Meta Shift: 水_スイクン_究極_V6_アルティメット_Var7340(120 users) over 水_スイクン_安定_V1_Var846(80 users)
Gen 33 | Meta Shift: 草_ナッシー_グッズ偏重_V3_Var2210(120 users) over 闘_ガブルカ_究極_V6_アルティメット_Var2490(80 users)
