gen,arch,wr,mutation
1,水_スターミー_グッズ偏重_V3,0.6212,unchanged
1,炎_リザードンX_グッズ偏重_V3,0.6654,Out: レッド / In: ヒノヤコマ (Parent: 34/50 -> Mutant: 38/50)
1,闘_ガブルカ_究極_V6_アルティメット,0.4827,unchanged
1,超_ミュウツー_究極_V6_アルティメット,0.5846,unchanged
1,草_フシギバナ_安定_V1,0.6769,Out: エリカ / In: フレイムパッチ (Parent: 33/50 -> Mutant: 39/50)
1,鋼_メルルギア_安定_V1,0.4558,unchanged
1,超_ゲンガー_安定_V1,0.1750,Out: ふたの化石 / In: マシェード (Parent: 8/50 -> Mutant: 10/50)
1,雷_ピカチュウ_安定_V1,0.8154,unchanged
1,龍悪_ギラダク_グッズ偏重_V3,0.8712,unchanged
1,草_フシギバナ_究極_V6_アルティメット,0.4038,unchanged
1,炎_リザードンX_究極_V6_アルティメット,0.4135,unchanged
1,超_ミュウツー_安定_V1,0.8096,unchanged
1,水_スターミー_究極_V6_アルティメット,0.4654,Out: カスミ / In: たべのこし (Parent: 25/50 -> Mutant: 34/50)
1,超_ゲンガー_究極_V6_アルティメット,0.5442,Out: グズマ / In: テーブルシティ (Parent: 29/50 -> Mutant: 32/50)
1,鋼_メルルギア_究極_V6_アルティメット,0.4673,Out: トレーニングエリア / In: アルセウスex (Parent: 27/50 -> Mutant: 32/50)
1,超_ゲンガー_グッズ偏重_V3,0.1192,unchanged
1,鋼_メルルギア_グッズ偏重_V3,0.4769,unchanged
1,龍悪_ギラダク_安定_V1,0.5154,Out: アブソル / In: ドラピオン (Parent: 30/50 -> Mutant: 33/50)
1,雷_ピカチュウ_究極_V6_アルティメット,0.5154,Out: かけだし調査員 / In: ピカチュウ (Parent: 33/50 -> Mutant: 37/50)
1,闘_ガブルカ_グッズ偏重_V3,0.3385,Out: マーマネ / In: ナマズン (Parent: 19/50 -> Mutant: 29/50)
1,龍悪_ギラダク_究極_V6_アルティメット,0.5731,Out: グリーン / In: ドラピオン (Parent: 38/50 -> Mutant: 40/50)
1,草_フシギバナ_グッズ偏重_V3,0.5173,unchanged
1,闘_ガブルカ_安定_V1,0.3212,unchanged
1,超_ミュウツー_グッズ偏重_V3,0.3231,unchanged
1,水_スターミー_安定_V1,0.4846,unchanged
1,炎_リザードンX_安定_V1,0.4288,unchanged
1,雷_ピカチュウ_グッズ偏重_V3,0.4346,unchanged
2,超_ミュウツー_安定_V1,0.8337,unchanged
2,闘_ガブルカ_グッズ偏重_V3,0.3981,unchanged
2,超_ゲンガー_グッズ偏重_V3,0.1538,Out: ルナアーラex / In: キュワワー (Parent: 11/50 -> Mutant: 13/50)
2,炎_リザードンX_安定_V1,0.5548,unchanged
2,炎_リザードンX_グッズ偏重_V3,0.6606,unchanged
2,雷_ピカチュウ_安定_V1,0.8260,unchanged
2,超_ミュウツー_究極_V6_アルティメット,0.5952,Out: サーナイト / In: ポケモン通信 (Parent: 27/50 -> Mutant: 29/50)
2,炎_リザードンX_究極_V6_アルティメット,0.4327,unchanged
2,龍悪_ギラダク_グッズ偏重_V3,0.8673,unchanged
2,鋼_メルルギア_グッズ偏重_V3,0.5048,Out: テーブルシティ / In: オタチ (Parent: 28/50 -> Mutant: 37/50)
2,水_スターミー_安定_V1,0.5577,unchanged
2,水_スターミー_究極_V6_アルティメット,0.4606,Out: スターミーex / In: スワンナ (Parent: 26/50 -> Mutant: 28/50)
2,龍悪_ギラダク_安定_V1,0.5212,unchanged
2,雷_ピカチュウ_グッズ偏重_V3,0.5087,unchanged
2,草_フシギバナ_安定_V1,0.6481,Out: エレメンタルつけかえ / In: ワタッコ (Parent: 34/50 -> Mutant: 39/50)
2,龍悪_ギラダク_究極_V6_アルティメット,0.5913,unchanged
2,草_フシギバナ_究極_V6_アルティメット,0.3577,unchanged
2,闘_ガブルカ_究極_V6_アルティメット,0.4135,unchanged
2,超_ゲンガー_究極_V6_アルティメット,0.5202,unchanged
2,鋼_メルルギア_究極_V6_アルティメット,0.4760,unchanged
2,鋼_メルルギア_安定_V1,0.3913,unchanged
2,草_フシギバナ_グッズ偏重_V3,0.5288,unchanged
2,闘_ガブルカ_安定_V1,0.3173,Out: ハリテヤマ / In: ラムパルド (Parent: 30/50 -> Mutant: 32/50)
2,水_スターミー_グッズ偏重_V3,0.4913,unchanged
2,雷_ピカチュウ_究極_V6_アルティメット,0.4404,unchanged
2,超_ミュウツー_グッズ偏重_V3,0.3212,unchanged
2,超_ゲンガー_安定_V1,0.1279,unchanged
3,闘_ガブルカ_究極_V6_アルティメット,0.4513,Out: イワパレス / In: いじわるレター (Parent: 19/50 -> Mutant: 27/50)
3,超_ゲンガー_安定_V1,0.1455,unchanged
3,草_フシギバナ_グッズ偏重_V3,0.5718,unchanged
3,鋼_メルルギア_究極_V6_アルティメット,0.5353,unchanged
3,草_フシギバナ_究極_V6_アルティメット,0.3821,unchanged
3,闘_ガブルカ_グッズ偏重_V3,0.4115,Out: ナツメ / In: カンナギタウンの長老 (Parent: 24/50 -> Mutant: 28/50)
3,龍悪_ギラダク_安定_V1,0.5615,unchanged
3,龍悪_ギラダク_究極_V6_アルティメット,0.6353,unchanged
3,草_フシギバナ_安定_V1,0.6372,unchanged
3,水_スターミー_安定_V1,0.5891,unchanged
3,超_ミュウツー_安定_V1,0.8179,unchanged
3,鋼_メルルギア_安定_V1,0.3929,Out: ギルガルド / In: ハンサム (Parent: 17/50 -> Mutant: 25/50)
3,炎_リザードンX_究極_V6_アルティメット,0.4282,unchanged
3,炎_リザードンX_グッズ偏重_V3,0.6378,Out: リザードンex / In: ダルマッカ (Parent: 26/50 -> Mutant: 34/50)
3,超_ミュウツー_グッズ偏重_V3,0.3705,unchanged
3,水_スターミー_グッズ偏重_V3,0.4782,unchanged
3,超_ゲンガー_グッズ偏重_V3,0.1545,unchanged
3,雷_ピカチュウ_安定_V1,0.7827,Out: おおきいマラサダ / In: ビリリダマ (Parent: 41/50 -> Mutant: 45/50)
3,雷_ピカチュウ_グッズ偏重_V3,0.5192,Out: ゼブライカ / In: パルスワン (Parent: 30/50 -> Mutant: 32/50)
3,鋼_メルルギア_グッズ偏重_V3,0.4712,Out: メルメタルex / In: ヒメグマ (Parent: 22/50 -> Mutant: 33/50)
3,炎_リザードンX_安定_V1,0.5410,unchanged
3,雷_ピカチュウ_究極_V6_アルティメット,0.4250,Out: ハウ / In: ハイキングコース (Parent: 29/50 -> Mutant: 34/50)
3,水_スターミー_究極_V6_アルティメット,0.4244,unchanged
3,超_ミュウツー_究極_V6_アルティメット,0.5237,Out: ナツメ / In: たての化石 (Parent: 35/50 -> Mutant: 37/50)
3,闘_ガブルカ_安定_V1,0.3160,Out: ラムパルド / In: シロナ (Parent: 27/50 -> Mutant: 31/50)
3,龍悪_ギラダク_グッズ偏重_V3,0.8109,Out: 旅の行商人 / In: ベトベトン (Parent: 47/50 -> Mutant: 49/50)
3,超_ゲンガー_究極_V6_アルティメット,0.4853,unchanged
4,草_フシギバナ_安定_V1,0.6663,unchanged
4,闘_ガブルカ_グッズ偏重_V3,0.4221,unchanged
4,炎_リザードンX_安定_V1,0.5803,unchanged
4,雷_ピカチュウ_安定_V1,0.7663,unchanged
4,水_スターミー_グッズ偏重_V3,0.5082,Out: たべのこし / In: ホエルコ (Parent: 27/50 -> Mutant: 29/50)
4,鋼_メルルギア_安定_V1,0.4053,unchanged
4,龍悪_ギラダク_グッズ偏重_V3,0.8317,unchanged
4,鋼_メルルギア_グッズ偏重_V3,0.4793,Out: エレキコード / In: ワシボン (Parent: 26/50 -> Mutant: 29/50)
4,超_ゲンガー_究極_V6_アルティメット,0.5062,unchanged
4,闘_ガブルカ_究極_V6_アルティメット,0.4409,unchanged
4,超_ミュウツー_安定_V1,0.8159,unchanged
4,超_ミュウツー_究極_V6_アルティメット,0.5168,unchanged
4,水_スターミー_究極_V6_アルティメット,0.4361,Out: ハスボー / In: イーブイのバッグ (Parent: 34/50 -> Mutant: 36/50)
4,水_スターミー_安定_V1,0.5875,unchanged
4,雷_ピカチュウ_究極_V6_アルティメット,0.4471,unchanged
4,鋼_メルルギア_究極_V6_アルティメット,0.5308,unchanged
4,超_ゲンガー_グッズ偏重_V3,0.1611,unchanged
4,龍悪_ギラダク_安定_V1,0.5413,unchanged
4,闘_ガブルカ_安定_V1,0.3337,unchanged
4,超_ゲンガー_安定_V1,0.1351,unchanged
4,超_ミュウツー_グッズ偏重_V3,0.3678,Out: ナツメ / In: セキ (Parent: 33/50 -> Mutant: 35/50)
4,草_フシギバナ_グッズ偏重_V3,0.5663,unchanged
4,龍悪_ギラダク_究極_V6_アルティメット,0.6062,Out: ふしぎなアメ / In: ジジーロン (Parent: 38/50 -> Mutant: 40/50)
4,炎_リザードンX_グッズ偏重_V3,0.5880,unchanged
4,炎_リザードンX_究極_V6_アルティメット,0.3986,unchanged
4,雷_ピカチュウ_グッズ偏重_V3,0.5101,unchanged
4,草_フシギバナ_究極_V6_アルティメット,0.3510,unchanged
5,炎_リザードンX_安定_V1,0.6054,Out: バオップ / In: ヒヒダルマ (Parent: 40/50 -> Mutant: 43/50)
5,超_ミュウツー_究極_V6_アルティメット,0.5412,unchanged
5,超_ゲンガー_安定_V1,0.1404,unchanged
5,雷_ピカチュウ_安定_V1,0.7681,Out: 博士の研究 / In: ピカチュウex (Parent: 36/50 -> Mutant: 40/50)
5,草_フシギバナ_安定_V1,0.6777,unchanged
5,超_ゲンガー_究極_V6_アルティメット,0.5269,unchanged
5,龍悪_ギラダク_グッズ偏重_V3,0.8369,unchanged
5,草_フシギバナ_グッズ偏重_V3,0.5758,Out: ハイキングコース / In: マスカーニャex (Parent: 37/50 -> Mutant: 39/50)
5,炎_リザードンX_究極_V6_アルティメット,0.4042,unchanged
5,雷_ピカチュウ_グッズ偏重_V3,0.5388,unchanged
5,鋼_メルルギア_グッズ偏重_V3,0.4731,unchanged
5,闘_ガブルカ_安定_V1,0.3550,Out: フレイムパッチ / In: セキ (Parent: 28/50 -> Mutant: 33/50)
5,水_スターミー_安定_V1,0.5935,Out: カスミ / In: ゴツゴツメット (Parent: 27/50 -> Mutant: 34/50)
5,超_ミュウツー_グッズ偏重_V3,0.3888,Out: ネズ / In: セキ (Parent: 28/50 -> Mutant: 31/50)
5,水_スターミー_グッズ偏重_V3,0.5100,Out: ウォーターボート / In: いたずらルーレット (Parent: 28/50 -> Mutant: 31/50)
5,水_スターミー_究極_V6_アルティメット,0.4377,Out: ケロマツ / In: ルンパッパ (Parent: 32/50 -> Mutant: 42/50)
5,鋼_メルルギア_究極_V6_アルティメット,0.5200,Out: トリミアン / In: カモネギ (Parent: 38/50 -> Mutant: 42/50)
5,超_ミュウツー_安定_V1,0.8027,Out: メガサーナイトex / In: ソーナンス (Parent: 44/50 -> Mutant: 46/50)
5,雷_ピカチュウ_究極_V6_アルティメット,0.4450,unchanged
5,超_ゲンガー_グッズ偏重_V3,0.1685,unchanged
5,炎_リザードンX_グッズ偏重_V3,0.5677,unchanged
5,草_フシギバナ_究極_V6_アルティメット,0.3396,unchanged
5,鋼_メルルギア_安定_V1,0.3796,unchanged
5,龍悪_ギラダク_究極_V6_アルティメット,0.5927,unchanged
5,龍悪_ギラダク_安定_V1,0.5177,unchanged
5,闘_ガブルカ_グッズ偏重_V3,0.3919,unchanged
5,闘_ガブルカ_究極_V6_アルティメット,0.4012,unchanged
6,草_フシギバナ_究極_V6_アルティメット,0.3641,unchanged
6,雷_ピカチュウ_究極_V6_アルティメット,0.4801,Out: たべのこし / In: かんこうきゃく (Parent: 28/50 -> Mutant: 36/50)
6,超_ミュウツー_究極_V6_アルティメット,0.5558,Out: フーディン / In: 旅の行商人 (Parent: 31/50 -> Mutant: 38/50)
6,超_ゲンガー_安定_V1,0.1433,unchanged
6,炎_リザードンX_究極_V6_アルティメット,0.4144,unchanged
6,水_スターミー_グッズ偏重_V3,0.5119,Out: カスミ / In: そうじゅくエキス (Parent: 28/50 -> Mutant: 31/50)
6,超_ミュウツー_グッズ偏重_V3,0.4141,Out: シュシュプ / In: ハラ (Parent: 25/50 -> Mutant: 33/50)
6,鋼_メルルギア_安定_V1,0.3897,unchanged
6,闘_ガブルカ_究極_V6_アルティメット,0.4019,unchanged
6,超_ゲンガー_究極_V6_アルティメット,0.5407,unchanged
6,雷_ピカチュウ_グッズ偏重_V3,0.5558,unchanged
6,草_フシギバナ_安定_V1,0.6660,unchanged
6,龍悪_ギラダク_安定_V1,0.5202,Out: ダークライex / In: ポケモン図鑑 (Parent: 26/50 -> Mutant: 30/50)
6,龍悪_ギラダク_究極_V6_アルティメット,0.6051,unchanged
6,超_ミュウツー_安定_V1,0.7792,unchanged
6,水_スターミー_究極_V6_アルティメット,0.4744,Out: たべのこし / In: グレイシア (Parent: 42/50 -> Mutant: 45/50)
6,雷_ピカチュウ_安定_V1,0.7510,unchanged
6,超_ゲンガー_グッズ偏重_V3,0.1663,unchanged
6,水_スターミー_安定_V1,0.5788,unchanged
6,鋼_メルルギア_究極_V6_アルティメット,0.5026,Out: スイレン / In: レッドカード (Parent: 30/50 -> Mutant: 35/50)
6,炎_リザードンX_安定_V1,0.5962,unchanged
6,闘_ガブルカ_グッズ偏重_V3,0.3737,unchanged
6,草_フシギバナ_グッズ偏重_V3,0.5670,Out: レッドカード / In: ジャローダ (Parent: 33/50 -> Mutant: 41/50)
6,龍悪_ギラダク_グッズ偏重_V3,0.8189,unchanged
6,闘_ガブルカ_安定_V1,0.3458,Out: シロナ / In: 旅の行商人 (Parent: 28/50 -> Mutant: 32/50)
6,鋼_メルルギア_グッズ偏重_V3,0.4413,Out: ムクホーク / In: アカネ (Parent: 24/50 -> Mutant: 27/50)
6,炎_リザードンX_グッズ偏重_V3,0.5417,unchanged
7,水_スターミー_安定_V1,0.6022,Out: カスミ / In: パウワウ (Parent: 32/50 -> Mutant: 37/50)
7,雷_ピカチュウ_安定_V1,0.7538,unchanged
7,闘_ガブルカ_グッズ偏重_V3,0.3857,Out: ナツメ / In: テラキオン (Parent: 30/50 -> Mutant: 32/50)
7,雷_ピカチュウ_グッズ偏重_V3,0.5753,Out: サンダーex / In: ラクライ (Parent: 30/50 -> Mutant: 32/50)
7,超_ゲンガー_究極_V6_アルティメット,0.5514,Out: ヒラヒナ / In: ハウ (Parent: 35/50 -> Mutant: 43/50)
7,超_ミュウツー_グッズ偏重_V3,0.4363,unchanged
7,闘_ガブルカ_安定_V1,0.3698,unchanged
7,水_スターミー_グッズ偏重_V3,0.5212,unchanged
7,草_フシギバナ_グッズ偏重_V3,0.5766,unchanged
7,超_ゲンガー_グッズ偏重_V3,0.1681,unchanged
7,鋼_メルルギア_安定_V1,0.3970,unchanged
7,鋼_メルルギア_グッズ偏重_V3,0.4368,unchanged
7,龍悪_ギラダク_究極_V6_アルティメット,0.6088,unchanged
7,超_ミュウツー_安定_V1,0.7632,unchanged
7,龍悪_ギラダク_安定_V1,0.5115,unchanged
7,龍悪_ギラダク_グッズ偏重_V3,0.8137,unchanged
7,炎_リザードンX_究極_V6_アルティメット,0.4077,unchanged
7,炎_リザードンX_安定_V1,0.5948,unchanged
7,鋼_メルルギア_究極_V6_アルティメット,0.5008,Out: ドゴーム / In: ポリゴンZ (Parent: 29/50 -> Mutant: 31/50)
7,炎_リザードンX_グッズ偏重_V3,0.5310,unchanged
7,水_スターミー_究極_V6_アルティメット,0.4898,unchanged
7,闘_ガブルカ_究極_V6_アルティメット,0.3830,unchanged
7,草_フシギバナ_安定_V1,0.6462,Out: チェリンボ / In: ビードル (Parent: 35/50 -> Mutant: 37/50)
7,超_ゲンガー_安定_V1,0.1368,Out: ナツメ / In: きずぐすり (Parent: 7/50 -> Mutant: 13/50)
7,雷_ピカチュウ_究極_V6_アルティメット,0.4624,unchanged
7,超_ミュウツー_究極_V6_アルティメット,0.5305,unchanged
7,草_フシギバナ_究極_V6_アルティメット,0.3456,unchanged
8,鋼_メルルギア_安定_V1,0.4132,unchanged
8,炎_リザードンX_グッズ偏重_V3,0.5486,Out: ファイヤーex / In: アカネ (Parent: 29/50 -> Mutant: 31/50)
8,超_ミュウツー_安定_V1,0.7642,Out: イエッサン / In: ベラカス (Parent: 38/50 -> Mutant: 44/50)
8,草_フシギバナ_グッズ偏重_V3,0.5856,Out: かけだし調査員 / In: タルップル (Parent: 33/50 -> Mutant: 37/50)
8,超_ミュウツー_究極_V6_アルティメット,0.5409,unchanged
8,龍悪_ギラダク_グッズ偏重_V3,0.8240,unchanged
8,闘_ガブルカ_安定_V1,0.3870,unchanged
8,水_スターミー_究極_V6_アルティメット,0.5197,Out: ふしぎな広場 / In: シズイ (Parent: 43/50 -> Mutant: 45/50)
8,鋼_メルルギア_グッズ偏重_V3,0.4380,unchanged
8,闘_ガブルカ_グッズ偏重_V3,0.3916,unchanged
8,炎_リザードンX_究極_V6_アルティメット,0.4067,unchanged
8,草_フシギバナ_究極_V6_アルティメット,0.3474,unchanged
8,超_ゲンガー_グッズ偏重_V3,0.1700,Out: バウッツェル / In: サーナイト (Parent: 10/50 -> Mutant: 14/50)
8,水_スターミー_グッズ偏重_V3,0.5195,Out: ハラ / In: フローゼル (Parent: 26/50 -> Mutant: 32/50)
8,超_ゲンガー_究極_V6_アルティメット,0.5579,Out: メレシー / In: ラムのみ (Parent: 38/50 -> Mutant: 48/50)
8,雷_ピカチュウ_究極_V6_アルティメット,0.4719,unchanged
8,炎_リザードンX_安定_V1,0.5964,unchanged
8,鋼_メルルギア_究極_V6_アルティメット,0.5000,unchanged
8,雷_ピカチュウ_グッズ偏重_V3,0.5493,unchanged
8,雷_ピカチュウ_安定_V1,0.7358,unchanged
8,闘_ガブルカ_究極_V6_アルティメット,0.3712,Out: カイリキー / In: ワンリキー (Parent: 14/50 -> Mutant: 16/50)
8,超_ミュウツー_グッズ偏重_V3,0.4267,Out: モノマネむすめ / In: フワライド (Parent: 36/50 -> Mutant: 41/50)
8,龍悪_ギラダク_安定_V1,0.4988,unchanged
8,龍悪_ギラダク_究極_V6_アルティメット,0.5976,unchanged
8,超_ゲンガー_安定_V1,0.1315,Out: ゴースト / In: カルネ (Parent: 11/50 -> Mutant: 14/50)
8,草_フシギバナ_安定_V1,0.6233,unchanged
8,水_スターミー_安定_V1,0.5834,Out: オシャマリ / In: ギャラドスex (Parent: 33/50 -> Mutant: 37/50)
9,草_フシギバナ_安定_V1,0.6299,Out: ペパー / In: ギンガ団のしたっぱ (Parent: 31/50 -> Mutant: 38/50)
9,超_ミュウツー_グッズ偏重_V3,0.4515,Out: キルリア / In: ピッピ (Parent: 24/50 -> Mutant: 36/50)
9,龍悪_ギラダク_グッズ偏重_V3,0.8323,Out: ふしぎなアメ / In: カイリュー (Parent: 45/50 -> Mutant: 49/50)
9,雷_ピカチュウ_究極_V6_アルティメット,0.4848,unchanged
9,超_ミュウツー_究極_V6_アルティメット,0.5468,unchanged
9,鋼_メルルギア_安定_V1,0.4165,unchanged
9,龍悪_ギラダク_究極_V6_アルティメット,0.6066,unchanged
9,水_スターミー_安定_V1,0.5919,unchanged
9,龍悪_ギラダク_安定_V1,0.5049,Out: セレナ / In: ブラッキー (Parent: 26/50 -> Mutant: 29/50)
9,超_ゲンガー_究極_V6_アルティメット,0.5878,unchanged
9,鋼_メルルギア_究極_V6_アルティメット,0.5049,Out: ルギアex / In: ふしぎな広場 (Parent: 30/50 -> Mutant: 34/50)
9,超_ゲンガー_グッズ偏重_V3,0.1701,unchanged
9,超_ゲンガー_安定_V1,0.1299,unchanged
9,雷_ピカチュウ_グッズ偏重_V3,0.5331,Out: ネモ / In: トゲデマル (Parent: 26/50 -> Mutant: 35/50)
9,草_フシギバナ_究極_V6_アルティメット,0.3455,Out: キレイハナ / In: カルム (Parent: 26/50 -> Mutant: 28/50)
9,水_スターミー_究極_V6_アルティメット,0.5329,unchanged
9,闘_ガブルカ_究極_V6_アルティメット,0.3624,Out: ペパー / In: こうらの化石 (Parent: 21/50 -> Mutant: 24/50)
9,闘_ガブルカ_安定_V1,0.3848,unchanged
9,闘_ガブルカ_グッズ偏重_V3,0.3848,unchanged
9,雷_ピカチュウ_安定_V1,0.7235,unchanged
9,鋼_メルルギア_グッズ偏重_V3,0.4252,unchanged
9,草_フシギバナ_グッズ偏重_V3,0.5791,Out: マスカーニャex / In: ナッシーex (Parent: 29/50 -> Mutant: 36/50)
9,炎_リザードンX_究極_V6_アルティメット,0.3932,unchanged
9,超_ミュウツー_安定_V1,0.7500,unchanged
9,水_スターミー_グッズ偏重_V3,0.5053,Out: ビーストナイト / In: ポッチャマ (Parent: 32/50 -> Mutant: 37/50)
9,炎_リザードンX_安定_V1,0.5910,unchanged
9,炎_リザードンX_グッズ偏重_V3,0.5312,unchanged
10,鋼_メルルギア_究極_V6_アルティメット,0.5088,unchanged
10,雷_ピカチュウ_究極_V6_アルティメット,0.4990,unchanged
10,超_ゲンガー_安定_V1,0.1312,Out: エレメンタルつけかえ / In: ネマシュ (Parent: 7/50 -> Mutant: 11/50)
10,超_ミュウツー_安定_V1,0.7608,unchanged
10,闘_ガブルカ_安定_V1,0.4002,unchanged
10,鋼_メルルギア_グッズ偏重_V3,0.4335,unchanged
10,炎_リザードンX_グッズ偏重_V3,0.5260,Out: イーブイのバッグ / In: ヒバニー (Parent: 18/50 -> Mutant: 32/50)
10,炎_リザードンX_究極_V6_アルティメット,0.4002,unchanged
10,雷_ピカチュウ_グッズ偏重_V3,0.5235,unchanged
10,超_ゲンガー_グッズ偏重_V3,0.1713,Out: サーナイト / In: はじまりの平原 (Parent: 13/50 -> Mutant: 18/50)
10,水_スターミー_グッズ偏重_V3,0.5046,Out: フローゼル / In: ブロスター (Parent: 33/50 -> Mutant: 36/50)
10,草_フシギバナ_グッズ偏重_V3,0.5846,unchanged
10,炎_リザードンX_安定_V1,0.5990,Out: マオ / In: リーリエ (Parent: 43/50 -> Mutant: 45/50)
10,龍悪_ギラダク_安定_V1,0.5029,unchanged
10,龍悪_ギラダク_グッズ偏重_V3,0.8269,unchanged
10,超_ミュウツー_グッズ偏重_V3,0.4500,unchanged
10,闘_ガブルカ_究極_V6_アルティメット,0.3633,unchanged
10,雷_ピカチュウ_安定_V1,0.7179,unchanged
10,水_スターミー_究極_V6_アルティメット,0.5410,unchanged
10,超_ゲンガー_究極_V6_アルティメット,0.6081,unchanged
10,超_ミュウツー_究極_V6_アルティメット,0.5335,unchanged
10,鋼_メルルギア_安定_V1,0.4056,unchanged
10,草_フシギバナ_究極_V6_アルティメット,0.3362,unchanged
10,龍悪_ギラダク_究極_V6_アルティメット,0.6002,Out: テーブルシティ / In: メガゲンガーex (Parent: 38/50 -> Mutant: 43/50)
10,闘_ガブルカ_グッズ偏重_V3,0.3779,unchanged
10,水_スターミー_安定_V1,0.5787,unchanged
10,草_フシギバナ_安定_V1,0.6154,unchanged
11,超_ミュウツー_安定_V1,0.7684,Out: おさかなネット / In: 大きなマント (Parent: 37/50 -> Mutant: 46/50)
11,炎_リザードンX_究極_V6_アルティメット,0.4107,Out: リザードンex / In: ファイヤーex (Parent: 26/50 -> Mutant: 32/50)
11,超_ゲンガー_安定_V1,0.1334,Out: かいの化石 / In: フーディン (Parent: 8/50 -> Mutant: 15/50)
11,龍悪_ギラダク_究極_V6_アルティメット,0.6178,unchanged
11,鋼_メルルギア_究極_V6_アルティメット,0.5166,Out: アルセウスex / In: メルメタル (Parent: 25/50 -> Mutant: 27/50)
11,草_フシギバナ_グッズ偏重_V3,0.5906,unchanged
11,闘_ガブルカ_究極_V6_アルティメット,0.3692,unchanged
11,草_フシギバナ_究極_V6_アルティメット,0.3441,Out: フシギバナex / In: テーブルシティ (Parent: 22/50 -> Mutant: 26/50)
11,龍悪_ギラダク_グッズ偏重_V3,0.8288,unchanged
11,鋼_メルルギア_グッズ偏重_V3,0.4329,unchanged
11,超_ゲンガー_グッズ偏重_V3,0.1713,unchanged
11,龍悪_ギラダク_安定_V1,0.5044,unchanged
11,雷_ピカチュウ_究極_V6_アルティメット,0.4990,unchanged
11,超_ゲンガー_究極_V6_アルティメット,0.6304,unchanged
11,水_スターミー_究極_V6_アルティメット,0.5503,unchanged
11,闘_ガブルカ_グッズ偏重_V3,0.3806,Out: セレナ / In: アカネ (Parent: 20/50 -> Mutant: 28/50)
11,草_フシギバナ_安定_V1,0.6149,unchanged
11,炎_リザードンX_安定_V1,0.5981,unchanged
11,炎_リザードンX_グッズ偏重_V3,0.5135,unchanged
11,水_スターミー_安定_V1,0.5752,Out: フリーザーex / In: クレベース (Parent: 34/50 -> Mutant: 39/50)
11,水_スターミー_グッズ偏重_V3,0.4962,Out: ハリーセン / In: オシャマリ (Parent: 34/50 -> Mutant: 39/50)
11,鋼_メルルギア_安定_V1,0.3970,Out: ペラップ / In: ポケモン図鑑 (Parent: 21/50 -> Mutant: 23/50)
11,雷_ピカチュウ_安定_V1,0.7082,Out: デデンネ / In: エレキジェネレーター (Parent: 33/50 -> Mutant: 41/50)
11,超_ミュウツー_グッズ偏重_V3,0.4397,Out: ハラ / In: ボチ (Parent: 26/50 -> Mutant: 31/50)
11,超_ミュウツー_究極_V6_アルティメット,0.5206,unchanged
11,闘_ガブルカ_安定_V1,0.3862,unchanged
11,雷_ピカチュウ_グッズ偏重_V3,0.5021,unchanged
12,龍悪_ギラダク_グッズ偏重_V3,0.8356,unchanged
12,鋼_メルルギア_究極_V6_アルティメット,0.5085,unchanged
12,雷_ピカチュウ_安定_V1,0.7154,unchanged
12,闘_ガブルカ_安定_V1,0.3976,Out: ヘビーメット / In: スター団のしたっぱ (Parent: 28/50 -> Mutant: 30/50)
12,雷_ピカチュウ_グッズ偏重_V3,0.5034,unchanged
12,水_スターミー_安定_V1,0.5774,Out: フリーザーex / In: フローゼル (Parent: 30/50 -> Mutant: 34/50)
12,超_ゲンガー_グッズ偏重_V3,0.1721,Out: ゴースト / In: デスマス (Parent: 12/50 -> Mutant: 15/50)
12,雷_ピカチュウ_究極_V6_アルティメット,0.5043,unchanged
12,超_ミュウツー_安定_V1,0.7684,Out: フレイムパッチ / In: デスマス (Parent: 36/50 -> Mutant: 43/50)
12,超_ミュウツー_究極_V6_アルティメット,0.5231,unchanged
12,水_スターミー_究極_V6_アルティメット,0.5612,unchanged
12,炎_リザードンX_究極_V6_アルティメット,0.4178,Out: リザードン / In: ギャロップ (Parent: 33/50 -> Mutant: 40/50)
12,鋼_メルルギア_安定_V1,0.3966,unchanged
12,草_フシギバナ_究極_V6_アルティメット,0.3466,unchanged
12,草_フシギバナ_安定_V1,0.6127,unchanged
12,水_スターミー_グッズ偏重_V3,0.4944,unchanged
12,龍悪_ギラダク_安定_V1,0.4979,unchanged
12,炎_リザードンX_安定_V1,0.5955,Out: ガオガエンex / In: シズイ (Parent: 36/50 -> Mutant: 39/50)
12,超_ミュウツー_グッズ偏重_V3,0.4343,unchanged
12,龍悪_ギラダク_究極_V6_アルティメット,0.6229,unchanged
12,鋼_メルルギア_グッズ偏重_V3,0.4252,Out: コトネ / In: ムクバード (Parent: 25/50 -> Mutant: 28/50)
12,超_ゲンガー_究極_V6_アルティメット,0.6407,unchanged
12,炎_リザードンX_グッズ偏重_V3,0.5035,Out: カイ / In: ウインディ (Parent: 24/50 -> Mutant: 26/50)
12,闘_ガブルカ_究極_V6_アルティメット,0.3601,unchanged
12,超_ゲンガー_安定_V1,0.1300,unchanged
12,闘_ガブルカ_グッズ偏重_V3,0.3742,unchanged
12,草_フシギバナ_グッズ偏重_V3,0.5806,unchanged
13,炎_リザードンX_安定_V1,0.6080,Out: リザードン / In: ヤトウモリ (Parent: 35/50 -> Mutant: 40/50)
13,鋼_メルルギア_グッズ偏重_V3,0.4345,unchanged
13,草_フシギバナ_安定_V1,0.6191,unchanged
13,超_ミュウツー_究極_V6_アルティメット,0.5303,unchanged
13,闘_ガブルカ_究極_V6_アルティメット,0.3642,Out: シロナ / In: エビワラーex (Parent: 26/50 -> Mutant: 32/50)
13,龍悪_ギラダク_究極_V6_アルティメット,0.6339,unchanged
13,炎_リザードンX_究極_V6_アルティメット,0.4274,unchanged
13,超_ゲンガー_グッズ偏重_V3,0.1747,unchanged
13,草_フシギバナ_究極_V6_アルティメット,0.3525,unchanged
13,炎_リザードンX_グッズ偏重_V3,0.4982,Out: ダルマッカ / In: カエンジシ (Parent: 24/50 -> Mutant: 27/50)
13,水_スターミー_究極_V6_アルティメット,0.5732,unchanged
13,雷_ピカチュウ_グッズ偏重_V3,0.4969,Out: ロトム図鑑 / In: ルザミーネ (Parent: 24/50 -> Mutant: 26/50)
13,龍悪_ギラダク_グッズ偏重_V3,0.8351,unchanged
13,鋼_メルルギア_安定_V1,0.4000,unchanged
13,超_ゲンガー_究極_V6_アルティメット,0.6530,unchanged
13,水_スターミー_グッズ偏重_V3,0.4908,Out: モノマネむすめ / In: トサキント (Parent: 30/50 -> Mutant: 33/50)
13,雷_ピカチュウ_究極_V6_アルティメット,0.5027,unchanged
13,超_ゲンガー_安定_V1,0.1294,unchanged
13,草_フシギバナ_グッズ偏重_V3,0.5805,unchanged
13,超_ミュウツー_グッズ偏重_V3,0.4308,unchanged
13,闘_ガブルカ_グッズ偏重_V3,0.3716,unchanged
13,鋼_メルルギア_究極_V6_アルティメット,0.4882,Out: ドーミラー / In: オタチ (Parent: 23/50 -> Mutant: 28/50)
13,闘_ガブルカ_安定_V1,0.3933,unchanged
13,水_スターミー_安定_V1,0.5630,unchanged
13,龍悪_ギラダク_安定_V1,0.4877,Out: ドラミドロ / In: アクジキングex (Parent: 34/50 -> Mutant: 38/50)
13,超_ミュウツー_安定_V1,0.7504,unchanged
13,雷_ピカチュウ_安定_V1,0.7107,unchanged
14,龍悪_ギラダク_グッズ偏重_V3,0.8391,unchanged
14,炎_リザードンX_安定_V1,0.6144,Out: ひみつのコハク / In: エンニュート (Parent: 27/50 -> Mutant: 39/50)
14,超_ゲンガー_グッズ偏重_V3,0.1772,unchanged
14,水_スターミー_安定_V1,0.5630,unchanged
14,闘_ガブルカ_究極_V6_アルティメット,0.3769,unchanged
14,超_ミュウツー_究極_V6_アルティメット,0.5337,Out: ポケモン通信 / In: バウッツェル (Parent: 25/50 -> Mutant: 33/50)
14,炎_リザードンX_究極_V6_アルティメット,0.4371,unchanged
14,龍悪_ギラダク_究極_V6_アルティメット,0.6438,unchanged
14,雷_ピカチュウ_グッズ偏重_V3,0.4946,unchanged
14,超_ゲンガー_究極_V6_アルティメット,0.6665,unchanged
14,草_フシギバナ_グッズ偏重_V3,0.5841,Out: はじまりの平原 / In: ハラ (Parent: 32/50 -> Mutant: 34/50)
14,闘_ガブルカ_安定_V1,0.4021,Out: ガブリアスex / In: カラカラ (Parent: 30/50 -> Mutant: 32/50)
14,鋼_メルルギア_安定_V1,0.4005,unchanged
14,水_スターミー_究極_V6_アルティメット,0.5809,unchanged
14,草_フシギバナ_究極_V6_アルティメット,0.3496,unchanged
14,炎_リザードンX_グッズ偏重_V3,0.4919,unchanged
14,鋼_メルルギア_究極_V6_アルティメット,0.4690,Out: オタチ / In: オニドリル (Parent: 26/50 -> Mutant: 34/50)
14,雷_ピカチュウ_安定_V1,0.7122,Out: ビリリダマ / In: ピカチュウ (Parent: 39/50 -> Mutant: 42/50)
14,超_ゲンガー_安定_V1,0.1294,unchanged
14,水_スターミー_グッズ偏重_V3,0.4854,Out: たての化石 / In: ガマガル (Parent: 27/50 -> Mutant: 30/50)
14,龍悪_ギラダク_安定_V1,0.4885,unchanged
14,闘_ガブルカ_グッズ偏重_V3,0.3695,Out: ルカリオex / In: ロケット団のしたっぱ (Parent: 21/50 -> Mutant: 26/50)
14,鋼_メルルギア_グッズ偏重_V3,0.4282,Out: カツラ / In: オボンのみ (Parent: 26/50 -> Mutant: 28/50)
14,超_ミュウツー_安定_V1,0.7361,unchanged
14,超_ミュウツー_グッズ偏重_V3,0.4223,unchanged
14,草_フシギバナ_安定_V1,0.6106,unchanged
14,雷_ピカチュウ_究極_V6_アルティメット,0.4934,Out: 当たりつきアイス / In: スイレン (Parent: 32/50 -> Mutant: 38/50)
15,龍悪_ギラダク_究極_V6_アルティメット,0.6564,Out: ジジーロン / In: アリアドス (Parent: 39/50 -> Mutant: 43/50)
15,超_ゲンガー_安定_V1,0.1305,Out: ハイキングコース / In: マチス (Parent: 6/50 -> Mutant: 8/50)
15,闘_ガブルカ_究極_V6_アルティメット,0.3890,unchanged
15,雷_ピカチュウ_グッズ偏重_V3,0.4973,unchanged
15,超_ミュウツー_安定_V1,0.7390,Out: ソーナンス / In: ヘビーメット (Parent: 37/50 -> Mutant: 39/50)
15,水_スターミー_グッズ偏重_V3,0.4872,Out: カスミ / In: カメール (Parent: 29/50 -> Mutant: 32/50)
15,龍悪_ギラダク_グッズ偏重_V3,0.8415,unchanged
15,雷_ピカチュウ_究極_V6_アルティメット,0.4991,unchanged
15,草_フシギバナ_究極_V6_アルティメット,0.3549,unchanged
15,草_フシギバナ_安定_V1,0.6121,Out: ハネッコ / In: ナッシーex (Parent: 38/50 -> Mutant: 41/50)
15,超_ミュウツー_究極_V6_アルティメット,0.5345,unchanged
15,炎_リザードンX_グッズ偏重_V3,0.4892,Out: ポケモン図鑑 / In: ラッキーミトン (Parent: 25/50 -> Mutant: 29/50)
15,雷_ピカチュウ_安定_V1,0.7135,Out: ピカチュウex / In: タイカイデン (Parent: 40/50 -> Mutant: 43/50)
15,鋼_メルルギア_究極_V6_アルティメット,0.4617,unchanged
15,鋼_メルルギア_グッズ偏重_V3,0.4265,unchanged
15,超_ゲンガー_グッズ偏重_V3,0.1762,unchanged
15,超_ミュウツー_グッズ偏重_V3,0.4235,Out: ピッピ / In: ハカドッグ (Parent: 25/50 -> Mutant: 30/50)
15,炎_リザードンX_究極_V6_アルティメット,0.4395,unchanged
15,闘_ガブルカ_グッズ偏重_V3,0.3701,Out: テラキオン / In: イワパレス (Parent: 21/50 -> Mutant: 24/50)
15,水_スターミー_究極_V6_アルティメット,0.5801,unchanged
15,草_フシギバナ_グッズ偏重_V3,0.5806,Out: エリカ / In: 釣り人 (Parent: 32/50 -> Mutant: 41/50)
15,龍悪_ギラダク_安定_V1,0.4868,unchanged
15,超_ゲンガー_究極_V6_アルティメット,0.6723,unchanged
15,鋼_メルルギア_安定_V1,0.3949,Out: ムーランド / In: ミノマダム (Parent: 30/50 -> Mutant: 32/50)
15,闘_ガブルカ_安定_V1,0.3951,Out: ルカリオex / In: ミカン (Parent: 34/50 -> Mutant: 37/50)
15,炎_リザードンX_安定_V1,0.6038,Out: ヒヒダルマ / In: メガバシャーモex (Parent: 32/50 -> Mutant: 46/50)
15,水_スターミー_安定_V1,0.5447,Out: スターミーex / In: カンナギタウンの長老 (Parent: 24/50 -> Mutant: 29/50)
16,鋼_メルルギア_究極_V6_アルティメット,0.4651,Out: エレメンタルつけかえ / In: ポケモン図鑑 (Parent: 23/50 -> Mutant: 27/50)
16,雷_ピカチュウ_究極_V6_アルティメット,0.5097,Out: コリンク / In: ライチュウex (Parent: 24/50 -> Mutant: 35/50)
16,鋼_メルルギア_安定_V1,0.3998,Out: きずぐすり / In: メガピジョットex (Parent: 34/50 -> Mutant: 36/50)
16,炎_リザードンX_グッズ偏重_V3,0.4887,Out: グラジオ / In: ブーバーン (Parent: 23/50 -> Mutant: 28/50)
16,鋼_メルルギア_グッズ偏重_V3,0.4290,unchanged
16,水_スターミー_安定_V1,0.5439,unchanged
16,草_フシギバナ_グッズ偏重_V3,0.5835,unchanged
16,龍悪_ギラダク_グッズ偏重_V3,0.8423,unchanged
16,闘_ガブルカ_グッズ偏重_V3,0.3732,unchanged
16,草_フシギバナ_究極_V6_アルティメット,0.3583,Out: リーフィア / In: コンパン (Parent: 21/50 -> Mutant: 27/50)
16,炎_リザードンX_究極_V6_アルティメット,0.4437,Out: パルデアケンタロス / In: ファイヤー (Parent: 28/50 -> Mutant: 39/50)
16,龍悪_ギラダク_究極_V6_アルティメット,0.6606,unchanged
16,闘_ガブルカ_安定_V1,0.3975,Out: エレキコード / In: ポケモンの笛 (Parent: 29/50 -> Mutant: 33/50)
16,超_ミュウツー_グッズ偏重_V3,0.4256,unchanged
16,闘_ガブルカ_究極_V6_アルティメット,0.3905,unchanged
16,草_フシギバナ_安定_V1,0.6113,Out: テーブルシティ / In: ウツボット (Parent: 37/50 -> Mutant: 41/50)
16,超_ミュウツー_安定_V1,0.7325,unchanged
16,炎_リザードンX_安定_V1,0.6041,unchanged
16,超_ゲンガー_究極_V6_アルティメット,0.6798,unchanged
16,超_ミュウツー_究極_V6_アルティメット,0.5264,Out: シトロンのリュック / In: クエスパトラ (Parent: 28/50 -> Mutant: 30/50)
16,雷_ピカチュウ_グッズ偏重_V3,0.4881,unchanged
16,超_ゲンガー_グッズ偏重_V3,0.1758,unchanged
16,超_ゲンガー_安定_V1,0.1282,unchanged
16,水_スターミー_究極_V6_アルティメット,0.5780,Out: スターミーex / In: シロナ (Parent: 37/50 -> Mutant: 40/50)
16,水_スターミー_グッズ偏重_V3,0.4773,Out: スターミーex / In: アセロラ (Parent: 29/50 -> Mutant: 31/50)
16,龍悪_ギラダク_安定_V1,0.4816,unchanged
16,雷_ピカチュウ_安定_V1,0.7054,unchanged
17,鋼_メルルギア_安定_V1,0.4155,unchanged
17,龍悪_ギラダク_究極_V6_アルティメット,0.6710,Out: おおきいマラサダ / In: テーブルシティ (Parent: 37/50 -> Mutant: 42/50)
17,炎_リザードンX_安定_V1,0.6128,unchanged
17,鋼_メルルギア_究極_V6_アルティメット,0.4641,unchanged
17,雷_ピカチュウ_グッズ偏重_V3,0.4880,Out: ラクライ / In: エレキブル (Parent: 21/50 -> Mutant: 32/50)
17,水_スターミー_安定_V1,0.5420,Out: ギャラドスex / In: ギンガ団のしたっぱ (Parent: 28/50 -> Mutant: 35/50)
17,闘_ガブルカ_グッズ偏重_V3,0.3758,unchanged
17,闘_ガブルカ_安定_V1,0.4015,unchanged
17,草_フシギバナ_究極_V6_アルティメット,0.3567,Out: コソクムシ / In: マラカッチ (Parent: 21/50 -> Mutant: 24/50)
17,超_ゲンガー_安定_V1,0.1283,Out: ゲンガーex / In: ギラティナex (Parent: 8/50 -> Mutant: 25/50)
17,超_ゲンガー_グッズ偏重_V3,0.1743,Out: キョウ / In: ボタン (Parent: 11/50 -> Mutant: 14/50)
17,水_スターミー_グッズ偏重_V3,0.4777,unchanged
17,雷_ピカチュウ_究極_V6_アルティメット,0.5126,Out: アローラライチュウex / In: はねの化石 (Parent: 38/50 -> Mutant: 40/50)
17,草_フシギバナ_安定_V1,0.6138,Out: ビードル / In: カジッチュ (Parent: 38/50 -> Mutant: 41/50)
17,鋼_メルルギア_グッズ偏重_V3,0.4281,unchanged
17,炎_リザードンX_究極_V6_アルティメット,0.4442,Out: ポニータ / In: フレイムパッチ (Parent: 32/50 -> Mutant: 35/50)
17,超_ミュウツー_究極_V6_アルティメット,0.5204,unchanged
17,超_ミュウツー_安定_V1,0.7268,Out: 大きなマント / In: スピーダー (Parent: 40/50 -> Mutant: 42/50)
17,龍悪_ギラダク_安定_V1,0.4792,unchanged
17,超_ミュウツー_グッズ偏重_V3,0.4230,unchanged
17,炎_リザードンX_グッズ偏重_V3,0.4835,unchanged
17,龍悪_ギラダク_グッズ偏重_V3,0.8379,unchanged
17,超_ゲンガー_究極_V6_アルティメット,0.6837,unchanged
17,闘_ガブルカ_究極_V6_アルティメット,0.3867,Out: ワンリキー / In: ルチア (Parent: 28/50 -> Mutant: 34/50)
17,雷_ピカチュウ_安定_V1,0.6971,unchanged
17,水_スターミー_究極_V6_アルティメット,0.5750,Out: シロナ / In: アローラキュウコンex (Parent: 38/50 -> Mutant: 41/50)
17,草_フシギバナ_グッズ偏重_V3,0.5805,Out: ジャローダ / In: ナツメ (Parent: 31/50 -> Mutant: 37/50)
18,水_スターミー_グッズ偏重_V3,0.4818,unchanged
18,鋼_メルルギア_安定_V1,0.4297,Out: ルギアex / In: ミカン (Parent: 28/50 -> Mutant: 30/50)
18,草_フシギバナ_グッズ偏重_V3,0.5826,unchanged
18,鋼_メルルギア_グッズ偏重_V3,0.4327,unchanged
18,龍悪_ギラダク_究極_V6_アルティメット,0.6787,unchanged
18,龍悪_ギラダク_グッズ偏重_V3,0.8392,unchanged
18,超_ミュウツー_安定_V1,0.7263,unchanged
18,超_ミュウツー_究極_V6_アルティメット,0.5212,Out: 旅の行商人 / In: マーマネ (Parent: 27/50 -> Mutant: 32/50)
18,雷_ピカチュウ_究極_V6_アルティメット,0.5184,unchanged
18,超_ミュウツー_グッズ偏重_V3,0.4257,unchanged
18,炎_リザードンX_安定_V1,0.6153,unchanged
18,闘_ガブルカ_究極_V6_アルティメット,0.3895,Out: こうらの化石 / In: カラカラ (Parent: 27/50 -> Mutant: 30/50)
18,炎_リザードンX_究極_V6_アルティメット,0.4493,unchanged
18,超_ゲンガー_究極_V6_アルティメット,0.6890,unchanged
18,雷_ピカチュウ_グッズ偏重_V3,0.4835,Out: エレブー / In: ダークペンダント (Parent: 24/50 -> Mutant: 32/50)
18,草_フシギバナ_安定_V1,0.6129,Out: ビビヨン / In: ビビヨン (Parent: 34/50 -> Mutant: 36/50)
18,水_スターミー_安定_V1,0.5331,unchanged
18,炎_リザードンX_グッズ偏重_V3,0.4787,unchanged
18,超_ゲンガー_グッズ偏重_V3,0.1726,Out: ナツメ / In: ゴルーグ (Parent: 3/50 -> Mutant: 7/50)
18,草_フシギバナ_究極_V6_アルティメット,0.3528,unchanged
18,闘_ガブルカ_安定_V1,0.3998,Out: ディグダ / In: ドテッコツ (Parent: 23/50 -> Mutant: 36/50)
18,龍悪_ギラダク_安定_V1,0.4774,Out: ハウ / In: アクジキングex (Parent: 30/50 -> Mutant: 32/50)
18,雷_ピカチュウ_安定_V1,0.6929,unchanged
18,水_スターミー_究極_V6_アルティメット,0.5706,unchanged
18,超_ゲンガー_安定_V1,0.1302,Out: ゴース / In: 大きなふうせん (Parent: 14/50 -> Mutant: 19/50)
18,闘_ガブルカ_グッズ偏重_V3,0.3671,unchanged
18,鋼_メルルギア_究極_V6_アルティメット,0.4488,unchanged
19,鋼_メルルギア_究極_V6_アルティメット,0.4509,unchanged
19,草_フシギバナ_安定_V1,0.6179,unchanged
19,闘_ガブルカ_グッズ偏重_V3,0.3711,unchanged
19,闘_ガブルカ_究極_V6_アルティメット,0.3962,Out: アローラディグダ / In: ノズパス (Parent: 30/50 -> Mutant: 34/50)
19,雷_ピカチュウ_究極_V6_アルティメット,0.5240,Out: ハイキングコース / In: 大きなふうせん (Parent: 30/50 -> Mutant: 38/50)
19,水_スターミー_グッズ偏重_V3,0.4833,Out: カムカメ / In: ひみつのコハク (Parent: 30/50 -> Mutant: 36/50)
19,龍悪_ギラダク_グッズ偏重_V3,0.8389,unchanged
19,水_スターミー_究極_V6_アルティメット,0.5776,unchanged
19,炎_リザードンX_グッズ偏重_V3,0.4769,Out: レッド / In: シャンデラ (Parent: 18/50 -> Mutant: 21/50)
19,超_ミュウツー_グッズ偏重_V3,0.4289,unchanged
19,炎_リザードンX_究極_V6_アルティメット,0.4533,Out: 大きなふうせん / In: ヒットハンマー (Parent: 28/50 -> Mutant: 34/50)
19,超_ミュウツー_安定_V1,0.7239,unchanged
19,超_ミュウツー_究極_V6_アルティメット,0.5170,unchanged
19,超_ゲンガー_安定_V1,0.1376,unchanged
19,草_フシギバナ_究極_V6_アルティメット,0.3501,unchanged
19,炎_リザードンX_安定_V1,0.6136,unchanged
19,龍悪_ギラダク_究極_V6_アルティメット,0.6786,unchanged
19,鋼_メルルギア_グッズ偏重_V3,0.4283,unchanged
19,草_フシギバナ_グッズ偏重_V3,0.5812,unchanged
19,龍悪_ギラダク_安定_V1,0.4812,unchanged
19,闘_ガブルカ_安定_V1,0.3955,unchanged
19,超_ゲンガー_究極_V6_アルティメット,0.6917,unchanged
19,水_スターミー_安定_V1,0.5229,Out: クレベース / In: キングドラex (Parent: 25/50 -> Mutant: 33/50)
19,雷_ピカチュウ_安定_V1,0.6879,unchanged
19,雷_ピカチュウ_グッズ偏重_V3,0.4774,Out: ラッキーミトン / In: そうじゅくエキス (Parent: 25/50 -> Mutant: 31/50)
19,超_ゲンガー_グッズ偏重_V3,0.1696,Out: ルザミーネ / In: カキ (Parent: 4/50 -> Mutant: 11/50)
19,鋼_メルルギア_安定_V1,0.4245,unchanged
20,龍悪_ギラダク_安定_V1,0.4939,Out: キョウ / In: 大きなマント (Parent: 32/50 -> Mutant: 37/50)
20,雷_ピカチュウ_グッズ偏重_V3,0.4834,Out: 当たりつきアイス / In: ゼブライカ (Parent: 36/50 -> Mutant: 42/50)
20,超_ミュウツー_究極_V6_アルティメット,0.5212,unchanged
20,草_フシギバナ_安定_V1,0.6218,unchanged
20,鋼_メルルギア_究極_V6_アルティメット,0.4504,unchanged
20,鋼_メルルギア_グッズ偏重_V3,0.4301,Out: オタチ / In: アローラディグダ (Parent: 19/50 -> Mutant: 28/50)
20,水_スターミー_究極_V6_アルティメット,0.5836,unchanged
20,雷_ピカチュウ_究極_V6_アルティメット,0.5279,unchanged
20,闘_ガブルカ_究極_V6_アルティメット,0.4002,unchanged
20,鋼_メルルギア_安定_V1,0.4264,Out: ミノマダム / In: ブロロローム (Parent: 30/50 -> Mutant: 36/50)
20,草_フシギバナ_究極_V6_アルティメット,0.3503,Out: スイレン / In: カプブルル (Parent: 22/50 -> Mutant: 26/50)
20,超_ゲンガー_安定_V1,0.1437,unchanged
20,炎_リザードンX_安定_V1,0.6167,unchanged
20,超_ミュウツー_グッズ偏重_V3,0.4290,Out: フワライド / In: ピッピ (Parent: 30/50 -> Mutant: 34/50)
20,超_ミュウツー_安定_V1,0.7190,Out: マツバ / In: アカネ (Parent: 40/50 -> Mutant: 44/50)
20,超_ゲンガー_グッズ偏重_V3,0.1678,unchanged
20,龍悪_ギラダク_グッズ偏重_V3,0.8343,unchanged
20,龍悪_ギラダク_究極_V6_アルティメット,0.6770,unchanged
20,闘_ガブルカ_グッズ偏重_V3,0.3674,unchanged
20,闘_ガブルカ_安定_V1,0.3929,unchanged
20,超_ゲンガー_究極_V6_アルティメット,0.6943,unchanged
20,水_スターミー_安定_V1,0.5161,unchanged
20,草_フシギバナ_グッズ偏重_V3,0.5785,Out: ナツメ / In: アマージョ (Parent: 31/50 -> Mutant: 36/50)
20,水_スターミー_グッズ偏重_V3,0.4752,unchanged
20,炎_リザードンX_究極_V6_アルティメット,0.4495,unchanged
20,炎_リザードンX_グッズ偏重_V3,0.4677,unchanged
20,雷_ピカチュウ_安定_V1,0.6817,unchanged
21,草_フシギバナ_グッズ偏重_V3,0.5823,unchanged
21,超_ミュウツー_グッズ偏重_V3,0.4355,unchanged
21,闘_ガブルカ_安定_V1,0.4003,unchanged
21,龍悪_ギラダク_安定_V1,0.5032,Out: ウォーターボート / In: エレキコード (Parent: 40/50 -> Mutant: 42/50)
21,水_スターミー_グッズ偏重_V3,0.4757,unchanged
21,草_フシギバナ_究極_V6_アルティメット,0.3538,unchanged
21,超_ミュウツー_安定_V1,0.7200,unchanged
21,超_ゲンガー_究極_V6_アルティメット,0.7017,unchanged
21,水_スターミー_究極_V6_アルティメット,0.5878,unchanged
21,炎_リザードンX_究極_V6_アルティメット,0.4549,unchanged
21,鋼_メルルギア_究極_V6_アルティメット,0.4475,Out: カモネギ / In: ダイノーズex (Parent: 26/50 -> Mutant: 43/50)
21,闘_ガブルカ_究極_V6_アルティメット,0.4020,unchanged
21,草_フシギバナ_安定_V1,0.6236,unchanged
21,雷_ピカチュウ_究極_V6_アルティメット,0.5276,unchanged
21,龍悪_ギラダク_グッズ偏重_V3,0.8315,unchanged
21,雷_ピカチュウ_安定_V1,0.6808,unchanged
21,超_ゲンガー_グッズ偏重_V3,0.1677,unchanged
21,超_ミュウツー_究極_V6_アルティメット,0.5156,unchanged
21,炎_リザードンX_安定_V1,0.6164,unchanged
21,鋼_メルルギア_安定_V1,0.4245,Out: メルメタルex / In: イーブイ (Parent: 27/50 -> Mutant: 30/50)
21,水_スターミー_安定_V1,0.5090,unchanged
21,龍悪_ギラダク_究極_V6_アルティメット,0.6743,unchanged
21,闘_ガブルカ_グッズ偏重_V3,0.3626,Out: ロケット団のしたっぱ / In: ドンファン (Parent: 22/50 -> Mutant: 35/50)
21,炎_リザードンX_グッズ偏重_V3,0.4603,Out: ウインディ / In: ホウオウ (Parent: 21/50 -> Mutant: 23/50)
21,雷_ピカチュウ_グッズ偏重_V3,0.4766,Out: オボンのみ / In: パチリス (Parent: 24/50 -> Mutant: 26/50)
21,鋼_メルルギア_グッズ偏重_V3,0.4220,Out: ヒメグマ / In: テッシード (Parent: 30/50 -> Mutant: 33/50)
21,超_ゲンガー_安定_V1,0.1429,Out: フワンテ / In: フラエッテ (Parent: 15/50 -> Mutant: 18/50)
22,草_フシギバナ_安定_V1,0.6278,unchanged
22,炎_リザードンX_安定_V1,0.6236,unchanged
22,超_ミュウツー_グッズ偏重_V3,0.4412,unchanged
22,龍悪_ギラダク_安定_V1,0.5128,unchanged
22,雷_ピカチュウ_グッズ偏重_V3,0.4781,Out: スター団のしたっぱ / In: グズマ (Parent: 26/50 -> Mutant: 32/50)
22,龍悪_ギラダク_究極_V6_アルティメット,0.6795,unchanged
22,龍悪_ギラダク_グッズ偏重_V3,0.8316,Out: ダークライex / In: 幻の石板 (Parent: 39/50 -> Mutant: 47/50)
22,水_スターミー_究極_V6_アルティメット,0.5927,unchanged
22,闘_ガブルカ_グッズ偏重_V3,0.3633,unchanged
22,超_ゲンガー_グッズ偏重_V3,0.1672,unchanged
22,超_ミュウツー_安定_V1,0.7179,unchanged
22,雷_ピカチュウ_究極_V6_アルティメット,0.5275,Out: ネズ / In: ナツメ (Parent: 31/50 -> Mutant: 40/50)
22,水_スターミー_グッズ偏重_V3,0.4761,Out: トサキント / In: ルージュラ (Parent: 33/50 -> Mutant: 35/50)
22,超_ミュウツー_究極_V6_アルティメット,0.5140,unchanged
22,闘_ガブルカ_安定_V1,0.3993,unchanged
22,水_スターミー_安定_V1,0.5045,unchanged
22,鋼_メルルギア_グッズ偏重_V3,0.4183,Out: アカネ / In: リーフマント (Parent: 24/50 -> Mutant: 26/50)
22,雷_ピカチュウ_安定_V1,0.6788,unchanged
22,鋼_メルルギア_究極_V6_アルティメット,0.4460,unchanged
22,草_フシギバナ_グッズ偏重_V3,0.5790,unchanged
22,超_ゲンガー_安定_V1,0.1443,unchanged
22,鋼_メルルギア_安定_V1,0.4191,unchanged
22,草_フシギバナ_究極_V6_アルティメット,0.3491,unchanged
22,炎_リザードンX_究極_V6_アルティメット,0.4519,unchanged
22,炎_リザードンX_グッズ偏重_V3,0.4550,unchanged
22,超_ゲンガー_究極_V6_アルティメット,0.7022,Out: オボンのみ / In: オーベム (Parent: 44/50 -> Mutant: 48/50)
22,闘_ガブルカ_究極_V6_アルティメット,0.3991,Out: ナツメ / In: たての化石 (Parent: 27/50 -> Mutant: 30/50)
23,超_ミュウツー_究極_V6_アルティメット,0.5192,unchanged
23,雷_ピカチュウ_グッズ偏重_V3,0.4806,unchanged
23,超_ゲンガー_安定_V1,0.1525,unchanged
23,鋼_メルルギア_究極_V6_アルティメット,0.4537,Out: メルメタルex / In: アセロラ (Parent: 30/50 -> Mutant: 33/50)
23,雷_ピカチュウ_安定_V1,0.6821,unchanged
23,水_スターミー_グッズ偏重_V3,0.4783,unchanged
23,超_ミュウツー_安定_V1,0.7187,unchanged
23,草_フシギバナ_グッズ偏重_V3,0.5809,Out: チコリータ / In: マスカーニャ (Parent: 32/50 -> Mutant: 36/50)
23,闘_ガブルカ_安定_V1,0.4017,unchanged
23,龍悪_ギラダク_安定_V1,0.5168,Out: エレキコード / In: 博士の研究 (Parent: 39/50 -> Mutant: 44/50)
23,超_ゲンガー_グッズ偏重_V3,0.1672,Out: かんこうきゃく / In: ヤドン (Parent: 3/50 -> Mutant: 9/50)
23,超_ゲンガー_究極_V6_アルティメット,0.7074,unchanged
23,鋼_メルルギア_グッズ偏重_V3,0.4181,unchanged
23,炎_リザードンX_安定_V1,0.6245,unchanged
23,龍悪_ギラダク_グッズ偏重_V3,0.8277,Out: ウォーターボート / In: ひみつのコハク (Parent: 42/50 -> Mutant: 45/50)
23,水_スターミー_安定_V1,0.5012,unchanged
23,超_ミュウツー_グッズ偏重_V3,0.4383,unchanged
23,龍悪_ギラダク_究極_V6_アルティメット,0.6773,Out: ダークライex / In: メガラティオスex (Parent: 41/50 -> Mutant: 43/50)
23,水_スターミー_究極_V6_アルティメット,0.5906,unchanged
23,雷_ピカチュウ_究極_V6_アルティメット,0.5238,Out: 釣り人 / In: デンジュモク (Parent: 29/50 -> Mutant: 34/50)
23,闘_ガブルカ_グッズ偏重_V3,0.3599,Out: ドンファン / In: ウォーターボート (Parent: 22/50 -> Mutant: 25/50)
23,草_フシギバナ_究極_V6_アルティメット,0.3465,unchanged
23,炎_リザードンX_グッズ偏重_V3,0.4513,Out: ギャロップex / In: ファイアロー (Parent: 24/50 -> Mutant: 29/50)
23,草_フシギバナ_安定_V1,0.6224,Out: カジッチュ / In: パラセクト (Parent: 34/50 -> Mutant: 37/50)
23,闘_ガブルカ_究極_V6_アルティメット,0.3952,Out: ノズパス / In: ヘビーメット (Parent: 32/50 -> Mutant: 38/50)
23,鋼_メルルギア_安定_V1,0.4150,unchanged
23,炎_リザードンX_究極_V6_アルティメット,0.4492,unchanged
24,鋼_メルルギア_安定_V1,0.4196,unchanged
24,炎_リザードンX_究極_V6_アルティメット,0.4558,Out: スピーダー / In: スイレン (Parent: 31/50 -> Mutant: 35/50)
24,雷_ピカチュウ_究極_V6_アルティメット,0.5268,unchanged
24,水_スターミー_グッズ偏重_V3,0.4819,unchanged
24,龍悪_ギラダク_究極_V6_アルティメット,0.6818,unchanged
24,草_フシギバナ_究極_V6_アルティメット,0.3483,Out: ドレディア / In: ビビヨン (Parent: 17/50 -> Mutant: 20/50)
24,超_ゲンガー_安定_V1,0.1574,unchanged
24,草_フシギバナ_グッズ偏重_V3,0.5851,Out: カンナギタウンの長老 / In: モジャンボ (Parent: 34/50 -> Mutant: 42/50)
24,超_ゲンガー_グッズ偏重_V3,0.1672,unchanged
24,水_スターミー_究極_V6_アルティメット,0.5961,Out: イーブイのバッグ / In: いじわるレター (Parent: 37/50 -> Mutant: 42/50)
24,闘_ガブルカ_究極_V6_アルティメット,0.3981,unchanged
24,龍悪_ギラダク_グッズ偏重_V3,0.8265,unchanged
24,炎_リザードンX_グッズ偏重_V3,0.4508,Out: タケシ / In: メガリザードンXex (Parent: 21/50 -> Mutant: 39/50)
24,超_ミュウツー_グッズ偏重_V3,0.4373,Out: セキ / In: ヒットハンマー (Parent: 22/50 -> Mutant: 29/50)
24,超_ミュウツー_安定_V1,0.7156,unchanged
24,草_フシギバナ_安定_V1,0.6248,unchanged
24,闘_ガブルカ_安定_V1,0.4005,unchanged
24,雷_ピカチュウ_グッズ偏重_V3,0.4766,Out: ライチュウex / In: ビーストウォール (Parent: 25/50 -> Mutant: 29/50)
24,超_ゲンガー_究極_V6_アルティメット,0.7092,unchanged
24,龍悪_ギラダク_安定_V1,0.5169,unchanged
24,鋼_メルルギア_究極_V6_アルティメット,0.4510,unchanged
24,超_ミュウツー_究極_V6_アルティメット,0.5129,Out: スリーパー / In: サーナイト (Parent: 30/50 -> Mutant: 33/50)
24,水_スターミー_安定_V1,0.4936,unchanged
24,鋼_メルルギア_グッズ偏重_V3,0.4136,Out: ムクバード / In: はじまりの平原 (Parent: 20/50 -> Mutant: 25/50)
24,雷_ピカチュウ_安定_V1,0.6788,Out: はじまりの平原 / In: ネモ (Parent: 39/50 -> Mutant: 41/50)
24,闘_ガブルカ_グッズ偏重_V3,0.3540,Out: ガブリアスex / In: ビーストウォール (Parent: 24/50 -> Mutant: 28/50)
24,炎_リザードンX_安定_V1,0.6199,Out: ヒバニー / In: クイタラン (Parent: 35/50 -> Mutant: 37/50)
25,炎_リザードンX_安定_V1,0.6261,unchanged
25,超_ゲンガー_安定_V1,0.1633,unchanged
25,草_フシギバナ_グッズ偏重_V3,0.5910,Out: ナッシーex / In: ワナイダー (Parent: 31/50 -> Mutant: 36/50)
25,雷_ピカチュウ_グッズ偏重_V3,0.4775,Out: ポケモンの笛 / In: レアコイル (Parent: 24/50 -> Mutant: 40/50)
25,超_ゲンガー_究極_V6_アルティメット,0.7145,unchanged
25,龍悪_ギラダク_安定_V1,0.5222,unchanged
25,闘_ガブルカ_安定_V1,0.4041,Out: ガブリアスex / In: コジョンド (Parent: 27/50 -> Mutant: 29/50)
25,龍悪_ギラダク_グッズ偏重_V3,0.8261,unchanged
25,闘_ガブルカ_グッズ偏重_V3,0.3536,unchanged
25,水_スターミー_究極_V6_アルティメット,0.5997,Out: ポケモンセンターのお姉さん / In: アシレーヌex (Parent: 36/50 -> Mutant: 40/50)
25,闘_ガブルカ_究極_V6_アルティメット,0.4006,unchanged
25,龍悪_ギラダク_究極_V6_アルティメット,0.6844,unchanged
25,鋼_メルルギア_グッズ偏重_V3,0.4122,unchanged
25,超_ゲンガー_グッズ偏重_V3,0.1656,unchanged
25,草_フシギバナ_究極_V6_アルティメット,0.3492,Out: マラカッチ / In: メガニウム (Parent: 18/50 -> Mutant: 31/50)
25,超_ミュウツー_グッズ偏重_V3,0.4348,unchanged
25,雷_ピカチュウ_安定_V1,0.6778,unchanged
25,鋼_メルルギア_安定_V1,0.4170,unchanged
25,雷_ピカチュウ_究極_V6_アルティメット,0.5237,Out: ナツメ / In: キョウ (Parent: 31/50 -> Mutant: 37/50)
25,炎_リザードンX_グッズ偏重_V3,0.4542,unchanged
25,超_ミュウツー_究極_V6_アルティメット,0.5072,unchanged
25,水_スターミー_グッズ偏重_V3,0.4779,unchanged
25,超_ミュウツー_安定_V1,0.7115,unchanged
25,鋼_メルルギア_究極_V6_アルティメット,0.4451,unchanged
25,水_スターミー_安定_V1,0.4854,unchanged
25,草_フシギバナ_安定_V1,0.6233,Out: エリカ / In: メガフシギバナex (Parent: 39/50 -> Mutant: 43/50)
25,炎_リザードンX_究極_V6_アルティメット,0.4521,unchanged
26,炎_リザードンX_グッズ偏重_V3,0.4623,unchanged
26,雷_ピカチュウ_究極_V6_アルティメット,0.5290,unchanged
26,超_ミュウツー_究極_V6_アルティメット,0.5107,unchanged
26,龍悪_ギラダク_究極_V6_アルティメット,0.6891,unchanged
26,超_ゲンガー_究極_V6_アルティメット,0.7196,unchanged
26,鋼_メルルギア_安定_V1,0.4183,unchanged
26,炎_リザードンX_究極_V6_アルティメット,0.4564,unchanged
26,闘_ガブルカ_安定_V1,0.4067,unchanged
26,龍悪_ギラダク_グッズ偏重_V3,0.8238,Out: かんこうきゃく / In: ネズ (Parent: 37/50 -> Mutant: 42/50)
26,龍悪_ギラダク_安定_V1,0.5251,unchanged
26,超_ミュウツー_安定_V1,0.7094,unchanged
26,鋼_メルルギア_究極_V6_アルティメット,0.4472,unchanged
26,草_フシギバナ_グッズ偏重_V3,0.5933,Out: 釣り人 / In: カキ (Parent: 34/50 -> Mutant: 36/50)
26,超_ミュウツー_グッズ偏重_V3,0.4331,unchanged
26,水_スターミー_究極_V6_アルティメット,0.5986,unchanged
26,闘_ガブルカ_究極_V6_アルティメット,0.4013,unchanged
26,炎_リザードンX_安定_V1,0.6240,unchanged
26,超_ゲンガー_安定_V1,0.1641,unchanged
26,雷_ピカチュウ_グッズ偏重_V3,0.4717,Out: ゼブライカ / In: グリーン (Parent: 29/50 -> Mutant: 33/50)
26,水_スターミー_安定_V1,0.4777,unchanged
26,草_フシギバナ_究極_V6_アルティメット,0.3530,unchanged
26,闘_ガブルカ_グッズ偏重_V3,0.3485,unchanged
26,水_スターミー_グッズ偏重_V3,0.4728,unchanged
26,鋼_メルルギア_グッズ偏重_V3,0.4058,unchanged
26,草_フシギバナ_安定_V1,0.6241,Out: イツキ / In: ハネッコ (Parent: 41/50 -> Mutant: 46/50)
26,超_ゲンガー_グッズ偏重_V3,0.1628,unchanged
26,雷_ピカチュウ_安定_V1,0.6715,unchanged
27,超_ミュウツー_グッズ偏重_V3,0.4359,Out: ミュウツーex / In: イエッサンex (Parent: 22/50 -> Mutant: 27/50)
27,鋼_メルルギア_究極_V6_アルティメット,0.4546,unchanged
27,草_フシギバナ_究極_V6_アルティメット,0.3628,unchanged
27,超_ゲンガー_究極_V6_アルティメット,0.7254,unchanged
27,雷_ピカチュウ_究極_V6_アルティメット,0.5316,Out: デンジュモク / In: エレキブル (Parent: 35/50 -> Mutant: 37/50)
27,炎_リザードンX_究極_V6_アルティメット,0.4605,unchanged
27,龍悪_ギラダク_グッズ偏重_V3,0.8226,unchanged
27,炎_リザードンX_安定_V1,0.6263,unchanged
27,鋼_メルルギア_グッズ偏重_V3,0.4046,unchanged
27,草_フシギバナ_グッズ偏重_V3,0.5968,unchanged
27,水_スターミー_グッズ偏重_V3,0.4707,unchanged
27,闘_ガブルカ_究極_V6_アルティメット,0.4026,unchanged
27,超_ゲンガー_安定_V1,0.1662,unchanged
27,草_フシギバナ_安定_V1,0.6268,unchanged
27,闘_ガブルカ_グッズ偏重_V3,0.3463,unchanged
27,水_スターミー_安定_V1,0.4742,unchanged
27,超_ミュウツー_安定_V1,0.7044,Out: アカネ / In: トゲキッス (Parent: 36/50 -> Mutant: 41/50)
27,龍悪_ギラダク_安定_V1,0.5241,Out: ドクロッグ / In: チョロネコ (Parent: 32/50 -> Mutant: 34/50)
27,超_ミュウツー_究極_V6_アルティメット,0.5051,unchanged
27,雷_ピカチュウ_グッズ偏重_V3,0.4671,unchanged
27,闘_ガブルカ_安定_V1,0.4037,Out: 旅の行商人 / In: 鋼鉄のまえかけ (Parent: 25/50 -> Mutant: 28/50)
27,水_スターミー_究極_V6_アルティメット,0.5950,unchanged
27,炎_リザードンX_グッズ偏重_V3,0.4641,unchanged
27,鋼_メルルギア_安定_V1,0.4140,Out: アローラディグダ / In: ヒカリ (Parent: 20/50 -> Mutant: 23/50)
27,龍悪_ギラダク_究極_V6_アルティメット,0.6880,unchanged
27,雷_ピカチュウ_安定_V1,0.6659,Out: ピカチュウ / In: マルマイン (Parent: 34/50 -> Mutant: 44/50)
27,超_ゲンガー_グッズ偏重_V3,0.1606,unchanged
28,超_ミュウツー_グッズ偏重_V3,0.4391,unchanged
28,炎_リザードンX_安定_V1,0.6301,unchanged
28,闘_ガブルカ_グッズ偏重_V3,0.3485,Out: サンドパン / In: こうらの化石 (Parent: 17/50 -> Mutant: 29/50)
28,超_ゲンガー_グッズ偏重_V3,0.1605,unchanged
28,超_ミュウツー_究極_V6_アルティメット,0.5062,unchanged
28,鋼_メルルギア_安定_V1,0.4174,Out: かけだし調査員 / In: ドデカバシ (Parent: 32/50 -> Mutant: 34/50)
28,草_フシギバナ_究極_V6_アルティメット,0.3712,Out: カルム / In: ふしぎな広場 (Parent: 24/50 -> Mutant: 32/50)
28,草_フシギバナ_グッズ偏重_V3,0.5987,Out: マシェード / In: マスキッパ (Parent: 34/50 -> Mutant: 37/50)
28,炎_リザードンX_グッズ偏重_V3,0.4677,unchanged
28,雷_ピカチュウ_究極_V6_アルティメット,0.5340,unchanged
28,闘_ガブルカ_究極_V6_アルティメット,0.4049,Out: ハルカ / In: カラカラ (Parent: 27/50 -> Mutant: 29/50)
28,水_スターミー_究極_V6_アルティメット,0.5977,unchanged
28,超_ゲンガー_安定_V1,0.1688,unchanged
28,超_ゲンガー_究極_V6_アルティメット,0.7275,Out: ラムのみ / In: サーナイト (Parent: 42/50 -> Mutant: 46/50)
28,雷_ピカチュウ_グッズ偏重_V3,0.4636,Out: はねの化石 / In: アカギ (Parent: 21/50 -> Mutant: 24/50)
28,雷_ピカチュウ_安定_V1,0.6680,unchanged
28,龍悪_ギラダク_グッズ偏重_V3,0.8190,unchanged
28,鋼_メルルギア_究極_V6_アルティメット,0.4544,Out: レッドカード / In: たべのこし (Parent: 31/50 -> Mutant: 36/50)
28,超_ミュウツー_安定_V1,0.7006,Out: ヨノワール / In: ゲンガー (Parent: 36/50 -> Mutant: 40/50)
28,鋼_メルルギア_グッズ偏重_V3,0.4008,Out: デカグース / In: デカグース (Parent: 22/50 -> Mutant: 24/50)
28,闘_ガブルカ_安定_V1,0.4000,Out: ディグダ / In: グリーン (Parent: 22/50 -> Mutant: 32/50)
28,龍悪_ギラダク_安定_V1,0.5221,Out: 大きなマント / In: アローラニャース (Parent: 29/50 -> Mutant: 31/50)
28,水_スターミー_安定_V1,0.4680,Out: ラッキーミトン / In: ミズゴロウ (Parent: 22/50 -> Mutant: 28/50)
28,炎_リザードンX_究極_V6_アルティメット,0.4577,Out: アカネ / In: 釣り人 (Parent: 31/50 -> Mutant: 33/50)
28,龍悪_ギラダク_究極_V6_アルティメット,0.6860,unchanged
28,草_フシギバナ_安定_V1,0.6247,unchanged
28,水_スターミー_グッズ偏重_V3,0.4628,unchanged
29,闘_ガブルカ_グッズ偏重_V3,0.3511,unchanged
29,草_フシギバナ_グッズ偏重_V3,0.6017,unchanged
29,超_ゲンガー_安定_V1,0.1736,unchanged
29,闘_ガブルカ_究極_V6_アルティメット,0.4099,unchanged
29,超_ミュウツー_安定_V1,0.7011,unchanged
29,雷_ピカチュウ_究極_V6_アルティメット,0.5365,unchanged
29,草_フシギバナ_究極_V6_アルティメット,0.3776,Out: シェイミ / In: フクスロー (Parent: 33/50 -> Mutant: 37/50)
29,鋼_メルルギア_グッズ偏重_V3,0.4013,Out: テッシード / In: ラッタ (Parent: 17/50 -> Mutant: 25/50)
29,炎_リザードンX_グッズ偏重_V3,0.4722,Out: ヒノヤコマ / In: カスミ (Parent: 37/50 -> Mutant: 40/50)
29,草_フシギバナ_安定_V1,0.6281,Out: ウツボット / In: ワタッコ (Parent: 35/50 -> Mutant: 38/50)
29,炎_リザードンX_究極_V6_アルティメット,0.4594,Out: フレイムパッチ / In: イーユイ (Parent: 26/50 -> Mutant: 31/50)
29,雷_ピカチュウ_グッズ偏重_V3,0.4621,unchanged
29,炎_リザードンX_安定_V1,0.6317,unchanged
29,超_ゲンガー_グッズ偏重_V3,0.1597,unchanged
29,水_スターミー_グッズ偏重_V3,0.4612,unchanged
29,龍悪_ギラダク_究極_V6_アルティメット,0.6868,unchanged
29,龍悪_ギラダク_グッズ偏重_V3,0.8154,unchanged
29,水_スターミー_安定_V1,0.4643,Out: ミズゴロウ / In: ラプラス (Parent: 19/50 -> Mutant: 21/50)
29,超_ゲンガー_究極_V6_アルティメット,0.7280,unchanged
29,闘_ガブルカ_安定_V1,0.4012,Out: ルカリオex / In: メガミミロップex (Parent: 31/50 -> Mutant: 37/50)
29,鋼_メルルギア_安定_V1,0.4139,unchanged
29,鋼_メルルギア_究極_V6_アルティメット,0.4529,unchanged
29,超_ミュウツー_究極_V6_アルティメット,0.5001,unchanged
29,龍悪_ギラダク_安定_V1,0.5183,unchanged
29,雷_ピカチュウ_安定_V1,0.6672,unchanged
29,超_ミュウツー_グッズ偏重_V3,0.4322,Out: セキ / In: ポケモン図鑑 (Parent: 21/50 -> Mutant: 30/50)
29,水_スターミー_究極_V6_アルティメット,0.5923,Out: たべのこし / In: シードラ (Parent: 33/50 -> Mutant: 35/50)
30,超_ゲンガー_グッズ偏重_V3,0.1599,unchanged
30,炎_リザードンX_究極_V6_アルティメット,0.4640,unchanged
30,龍悪_ギラダク_グッズ偏重_V3,0.8162,Out: ネズ / In: ニドキング (Parent: 36/50 -> Mutant: 39/50)
30,雷_ピカチュウ_究極_V6_アルティメット,0.5397,Out: ミカン / In: まもりのポンチョ (Parent: 32/50 -> Mutant: 34/50)
30,鋼_メルルギア_究極_V6_アルティメット,0.4584,unchanged
30,雷_ピカチュウ_グッズ偏重_V3,0.4612,Out: ライチュウ / In: エレブー (Parent: 21/50 -> Mutant: 25/50)
30,鋼_メルルギア_グッズ偏重_V3,0.4028,unchanged
30,水_スターミー_グッズ偏重_V3,0.4614,unchanged
30,闘_ガブルカ_究極_V6_アルティメット,0.4105,unchanged
30,闘_ガブルカ_グッズ偏重_V3,0.3505,unchanged
30,草_フシギバナ_安定_V1,0.6316,Out: ひみつのコハク / In: アゴの化石 (Parent: 37/50 -> Mutant: 41/50)
30,超_ミュウツー_究極_V6_アルティメット,0.4981,unchanged
30,超_ゲンガー_安定_V1,0.1749,Out: ピッピ / In: アブリボン (Parent: 16/50 -> Mutant: 18/50)
30,雷_ピカチュウ_安定_V1,0.6693,unchanged
30,炎_リザードンX_安定_V1,0.6310,unchanged
30,超_ミュウツー_安定_V1,0.6980,Out: ゲンガー / In: セキ (Parent: 37/50 -> Mutant: 39/50)
30,水_スターミー_究極_V6_アルティメット,0.5912,unchanged
30,炎_リザードンX_グッズ偏重_V3,0.4740,unchanged
30,鋼_メルルギア_安定_V1,0.4116,unchanged
30,龍悪_ギラダク_究極_V6_アルティメット,0.6857,unchanged
30,草_フシギバナ_グッズ偏重_V3,0.6008,unchanged
30,超_ゲンガー_究極_V6_アルティメット,0.7284,unchanged
30,草_フシギバナ_究極_V6_アルティメット,0.3792,unchanged
30,超_ミュウツー_グッズ偏重_V3,0.4265,unchanged
30,闘_ガブルカ_安定_V1,0.4022,Out: ナツメ / In: ローブシン (Parent: 32/50 -> Mutant: 36/50)
30,水_スターミー_安定_V1,0.4596,unchanged
30,龍悪_ギラダク_安定_V1,0.5132,unchanged
31,闘_ガブルカ_安定_V1,0.4130,unchanged
31,鋼_メルルギア_グッズ偏重_V3,0.4065,unchanged
31,草_フシギバナ_安定_V1,0.6366,unchanged
31,超_ミュウツー_安定_V1,0.6980,Out: キルリア / In: ヤミラミ (Parent: 34/50 -> Mutant: 38/50)
31,龍悪_ギラダク_究極_V6_アルティメット,0.6887,unchanged
31,超_ミュウツー_グッズ偏重_V3,0.4270,unchanged
31,雷_ピカチュウ_究極_V6_アルティメット,0.5395,Out: ピカチュウ / In: ふしぎなアメ (Parent: 37/50 -> Mutant: 41/50)
31,闘_ガブルカ_グッズ偏重_V3,0.3517,Out: カンナギタウンの長老 / In: ソルロック (Parent: 26/50 -> Mutant: 30/50)
31,龍悪_ギラダク_グッズ偏重_V3,0.8150,unchanged
31,水_スターミー_グッズ偏重_V3,0.4631,unchanged
31,鋼_メルルギア_安定_V1,0.4121,Out: 大きなふうせん / In: リーフマント (Parent: 24/50 -> Mutant: 31/50)
31,炎_リザードンX_グッズ偏重_V3,0.4768,unchanged
31,雷_ピカチュウ_安定_V1,0.6702,unchanged
31,炎_リザードンX_安定_V1,0.6298,unchanged
31,超_ゲンガー_安定_V1,0.1776,Out: ゴース / In: 鋼鉄のまえかけ (Parent: 20/50 -> Mutant: 22/50)
31,草_フシギバナ_グッズ偏重_V3,0.6004,unchanged
31,鋼_メルルギア_究極_V6_アルティメット,0.4579,unchanged
31,龍悪_ギラダク_安定_V1,0.5102,unchanged
31,炎_リザードンX_究極_V6_アルティメット,0.4607,unchanged
31,闘_ガブルカ_究極_V6_アルティメット,0.4087,Out: ルカリオex / In: カブトプス (Parent: 19/50 -> Mutant: 27/50)
31,超_ミュウツー_究極_V6_アルティメット,0.4942,unchanged
31,雷_ピカチュウ_グッズ偏重_V3,0.4554,unchanged
31,水_スターミー_安定_V1,0.4553,unchanged
31,超_ゲンガー_究極_V6_アルティメット,0.7279,unchanged
31,超_ゲンガー_グッズ偏重_V3,0.1586,unchanged
31,水_スターミー_究極_V6_アルティメット,0.5864,unchanged
31,草_フシギバナ_究極_V6_アルティメット,0.3788,unchanged
32,草_フシギバナ_究極_V6_アルティメット,0.3871,unchanged
32,雷_ピカチュウ_安定_V1,0.6746,Out: タイカイデン / In: ハラバリー (Parent: 38/50 -> Mutant: 45/50)
32,闘_ガブルカ_究極_V6_アルティメット,0.4121,unchanged
32,超_ミュウツー_究極_V6_アルティメット,0.4964,unchanged
32,鋼_メルルギア_安定_V1,0.4150,Out: イーブイ / In: アーマーガア (Parent: 28/50 -> Mutant: 36/50)
32,草_フシギバナ_グッズ偏重_V3,0.6020,Out: ハウ / In: ラランテス (Parent: 35/50 -> Mutant: 43/50)
32,超_ゲンガー_グッズ偏重_V3,0.1579,unchanged
32,超_ゲンガー_究極_V6_アルティメット,0.7297,unchanged
32,雷_ピカチュウ_グッズ偏重_V3,0.4546,unchanged
32,闘_ガブルカ_グッズ偏重_V3,0.3511,unchanged
32,超_ミュウツー_グッズ偏重_V3,0.4274,unchanged
32,炎_リザードンX_グッズ偏重_V3,0.4788,unchanged
32,雷_ピカチュウ_究極_V6_アルティメット,0.5428,unchanged
32,炎_リザードンX_安定_V1,0.6302,unchanged
32,龍悪_ギラダク_安定_V1,0.5090,Out: ズルッグ / In: ゾロアーク (Parent: 30/50 -> Mutant: 34/50)
32,水_スターミー_究極_V6_アルティメット,0.5863,unchanged
32,鋼_メルルギア_グッズ偏重_V3,0.4038,unchanged
32,龍悪_ギラダク_究極_V6_アルティメット,0.6897,unchanged
32,超_ミュウツー_安定_V1,0.6927,unchanged
32,水_スターミー_グッズ偏重_V3,0.4601,unchanged
32,炎_リザードンX_究極_V6_アルティメット,0.4581,unchanged
32,鋼_メルルギア_究極_V6_アルティメット,0.4546,Out: ポリゴンZ / In: アイリス (Parent: 37/50 -> Mutant: 41/50)
32,超_ゲンガー_安定_V1,0.1770,Out: マチス / In: ビーストウォール (Parent: 19/50 -> Mutant: 23/50)
32,草_フシギバナ_安定_V1,0.6343,unchanged
32,龍悪_ギラダク_グッズ偏重_V3,0.8096,unchanged
32,闘_ガブルカ_安定_V1,0.4145,unchanged
32,水_スターミー_安定_V1,0.4507,Out: フローゼル / In: ウッウ (Parent: 14/50 -> Mutant: 16/50)
33,草_フシギバナ_安定_V1,0.6374,unchanged
33,闘_ガブルカ_究極_V6_アルティメット,0.4151,Out: カラカラ / In: ヒレの化石 (Parent: 26/50 -> Mutant: 29/50)
33,超_ミュウツー_グッズ偏重_V3,0.4291,unchanged
33,龍悪_ギラダク_グッズ偏重_V3,0.8102,unchanged
33,水_スターミー_安定_V1,0.4522,unchanged
33,闘_ガブルカ_グッズ偏重_V3,0.3523,unchanged
33,超_ミュウツー_究極_V6_アルティメット,0.4963,Out: サカキ / In: ココロモリ (Parent: 33/50 -> Mutant: 35/50)
33,炎_リザードンX_究極_V6_アルティメット,0.4594,Out: リザードンex / In: カイ (Parent: 25/50 -> Mutant: 29/50)
33,雷_ピカチュウ_グッズ偏重_V3,0.4530,unchanged
33,草_フシギバナ_究極_V6_アルティメット,0.3928,unchanged
33,水_スターミー_グッズ偏重_V3,0.4598,unchanged
33,水_スターミー_究極_V6_アルティメット,0.5870,Out: シトロンのリュック / In: フリーザーex (Parent: 39/50 -> Mutant: 41/50)
33,龍悪_ギラダク_究極_V6_アルティメット,0.6908,unchanged
33,超_ゲンガー_究極_V6_アルティメット,0.7318,unchanged
33,鋼_メルルギア_グッズ偏重_V3,0.4021,unchanged
33,炎_リザードンX_グッズ偏重_V3,0.4794,Out: 鋼鉄のまえかけ / In: エンテイex (Parent: 31/50 -> Mutant: 33/50)
33,超_ゲンガー_グッズ偏重_V3,0.1563,Out: ケーシィ / In: アセロラ (Parent: 2/50 -> Mutant: 5/50)
33,雷_ピカチュウ_安定_V1,0.6758,Out: かいの化石 / In: マオ (Parent: 37/50 -> Mutant: 47/50)
33,龍悪_ギラダク_安定_V1,0.5090,unchanged
33,鋼_メルルギア_安定_V1,0.4147,unchanged
33,超_ミュウツー_安定_V1,0.6868,Out: グズマ / In: かけだし調査員 (Parent: 32/50 -> Mutant: 36/50)
33,炎_リザードンX_安定_V1,0.6281,unchanged
33,鋼_メルルギア_究極_V6_アルティメット,0.4498,Out: ダイノーズex / In: ハガネール (Parent: 33/50 -> Mutant: 35/50)
33,闘_ガブルカ_安定_V1,0.4166,Out: ポケモンの笛 / In: スピーダー (Parent: 37/50 -> Mutant: 40/50)
33,草_フシギバナ_グッズ偏重_V3,0.5984,unchanged
33,雷_ピカチュウ_究極_V6_アルティメット,0.5402,Out: 大きなふうせん / In: メンテナンス (Parent: 35/50 -> Mutant: 37/50)
33,超_ゲンガー_安定_V1,0.1756,unchanged
34,超_ゲンガー_安定_V1,0.1809,Out: マシェード / In: マーズ (Parent: 17/50 -> Mutant: 20/50)
34,水_スターミー_究極_V6_アルティメット,0.5929,unchanged
34,龍悪_ギラダク_グッズ偏重_V3,0.8111,Out: 幻の石板 / In: ハイキングコース (Parent: 43/50 -> Mutant: 45/50)
34,超_ミュウツー_グッズ偏重_V3,0.4297,unchanged
34,超_ミュウツー_究極_V6_アルティメット,0.4971,unchanged
34,草_フシギバナ_究極_V6_アルティメット,0.3977,Out: コンパン / In: レッドカード (Parent: 28/50 -> Mutant: 34/50)
34,雷_ピカチュウ_安定_V1,0.6789,unchanged
34,闘_ガブルカ_グッズ偏重_V3,0.3523,unchanged
34,鋼_メルルギア_グッズ偏重_V3,0.4025,unchanged
34,水_スターミー_安定_V1,0.4520,unchanged
34,草_フシギバナ_安定_V1,0.6386,unchanged
34,雷_ピカチュウ_グッズ偏重_V3,0.4496,Out: グリーン / In: マーマネ (Parent: 17/50 -> Mutant: 27/50)
34,草_フシギバナ_グッズ偏重_V3,0.5979,Out: モジャンボ / In: オーロット (Parent: 33/50 -> Mutant: 35/50)
34,闘_ガブルカ_究極_V6_アルティメット,0.4156,Out: ヘビーメット / In: ワンリキー (Parent: 25/50 -> Mutant: 27/50)
34,闘_ガブルカ_安定_V1,0.4217,unchanged
34,炎_リザードンX_安定_V1,0.6275,Out: マグカルゴ / In: バオップ (Parent: 38/50 -> Mutant: 42/50)
34,水_スターミー_グッズ偏重_V3,0.4567,unchanged
34,超_ミュウツー_安定_V1,0.6817,unchanged
34,龍悪_ギラダク_安定_V1,0.5071,unchanged
34,炎_リザードンX_グッズ偏重_V3,0.4811,unchanged
34,雷_ピカチュウ_究極_V6_アルティメット,0.5402,unchanged
34,鋼_メルルギア_究極_V6_アルティメット,0.4448,unchanged
34,炎_リザードンX_究極_V6_アルティメット,0.4566,Out: イーユイ / In: ファイアロー (Parent: 25/50 -> Mutant: 38/50)
34,超_ゲンガー_究極_V6_アルティメット,0.7308,unchanged
34,超_ゲンガー_グッズ偏重_V3,0.1543,unchanged
34,龍悪_ギラダク_究極_V6_アルティメット,0.6895,unchanged
34,鋼_メルルギア_安定_V1,0.4113,unchanged
35,超_ゲンガー_グッズ偏重_V3,0.1538,unchanged
35,闘_ガブルカ_究極_V6_アルティメット,0.4192,unchanged
35,草_フシギバナ_究極_V6_アルティメット,0.4057,Out: カミツルギ / In: カンナギタウンの長老 (Parent: 34/50 -> Mutant: 43/50)
35,超_ゲンガー_究極_V6_アルティメット,0.7345,unchanged
35,草_フシギバナ_グッズ偏重_V3,0.5994,Out: ドレディア / In: ジャローダ (Parent: 23/50 -> Mutant: 39/50)
35,草_フシギバナ_安定_V1,0.6413,Out: ギンガ団のしたっぱ / In: アマカジ (Parent: 38/50 -> Mutant: 42/50)
35,水_スターミー_グッズ偏重_V3,0.4571,unchanged
35,水_スターミー_究極_V6_アルティメット,0.5970,Out: いじわるレター / In: アリゲイツ (Parent: 44/50 -> Mutant: 46/50)
35,闘_ガブルカ_安定_V1,0.4275,unchanged
35,炎_リザードンX_究極_V6_アルティメット,0.4576,unchanged
35,雷_ピカチュウ_安定_V1,0.6811,unchanged
35,超_ゲンガー_安定_V1,0.1832,unchanged
35,超_ミュウツー_安定_V1,0.6780,Out: トゲチック / In: ゴチルゼル (Parent: 32/50 -> Mutant: 38/50)
35,炎_リザードンX_グッズ偏重_V3,0.4847,unchanged
35,龍悪_ギラダク_グッズ偏重_V3,0.8091,unchanged
35,水_スターミー_安定_V1,0.4503,Out: グリーン / In: ラブカス (Parent: 22/50 -> Mutant: 27/50)
35,雷_ピカチュウ_グッズ偏重_V3,0.4456,Out: エレブー / In: エレザード (Parent: 23/50 -> Mutant: 26/50)
35,龍悪_ギラダク_安定_V1,0.5061,Out: ヒカリ / In: ゾロア (Parent: 20/50 -> Mutant: 24/50)
35,鋼_メルルギア_究極_V6_アルティメット,0.4443,unchanged
35,超_ミュウツー_究極_V6_アルティメット,0.4925,unchanged
35,鋼_メルルギア_グッズ偏重_V3,0.3993,Out: バッフロン / In: カルム (Parent: 27/50 -> Mutant: 29/50)
35,龍悪_ギラダク_究極_V6_アルティメット,0.6878,Out: アリアドス / In: ダストダス (Parent: 39/50 -> Mutant: 44/50)
35,超_ミュウツー_グッズ偏重_V3,0.4245,unchanged
35,雷_ピカチュウ_究極_V6_アルティメット,0.5385,unchanged
35,闘_ガブルカ_グッズ偏重_V3,0.3484,Out: たての化石 / In: ふしぎなアメ (Parent: 18/50 -> Mutant: 24/50)
35,炎_リザードンX_安定_V1,0.6238,unchanged
35,鋼_メルルギア_安定_V1,0.4097,Out: ポケモン図鑑 / In: マーマネ (Parent: 29/50 -> Mutant: 31/50)
36,水_スターミー_究極_V6_アルティメット,0.6033,unchanged
36,雷_ピカチュウ_安定_V1,0.6849,unchanged
36,鋼_メルルギア_グッズ偏重_V3,0.4006,Out: きずぐすり / In: ウールー (Parent: 22/50 -> Mutant: 29/50)
36,水_スターミー_安定_V1,0.4502,unchanged
36,闘_ガブルカ_究極_V6_アルティメット,0.4211,Out: カブトプス / In: タンドン (Parent: 23/50 -> Mutant: 27/50)
36,炎_リザードンX_安定_V1,0.6253,unchanged
36,超_ゲンガー_究極_V6_アルティメット,0.7372,Out: サーナイト / In: ジュン (Parent: 44/50 -> Mutant: 46/50)
36,草_フシギバナ_究極_V6_アルティメット,0.4135,unchanged
36,闘_ガブルカ_安定_V1,0.4325,unchanged
36,草_フシギバナ_グッズ偏重_V3,0.5988,unchanged
36,闘_ガブルカ_グッズ偏重_V3,0.3487,unchanged
36,草_フシギバナ_安定_V1,0.6418,Out: ナッシーex / In: マユルド (Parent: 40/50 -> Mutant: 42/50)
36,水_スターミー_グッズ偏重_V3,0.4559,Out: いたずらルーレット / In: キョウ (Parent: 27/50 -> Mutant: 29/50)
36,雷_ピカチュウ_グッズ偏重_V3,0.4444,Out: ビーストウォール / In: パモット (Parent: 22/50 -> Mutant: 26/50)
36,超_ゲンガー_グッズ偏重_V3,0.1528,unchanged
36,超_ミュウツー_グッズ偏重_V3,0.4220,unchanged
36,超_ミュウツー_究極_V6_アルティメット,0.4895,unchanged
36,龍悪_ギラダク_グッズ偏重_V3,0.8060,Out: シルバー / In: ドラミドロ (Parent: 43/50 -> Mutant: 46/50)
36,龍悪_ギラダク_安定_V1,0.5038,unchanged
36,炎_リザードンX_グッズ偏重_V3,0.4866,Out: リザードンex / In: ガーディ (Parent: 35/50 -> Mutant: 40/50)
36,超_ゲンガー_安定_V1,0.1829,unchanged
36,鋼_メルルギア_安定_V1,0.4092,unchanged
36,雷_ピカチュウ_究極_V6_アルティメット,0.5371,unchanged
36,龍悪_ギラダク_究極_V6_アルティメット,0.6853,unchanged
36,鋼_メルルギア_究極_V6_アルティメット,0.4407,unchanged
36,炎_リザードンX_究極_V6_アルティメット,0.4547,Out: カンナギタウンの長老 / In: ヒコザル (Parent: 26/50 -> Mutant: 32/50)
36,超_ミュウツー_安定_V1,0.6710,Out: カルネ / In: タケシ (Parent: 33/50 -> Mutant: 36/50)
37,草_フシギバナ_安定_V1,0.6439,Out: アゴの化石 / In: ヘラクロス (Parent: 35/50 -> Mutant: 37/50)
37,超_ミュウツー_グッズ偏重_V3,0.4249,Out: ピッピ / In: いじわるレター (Parent: 20/50 -> Mutant: 29/50)
37,闘_ガブルカ_究極_V6_アルティメット,0.4236,unchanged
37,鋼_メルルギア_グッズ偏重_V3,0.4015,unchanged
37,水_スターミー_安定_V1,0.4497,unchanged
37,鋼_メルルギア_安定_V1,0.4124,unchanged
37,超_ゲンガー_究極_V6_アルティメット,0.7394,unchanged
37,超_ゲンガー_グッズ偏重_V3,0.1522,unchanged
37,超_ゲンガー_安定_V1,0.1854,unchanged
37,炎_リザードンX_安定_V1,0.6265,unchanged
37,雷_ピカチュウ_究極_V6_アルティメット,0.5412,unchanged
37,水_スターミー_グッズ偏重_V3,0.4559,unchanged
37,水_スターミー_究極_V6_アルティメット,0.6057,unchanged
37,炎_リザードンX_グッズ偏重_V3,0.4899,unchanged
37,草_フシギバナ_グッズ偏重_V3,0.5980,unchanged
37,超_ミュウツー_安定_V1,0.6673,unchanged
37,鋼_メルルギア_究極_V6_アルティメット,0.4395,unchanged
37,雷_ピカチュウ_グッズ偏重_V3,0.4421,unchanged
37,炎_リザードンX_究極_V6_アルティメット,0.4527,unchanged
37,闘_ガブルカ_グッズ偏重_V3,0.3469,unchanged
37,草_フシギバナ_究極_V6_アルティメット,0.4176,unchanged
37,雷_ピカチュウ_安定_V1,0.6841,unchanged
37,龍悪_ギラダク_安定_V1,0.5007,Out: アローラニャース / In: アーボ (Parent: 29/50 -> Mutant: 35/50)
37,龍悪_ギラダク_グッズ偏重_V3,0.8008,unchanged
37,超_ミュウツー_究極_V6_アルティメット,0.4834,Out: むしよけスプレー / In: ギンガ団のしたっぱ (Parent: 31/50 -> Mutant: 37/50)
37,闘_ガブルカ_安定_V1,0.4328,unchanged
37,龍悪_ギラダク_究極_V6_アルティメット,0.6821,unchanged
38,水_スターミー_究極_V6_アルティメット,0.6114,unchanged
38,鋼_メルルギア_グッズ偏重_V3,0.4028,unchanged
38,闘_ガブルカ_グッズ偏重_V3,0.3476,unchanged
38,闘_ガブルカ_安定_V1,0.4398,unchanged
38,水_スターミー_グッズ偏重_V3,0.4565,unchanged
38,草_フシギバナ_安定_V1,0.6451,unchanged
38,超_ミュウツー_安定_V1,0.6668,unchanged
38,草_フシギバナ_グッズ偏重_V3,0.5986,unchanged
38,超_ゲンガー_グッズ偏重_V3,0.1515,unchanged
38,超_ゲンガー_究極_V6_アルティメット,0.7418,unchanged
38,龍悪_ギラダク_安定_V1,0.5025,unchanged
38,闘_ガブルカ_究極_V6_アルティメット,0.4231,unchanged
38,鋼_メルルギア_安定_V1,0.4141,Out: レッド / In: エリカ (Parent: 27/50 -> Mutant: 29/50)
38,雷_ピカチュウ_究極_V6_アルティメット,0.5440,unchanged
38,草_フシギバナ_究極_V6_アルティメット,0.4230,unchanged
38,雷_ピカチュウ_グッズ偏重_V3,0.4407,Out: ルザミーネ / In: ビーストナイト (Parent: 23/50 -> Mutant: 25/50)
38,雷_ピカチュウ_安定_V1,0.6839,unchanged
38,超_ミュウツー_グッズ偏重_V3,0.4235,unchanged
38,炎_リザードンX_究極_V6_アルティメット,0.4506,unchanged
38,龍悪_ギラダク_究極_V6_アルティメット,0.6813,unchanged
38,超_ゲンガー_安定_V1,0.1852,unchanged
38,超_ミュウツー_究極_V6_アルティメット,0.4780,Out: サーナイト / In: ヒカリ (Parent: 20/50 -> Mutant: 24/50)
38,炎_リザードンX_グッズ偏重_V3,0.4891,unchanged
38,鋼_メルルギア_究極_V6_アルティメット,0.4354,unchanged
38,炎_リザードンX_安定_V1,0.6224,unchanged
38,龍悪_ギラダク_グッズ偏重_V3,0.7964,unchanged
38,水_スターミー_安定_V1,0.4449,unchanged
39,超_ミュウツー_安定_V1,0.6678,Out: デスマス / In: コスモッグ (Parent: 32/50 -> Mutant: 38/50)
39,鋼_メルルギア_究極_V6_アルティメット,0.4411,unchanged
39,草_フシギバナ_安定_V1,0.6470,unchanged
39,炎_リザードンX_安定_V1,0.6233,unchanged
39,龍悪_ギラダク_究極_V6_アルティメット,0.6842,unchanged
39,超_ミュウツー_グッズ偏重_V3,0.4256,unchanged
39,草_フシギバナ_グッズ偏重_V3,0.6005,unchanged
39,鋼_メルルギア_グッズ偏重_V3,0.4020,Out: ポリゴン / In: イーブイ (Parent: 22/50 -> Mutant: 27/50)
39,闘_ガブルカ_安定_V1,0.4448,unchanged
39,超_ゲンガー_究極_V6_アルティメット,0.7431,unchanged
39,龍悪_ギラダク_グッズ偏重_V3,0.7965,unchanged
39,闘_ガブルカ_グッズ偏重_V3,0.3471,unchanged
39,雷_ピカチュウ_グッズ偏重_V3,0.4387,unchanged
39,闘_ガブルカ_究極_V6_アルティメット,0.4216,unchanged
39,水_スターミー_究極_V6_アルティメット,0.6116,unchanged
39,雷_ピカチュウ_安定_V1,0.6840,unchanged
39,鋼_メルルギア_安定_V1,0.4141,unchanged
39,水_スターミー_グッズ偏重_V3,0.4538,Out: ウェルカモ / In: ギャラドス (Parent: 24/50 -> Mutant: 28/50)
39,超_ゲンガー_安定_V1,0.1853,unchanged
39,超_ゲンガー_グッズ偏重_V3,0.1511,unchanged
39,草_フシギバナ_究極_V6_アルティメット,0.4265,unchanged
39,炎_リザードンX_グッズ偏重_V3,0.4890,unchanged
39,龍悪_ギラダク_安定_V1,0.4994,unchanged
39,超_ミュウツー_究極_V6_アルティメット,0.4733,Out: ランプラー / In: 月食ネクロズマ (Parent: 26/50 -> Mutant: 28/50)
39,雷_ピカチュウ_究極_V6_アルティメット,0.5419,unchanged
39,水_スターミー_安定_V1,0.4405,unchanged
39,炎_リザードンX_究極_V6_アルティメット,0.4462,Out: コータス / In: オボンのみ (Parent: 27/50 -> Mutant: 35/50)
40,闘_ガブルカ_究極_V6_アルティメット,0.4233,Out: ガブリアスex / In: リーフマント (Parent: 27/50 -> Mutant: 33/50)
40,草_フシギバナ_安定_V1,0.6493,unchanged
40,草_フシギバナ_グッズ偏重_V3,0.6018,unchanged
40,闘_ガブルカ_グッズ偏重_V3,0.3482,unchanged
40,炎_リザードンX_安定_V1,0.6244,unchanged
40,水_スターミー_安定_V1,0.4409,unchanged
40,龍悪_ギラダク_安定_V1,0.5013,unchanged
40,超_ミュウツー_安定_V1,0.6675,unchanged
40,炎_リザードンX_究極_V6_アルティメット,0.4464,unchanged
40,炎_リザードンX_グッズ偏重_V3,0.4910,unchanged
40,超_ミュウツー_究極_V6_アルティメット,0.4736,Out: エレキジェネレーター / In: ハンドスコープ (Parent: 19/50 -> Mutant: 28/50)
40,雷_ピカチュウ_グッズ偏重_V3,0.4384,unchanged
40,水_スターミー_究極_V6_アルティメット,0.6130,unchanged
40,鋼_メルルギア_究極_V6_アルティメット,0.4410,Out: ヒットハンマー / In: レックウザex (Parent: 41/50 -> Mutant: 47/50)
40,闘_ガブルカ_安定_V1,0.4478,Out: スピーダー / In: ルガルガン (Parent: 31/50 -> Mutant: 33/50)
40,水_スターミー_グッズ偏重_V3,0.4515,unchanged
40,超_ミュウツー_グッズ偏重_V3,0.4239,unchanged
40,超_ゲンガー_究極_V6_アルティメット,0.7437,unchanged
40,鋼_メルルギア_グッズ偏重_V3,0.3990,Out: フレイムパッチ / In: イーブイ (Parent: 22/50 -> Mutant: 24/50)
40,雷_ピカチュウ_究極_V6_アルティメット,0.5428,unchanged
40,龍悪_ギラダク_グッズ偏重_V3,0.7918,unchanged
40,鋼_メルルギア_安定_V1,0.4129,unchanged
40,超_ゲンガー_安定_V1,0.1841,unchanged
40,龍悪_ギラダク_究極_V6_アルティメット,0.6827,unchanged
40,雷_ピカチュウ_安定_V1,0.6821,unchanged
40,草_フシギバナ_究極_V6_アルティメット,0.4280,unchanged
40,超_ゲンガー_グッズ偏重_V3,0.1496,unchanged
41,雷_ピカチュウ_安定_V1,0.6863,unchanged
41,鋼_メルルギア_究極_V6_アルティメット,0.4480,unchanged
41,龍悪_ギラダク_グッズ偏重_V3,0.7921,Out: 幻の石板 / In: カイリュー (Parent: 38/50 -> Mutant: 42/50)
41,炎_リザードンX_安定_V1,0.6252,unchanged
41,草_フシギバナ_究極_V6_アルティメット,0.4342,unchanged
41,闘_ガブルカ_グッズ偏重_V3,0.3495,unchanged
41,雷_ピカチュウ_究極_V6_アルティメット,0.5467,unchanged
41,超_ゲンガー_グッズ偏重_V3,0.1497,Out: セキ / In: マオ (Parent: 5/50 -> Mutant: 8/50)
41,草_フシギバナ_安定_V1,0.6498,unchanged
41,超_ミュウツー_究極_V6_アルティメット,0.4733,Out: ボクレー / In: ペロリーム (Parent: 31/50 -> Mutant: 35/50)
41,鋼_メルルギア_安定_V1,0.4137,unchanged
41,超_ゲンガー_究極_V6_アルティメット,0.7453,unchanged
41,龍悪_ギラダク_究極_V6_アルティメット,0.6835,unchanged
41,炎_リザードンX_究極_V6_アルティメット,0.4461,unchanged
41,鋼_メルルギア_グッズ偏重_V3,0.3962,Out: ワシボン / In: ヨルノズク (Parent: 20/50 -> Mutant: 29/50)
41,超_ゲンガー_安定_V1,0.1854,unchanged
41,超_ミュウツー_グッズ偏重_V3,0.4221,Out: レスキュースカーフ / In: ブーピッグ (Parent: 21/50 -> Mutant: 28/50)
41,雷_ピカチュウ_グッズ偏重_V3,0.4366,unchanged
41,水_スターミー_安定_V1,0.4374,Out: カンナギタウンの長老 / In: フリージオ (Parent: 29/50 -> Mutant: 31/50)
41,超_ミュウツー_安定_V1,0.6636,unchanged
41,闘_ガブルカ_究極_V6_アルティメット,0.4201,unchanged
41,草_フシギバナ_グッズ偏重_V3,0.5999,unchanged
41,炎_リザードンX_グッズ偏重_V3,0.4911,unchanged
41,龍悪_ギラダク_安定_V1,0.4988,Out: アーボ / In: クリムガン (Parent: 26/50 -> Mutant: 34/50)
41,水_スターミー_究極_V6_アルティメット,0.6104,unchanged
41,闘_ガブルカ_安定_V1,0.4477,Out: カラカラ / In: マクノシタ (Parent: 37/50 -> Mutant: 43/50)
41,水_スターミー_グッズ偏重_V3,0.4474,unchanged
42,闘_ガブルカ_究極_V6_アルティメット,0.4223,unchanged
42,闘_ガブルカ_安定_V1,0.4539,unchanged
42,龍悪_ギラダク_究極_V6_アルティメット,0.6863,unchanged
42,超_ミュウツー_グッズ偏重_V3,0.4239,unchanged
42,炎_リザードンX_安定_V1,0.6258,unchanged
42,超_ミュウツー_究極_V6_アルティメット,0.4751,unchanged
42,龍悪_ギラダク_安定_V1,0.5004,Out: ヤミカラス / In: キョウ (Parent: 30/50 -> Mutant: 34/50)
42,草_フシギバナ_グッズ偏重_V3,0.5995,unchanged
42,雷_ピカチュウ_グッズ偏重_V3,0.4360,unchanged
42,超_ゲンガー_グッズ偏重_V3,0.1488,unchanged
42,雷_ピカチュウ_究極_V6_アルティメット,0.5504,Out: レスキュースカーフ / In: カンナギタウンの長老 (Parent: 35/50 -> Mutant: 41/50)
42,炎_リザードンX_究極_V6_アルティメット,0.4457,unchanged
42,超_ゲンガー_究極_V6_アルティメット,0.7454,unchanged
42,闘_ガブルカ_グッズ偏重_V3,0.3481,unchanged
42,鋼_メルルギア_究極_V6_アルティメット,0.4515,unchanged
42,水_スターミー_究極_V6_アルティメット,0.6104,unchanged
42,龍悪_ギラダク_グッズ偏重_V3,0.7897,unchanged
42,超_ゲンガー_安定_V1,0.1852,unchanged
42,草_フシギバナ_安定_V1,0.6486,Out: モノマネむすめ / In: スピアーex (Parent: 36/50 -> Mutant: 39/50)
42,雷_ピカチュウ_安定_V1,0.6855,unchanged
42,水_スターミー_グッズ偏重_V3,0.4445,unchanged
42,炎_リザードンX_グッズ偏重_V3,0.4905,unchanged
42,草_フシギバナ_究極_V6_アルティメット,0.4373,unchanged
42,水_スターミー_安定_V1,0.4337,unchanged
42,超_ミュウツー_安定_V1,0.6586,unchanged
42,鋼_メルルギア_安定_V1,0.4117,unchanged
42,鋼_メルルギア_グッズ偏重_V3,0.3913,unchanged
43,草_フシギバナ_安定_V1,0.6502,Out: メガフシギバナex / In: カイロス (Parent: 34/50 -> Mutant: 36/50)
43,龍悪_ギラダク_究極_V6_アルティメット,0.6895,unchanged
43,草_フシギバナ_グッズ偏重_V3,0.6006,unchanged
43,雷_ピカチュウ_グッズ偏重_V3,0.4367,unchanged
43,超_ゲンガー_グッズ偏重_V3,0.1483,unchanged
43,超_ミュウツー_グッズ偏重_V3,0.4260,unchanged
43,超_ミュウツー_究極_V6_アルティメット,0.4771,unchanged
43,闘_ガブルカ_安定_V1,0.4591,unchanged
43,水_スターミー_グッズ偏重_V3,0.4442,unchanged
43,闘_ガブルカ_グッズ偏重_V3,0.3474,unchanged
43,龍悪_ギラダク_安定_V1,0.5021,Out: ミニリュウ / In: スイレン (Parent: 26/50 -> Mutant: 34/50)
43,炎_リザードンX_グッズ偏重_V3,0.4929,Out: ホウオウ / In: ポケモンセンターのお姉さん (Parent: 30/50 -> Mutant: 33/50)
43,水_スターミー_安定_V1,0.4320,unchanged
43,草_フシギバナ_究極_V6_アルティメット,0.4416,unchanged
43,超_ゲンガー_安定_V1,0.1866,Out: マーズ / In: ユンゲラー (Parent: 17/50 -> Mutant: 23/50)
43,雷_ピカチュウ_安定_V1,0.6858,unchanged
43,鋼_メルルギア_安定_V1,0.4124,unchanged
43,闘_ガブルカ_究極_V6_アルティメット,0.4201,unchanged
43,超_ゲンガー_究極_V6_アルティメット,0.7442,unchanged
43,鋼_メルルギア_グッズ偏重_V3,0.3886,unchanged
43,超_ミュウツー_安定_V1,0.6551,Out: ヒカリ / In: ランクルス (Parent: 31/50 -> Mutant: 37/50)
43,炎_リザードンX_究極_V6_アルティメット,0.4438,unchanged
43,鋼_メルルギア_究極_V6_アルティメット,0.4515,unchanged
43,炎_リザードンX_安定_V1,0.6229,unchanged
43,水_スターミー_究極_V6_アルティメット,0.6083,unchanged
43,雷_ピカチュウ_究極_V6_アルティメット,0.5477,unchanged
43,龍悪_ギラダク_グッズ偏重_V3,0.7851,Out: カイリュー / In: ダストダス (Parent: 41/50 -> Mutant: 47/50)
44,鋼_メルルギア_究極_V6_アルティメット,0.4577,unchanged
44,炎_リザードンX_究極_V6_アルティメット,0.4462,unchanged
44,水_スターミー_安定_V1,0.4324,unchanged
44,龍悪_ギラダク_グッズ偏重_V3,0.7859,unchanged
44,炎_リザードンX_グッズ偏重_V3,0.4952,unchanged
44,鋼_メルルギア_グッズ偏重_V3,0.3887,unchanged
44,草_フシギバナ_究極_V6_アルティメット,0.4476,unchanged
44,龍悪_ギラダク_安定_V1,0.5045,unchanged
44,超_ゲンガー_グッズ偏重_V3,0.1483,unchanged
44,超_ミュウツー_究極_V6_アルティメット,0.4778,unchanged
44,雷_ピカチュウ_グッズ偏重_V3,0.4359,unchanged
44,超_ゲンガー_安定_V1,0.1879,Out: フーディン / In: ルージュラ (Parent: 15/50 -> Mutant: 19/50)
44,雷_ピカチュウ_安定_V1,0.6868,Out: かんこうきゃく / In: カスミ (Parent: 38/50 -> Mutant: 42/50)
44,草_フシギバナ_安定_V1,0.6474,Out: スピアーex / In: マッシブーン (Parent: 35/50 -> Mutant: 37/50)
44,水_スターミー_究極_V6_アルティメット,0.6093,unchanged
44,闘_ガブルカ_究極_V6_アルティメット,0.4192,unchanged
44,鋼_メルルギア_安定_V1,0.4123,unchanged
44,草_フシギバナ_グッズ偏重_V3,0.6008,unchanged
44,超_ゲンガー_究極_V6_アルティメット,0.7444,unchanged
44,炎_リザードンX_安定_V1,0.6206,Out: クイタラン / In: マグカルゴ (Parent: 33/50 -> Mutant: 35/50)
44,超_ミュウツー_安定_V1,0.6506,unchanged
44,闘_ガブルカ_安定_V1,0.4597,Out: 鋼鉄のまえかけ / In: イシツブテ (Parent: 34/50 -> Mutant: 36/50)
44,闘_ガブルカ_グッズ偏重_V3,0.3445,unchanged
44,龍悪_ギラダク_究極_V6_アルティメット,0.6874,unchanged
44,水_スターミー_グッズ偏重_V3,0.4413,Out: やまおとこ / In: ハギギシリ (Parent: 22/50 -> Mutant: 28/50)
44,超_ミュウツー_グッズ偏重_V3,0.4223,Out: サカキ / In: ブーピッグ (Parent: 25/50 -> Mutant: 35/50)
44,雷_ピカチュウ_究極_V6_アルティメット,0.5453,unchanged
45,雷_ピカチュウ_グッズ偏重_V3,0.4371,unchanged
45,草_フシギバナ_究極_V6_アルティメット,0.4551,unchanged
45,闘_ガブルカ_究極_V6_アルティメット,0.4194,unchanged
45,鋼_メルルギア_グッズ偏重_V3,0.3885,unchanged
45,炎_リザードンX_究極_V6_アルティメット,0.4474,Out: 大きなふうせん / In: ポニータ (Parent: 22/50 -> Mutant: 27/50)
45,超_ミュウツー_究極_V6_アルティメット,0.4800,unchanged
45,超_ゲンガー_究極_V6_アルティメット,0.7460,Out: ジュン / In: 旅の行商人 (Parent: 42/50 -> Mutant: 46/50)
45,雷_ピカチュウ_究極_V6_アルティメット,0.5483,Out: ふしぎなアメ / In: デンヂムシ (Parent: 38/50 -> Mutant: 44/50)
45,超_ゲンガー_安定_V1,0.1893,unchanged
45,鋼_メルルギア_究極_V6_アルティメット,0.4616,unchanged
45,超_ミュウツー_グッズ偏重_V3,0.4217,unchanged
45,超_ミュウツー_安定_V1,0.6489,Out: ヘビーメット / In: キュワワー (Parent: 30/50 -> Mutant: 37/50)
45,龍悪_ギラダク_安定_V1,0.5062,unchanged
45,鋼_メルルギア_安定_V1,0.4129,Out: ブロロローム / In: イツキ (Parent: 28/50 -> Mutant: 32/50)
45,炎_リザードンX_安定_V1,0.6203,Out: ゴツゴツメット / In: ゼニガメじょうろ (Parent: 34/50 -> Mutant: 39/50)
45,炎_リザードンX_グッズ偏重_V3,0.4953,unchanged
45,龍悪_ギラダク_グッズ偏重_V3,0.7838,unchanged
45,雷_ピカチュウ_安定_V1,0.6863,unchanged
45,水_スターミー_安定_V1,0.4294,unchanged
45,闘_ガブルカ_安定_V1,0.4597,unchanged
45,草_フシギバナ_安定_V1,0.6433,unchanged
45,闘_ガブルカ_グッズ偏重_V3,0.3424,unchanged
45,水_スターミー_グッズ偏重_V3,0.4386,Out: ギャラドス / In: ハギギシリ (Parent: 23/50 -> Mutant: 27/50)
45,草_フシギバナ_グッズ偏重_V3,0.5994,unchanged
45,水_スターミー_究極_V6_アルティメット,0.6070,Out: 博士の研究 / In: ギャラドス (Parent: 39/50 -> Mutant: 41/50)
45,龍悪_ギラダク_究極_V6_アルティメット,0.6854,Out: 当たりつきアイス / In: ハクリュー (Parent: 42/50 -> Mutant: 48/50)
45,超_ゲンガー_グッズ偏重_V3,0.1466,unchanged
46,草_フシギバナ_グッズ偏重_V3,0.6014,Out: エリカ / In: ビーストウォール (Parent: 32/50 -> Mutant: 36/50)
46,草_フシギバナ_究極_V6_アルティメット,0.4617,unchanged
46,龍悪_ギラダク_安定_V1,0.5097,unchanged
46,闘_ガブルカ_究極_V6_アルティメット,0.4203,Out: ルカリオex / In: ゴーリキー (Parent: 23/50 -> Mutant: 25/50)
46,水_スターミー_究極_V6_アルティメット,0.6105,unchanged
46,草_フシギバナ_安定_V1,0.6416,unchanged
46,龍悪_ギラダク_グッズ偏重_V3,0.7837,unchanged
46,闘_ガブルカ_グッズ偏重_V3,0.3426,unchanged
46,炎_リザードンX_グッズ偏重_V3,0.4969,unchanged
46,雷_ピカチュウ_グッズ偏重_V3,0.4361,unchanged
46,鋼_メルルギア_究極_V6_アルティメット,0.4658,unchanged
46,超_ゲンガー_究極_V6_アルティメット,0.7474,unchanged
46,水_スターミー_安定_V1,0.4289,Out: ハウ / In: ペパー (Parent: 19/50 -> Mutant: 25/50)
46,超_ミュウツー_究極_V6_アルティメット,0.4803,unchanged
46,炎_リザードンX_安定_V1,0.6197,unchanged
46,鋼_メルルギア_グッズ偏重_V3,0.3873,unchanged
46,超_ゲンガー_安定_V1,0.1898,unchanged
46,超_ゲンガー_グッズ偏重_V3,0.1457,Out: ゲンガーex / In: ゼニガメじょうろ (Parent: 5/50 -> Mutant: 7/50)
46,炎_リザードンX_究極_V6_アルティメット,0.4446,unchanged
46,鋼_メルルギア_安定_V1,0.4120,unchanged
46,雷_ピカチュウ_究極_V6_アルティメット,0.5485,Out: スイレン / In: 旅の行商人 (Parent: 37/50 -> Mutant: 41/50)
46,超_ミュウツー_安定_V1,0.6446,unchanged
46,雷_ピカチュウ_安定_V1,0.6850,unchanged
46,龍悪_ギラダク_究極_V6_アルティメット,0.6836,unchanged
46,水_スターミー_グッズ偏重_V3,0.4360,Out: ホエルコ / In: シャワーズ (Parent: 24/50 -> Mutant: 28/50)
46,闘_ガブルカ_安定_V1,0.4582,unchanged
46,超_ミュウツー_グッズ偏重_V3,0.4180,unchanged
47,超_ミュウツー_安定_V1,0.6447,Out: コスモッグ / In: ハルカ (Parent: 26/50 -> Mutant: 33/50)
47,草_フシギバナ_安定_V1,0.6413,unchanged
47,炎_リザードンX_グッズ偏重_V3,0.4997,Out: ホゲータ / In: シルバー (Parent: 32/50 -> Mutant: 34/50)
47,龍悪_ギラダク_究極_V6_アルティメット,0.6860,unchanged
47,雷_ピカチュウ_グッズ偏重_V3,0.4370,Out: レアコイル / In: バチュル (Parent: 18/50 -> Mutant: 22/50)
47,炎_リザードンX_究極_V6_アルティメット,0.4450,Out: ファイアロー / In: エンニュート (Parent: 18/50 -> Mutant: 27/50)
47,草_フシギバナ_究極_V6_アルティメット,0.4674,unchanged
47,草_フシギバナ_グッズ偏重_V3,0.6025,Out: クヌギダマ / In: メモリーライト (Parent: 24/50 -> Mutant: 38/50)
47,水_スターミー_グッズ偏重_V3,0.4365,Out: スターミーex / In: オボンのみ (Parent: 25/50 -> Mutant: 29/50)
47,鋼_メルルギア_安定_V1,0.4132,unchanged
47,超_ゲンガー_グッズ偏重_V3,0.1449,unchanged
47,闘_ガブルカ_究極_V6_アルティメット,0.4204,Out: レッドカード / In: リーフ (Parent: 26/50 -> Mutant: 29/50)
47,闘_ガブルカ_安定_V1,0.4594,unchanged
47,鋼_メルルギア_究極_V6_アルティメット,0.4688,unchanged
47,水_スターミー_究極_V6_アルティメット,0.6107,unchanged
47,雷_ピカチュウ_安定_V1,0.6858,unchanged
47,龍悪_ギラダク_グッズ偏重_V3,0.7819,unchanged
47,炎_リザードンX_安定_V1,0.6180,unchanged
47,超_ミュウツー_グッズ偏重_V3,0.4169,unchanged
47,超_ゲンガー_究極_V6_アルティメット,0.7461,unchanged
47,水_スターミー_安定_V1,0.4264,Out: シェルダー / In: サシカマス (Parent: 22/50 -> Mutant: 26/50)
47,龍悪_ギラダク_安定_V1,0.5092,unchanged
47,鋼_メルルギア_グッズ偏重_V3,0.3838,unchanged
47,超_ゲンガー_安定_V1,0.1889,unchanged
47,雷_ピカチュウ_究極_V6_アルティメット,0.5471,unchanged
47,超_ミュウツー_究極_V6_アルティメット,0.4786,Out: ガラルギャロップ / In: ムシャーナ (Parent: 26/50 -> Mutant: 33/50)
47,闘_ガブルカ_グッズ偏重_V3,0.3401,Out: ビーストウォール / In: 釣り人 (Parent: 26/50 -> Mutant: 28/50)
48,超_ゲンガー_安定_V1,0.1917,unchanged
48,超_ゲンガー_グッズ偏重_V3,0.1456,unchanged
48,雷_ピカチュウ_究極_V6_アルティメット,0.5516,unchanged
48,鋼_メルルギア_安定_V1,0.4159,unchanged
48,龍悪_ギラダク_グッズ偏重_V3,0.7829,unchanged
48,闘_ガブルカ_安定_V1,0.4628,unchanged
48,雷_ピカチュウ_グッズ偏重_V3,0.4359,unchanged
48,闘_ガブルカ_グッズ偏重_V3,0.3403,unchanged
48,草_フシギバナ_究極_V6_アルティメット,0.4720,Out: ハイキングコース / In: イーブイのバッグ (Parent: 36/50 -> Mutant: 39/50)
48,超_ミュウツー_究極_V6_アルティメット,0.4786,unchanged
48,闘_ガブルカ_究極_V6_アルティメット,0.4202,unchanged
48,鋼_メルルギア_グッズ偏重_V3,0.3821,unchanged
48,炎_リザードンX_究極_V6_アルティメット,0.4435,unchanged
48,龍悪_ギラダク_究極_V6_アルティメット,0.6857,Out: アローララッタ / In: ドラミドロex (Parent: 39/50 -> Mutant: 45/50)
48,雷_ピカチュウ_安定_V1,0.6863,unchanged
48,超_ミュウツー_安定_V1,0.6431,Out: セキ / In: サマヨール (Parent: 27/50 -> Mutant: 30/50)
48,草_フシギバナ_安定_V1,0.6390,unchanged
48,水_スターミー_究極_V6_アルティメット,0.6105,unchanged
48,水_スターミー_安定_V1,0.4240,Out: キングドラex / In: フリージオ (Parent: 20/50 -> Mutant: 23/50)
48,鋼_メルルギア_究極_V6_アルティメット,0.4690,unchanged
48,超_ゲンガー_究極_V6_アルティメット,0.7461,unchanged
48,水_スターミー_グッズ偏重_V3,0.4346,Out: シャワーズ / In: ガマガル (Parent: 25/50 -> Mutant: 31/50)
48,炎_リザードンX_安定_V1,0.6157,Out: ヤトウモリ / In: やまおとこ (Parent: 36/50 -> Mutant: 41/50)
48,超_ミュウツー_グッズ偏重_V3,0.4139,Out: メタルコアバリア / In: ナツメ (Parent: 23/50 -> Mutant: 25/50)
48,炎_リザードンX_グッズ偏重_V3,0.4989,unchanged
48,草_フシギバナ_グッズ偏重_V3,0.6025,Out: タルップル / In: レスキュースカーフ (Parent: 37/50 -> Mutant: 40/50)
48,龍悪_ギラダク_安定_V1,0.5077,Out: ギラティナex / In: スカンプー (Parent: 33/50 -> Mutant: 36/50)
49,超_ゲンガー_究極_V6_アルティメット,0.7485,unchanged
49,水_スターミー_究極_V6_アルティメット,0.6137,unchanged
49,水_スターミー_安定_V1,0.4248,unchanged
49,超_ミュウツー_グッズ偏重_V3,0.4159,unchanged
49,雷_ピカチュウ_安定_V1,0.6880,unchanged
49,雷_ピカチュウ_究極_V6_アルティメット,0.5553,unchanged
49,草_フシギバナ_究極_V6_アルティメット,0.4768,unchanged
49,龍悪_ギラダク_グッズ偏重_V3,0.7821,unchanged
49,龍悪_ギラダク_究極_V6_アルティメット,0.6866,Out: メガラティオスex / In: クリムガン (Parent: 33/50 -> Mutant: 35/50)
49,水_スターミー_グッズ偏重_V3,0.4349,unchanged
49,超_ゲンガー_安定_V1,0.1932,unchanged
49,炎_リザードンX_グッズ偏重_V3,0.5006,unchanged
49,鋼_メルルギア_安定_V1,0.4162,unchanged
49,超_ゲンガー_グッズ偏重_V3,0.1460,Out: ゴースト / In: ギラティナex (Parent: 5/50 -> Mutant: 10/50)
49,草_フシギバナ_グッズ偏重_V3,0.6032,unchanged
49,炎_リザードンX_究極_V6_アルティメット,0.4421,unchanged
49,龍悪_ギラダク_安定_V1,0.5071,Out: 博士の研究 / In: オボンのみ (Parent: 28/50 -> Mutant: 35/50)
49,超_ミュウツー_安定_V1,0.6403,Out: ミュウツーex / In: ミュウツーex (Parent: 30/50 -> Mutant: 33/50)
49,草_フシギバナ_安定_V1,0.6359,unchanged
49,鋼_メルルギア_グッズ偏重_V3,0.3809,unchanged
49,鋼_メルルギア_究極_V6_アルティメット,0.4687,unchanged
49,超_ミュウツー_究極_V6_アルティメット,0.4763,unchanged
49,闘_ガブルカ_グッズ偏重_V3,0.3385,unchanged
49,闘_ガブルカ_安定_V1,0.4615,unchanged
49,炎_リザードンX_安定_V1,0.6145,Out: リザードンex / In: グレンアルマex (Parent: 41/50 -> Mutant: 44/50)
49,闘_ガブルカ_究極_V6_アルティメット,0.4173,Out: エレキコード / In: エビワラーex (Parent: 19/50 -> Mutant: 27/50)
49,雷_ピカチュウ_グッズ偏重_V3,0.4310,unchanged
50,超_ゲンガー_グッズ偏重_V3,0.1495,unchanged
50,炎_リザードンX_グッズ偏重_V3,0.5038,Out: どくバリ / In: アローラガラガラ (Parent: 33/50 -> Mutant: 38/50)
50,水_スターミー_グッズ偏重_V3,0.4368,Out: ガマガル / In: リーフマント (Parent: 25/50 -> Mutant: 29/50)
50,草_フシギバナ_グッズ偏重_V3,0.6063,unchanged
50,龍悪_ギラダク_グッズ偏重_V3,0.7830,unchanged
50,雷_ピカチュウ_グッズ偏重_V3,0.4306,Out: そうじゅくエキス / In: ヒレの化石 (Parent: 20/50 -> Mutant: 26/50)
50,鋼_メルルギア_安定_V1,0.4180,unchanged
50,闘_ガブルカ_究極_V6_アルティメット,0.4183,unchanged
50,超_ミュウツー_安定_V1,0.6397,Out: キュワワー / In: ソーナンス (Parent: 36/50 -> Mutant: 41/50)
50,草_フシギバナ_安定_V1,0.6343,unchanged
50,水_スターミー_究極_V6_アルティメット,0.6153,Out: スワンナ / In: カジリガメ (Parent: 34/50 -> Mutant: 37/50)
50,龍悪_ギラダク_安定_V1,0.5071,Out: スカンプー / In: ベベノム (Parent: 25/50 -> Mutant: 27/50)
50,炎_リザードンX_究極_V6_アルティメット,0.4418,unchanged
50,龍悪_ギラダク_究極_V6_アルティメット,0.6848,Out: ハクリュー / In: アゴの化石 (Parent: 33/50 -> Mutant: 39/50)
50,超_ミュウツー_究極_V6_アルティメット,0.4755,unchanged
50,超_ゲンガー_究極_V6_アルティメット,0.7482,unchanged
50,超_ミュウツー_グッズ偏重_V3,0.4146,Out: リーフマント / In: バリヤード (Parent: 31/50 -> Mutant: 33/50)
50,雷_ピカチュウ_安定_V1,0.6878,unchanged
50,鋼_メルルギア_グッズ偏重_V3,0.3791,Out: ヨルノズク / In: ネッコアラ (Parent: 15/50 -> Mutant: 17/50)
50,超_ゲンガー_安定_V1,0.1932,unchanged
50,炎_リザードンX_安定_V1,0.6142,Out: ポケモンの笛 / In: ウルガモス (Parent: 37/50 -> Mutant: 40/50)
50,闘_ガブルカ_安定_V1,0.4613,Out: ドンファン / In: ルガルガン (Parent: 32/50 -> Mutant: 37/50)
50,草_フシギバナ_究極_V6_アルティメット,0.4778,unchanged
50,闘_ガブルカ_グッズ偏重_V3,0.3355,unchanged
50,鋼_メルルギア_究極_V6_アルティメット,0.4683,unchanged
50,雷_ピカチュウ_究極_V6_アルティメット,0.5530,Out: 旅の行商人 / In: いたずらルーレット (Parent: 35/50 -> Mutant: 37/50)
50,水_スターミー_安定_V1,0.4220,unchanged
51,草_フシギバナ_グッズ偏重_V3,0.6090,Out: メモリーライト / In: ビークイン (Parent: 30/50 -> Mutant: 41/50)
51,水_スターミー_グッズ偏重_V3,0.4380,Out: 釣り人 / In: ひみつのコハク (Parent: 22/50 -> Mutant: 26/50)
51,龍悪_ギラダク_安定_V1,0.5086,Out: チョロネコ / In: カルム (Parent: 30/50 -> Mutant: 34/50)
51,闘_ガブルカ_安定_V1,0.4645,unchanged
51,超_ゲンガー_グッズ偏重_V3,0.1517,unchanged
51,龍悪_ギラダク_グッズ偏重_V3,0.7834,unchanged
51,鋼_メルルギア_安定_V1,0.4196,unchanged
51,龍悪_ギラダク_究極_V6_アルティメット,0.6842,unchanged
51,雷_ピカチュウ_究極_V6_アルティメット,0.5552,unchanged
51,雷_ピカチュウ_グッズ偏重_V3,0.4290,unchanged
51,超_ミュウツー_グッズ偏重_V3,0.4149,unchanged
51,炎_リザードンX_安定_V1,0.6155,unchanged
51,超_ミュウツー_安定_V1,0.6393,Out: かけだし調査員 / In: ゴルーグ (Parent: 34/50 -> Mutant: 39/50)
51,草_フシギバナ_究極_V6_アルティメット,0.4808,unchanged
51,闘_ガブルカ_究極_V6_アルティメット,0.4184,unchanged
51,炎_リザードンX_グッズ偏重_V3,0.5049,unchanged
51,水_スターミー_究極_V6_アルティメット,0.6152,unchanged
51,超_ゲンガー_安定_V1,0.1931,Out: フレイムパッチ / In: ゴチルゼル (Parent: 14/50 -> Mutant: 17/50)
51,水_スターミー_安定_V1,0.4198,Out: サシカマス / In: ヌマクロー (Parent: 20/50 -> Mutant: 23/50)
51,闘_ガブルカ_グッズ偏重_V3,0.3340,unchanged
51,鋼_メルルギア_グッズ偏重_V3,0.3776,unchanged
51,草_フシギバナ_安定_V1,0.6312,unchanged
51,雷_ピカチュウ_安定_V1,0.6871,unchanged
51,鋼_メルルギア_究極_V6_アルティメット,0.4676,unchanged
51,超_ゲンガー_究極_V6_アルティメット,0.7471,unchanged
51,超_ミュウツー_究極_V6_アルティメット,0.4727,unchanged
51,炎_リザードンX_究極_V6_アルティメット,0.4375,unchanged
52,炎_リザードンX_グッズ偏重_V3,0.5077,unchanged
52,超_ゲンガー_安定_V1,0.1953,unchanged
52,雷_ピカチュウ_究極_V6_アルティメット,0.5591,Out: かんこうきゃく / In: トレーニングエリア (Parent: 34/50 -> Mutant: 36/50)
52,超_ミュウツー_究極_V6_アルティメット,0.4739,Out: ヒカリ / In: グズマ (Parent: 32/50 -> Mutant: 34/50)
52,超_ゲンガー_究極_V6_アルティメット,0.7487,unchanged
52,鋼_メルルギア_グッズ偏重_V3,0.3783,unchanged
52,水_スターミー_安定_V1,0.4196,unchanged
52,草_フシギバナ_究極_V6_アルティメット,0.4850,unchanged
52,超_ミュウツー_安定_V1,0.6385,unchanged
52,龍悪_ギラダク_究極_V6_アルティメット,0.6834,unchanged
52,草_フシギバナ_安定_V1,0.6300,unchanged
52,超_ミュウツー_グッズ偏重_V3,0.4149,unchanged
52,闘_ガブルカ_グッズ偏重_V3,0.3332,unchanged
52,鋼_メルルギア_安定_V1,0.4199,unchanged
52,闘_ガブルカ_究極_V6_アルティメット,0.4183,Out: ワンリキー / In: アセロラ (Parent: 20/50 -> Mutant: 26/50)
52,龍悪_ギラダク_グッズ偏重_V3,0.7817,unchanged
52,超_ゲンガー_グッズ偏重_V3,0.1526,unchanged
52,水_スターミー_究極_V6_アルティメット,0.6148,unchanged
52,草_フシギバナ_グッズ偏重_V3,0.6101,unchanged
52,炎_リザードンX_安定_V1,0.6152,unchanged
52,龍悪_ギラダク_安定_V1,0.5074,unchanged
52,闘_ガブルカ_安定_V1,0.4642,unchanged
52,鋼_メルルギア_究極_V6_アルティメット,0.4685,Out: はねの化石 / In: シルヴァディ (Parent: 37/50 -> Mutant: 42/50)
52,炎_リザードンX_究極_V6_アルティメット,0.4342,unchanged
52,水_スターミー_グッズ偏重_V3,0.4358,unchanged
52,雷_ピカチュウ_安定_V1,0.6857,unchanged
52,雷_ピカチュウ_グッズ偏重_V3,0.4241,unchanged
53,雷_ピカチュウ_グッズ偏重_V3,0.4239,Out: バチュル / In: シズイ (Parent: 11/50 -> Mutant: 16/50)
53,超_ゲンガー_グッズ偏重_V3,0.1556,unchanged
53,草_フシギバナ_安定_V1,0.6296,unchanged
53,炎_リザードンX_安定_V1,0.6178,unchanged
53,龍悪_ギラダク_究極_V6_アルティメット,0.6838,unchanged
53,闘_ガブルカ_究極_V6_アルティメット,0.4204,unchanged
53,草_フシギバナ_究極_V6_アルティメット,0.4889,unchanged
53,超_ゲンガー_究極_V6_アルティメット,0.7500,unchanged
53,炎_リザードンX_グッズ偏重_V3,0.5090,unchanged
53,雷_ピカチュウ_究極_V6_アルティメット,0.5618,Out: トレーニングエリア / In: メモリーライト (Parent: 36/50 -> Mutant: 38/50)
53,超_ミュウツー_究極_V6_アルティメット,0.4740,Out: イエッサン / In: ゲンガー (Parent: 24/50 -> Mutant: 37/50)
53,鋼_メルルギア_究極_V6_アルティメット,0.4708,unchanged
53,雷_ピカチュウ_安定_V1,0.6863,unchanged
53,超_ミュウツー_安定_V1,0.6377,Out: キルリア / In: 幻の石板 (Parent: 42/50 -> Mutant: 44/50)
53,草_フシギバナ_グッズ偏重_V3,0.6109,unchanged
53,闘_ガブルカ_グッズ偏重_V3,0.3319,Out: ナマズン / In: シトロンのリュック (Parent: 19/50 -> Mutant: 23/50)
53,龍悪_ギラダク_グッズ偏重_V3,0.7796,unchanged
53,超_ミュウツー_グッズ偏重_V3,0.4141,Out: ミュウツーex / In: ジラーチ (Parent: 21/50 -> Mutant: 27/50)
53,鋼_メルルギア_安定_V1,0.4190,unchanged
53,闘_ガブルカ_安定_V1,0.4641,unchanged
53,水_スターミー_究極_V6_アルティメット,0.6138,Out: フリーザーex / In: ウェルカモ (Parent: 33/50 -> Mutant: 36/50)
53,水_スターミー_グッズ偏重_V3,0.4341,Out: たての化石 / In: ラプラス (Parent: 22/50 -> Mutant: 27/50)
53,水_スターミー_安定_V1,0.4172,unchanged
53,鋼_メルルギア_グッズ偏重_V3,0.3757,Out: ラッタ / In: キリキザン (Parent: 16/50 -> Mutant: 19/50)
53,炎_リザードンX_究極_V6_アルティメット,0.4304,unchanged
53,龍悪_ギラダク_安定_V1,0.5058,unchanged
53,超_ゲンガー_安定_V1,0.1938,unchanged
54,草_フシギバナ_究極_V6_アルティメット,0.4941,Out: エリカ / In: クサイハナ (Parent: 38/50 -> Mutant: 42/50)
54,雷_ピカチュウ_グッズ偏重_V3,0.4243,unchanged
54,超_ミュウツー_グッズ偏重_V3,0.4131,unchanged
54,雷_ピカチュウ_究極_V6_アルティメット,0.5650,Out: ゴツゴツメット / In: スピーダー (Parent: 37/50 -> Mutant: 41/50)
54,鋼_メルルギア_安定_V1,0.4200,unchanged
54,超_ゲンガー_究極_V6_アルティメット,0.7510,unchanged
54,龍悪_ギラダク_安定_V1,0.5074,Out: スイレン / In: レパルダス (Parent: 30/50 -> Mutant: 36/50)
54,龍悪_ギラダク_究極_V6_アルティメット,0.6827,unchanged
54,龍悪_ギラダク_グッズ偏重_V3,0.7790,unchanged
54,水_スターミー_究極_V6_アルティメット,0.6149,unchanged
54,鋼_メルルギア_究極_V6_アルティメット,0.4735,Out: ふしぎな広場 / In: ナットレイ (Parent: 40/50 -> Mutant: 44/50)
54,超_ミュウツー_安定_V1,0.6379,unchanged
54,炎_リザードンX_究極_V6_アルティメット,0.4298,unchanged
54,超_ミュウツー_究極_V6_アルティメット,0.4749,unchanged
54,鋼_メルルギア_グッズ偏重_V3,0.3736,Out: メルメタルex / In: マオ (Parent: 16/50 -> Mutant: 30/50)
54,超_ゲンガー_グッズ偏重_V3,0.1568,unchanged
54,闘_ガブルカ_安定_V1,0.4641,unchanged
54,草_フシギバナ_グッズ偏重_V3,0.6115,unchanged
54,闘_ガブルカ_グッズ偏重_V3,0.3307,unchanged
54,雷_ピカチュウ_安定_V1,0.6848,Out: オボンのみ / In: レスキュースカーフ (Parent: 37/50 -> Mutant: 39/50)
54,水_スターミー_グッズ偏重_V3,0.4327,Out: オボンのみ / In: ブイゼル (Parent: 25/50 -> Mutant: 32/50)
54,超_ゲンガー_安定_V1,0.1931,unchanged
54,炎_リザードンX_安定_V1,0.6176,Out: やまおとこ / In: レスキュースカーフ (Parent: 39/50 -> Mutant: 41/50)
54,炎_リザードンX_グッズ偏重_V3,0.5086,unchanged
54,水_スターミー_安定_V1,0.4149,Out: ヌマクロー / In: バニリッチ (Parent: 24/50 -> Mutant: 30/50)
54,闘_ガブルカ_究極_V6_アルティメット,0.4186,Out: カラカラ / In: いたずらルーレット (Parent: 22/50 -> Mutant: 25/50)
54,草_フシギバナ_安定_V1,0.6254,Out: エリカ / In: ジャグラー (Parent: 30/50 -> Mutant: 39/50)
55,龍悪_ギラダク_グッズ偏重_V3,0.7804,unchanged
55,超_ミュウツー_グッズ偏重_V3,0.4125,Out: いじわるレター / In: ポケモン図鑑 (Parent: 16/50 -> Mutant: 24/50)
55,鋼_メルルギア_安定_V1,0.4220,Out: マーマネ / In: メルタン (Parent: 26/50 -> Mutant: 30/50)
55,炎_リザードンX_究極_V6_アルティメット,0.4298,unchanged
55,鋼_メルルギア_究極_V6_アルティメット,0.4773,unchanged
55,水_スターミー_安定_V1,0.4152,Out: バニリッチ / In: ハルカ (Parent: 23/50 -> Mutant: 32/50)
55,水_スターミー_究極_V6_アルティメット,0.6158,unchanged
55,鋼_メルルギア_グッズ偏重_V3,0.3734,unchanged
55,雷_ピカチュウ_究極_V6_アルティメット,0.5667,unchanged
55,雷_ピカチュウ_グッズ偏重_V3,0.4230,Out: パチリス / In: たての化石 (Parent: 28/50 -> Mutant: 31/50)
55,草_フシギバナ_グッズ偏重_V3,0.6130,unchanged
55,超_ミュウツー_安定_V1,0.6373,Out: ヤミラミ / In: ニンフィア (Parent: 32/50 -> Mutant: 36/50)
55,超_ゲンガー_グッズ偏重_V3,0.1583,unchanged
55,超_ミュウツー_究極_V6_アルティメット,0.4761,unchanged
55,炎_リザードンX_グッズ偏重_V3,0.5098,Out: ポケモン図鑑 / In: ガーディ (Parent: 35/50 -> Mutant: 38/50)
55,闘_ガブルカ_究極_V6_アルティメット,0.4192,Out: たての化石 / In: グライガー (Parent: 30/50 -> Mutant: 34/50)
55,龍悪_ギラダク_安定_V1,0.5072,Out: オボンのみ / In: かいの化石 (Parent: 29/50 -> Mutant: 33/50)
55,龍悪_ギラダク_究極_V6_アルティメット,0.6802,Out: アブソル / In: ヒドイデ (Parent: 40/50 -> Mutant: 43/50)
55,闘_ガブルカ_グッズ偏重_V3,0.3295,unchanged
55,草_フシギバナ_究極_V6_アルティメット,0.4956,unchanged
55,水_スターミー_グッズ偏重_V3,0.4311,Out: リーフマント / In: ウッウ (Parent: 16/50 -> Mutant: 23/50)
55,雷_ピカチュウ_安定_V1,0.6840,unchanged
55,超_ゲンガー_究極_V6_アルティメット,0.7496,unchanged
55,闘_ガブルカ_安定_V1,0.4627,Out: マクノシタ / In: スター団のしたっぱ (Parent: 28/50 -> Mutant: 30/50)
55,超_ゲンガー_安定_V1,0.1918,unchanged
55,炎_リザードンX_安定_V1,0.6164,Out: おさかなネット / In: ブースター (Parent: 31/50 -> Mutant: 37/50)
55,草_フシギバナ_安定_V1,0.6224,unchanged
56,闘_ガブルカ_安定_V1,0.4670,Out: アカネ / In: コジョフー (Parent: 31/50 -> Mutant: 34/50)
56,龍悪_ギラダク_究極_V6_アルティメット,0.6809,unchanged
56,鋼_メルルギア_究極_V6_アルティメット,0.4821,unchanged
56,超_ミュウツー_グッズ偏重_V3,0.4108,Out: ハカドッグ / In: ラティアス (Parent: 17/50 -> Mutant: 24/50)
56,超_ミュウツー_安定_V1,0.6392,Out: ニンフィア / In: ラルトス (Parent: 41/50 -> Mutant: 46/50)
56,龍悪_ギラダク_グッズ偏重_V3,0.7803,Out: カイリュー / In: ペンドラー (Parent: 43/50 -> Mutant: 46/50)
56,雷_ピカチュウ_究極_V6_アルティメット,0.5686,Out: カンナギタウンの長老 / In: メモリーライト (Parent: 36/50 -> Mutant: 43/50)
56,鋼_メルルギア_グッズ偏重_V3,0.3737,Out: イーブイ / In: ミカン (Parent: 24/50 -> Mutant: 31/50)
56,闘_ガブルカ_グッズ偏重_V3,0.3295,unchanged
56,炎_リザードンX_安定_V1,0.6180,unchanged
56,雷_ピカチュウ_グッズ偏重_V3,0.4229,unchanged
56,雷_ピカチュウ_安定_V1,0.6845,unchanged
56,水_スターミー_究極_V6_アルティメット,0.6150,unchanged
56,闘_ガブルカ_究極_V6_アルティメット,0.4188,unchanged
56,草_フシギバナ_究極_V6_アルティメット,0.4976,unchanged
56,超_ミュウツー_究極_V6_アルティメット,0.4762,unchanged
56,草_フシギバナ_グッズ偏重_V3,0.6136,unchanged
56,草_フシギバナ_安定_V1,0.6193,unchanged
56,超_ゲンガー_究極_V6_アルティメット,0.7487,Out: ナツメ / In: フラージェス (Parent: 42/50 -> Mutant: 44/50)
56,水_スターミー_グッズ偏重_V3,0.4296,Out: ハギギシリ / In: ウデッポウ (Parent: 24/50 -> Mutant: 27/50)
56,鋼_メルルギア_安定_V1,0.4210,unchanged
56,水_スターミー_安定_V1,0.4138,unchanged
56,超_ゲンガー_グッズ偏重_V3,0.1580,unchanged
56,龍悪_ギラダク_安定_V1,0.5051,Out: ベベノム / In: こうらの化石 (Parent: 28/50 -> Mutant: 38/50)
56,超_ゲンガー_安定_V1,0.1908,unchanged
56,炎_リザードンX_究極_V6_アルティメット,0.4264,unchanged
56,炎_リザードンX_グッズ偏重_V3,0.5088,unchanged
57,炎_リザードンX_安定_V1,0.6207,unchanged
57,草_フシギバナ_グッズ偏重_V3,0.6164,Out: マスカーニャ / In: むしよけスプレー (Parent: 35/50 -> Mutant: 39/50)
57,超_ミュウツー_究極_V6_アルティメット,0.4792,unchanged
57,闘_ガブルカ_グッズ偏重_V3,0.3299,unchanged
57,超_ゲンガー_グッズ偏重_V3,0.1604,Out: はじまりの平原 / In: ヒラヒナ (Parent: 17/50 -> Mutant: 23/50)
57,炎_リザードンX_グッズ偏重_V3,0.5104,Out: カエンジシ / In: グズマ (Parent: 34/50 -> Mutant: 41/50)
57,炎_リザードンX_究極_V6_アルティメット,0.4269,Out: カイ / In: シルバー (Parent: 21/50 -> Mutant: 24/50)
57,龍悪_ギラダク_究極_V6_アルティメット,0.6811,unchanged
57,水_スターミー_グッズ偏重_V3,0.4291,unchanged
57,超_ゲンガー_究極_V6_アルティメット,0.7489,unchanged
57,超_ミュウツー_グッズ偏重_V3,0.4099,Out: むしよけスプレー / In: ピッピ (Parent: 18/50 -> Mutant: 23/50)
57,水_スターミー_究極_V6_アルティメット,0.6157,unchanged
57,雷_ピカチュウ_究極_V6_アルティメット,0.5698,unchanged
57,鋼_メルルギア_究極_V6_アルティメット,0.4839,unchanged
57,龍悪_ギラダク_安定_V1,0.5064,unchanged
57,闘_ガブルカ_究極_V6_アルティメット,0.4193,Out: タンドン / In: ヨーギラス (Parent: 21/50 -> Mutant: 29/50)
57,超_ミュウツー_安定_V1,0.6376,unchanged
57,水_スターミー_安定_V1,0.4124,Out: シードラ / In: イノムー (Parent: 29/50 -> Mutant: 36/50)
57,龍悪_ギラダク_グッズ偏重_V3,0.7782,Out: ペンドラー / In: はじまりの平原 (Parent: 42/50 -> Mutant: 47/50)
57,雷_ピカチュウ_グッズ偏重_V3,0.4210,unchanged
57,超_ゲンガー_安定_V1,0.1899,unchanged
57,草_フシギバナ_究極_V6_アルティメット,0.4985,unchanged
57,草_フシギバナ_安定_V1,0.6163,unchanged
57,鋼_メルルギア_グッズ偏重_V3,0.3713,Out: きずぐすり / In: カキ (Parent: 19/50 -> Mutant: 34/50)
57,闘_ガブルカ_安定_V1,0.4655,Out: マッシブーンex / In: ミノマダム (Parent: 39/50 -> Mutant: 43/50)
57,鋼_メルルギア_安定_V1,0.4182,Out: ゴツゴツメット / In: タケシ (Parent: 22/50 -> Mutant: 26/50)
57,雷_ピカチュウ_安定_V1,0.6832,unchanged
58,草_フシギバナ_安定_V1,0.6167,unchanged
58,水_スターミー_究極_V6_アルティメット,0.6186,unchanged
58,草_フシギバナ_究極_V6_アルティメット,0.5024,Out: アマージョ / In: イーブイのバッグ (Parent: 37/50 -> Mutant: 39/50)
58,闘_ガブルカ_安定_V1,0.4659,unchanged
58,炎_リザードンX_安定_V1,0.6226,unchanged
58,闘_ガブルカ_究極_V6_アルティメット,0.4217,unchanged
58,雷_ピカチュウ_安定_V1,0.6853,unchanged
58,草_フシギバナ_グッズ偏重_V3,0.6170,unchanged
58,闘_ガブルカ_グッズ偏重_V3,0.3302,unchanged
58,水_スターミー_安定_V1,0.4130,unchanged
58,鋼_メルルギア_グッズ偏重_V3,0.3712,unchanged
58,超_ゲンガー_究極_V6_アルティメット,0.7492,unchanged
58,龍悪_ギラダク_グッズ偏重_V3,0.7777,unchanged
58,鋼_メルルギア_安定_V1,0.4176,unchanged
58,炎_リザードンX_究極_V6_アルティメット,0.4256,Out: ハンドスコープ / In: シロナ (Parent: 25/50 -> Mutant: 29/50)
58,雷_ピカチュウ_究極_V6_アルティメット,0.5705,unchanged
58,龍悪_ギラダク_究極_V6_アルティメット,0.6787,unchanged
58,炎_リザードンX_グッズ偏重_V3,0.5104,unchanged
58,超_ゲンガー_安定_V1,0.1898,Out: きずぐすり / In: ラルトス (Parent: 16/50 -> Mutant: 18/50)
58,超_ミュウツー_究極_V6_アルティメット,0.4792,unchanged
58,龍悪_ギラダク_安定_V1,0.5069,Out: ポケモン図鑑 / In: オトシドリ (Parent: 28/50 -> Mutant: 32/50)
58,超_ミュウツー_グッズ偏重_V3,0.4070,unchanged
58,雷_ピカチュウ_グッズ偏重_V3,0.4189,unchanged
58,超_ゲンガー_グッズ偏重_V3,0.1605,unchanged
58,水_スターミー_グッズ偏重_V3,0.4264,unchanged
58,鋼_メルルギア_究極_V6_アルティメット,0.4829,Out: シルヴァディ / In: ハンドスコープ (Parent: 36/50 -> Mutant: 38/50)
58,超_ミュウツー_安定_V1,0.6342,unchanged
59,闘_ガブルカ_安定_V1,0.4676,unchanged
59,超_ミュウツー_安定_V1,0.6357,unchanged
59,鋼_メルルギア_グッズ偏重_V3,0.3726,Out: ネッコアラ / In: ホーホー (Parent: 19/50 -> Mutant: 25/50)
59,水_スターミー_グッズ偏重_V3,0.4267,unchanged
59,超_ミュウツー_究極_V6_アルティメット,0.4819,unchanged
59,鋼_メルルギア_安定_V1,0.4186,Out: ハンサム / In: 大きなふうせん (Parent: 25/50 -> Mutant: 28/50)
59,超_ミュウツー_グッズ偏重_V3,0.4056,Out: ヒットハンマー / In: ピィ (Parent: 16/50 -> Mutant: 24/50)
59,鋼_メルルギア_究極_V6_アルティメット,0.4858,unchanged
59,雷_ピカチュウ_究極_V6_アルティメット,0.5714,unchanged
59,草_フシギバナ_安定_V1,0.6162,unchanged
59,炎_リザードンX_究極_V6_アルティメット,0.4248,unchanged
59,超_ゲンガー_グッズ偏重_V3,0.1614,unchanged
59,草_フシギバナ_究極_V6_アルティメット,0.5044,unchanged
59,炎_リザードンX_グッズ偏重_V3,0.5110,Out: メガリザードンXex / In: ウォーターボート (Parent: 32/50 -> Mutant: 36/50)
59,龍悪_ギラダク_安定_V1,0.5079,unchanged
59,闘_ガブルカ_究極_V6_アルティメット,0.4214,Out: アセロラ / In: ワルビル (Parent: 23/50 -> Mutant: 25/50)
59,闘_ガブルカ_グッズ偏重_V3,0.3293,unchanged
59,水_スターミー_安定_V1,0.4117,unchanged
59,水_スターミー_究極_V6_アルティメット,0.6169,unchanged
59,超_ゲンガー_究極_V6_アルティメット,0.7485,unchanged
59,超_ゲンガー_安定_V1,0.1895,unchanged
59,龍悪_ギラダク_究極_V6_アルティメット,0.6760,Out: ふしぎなアメ / In: バンギラス (Parent: 28/50 -> Mutant: 39/50)
59,草_フシギバナ_グッズ偏重_V3,0.6169,unchanged
59,雷_ピカチュウ_安定_V1,0.6846,unchanged
59,龍悪_ギラダク_グッズ偏重_V3,0.7754,unchanged
59,雷_ピカチュウ_グッズ偏重_V3,0.4169,unchanged
59,炎_リザードンX_安定_V1,0.6214,Out: ウルガモス / In: 鋼鉄のまえかけ (Parent: 36/50 -> Mutant: 40/50)
60,炎_リザードンX_究極_V6_アルティメット,0.4262,unchanged
60,闘_ガブルカ_安定_V1,0.4690,unchanged
60,鋼_メルルギア_グッズ偏重_V3,0.3735,Out: ホーホー / In: アイリス (Parent: 22/50 -> Mutant: 25/50)
60,草_フシギバナ_グッズ偏重_V3,0.6193,Out: ヒカリ / In: コフキムシ (Parent: 32/50 -> Mutant: 34/50)
60,鋼_メルルギア_安定_V1,0.4191,Out: ドデカバシ / In: ひみつのコハク (Parent: 27/50 -> Mutant: 30/50)
60,超_ゲンガー_究極_V6_アルティメット,0.7500,unchanged
60,超_ゲンガー_グッズ偏重_V3,0.1632,unchanged
60,草_フシギバナ_安定_V1,0.6153,unchanged
60,雷_ピカチュウ_グッズ偏重_V3,0.4183,unchanged
60,鋼_メルルギア_究極_V6_アルティメット,0.4881,unchanged
60,超_ミュウツー_究極_V6_アルティメット,0.4838,unchanged
60,水_スターミー_究極_V6_アルティメット,0.6170,Out: シズイ / In: ビーストウォール (Parent: 38/50 -> Mutant: 41/50)
60,炎_リザードンX_グッズ偏重_V3,0.5093,unchanged
60,炎_リザードンX_安定_V1,0.6222,Out: リザードンex / In: トレーニングエリア (Parent: 35/50 -> Mutant: 42/50)
60,龍悪_ギラダク_究極_V6_アルティメット,0.6751,unchanged
60,草_フシギバナ_究極_V6_アルティメット,0.5064,unchanged
60,闘_ガブルカ_グッズ偏重_V3,0.3288,unchanged
60,水_スターミー_安定_V1,0.4112,unchanged
60,超_ゲンガー_安定_V1,0.1894,unchanged
60,龍悪_ギラダク_グッズ偏重_V3,0.7733,unchanged
60,水_スターミー_グッズ偏重_V3,0.4243,Out: ブイゼル / In: 旅の行商人 (Parent: 29/50 -> Mutant: 31/50)
60,超_ミュウツー_安定_V1,0.6339,Out: サカキ / In: ヒトモシ (Parent: 32/50 -> Mutant: 35/50)
60,超_ミュウツー_グッズ偏重_V3,0.4022,unchanged
60,龍悪_ギラダク_安定_V1,0.5075,unchanged
60,雷_ピカチュウ_究極_V6_アルティメット,0.5696,Out: ライチュウex / In: ハラバリーex (Parent: 39/50 -> Mutant: 41/50)
60,闘_ガブルカ_究極_V6_アルティメット,0.4203,Out: スナバァ / In: カンナギタウンの長老 (Parent: 33/50 -> Mutant: 35/50)
60,雷_ピカチュウ_安定_V1,0.6835,unchanged
61,超_ミュウツー_安定_V1,0.6349,unchanged
61,超_ゲンガー_安定_V1,0.1916,unchanged
61,超_ゲンガー_究極_V6_アルティメット,0.7518,Out: オーベム / In: ペパー (Parent: 47/50 -> Mutant: 49/50)
61,超_ゲンガー_グッズ偏重_V3,0.1656,Out: ナツメ / In: キルリア (Parent: 11/50 -> Mutant: 13/50)
61,龍悪_ギラダク_究極_V6_アルティメット,0.6757,Out: ジュン / In: ペンドラー (Parent: 32/50 -> Mutant: 34/50)
61,炎_リザードンX_究極_V6_アルティメット,0.4264,Out: ギャロップ / In: ナツメ (Parent: 22/50 -> Mutant: 29/50)
61,草_フシギバナ_グッズ偏重_V3,0.6194,Out: コフキムシ / In: ハイキングコース (Parent: 29/50 -> Mutant: 43/50)
61,炎_リザードンX_安定_V1,0.6238,unchanged
61,鋼_メルルギア_安定_V1,0.4196,unchanged
61,超_ミュウツー_グッズ偏重_V3,0.4008,Out: ラティアス / In: やまおとこ (Parent: 18/50 -> Mutant: 21/50)
61,水_スターミー_グッズ偏重_V3,0.4243,unchanged
61,雷_ピカチュウ_グッズ偏重_V3,0.4187,Out: レッド / In: ライコウex (Parent: 28/50 -> Mutant: 31/50)
61,草_フシギバナ_究極_V6_アルティメット,0.5087,Out: ビビヨン / In: ガーメイル (Parent: 38/50 -> Mutant: 41/50)
61,闘_ガブルカ_グッズ偏重_V3,0.3289,unchanged
61,闘_ガブルカ_究極_V6_アルティメット,0.4214,unchanged
61,鋼_メルルギア_グッズ偏重_V3,0.3730,Out: アイリス / In: メルメタル (Parent: 21/50 -> Mutant: 24/50)
61,龍悪_ギラダク_安定_V1,0.5079,unchanged
61,超_ミュウツー_究極_V6_アルティメット,0.4841,unchanged
61,龍悪_ギラダク_グッズ偏重_V3,0.7721,Out: ビーストウォール / In: たべのこし (Parent: 39/50 -> Mutant: 44/50)
61,炎_リザードンX_グッズ偏重_V3,0.5080,unchanged
61,草_フシギバナ_安定_V1,0.6137,unchanged
61,水_スターミー_究極_V6_アルティメット,0.6157,unchanged
61,雷_ピカチュウ_安定_V1,0.6826,Out: ピカチュウ / In: ハルカ (Parent: 36/50 -> Mutant: 44/50)
61,雷_ピカチュウ_究極_V6_アルティメット,0.5686,unchanged
61,鋼_メルルギア_究極_V6_アルティメット,0.4871,unchanged
61,闘_ガブルカ_安定_V1,0.4664,Out: コジョフー / In: ゴツゴツメット (Parent: 29/50 -> Mutant: 33/50)
61,水_スターミー_安定_V1,0.4092,Out: マンタイン / In: ポケモン通信 (Parent: 27/50 -> Mutant: 31/50)
62,雷_ピカチュウ_究極_V6_アルティメット,0.5722,unchanged
62,水_スターミー_安定_V1,0.4101,Out: ラプラス / In: コアルヒー (Parent: 24/50 -> Mutant: 26/50)
62,超_ミュウツー_究極_V6_アルティメット,0.4862,unchanged
62,鋼_メルルギア_究極_V6_アルティメット,0.4909,unchanged
62,鋼_メルルギア_安定_V1,0.4202,Out: アーマーガア / In: イーブイ (Parent: 20/50 -> Mutant: 28/50)
62,闘_ガブルカ_安定_V1,0.4680,Out: イシツブテ / In: メタルコアバリア (Parent: 33/50 -> Mutant: 38/50)
62,雷_ピカチュウ_グッズ偏重_V3,0.4209,unchanged
62,超_ゲンガー_安定_V1,0.1927,Out: ユンゲラー / In: ゴルーグ (Parent: 12/50 -> Mutant: 15/50)
62,雷_ピカチュウ_安定_V1,0.6847,unchanged
62,炎_リザードンX_グッズ偏重_V3,0.5073,unchanged
62,超_ミュウツー_安定_V1,0.6339,unchanged
62,草_フシギバナ_安定_V1,0.6122,unchanged
62,水_スターミー_究極_V6_アルティメット,0.6151,unchanged
62,超_ミュウツー_グッズ偏重_V3,0.3981,Out: ブーピッグ / In: ラルトス (Parent: 13/50 -> Mutant: 18/50)
62,草_フシギバナ_究極_V6_アルティメット,0.5102,unchanged
62,龍悪_ギラダク_安定_V1,0.5090,unchanged
62,龍悪_ギラダク_究極_V6_アルティメット,0.6737,Out: ダストダス / In: ヘビーメット (Parent: 34/50 -> Mutant: 38/50)
62,炎_リザードンX_安定_V1,0.6234,Out: グレンアルマex / In: グレンアルマex (Parent: 36/50 -> Mutant: 41/50)
62,水_スターミー_グッズ偏重_V3,0.4228,unchanged
62,超_ゲンガー_究極_V6_アルティメット,0.7513,unchanged
62,龍悪_ギラダク_グッズ偏重_V3,0.7700,unchanged
62,超_ゲンガー_グッズ偏重_V3,0.1658,unchanged
62,闘_ガブルカ_究極_V6_アルティメット,0.4208,Out: いじわるレター / In: カルム (Parent: 32/50 -> Mutant: 35/50)
62,闘_ガブルカ_グッズ偏重_V3,0.3272,unchanged
62,炎_リザードンX_究極_V6_アルティメット,0.4237,Out: こうらの化石 / In: ラビフット (Parent: 20/50 -> Mutant: 30/50)
62,鋼_メルルギア_グッズ偏重_V3,0.3708,Out: アゴの化石 / In: ムックル (Parent: 21/50 -> Mutant: 25/50)
62,草_フシギバナ_グッズ偏重_V3,0.6189,unchanged
63,草_フシギバナ_究極_V6_アルティメット,0.5145,unchanged
63,超_ゲンガー_安定_V1,0.1948,Out: ペロリーム / In: エーフィex (Parent: 16/50 -> Mutant: 18/50)
63,雷_ピカチュウ_究極_V6_アルティメット,0.5751,unchanged
63,水_スターミー_グッズ偏重_V3,0.4234,Out: カメール / In: カスミ (Parent: 21/50 -> Mutant: 28/50)
63,超_ゲンガー_究極_V6_アルティメット,0.7526,unchanged
63,炎_リザードンX_安定_V1,0.6248,unchanged
63,草_フシギバナ_安定_V1,0.6123,unchanged
63,鋼_メルルギア_安定_V1,0.4201,unchanged
63,雷_ピカチュウ_安定_V1,0.6870,unchanged
63,鋼_メルルギア_究極_V6_アルティメット,0.4929,unchanged
63,超_ミュウツー_究極_V6_アルティメット,0.4870,unchanged
63,草_フシギバナ_グッズ偏重_V3,0.6191,unchanged
63,龍悪_ギラダク_究極_V6_アルティメット,0.6728,unchanged
63,雷_ピカチュウ_グッズ偏重_V3,0.4222,unchanged
63,鋼_メルルギア_グッズ偏重_V3,0.3698,Out: はじまりの平原 / In: アカギ (Parent: 19/50 -> Mutant: 23/50)
63,闘_ガブルカ_グッズ偏重_V3,0.3269,Out: ギンガ団のしたっぱ / In: グライガー (Parent: 10/50 -> Mutant: 18/50)
63,水_スターミー_究極_V6_アルティメット,0.6137,Out: グレイシア / In: ギャラドス (Parent: 32/50 -> Mutant: 38/50)
63,闘_ガブルカ_安定_V1,0.4696,unchanged
63,超_ミュウツー_安定_V1,0.6314,unchanged
63,水_スターミー_安定_V1,0.4084,unchanged
63,龍悪_ギラダク_安定_V1,0.5089,unchanged
63,闘_ガブルカ_究極_V6_アルティメット,0.4200,unchanged
63,炎_リザードンX_グッズ偏重_V3,0.5048,unchanged
63,炎_リザードンX_究極_V6_アルティメット,0.4211,Out: ペパー / In: タケシ (Parent: 19/50 -> Mutant: 31/50)
63,龍悪_ギラダク_グッズ偏重_V3,0.7674,unchanged
63,超_ゲンガー_グッズ偏重_V3,0.1655,unchanged
63,超_ミュウツー_グッズ偏重_V3,0.3938,unchanged
64,超_ゲンガー_グッズ偏重_V3,0.1679,unchanged
64,超_ゲンガー_究極_V6_アルティメット,0.7539,unchanged
64,超_ミュウツー_究極_V6_アルティメット,0.4891,unchanged
64,雷_ピカチュウ_グッズ偏重_V3,0.4252,unchanged
64,雷_ピカチュウ_究極_V6_アルティメット,0.5776,unchanged
64,闘_ガブルカ_安定_V1,0.4739,unchanged
64,闘_ガブルカ_究極_V6_アルティメット,0.4225,unchanged
64,雷_ピカチュウ_安定_V1,0.6894,unchanged
64,炎_リザードンX_安定_V1,0.6258,unchanged
64,水_スターミー_グッズ偏重_V3,0.4236,Out: ラプラス / In: アローラロコン (Parent: 22/50 -> Mutant: 25/50)
64,鋼_メルルギア_究極_V6_アルティメット,0.4942,Out: アイリス / In: メガクチートex (Parent: 34/50 -> Mutant: 42/50)
64,水_スターミー_究極_V6_アルティメット,0.6131,Out: アリゲイツ / In: エンペルト (Parent: 37/50 -> Mutant: 42/50)
64,超_ゲンガー_安定_V1,0.1952,unchanged
64,龍悪_ギラダク_安定_V1,0.5096,unchanged
64,炎_リザードンX_グッズ偏重_V3,0.5029,Out: シルバー / In: エンテイex (Parent: 25/50 -> Mutant: 28/50)
64,炎_リザードンX_究極_V6_アルティメット,0.4197,Out: ふたの化石 / In: ポケモンの笛 (Parent: 17/50 -> Mutant: 21/50)
64,水_スターミー_安定_V1,0.4069,Out: ラブカス / In: 鋼鉄のまえかけ (Parent: 20/50 -> Mutant: 23/50)
64,超_ミュウツー_安定_V1,0.6294,unchanged
64,草_フシギバナ_安定_V1,0.6103,Out: マダツボミ / In: アゲハント (Parent: 25/50 -> Mutant: 29/50)
64,鋼_メルルギア_安定_V1,0.4182,unchanged
64,超_ミュウツー_グッズ偏重_V3,0.3906,Out: ナツメ / In: 鋼鉄のまえかけ (Parent: 18/50 -> Mutant: 26/50)
64,鋼_メルルギア_グッズ偏重_V3,0.3678,Out: カルム / In: ヒカリ (Parent: 25/50 -> Mutant: 29/50)
64,龍悪_ギラダク_グッズ偏重_V3,0.7653,unchanged
64,草_フシギバナ_究極_V6_アルティメット,0.5145,unchanged
64,闘_ガブルカ_グッズ偏重_V3,0.3248,unchanged
64,草_フシギバナ_グッズ偏重_V3,0.6185,Out: ハルカ / In: マユルド (Parent: 38/50 -> Mutant: 41/50)
64,龍悪_ギラダク_究極_V6_アルティメット,0.6699,unchanged
65,超_ゲンガー_安定_V1,0.1969,unchanged
65,水_スターミー_グッズ偏重_V3,0.4238,unchanged
65,超_ミュウツー_グッズ偏重_V3,0.3895,Out: ポケモン図鑑 / In: キルリア (Parent: 12/50 -> Mutant: 17/50)
65,雷_ピカチュウ_究極_V6_アルティメット,0.5796,unchanged
65,龍悪_ギラダク_安定_V1,0.5112,unchanged
65,炎_リザードンX_究極_V6_アルティメット,0.4197,unchanged
65,鋼_メルルギア_究極_V6_アルティメット,0.4981,unchanged
65,雷_ピカチュウ_安定_V1,0.6911,unchanged
65,草_フシギバナ_グッズ偏重_V3,0.6195,unchanged
65,草_フシギバナ_究極_V6_アルティメット,0.5171,unchanged
65,超_ゲンガー_グッズ偏重_V3,0.1691,unchanged
65,水_スターミー_究極_V6_アルティメット,0.6131,unchanged
65,闘_ガブルカ_グッズ偏重_V3,0.3245,unchanged
65,超_ミュウツー_究極_V6_アルティメット,0.4898,unchanged
65,草_フシギバナ_安定_V1,0.6099,unchanged
65,水_スターミー_安定_V1,0.4055,unchanged
65,龍悪_ギラダク_グッズ偏重_V3,0.7639,Out: シロナ / In: ガブリアス (Parent: 40/50 -> Mutant: 46/50)
65,超_ミュウツー_安定_V1,0.6282,unchanged
65,闘_ガブルカ_究極_V6_アルティメット,0.4222,unchanged
65,鋼_メルルギア_安定_V1,0.4168,unchanged
65,龍悪_ギラダク_究極_V6_アルティメット,0.6673,unchanged
65,闘_ガブルカ_安定_V1,0.4747,unchanged
65,炎_リザードンX_安定_V1,0.6257,unchanged
65,炎_リザードンX_グッズ偏重_V3,0.5010,unchanged
65,超_ゲンガー_究極_V6_アルティメット,0.7522,unchanged
65,鋼_メルルギア_グッズ偏重_V3,0.3652,unchanged
65,雷_ピカチュウ_グッズ偏重_V3,0.4242,unchanged
66,超_ミュウツー_安定_V1,0.6289,Out: ヒトモシ / In: クレセリア (Parent: 25/50 -> Mutant: 32/50)
66,草_フシギバナ_グッズ偏重_V3,0.6212,Out: カキ / In: キマワリ (Parent: 31/50 -> Mutant: 41/50)
66,水_スターミー_究極_V6_アルティメット,0.6147,Out: ウェルカモ / In: イリマ (Parent: 37/50 -> Mutant: 40/50)
66,雷_ピカチュウ_グッズ偏重_V3,0.4268,unchanged
66,闘_ガブルカ_安定_V1,0.4785,Out: コジョンド / In: リーリエ (Parent: 35/50 -> Mutant: 37/50)
66,水_スターミー_安定_V1,0.4059,unchanged
66,水_スターミー_グッズ偏重_V3,0.4242,unchanged
66,超_ミュウツー_究極_V6_アルティメット,0.4906,Out: いじわるレター / In: ルチア (Parent: 34/50 -> Mutant: 39/50)
66,龍悪_ギラダク_安定_V1,0.5126,unchanged
66,鋼_メルルギア_究極_V6_アルティメット,0.5008,unchanged
66,超_ゲンガー_究極_V6_アルティメット,0.7525,unchanged
66,炎_リザードンX_究極_V6_アルティメット,0.4189,unchanged
66,鋼_メルルギア_安定_V1,0.4156,unchanged
66,闘_ガブルカ_究極_V6_アルティメット,0.4233,unchanged
66,超_ゲンガー_グッズ偏重_V3,0.1696,Out: ゲンガーex / In: ムウマ (Parent: 11/50 -> Mutant: 13/50)
66,草_フシギバナ_究極_V6_アルティメット,0.5183,Out: テーブルシティ / In: リーフィア (Parent: 32/50 -> Mutant: 40/50)
66,龍悪_ギラダク_グッズ偏重_V3,0.7629,unchanged
66,龍悪_ギラダク_究極_V6_アルティメット,0.6654,Out: ドラミドロex / In: マーイーカ (Parent: 36/50 -> Mutant: 38/50)
66,闘_ガブルカ_グッズ偏重_V3,0.3235,unchanged
66,雷_ピカチュウ_安定_V1,0.6913,unchanged
66,炎_リザードンX_グッズ偏重_V3,0.4997,unchanged
66,超_ミュウツー_グッズ偏重_V3,0.3858,unchanged
66,鋼_メルルギア_グッズ偏重_V3,0.3633,unchanged
66,雷_ピカチュウ_究極_V6_アルティメット,0.5781,unchanged
66,炎_リザードンX_安定_V1,0.6249,unchanged
66,草_フシギバナ_安定_V1,0.6074,unchanged
66,超_ゲンガー_安定_V1,0.1956,unchanged
67,龍悪_ギラダク_グッズ偏重_V3,0.7637,unchanged
67,超_ミュウツー_究極_V6_アルティメット,0.4926,Out: キルリア / In: クレセリアex (Parent: 32/50 -> Mutant: 37/50)
67,超_ゲンガー_安定_V1,0.1970,unchanged
67,草_フシギバナ_グッズ偏重_V3,0.6227,unchanged
67,炎_リザードンX_グッズ偏重_V3,0.5011,unchanged
67,雷_ピカチュウ_安定_V1,0.6938,unchanged
67,炎_リザードンX_究極_V6_アルティメット,0.4191,unchanged
67,闘_ガブルカ_グッズ偏重_V3,0.3237,unchanged
67,鋼_メルルギア_安定_V1,0.4155,unchanged
67,炎_リザードンX_安定_V1,0.6260,unchanged
67,雷_ピカチュウ_グッズ偏重_V3,0.4285,unchanged
67,龍悪_ギラダク_安定_V1,0.5137,unchanged
67,超_ミュウツー_安定_V1,0.6284,Out: ソーナンス / In: ヨノワール (Parent: 35/50 -> Mutant: 39/50)
67,水_スターミー_グッズ偏重_V3,0.4229,unchanged
67,雷_ピカチュウ_究極_V6_アルティメット,0.5781,Out: キョウ / In: イリマ (Parent: 34/50 -> Mutant: 41/50)
67,草_フシギバナ_究極_V6_アルティメット,0.5198,unchanged
67,超_ミュウツー_グッズ偏重_V3,0.3834,Out: ピッピ / In: ユクシー (Parent: 20/50 -> Mutant: 23/50)
67,龍悪_ギラダク_究極_V6_アルティメット,0.6630,unchanged
67,水_スターミー_究極_V6_アルティメット,0.6130,Out: ギャラドス / In: スイクンex (Parent: 39/50 -> Mutant: 44/50)
67,超_ゲンガー_グッズ偏重_V3,0.1695,unchanged
67,超_ゲンガー_究極_V6_アルティメット,0.7511,Out: アカネ / In: ゴチミル (Parent: 38/50 -> Mutant: 45/50)
67,鋼_メルルギア_究極_V6_アルティメット,0.5021,Out: たべのこし / In: メガクチートex (Parent: 40/50 -> Mutant: 45/50)
67,闘_ガブルカ_究極_V6_アルティメット,0.4231,Out: カンナギタウンの長老 / In: ドテッコツ (Parent: 29/50 -> Mutant: 35/50)
67,水_スターミー_安定_V1,0.4039,Out: ゼニガメじょうろ / In: サニーゴ (Parent: 23/50 -> Mutant: 25/50)
67,闘_ガブルカ_安定_V1,0.4787,unchanged
67,鋼_メルルギア_グッズ偏重_V3,0.3610,unchanged
67,草_フシギバナ_安定_V1,0.6047,unchanged
68,超_ミュウツー_安定_V1,0.6292,Out: 幻の石板 / In: サーナイト (Parent: 35/50 -> Mutant: 40/50)
68,鋼_メルルギア_究極_V6_アルティメット,0.5073,unchanged
68,炎_リザードンX_究極_V6_アルティメット,0.4202,unchanged
68,鋼_メルルギア_安定_V1,0.4160,unchanged
68,草_フシギバナ_安定_V1,0.6043,unchanged
68,水_スターミー_グッズ偏重_V3,0.4227,Out: ガマガル / In: メガヤドランex (Parent: 18/50 -> Mutant: 30/50)
68,雷_ピカチュウ_グッズ偏重_V3,0.4303,Out: トゲデマル / In: サンダー (Parent: 31/50 -> Mutant: 33/50)
68,闘_ガブルカ_安定_V1,0.4814,unchanged
68,闘_ガブルカ_グッズ偏重_V3,0.3237,Out: リーフマント / In: コジョフー (Parent: 16/50 -> Mutant: 23/50)
68,炎_リザードンX_安定_V1,0.6270,unchanged
68,龍悪_ギラダク_究極_V6_アルティメット,0.6613,Out: ペンドラー / In: ダークライ (Parent: 32/50 -> Mutant: 38/50)
68,雷_ピカチュウ_安定_V1,0.6956,unchanged
68,水_スターミー_安定_V1,0.4029,unchanged
68,炎_リザードンX_グッズ偏重_V3,0.5005,unchanged
68,草_フシギバナ_グッズ偏重_V3,0.6233,Out: マスキッパ / In: エルフーン (Parent: 44/50 -> Mutant: 47/50)
68,龍悪_ギラダク_グッズ偏重_V3,0.7628,unchanged
68,超_ゲンガー_グッズ偏重_V3,0.1699,Out: ミミッキュ / In: ピクシー (Parent: 16/50 -> Mutant: 19/50)
68,超_ミュウツー_究極_V6_アルティメット,0.4936,unchanged
68,雷_ピカチュウ_究極_V6_アルティメット,0.5772,unchanged
68,超_ゲンガー_安定_V1,0.1965,unchanged
68,超_ゲンガー_究極_V6_アルティメット,0.7501,unchanged
68,超_ミュウツー_グッズ偏重_V3,0.3800,unchanged
68,龍悪_ギラダク_安定_V1,0.5128,unchanged
68,闘_ガブルカ_究極_V6_アルティメット,0.4220,Out: ゴーリキー / In: ドンファンex (Parent: 25/50 -> Mutant: 27/50)
68,水_スターミー_究極_V6_アルティメット,0.6118,Out: ゴツゴツメット / In: リーリエ (Parent: 39/50 -> Mutant: 42/50)
68,草_フシギバナ_究極_V6_アルティメット,0.5192,unchanged
68,鋼_メルルギア_グッズ偏重_V3,0.3585,unchanged
69,超_ゲンガー_安定_V1,0.1978,Out: ビーストウォール / In: ピッピ (Parent: 14/50 -> Mutant: 20/50)
69,雷_ピカチュウ_グッズ偏重_V3,0.4331,unchanged
69,超_ミュウツー_グッズ偏重_V3,0.3793,Out: バリヤード / In: ゲンガー (Parent: 14/50 -> Mutant: 17/50)
69,水_スターミー_究極_V6_アルティメット,0.6136,Out: アシレーヌex / In: ふしぎな広場 (Parent: 36/50 -> Mutant: 40/50)
69,鋼_メルルギア_グッズ偏重_V3,0.3586,unchanged
69,草_フシギバナ_究極_V6_アルティメット,0.5216,unchanged
69,超_ミュウツー_安定_V1,0.6299,unchanged
69,龍悪_ギラダク_グッズ偏重_V3,0.7626,unchanged
69,水_スターミー_安定_V1,0.4022,unchanged
69,水_スターミー_グッズ偏重_V3,0.4235,unchanged
69,龍悪_ギラダク_究極_V6_アルティメット,0.6602,Out: ハラ / In: リーフマント (Parent: 28/50 -> Mutant: 31/50)
69,雷_ピカチュウ_安定_V1,0.6967,unchanged
69,鋼_メルルギア_安定_V1,0.4152,unchanged
69,炎_リザードンX_安定_V1,0.6267,unchanged
69,龍悪_ギラダク_安定_V1,0.5125,unchanged
69,闘_ガブルカ_グッズ偏重_V3,0.3223,Out: グライガー / In: カブトプス (Parent: 18/50 -> Mutant: 20/50)
69,超_ミュウツー_究極_V6_アルティメット,0.4940,Out: ムシャーナ / In: ブルー (Parent: 28/50 -> Mutant: 34/50)
69,闘_ガブルカ_究極_V6_アルティメット,0.4214,Out: コライドン / In: カキ (Parent: 27/50 -> Mutant: 30/50)
69,雷_ピカチュウ_究極_V6_アルティメット,0.5761,unchanged
69,超_ゲンガー_究極_V6_アルティメット,0.7490,unchanged
69,草_フシギバナ_グッズ偏重_V3,0.6248,unchanged
69,超_ゲンガー_グッズ偏重_V3,0.1695,unchanged
69,草_フシギバナ_安定_V1,0.6024,Out: ヘラクロス / In: タルップル (Parent: 35/50 -> Mutant: 39/50)
69,闘_ガブルカ_安定_V1,0.4815,unchanged
69,鋼_メルルギア_究極_V6_アルティメット,0.5089,unchanged
69,炎_リザードンX_グッズ偏重_V3,0.4989,unchanged
69,炎_リザードンX_究極_V6_アルティメット,0.4178,unchanged
70,草_フシギバナ_究極_V6_アルティメット,0.5246,Out: イーブイのバッグ / In: たべのこし (Parent: 39/50 -> Mutant: 42/50)
70,龍悪_ギラダク_安定_V1,0.5149,unchanged
70,鋼_メルルギア_安定_V1,0.4159,Out: イーブイ / In: ミノマダム (Parent: 25/50 -> Mutant: 32/50)
70,闘_ガブルカ_安定_V1,0.4848,unchanged
70,雷_ピカチュウ_グッズ偏重_V3,0.4356,unchanged
70,草_フシギバナ_安定_V1,0.6026,unchanged
70,草_フシギバナ_グッズ偏重_V3,0.6279,unchanged
70,炎_リザードンX_安定_V1,0.6272,unchanged
70,超_ゲンガー_安定_V1,0.1981,unchanged
70,鋼_メルルギア_究極_V6_アルティメット,0.5123,unchanged
70,超_ミュウツー_グッズ偏重_V3,0.3772,unchanged
70,水_スターミー_安定_V1,0.4018,Out: パルキアex / In: ハラ (Parent: 17/50 -> Mutant: 19/50)
70,超_ゲンガー_グッズ偏重_V3,0.1707,unchanged
70,雷_ピカチュウ_安定_V1,0.6975,unchanged
70,超_ゲンガー_究極_V6_アルティメット,0.7486,unchanged
70,超_ミュウツー_究極_V6_アルティメット,0.4941,unchanged
70,超_ミュウツー_安定_V1,0.6290,unchanged
70,龍悪_ギラダク_グッズ偏重_V3,0.7609,unchanged
70,炎_リザードンX_グッズ偏重_V3,0.4977,unchanged
70,水_スターミー_グッズ偏重_V3,0.4230,unchanged
70,闘_ガブルカ_グッズ偏重_V3,0.3213,Out: ディグダ / In: カスミ (Parent: 14/50 -> Mutant: 19/50)
70,闘_ガブルカ_究極_V6_アルティメット,0.4203,unchanged
70,鋼_メルルギア_グッズ偏重_V3,0.3568,unchanged
70,龍悪_ギラダク_究極_V6_アルティメット,0.6565,unchanged
70,雷_ピカチュウ_究極_V6_アルティメット,0.5740,unchanged
70,炎_リザードンX_究極_V6_アルティメット,0.4149,Out: タケシ / In: マツバ (Parent: 27/50 -> Mutant: 29/50)
70,水_スターミー_究極_V6_アルティメット,0.6115,Out: ビーストウォール / In: ネオラント (Parent: 34/50 -> Mutant: 38/50)
71,水_スターミー_グッズ偏重_V3,0.4249,unchanged
71,鋼_メルルギア_グッズ偏重_V3,0.3579,Out: ムックル / In: ケンタロス (Parent: 19/50 -> Mutant: 23/50)
71,超_ミュウツー_グッズ偏重_V3,0.3760,unchanged
71,龍悪_ギラダク_グッズ偏重_V3,0.7612,unchanged
71,鋼_メルルギア_究極_V6_アルティメット,0.5166,unchanged
71,超_ゲンガー_安定_V1,0.1987,unchanged
71,炎_リザードンX_グッズ偏重_V3,0.4982,unchanged
71,草_フシギバナ_グッズ偏重_V3,0.6309,Out: エルフーン / In: スピーダー (Parent: 43/50 -> Mutant: 47/50)
71,龍悪_ギラダク_安定_V1,0.5160,unchanged
71,炎_リザードンX_究極_V6_アルティメット,0.4149,unchanged
71,水_スターミー_安定_V1,0.4004,Out: アイリス / In: カムカメ (Parent: 18/50 -> Mutant: 20/50)
71,闘_ガブルカ_安定_V1,0.4875,unchanged
71,超_ミュウツー_安定_V1,0.6287,unchanged
71,闘_ガブルカ_グッズ偏重_V3,0.3205,unchanged
71,草_フシギバナ_究極_V6_アルティメット,0.5256,unchanged
71,雷_ピカチュウ_究極_V6_アルティメット,0.5736,unchanged
71,雷_ピカチュウ_グッズ偏重_V3,0.4360,unchanged
71,水_スターミー_究極_V6_アルティメット,0.6108,unchanged
71,超_ミュウツー_究極_V6_アルティメット,0.4933,Out: ブルー / In: ニンフィアex (Parent: 35/50 -> Mutant: 39/50)
71,超_ゲンガー_究極_V6_アルティメット,0.7480,Out: テーブルシティ / In: キルリア (Parent: 34/50 -> Mutant: 41/50)
71,炎_リザードンX_安定_V1,0.6261,Out: メガバシャーモex / In: ヒノヤコマ (Parent: 32/50 -> Mutant: 37/50)
71,鋼_メルルギア_安定_V1,0.4142,unchanged
71,闘_ガブルカ_究極_V6_アルティメット,0.4186,Out: リーフ / In: ポケモン通信 (Parent: 24/50 -> Mutant: 28/50)
71,草_フシギバナ_安定_V1,0.6007,Out: ドレディア / In: 釣り人 (Parent: 33/50 -> Mutant: 36/50)
71,龍悪_ギラダク_究極_V6_アルティメット,0.6535,Out: ヘビーメット / In: ダストダス (Parent: 30/50 -> Mutant: 37/50)
71,雷_ピカチュウ_安定_V1,0.6969,Out: ハラバリー / In: こうらの化石 (Parent: 44/50 -> Mutant: 47/50)
71,超_ゲンガー_グッズ偏重_V3,0.1702,unchanged
72,炎_リザードンX_安定_V1,0.6272,unchanged
72,超_ゲンガー_安定_V1,0.1998,unchanged
72,雷_ピカチュウ_究極_V6_アルティメット,0.5759,unchanged
72,闘_ガブルカ_究極_V6_アルティメット,0.4202,Out: ルチア / In: ナマズン (Parent: 22/50 -> Mutant: 30/50)
72,鋼_メルルギア_グッズ偏重_V3,0.3585,unchanged
72,草_フシギバナ_究極_V6_アルティメット,0.5278,Out: グリーン / In: 博士の研究 (Parent: 41/50 -> Mutant: 43/50)
72,水_スターミー_グッズ偏重_V3,0.4261,Out: ボタン / In: グリーン (Parent: 27/50 -> Mutant: 31/50)
72,超_ミュウツー_究極_V6_アルティメット,0.4955,Out: ココロモリ / In: カスミ (Parent: 40/50 -> Mutant: 42/50)
72,龍悪_ギラダク_安定_V1,0.5170,unchanged
72,雷_ピカチュウ_安定_V1,0.6979,unchanged
72,炎_リザードンX_グッズ偏重_V3,0.4978,Out: アカネ / In: アカネ (Parent: 27/50 -> Mutant: 30/50)
72,超_ゲンガー_究極_V6_アルティメット,0.7476,unchanged
72,水_スターミー_究極_V6_アルティメット,0.6109,unchanged
72,鋼_メルルギア_究極_V6_アルティメット,0.5194,unchanged
72,草_フシギバナ_グッズ偏重_V3,0.6331,unchanged
72,炎_リザードンX_究極_V6_アルティメット,0.4131,unchanged
72,超_ゲンガー_グッズ偏重_V3,0.1709,Out: デスマス / In: パンプジン (Parent: 14/50 -> Mutant: 18/50)
72,水_スターミー_安定_V1,0.3982,unchanged
72,鋼_メルルギア_安定_V1,0.4136,unchanged
72,超_ミュウツー_グッズ偏重_V3,0.3729,Out: ゲンガー / In: 当たりつきアイス (Parent: 12/50 -> Mutant: 22/50)
72,龍悪_ギラダク_グッズ偏重_V3,0.7588,Out: メガアブソルex / In: アカネ (Parent: 39/50 -> Mutant: 41/50)
72,龍悪_ギラダク_究極_V6_アルティメット,0.6503,Out: ダストダス / In: アローラコラッタ (Parent: 24/50 -> Mutant: 28/50)
72,闘_ガブルカ_安定_V1,0.4876,Out: スター団のしたっぱ / In: カバルドン (Parent: 37/50 -> Mutant: 39/50)
72,闘_ガブルカ_グッズ偏重_V3,0.3190,unchanged
72,草_フシギバナ_安定_V1,0.5990,unchanged
72,雷_ピカチュウ_グッズ偏重_V3,0.4355,unchanged
72,超_ミュウツー_安定_V1,0.6264,unchanged
73,炎_リザードンX_究極_V6_アルティメット,0.4137,unchanged
73,鋼_メルルギア_究極_V6_アルティメット,0.5237,unchanged
73,超_ゲンガー_グッズ偏重_V3,0.1725,unchanged
73,龍悪_ギラダク_グッズ偏重_V3,0.7584,unchanged
73,水_スターミー_究極_V6_アルティメット,0.6123,unchanged
73,草_フシギバナ_安定_V1,0.5994,Out: アゲハント / In: シェイミ (Parent: 35/50 -> Mutant: 37/50)
73,龍悪_ギラダク_究極_V6_アルティメット,0.6493,unchanged
73,超_ミュウツー_安定_V1,0.6266,unchanged
73,超_ミュウツー_グッズ偏重_V3,0.3711,unchanged
73,闘_ガブルカ_グッズ偏重_V3,0.3193,unchanged
73,龍悪_ギラダク_安定_V1,0.5182,unchanged
73,鋼_メルルギア_安定_V1,0.4131,unchanged
73,超_ゲンガー_安定_V1,0.2002,unchanged
73,水_スターミー_グッズ偏重_V3,0.4263,unchanged
73,炎_リザードンX_グッズ偏重_V3,0.4972,Out: ズガドーン / In: メリッサ (Parent: 28/50 -> Mutant: 30/50)
73,草_フシギバナ_グッズ偏重_V3,0.6356,unchanged
73,炎_リザードンX_安定_V1,0.6259,unchanged
73,草_フシギバナ_究極_V6_アルティメット,0.5279,unchanged
73,超_ゲンガー_究極_V6_アルティメット,0.7464,unchanged
73,雷_ピカチュウ_グッズ偏重_V3,0.4362,unchanged
73,超_ミュウツー_究極_V6_アルティメット,0.4953,unchanged
73,闘_ガブルカ_安定_V1,0.4887,Out: グリーン / In: はねの化石 (Parent: 40/50 -> Mutant: 42/50)
73,鋼_メルルギア_グッズ偏重_V3,0.3572,unchanged
73,雷_ピカチュウ_究極_V6_アルティメット,0.5739,unchanged
73,水_スターミー_安定_V1,0.3954,unchanged
73,雷_ピカチュウ_安定_V1,0.6974,unchanged
73,闘_ガブルカ_究極_V6_アルティメット,0.4187,Out: ヨーギラス / In: いじわるレター (Parent: 30/50 -> Mutant: 33/50)
74,超_ミュウツー_究極_V6_アルティメット,0.4984,unchanged
74,炎_リザードンX_グッズ偏重_V3,0.4987,Out: ガーディ / In: ラッキーミトン (Parent: 28/50 -> Mutant: 30/50)
74,龍悪_ギラダク_グッズ偏重_V3,0.7583,unchanged
74,鋼_メルルギア_グッズ偏重_V3,0.3584,unchanged
74,草_フシギバナ_グッズ偏重_V3,0.6381,unchanged
74,雷_ピカチュウ_安定_V1,0.6996,unchanged
74,水_スターミー_究極_V6_アルティメット,0.6129,unchanged
74,草_フシギバナ_安定_V1,0.5990,unchanged
74,超_ミュウツー_グッズ偏重_V3,0.3696,unchanged
74,水_スターミー_グッズ偏重_V3,0.4273,Out: ルージュラ / In: アゴの化石 (Parent: 30/50 -> Mutant: 33/50)
74,草_フシギバナ_究極_V6_アルティメット,0.5289,unchanged
74,鋼_メルルギア_安定_V1,0.4129,unchanged
74,炎_リザードンX_安定_V1,0.6251,Out: バオップ / In: ロコン (Parent: 34/50 -> Mutant: 36/50)
74,超_ゲンガー_究極_V6_アルティメット,0.7459,unchanged
74,超_ゲンガー_安定_V1,0.2001,Out: エーフィex / In: ヒレの化石 (Parent: 12/50 -> Mutant: 24/50)
74,闘_ガブルカ_究極_V6_アルティメット,0.4200,unchanged
74,超_ゲンガー_グッズ偏重_V3,0.1728,unchanged
74,龍悪_ギラダク_安定_V1,0.5179,unchanged
74,水_スターミー_安定_V1,0.3938,Out: ハルカ / In: オーガポンいどのめん (Parent: 18/50 -> Mutant: 21/50)
74,雷_ピカチュウ_究極_V6_アルティメット,0.5733,unchanged
74,鋼_メルルギア_究極_V6_アルティメット,0.5255,unchanged
74,雷_ピカチュウ_グッズ偏重_V3,0.4363,unchanged
74,龍悪_ギラダク_究極_V6_アルティメット,0.6461,unchanged
74,炎_リザードンX_究極_V6_アルティメット,0.4114,unchanged
74,闘_ガブルカ_安定_V1,0.4885,unchanged
74,闘_ガブルカ_グッズ偏重_V3,0.3175,unchanged
74,超_ミュウツー_安定_V1,0.6239,unchanged
75,雷_ピカチュウ_グッズ偏重_V3,0.4393,Out: ビーストナイト / In: エレザード (Parent: 29/50 -> Mutant: 38/50)
75,草_フシギバナ_安定_V1,0.5993,unchanged
75,超_ミュウツー_安定_V1,0.6247,Out: 大きなふうせん / In: シトロンのリュック (Parent: 35/50 -> Mutant: 37/50)
75,水_スターミー_安定_V1,0.3925,unchanged
75,鋼_メルルギア_究極_V6_アルティメット,0.5295,unchanged
75,炎_リザードンX_グッズ偏重_V3,0.5000,unchanged
75,雷_ピカチュウ_安定_V1,0.7015,Out: エレキジェネレーター / In: セキ (Parent: 41/50 -> Mutant: 45/50)
75,超_ゲンガー_究極_V6_アルティメット,0.7466,unchanged
75,炎_リザードンX_究極_V6_アルティメット,0.4106,Out: ポニータ / In: ギャロップ (Parent: 23/50 -> Mutant: 28/50)
75,水_スターミー_グッズ偏重_V3,0.4282,Out: ハギギシリ / In: 旅の行商人 (Parent: 28/50 -> Mutant: 31/50)
75,超_ゲンガー_安定_V1,0.2005,Out: ゴルーグ / In: ソーナンス (Parent: 12/50 -> Mutant: 18/50)
75,超_ミュウツー_グッズ偏重_V3,0.3682,unchanged
75,龍悪_ギラダク_安定_V1,0.5184,unchanged
75,鋼_メルルギア_安定_V1,0.4125,Out: ヤングース / In: ガラルマッギョ (Parent: 24/50 -> Mutant: 30/50)
75,闘_ガブルカ_グッズ偏重_V3,0.3171,unchanged
75,炎_リザードンX_安定_V1,0.6237,Out: ギンガ団のしたっぱ / In: レッドカード (Parent: 41/50 -> Mutant: 44/50)
75,超_ミュウツー_究極_V6_アルティメット,0.4990,unchanged
75,草_フシギバナ_グッズ偏重_V3,0.6399,unchanged
75,龍悪_ギラダク_グッズ偏重_V3,0.7555,Out: はじまりの平原 / In: レパルダス (Parent: 39/50 -> Mutant: 41/50)
75,水_スターミー_究極_V6_アルティメット,0.6122,unchanged
75,鋼_メルルギア_グッズ偏重_V3,0.3574,unchanged
75,闘_ガブルカ_安定_V1,0.4892,unchanged
75,雷_ピカチュウ_究極_V6_アルティメット,0.5718,unchanged
75,闘_ガブルカ_究極_V6_アルティメット,0.4196,unchanged
75,草_フシギバナ_究極_V6_アルティメット,0.5284,unchanged
75,超_ゲンガー_グッズ偏重_V3,0.1723,unchanged
75,龍悪_ギラダク_究極_V6_アルティメット,0.6422,unchanged
76,草_フシギバナ_安定_V1,0.5992,unchanged
76,炎_リザードンX_安定_V1,0.6245,Out: レスキュースカーフ / In: イリマ (Parent: 33/50 -> Mutant: 35/50)
76,水_スターミー_グッズ偏重_V3,0.4299,unchanged
76,草_フシギバナ_究極_V6_アルティメット,0.5310,unchanged
76,超_ミュウツー_グッズ偏重_V3,0.3667,Out: ジラーチ / In: ジュン (Parent: 17/50 -> Mutant: 19/50)
76,超_ゲンガー_究極_V6_アルティメット,0.7469,unchanged
76,闘_ガブルカ_安定_V1,0.4922,Out: ナツメ / In: ミノマダム (Parent: 35/50 -> Mutant: 38/50)
76,超_ゲンガー_グッズ偏重_V3,0.1734,unchanged
76,炎_リザードンX_究極_V6_アルティメット,0.4109,unchanged
76,雷_ピカチュウ_安定_V1,0.7030,unchanged
76,龍悪_ギラダク_安定_V1,0.5192,unchanged
76,炎_リザードンX_グッズ偏重_V3,0.5003,Out: ヒバニー / In: メガリザードンYex (Parent: 36/50 -> Mutant: 39/50)
76,闘_ガブルカ_究極_V6_アルティメット,0.4206,unchanged
76,鋼_メルルギア_安定_V1,0.4120,Out: メルメタルex / In: カキ (Parent: 17/50 -> Mutant: 22/50)
76,闘_ガブルカ_グッズ偏重_V3,0.3168,unchanged
76,水_スターミー_安定_V1,0.3906,unchanged
76,草_フシギバナ_グッズ偏重_V3,0.6415,unchanged
76,超_ミュウツー_安定_V1,0.6236,Out: ミュウツーex / In: グリーン (Parent: 29/50 -> Mutant: 33/50)
76,雷_ピカチュウ_究極_V6_アルティメット,0.5712,unchanged
76,鋼_メルルギア_グッズ偏重_V3,0.3559,unchanged
76,超_ゲンガー_安定_V1,0.1999,unchanged
76,鋼_メルルギア_究極_V6_アルティメット,0.5316,unchanged
76,龍悪_ギラダク_究極_V6_アルティメット,0.6390,unchanged
76,龍悪_ギラダク_グッズ偏重_V3,0.7522,Out: モノマネむすめ / In: クリムガン (Parent: 40/50 -> Mutant: 44/50)
76,水_スターミー_究極_V6_アルティメット,0.6112,Out: ふしぎな広場 / In: エンペルト (Parent: 41/50 -> Mutant: 44/50)
76,雷_ピカチュウ_グッズ偏重_V3,0.4389,unchanged
76,超_ミュウツー_究極_V6_アルティメット,0.4978,unchanged
77,雷_ピカチュウ_安定_V1,0.7052,unchanged
77,雷_ピカチュウ_究極_V6_アルティメット,0.5730,Out: 釣り人 / In: モココ (Parent: 38/50 -> Mutant: 41/50)
77,龍悪_ギラダク_究極_V6_アルティメット,0.6387,unchanged
77,超_ゲンガー_安定_V1,0.2004,unchanged
77,超_ミュウツー_究極_V6_アルティメット,0.5001,unchanged
77,水_スターミー_安定_V1,0.3895,Out: パウワウ / In: カムカメ (Parent: 13/50 -> Mutant: 23/50)
77,炎_リザードンX_安定_V1,0.6244,unchanged
77,龍悪_ギラダク_グッズ偏重_V3,0.7504,unchanged
77,水_スターミー_グッズ偏重_V3,0.4306,Out: オシャマリ / In: ナンジャモ (Parent: 29/50 -> Mutant: 33/50)
77,草_フシギバナ_究極_V6_アルティメット,0.5323,Out: たべのこし / In: チェリム (Parent: 37/50 -> Mutant: 40/50)
77,鋼_メルルギア_究極_V6_アルティメット,0.5345,Out: コドラ / In: おおきいマラサダ (Parent: 39/50 -> Mutant: 43/50)
77,闘_ガブルカ_究極_V6_アルティメット,0.4215,unchanged
77,炎_リザードンX_グッズ偏重_V3,0.5023,Out: メリッサ / In: ブースター (Parent: 35/50 -> Mutant: 37/50)
77,闘_ガブルカ_安定_V1,0.4936,unchanged
77,超_ミュウツー_安定_V1,0.6220,unchanged
77,闘_ガブルカ_グッズ偏重_V3,0.3162,unchanged
77,草_フシギバナ_安定_V1,0.5979,Out: 釣り人 / In: メガカイロスex (Parent: 34/50 -> Mutant: 39/50)
77,鋼_メルルギア_安定_V1,0.4111,Out: メルタン / In: ナツメ (Parent: 27/50 -> Mutant: 36/50)
77,龍悪_ギラダク_安定_V1,0.5189,unchanged
77,水_スターミー_究極_V6_アルティメット,0.6102,unchanged
77,超_ゲンガー_究極_V6_アルティメット,0.7463,unchanged
77,鋼_メルルギア_グッズ偏重_V3,0.3547,unchanged
77,雷_ピカチュウ_グッズ偏重_V3,0.4383,Out: サンダー / In: ルクシオ (Parent: 36/50 -> Mutant: 44/50)
77,超_ミュウツー_グッズ偏重_V3,0.3638,unchanged
77,草_フシギバナ_グッズ偏重_V3,0.6426,unchanged
77,超_ゲンガー_グッズ偏重_V3,0.1730,unchanged
77,炎_リザードンX_究極_V6_アルティメット,0.4085,unchanged
78,雷_ピカチュウ_究極_V6_アルティメット,0.5751,unchanged
78,水_スターミー_グッズ偏重_V3,0.4323,unchanged
78,炎_リザードンX_安定_V1,0.6245,unchanged
78,草_フシギバナ_究極_V6_アルティメット,0.5348,unchanged
78,龍悪_ギラダク_究極_V6_アルティメット,0.6375,unchanged
78,超_ゲンガー_究極_V6_アルティメット,0.7470,unchanged
78,雷_ピカチュウ_安定_V1,0.7066,unchanged
78,超_ミュウツー_グッズ偏重_V3,0.3623,unchanged
78,水_スターミー_究極_V6_アルティメット,0.6109,unchanged
78,炎_リザードンX_究極_V6_アルティメット,0.4084,unchanged
78,雷_ピカチュウ_グッズ偏重_V3,0.4405,unchanged
78,闘_ガブルカ_グッズ偏重_V3,0.3161,Out: ソルロック / In: オボンのみ (Parent: 20/50 -> Mutant: 22/50)
78,炎_リザードンX_グッズ偏重_V3,0.5046,unchanged
78,超_ゲンガー_グッズ偏重_V3,0.1731,unchanged
78,草_フシギバナ_安定_V1,0.5976,unchanged
78,闘_ガブルカ_安定_V1,0.4943,Out: ミノマダム / In: ネモ (Parent: 42/50 -> Mutant: 44/50)
78,超_ゲンガー_安定_V1,0.2004,unchanged
78,闘_ガブルカ_究極_V6_アルティメット,0.4218,unchanged
78,龍悪_ギラダク_グッズ偏重_V3,0.7471,Out: ギンガ団のしたっぱ / In: スター団のしたっぱ (Parent: 31/50 -> Mutant: 34/50)
78,超_ミュウツー_究極_V6_アルティメット,0.4999,unchanged
78,龍悪_ギラダク_安定_V1,0.5178,unchanged
78,鋼_メルルギア_グッズ偏重_V3,0.3534,Out: どくバリ / In: カモネギ (Parent: 16/50 -> Mutant: 21/50)
78,超_ミュウツー_安定_V1,0.6188,unchanged
78,鋼_メルルギア_安定_V1,0.4099,unchanged
78,草_フシギバナ_グッズ偏重_V3,0.6436,unchanged
78,水_スターミー_安定_V1,0.3864,unchanged
78,鋼_メルルギア_究極_V6_アルティメット,0.5353,unchanged
79,水_スターミー_グッズ偏重_V3,0.4344,unchanged
79,超_ミュウツー_グッズ偏重_V3,0.3614,unchanged
79,鋼_メルルギア_グッズ偏重_V3,0.3534,unchanged
79,草_フシギバナ_グッズ偏重_V3,0.6462,Out: ポケモン通信 / In: ガーメイル (Parent: 43/50 -> Mutant: 47/50)
79,炎_リザードンX_究極_V6_アルティメット,0.4094,Out: ヒヒダルマ / In: ハイキングコース (Parent: 22/50 -> Mutant: 28/50)
79,雷_ピカチュウ_グッズ偏重_V3,0.4438,Out: パルスワン / In: セレナ (Parent: 35/50 -> Mutant: 43/50)
79,炎_リザードンX_グッズ偏重_V3,0.5071,unchanged
79,闘_ガブルカ_究極_V6_アルティメット,0.4238,Out: ヒレの化石 / In: バルキー (Parent: 34/50 -> Mutant: 38/50)
79,草_フシギバナ_究極_V6_アルティメット,0.5363,unchanged
79,超_ゲンガー_安定_V1,0.2004,Out: ソーナンス / In: ニンフィアex (Parent: 17/50 -> Mutant: 21/50)
79,超_ミュウツー_安定_V1,0.6178,unchanged
79,超_ミュウツー_究極_V6_アルティメット,0.5010,unchanged
79,龍悪_ギラダク_安定_V1,0.5186,unchanged
79,雷_ピカチュウ_安定_V1,0.7073,unchanged
79,雷_ピカチュウ_究極_V6_アルティメット,0.5752,unchanged
79,闘_ガブルカ_グッズ偏重_V3,0.3153,unchanged
79,水_スターミー_安定_V1,0.3843,unchanged
79,草_フシギバナ_安定_V1,0.5967,unchanged
79,鋼_メルルギア_究極_V6_アルティメット,0.5366,unchanged
79,鋼_メルルギア_安定_V1,0.4094,Out: 大きなふうせん / In: カスミ (Parent: 26/50 -> Mutant: 28/50)
79,炎_リザードンX_安定_V1,0.6226,Out: マグカルゴ / In: ペパー (Parent: 25/50 -> Mutant: 30/50)
79,超_ゲンガー_究極_V6_アルティメット,0.7460,unchanged
79,龍悪_ギラダク_グッズ偏重_V3,0.7427,Out: たべのこし / In: ドラミドロex (Parent: 31/50 -> Mutant: 36/50)
79,水_スターミー_究極_V6_アルティメット,0.6093,unchanged
79,超_ゲンガー_グッズ偏重_V3,0.1727,unchanged
79,龍悪_ギラダク_究極_V6_アルティメット,0.6343,unchanged
79,闘_ガブルカ_安定_V1,0.4940,unchanged
80,超_ゲンガー_安定_V1,0.2014,Out: ネマシュ / In: フーディン (Parent: 10/50 -> Mutant: 12/50)
80,龍悪_ギラダク_グッズ偏重_V3,0.7417,Out: ニドキング / In: カイ (Parent: 26/50 -> Mutant: 31/50)
80,超_ゲンガー_グッズ偏重_V3,0.1740,Out: ミミッキュ / In: バケッチャ (Parent: 12/50 -> Mutant: 16/50)
80,闘_ガブルカ_安定_V1,0.4973,unchanged
80,水_スターミー_安定_V1,0.3833,unchanged
80,水_スターミー_グッズ偏重_V3,0.4354,unchanged
80,鋼_メルルギア_究極_V6_アルティメット,0.5400,unchanged
80,龍悪_ギラダク_安定_V1,0.5193,unchanged
80,草_フシギバナ_究極_V6_アルティメット,0.5381,unchanged
80,鋼_メルルギア_グッズ偏重_V3,0.3533,unchanged
80,炎_リザードンX_究極_V6_アルティメット,0.4096,unchanged
80,龍悪_ギラダク_究極_V6_アルティメット,0.6327,unchanged
80,鋼_メルルギア_安定_V1,0.4097,Out: イツキ / In: プリン (Parent: 24/50 -> Mutant: 26/50)
80,超_ミュウツー_究極_V6_アルティメット,0.5021,unchanged
80,水_スターミー_究極_V6_アルティメット,0.6090,unchanged
80,闘_ガブルカ_グッズ偏重_V3,0.3147,Out: こうらの化石 / In: ヒレの化石 (Parent: 17/50 -> Mutant: 19/50)
80,闘_ガブルカ_究極_V6_アルティメット,0.4229,unchanged
80,炎_リザードンX_安定_V1,0.6211,unchanged
80,超_ゲンガー_究極_V6_アルティメット,0.7454,unchanged
80,雷_ピカチュウ_グッズ偏重_V3,0.4446,unchanged
80,草_フシギバナ_グッズ偏重_V3,0.6474,Out: シトロンのリュック / In: ビビヨン (Parent: 36/50 -> Mutant: 42/50)
80,超_ミュウツー_安定_V1,0.6154,unchanged
80,雷_ピカチュウ_究極_V6_アルティメット,0.5734,unchanged
80,超_ミュウツー_グッズ偏重_V3,0.3585,Out: ラルトス / In: ガラルサニーゴ (Parent: 15/50 -> Mutant: 24/50)
80,草_フシギバナ_安定_V1,0.5957,unchanged
80,炎_リザードンX_グッズ偏重_V3,0.5075,unchanged
80,雷_ピカチュウ_安定_V1,0.7063,unchanged
81,炎_リザードンX_安定_V1,0.6218,unchanged
81,龍悪_ギラダク_グッズ偏重_V3,0.7403,unchanged
81,闘_ガブルカ_安定_V1,0.5001,Out: カキ / In: カブト (Parent: 37/50 -> Mutant: 39/50)
81,闘_ガブルカ_グッズ偏重_V3,0.3156,unchanged
81,水_スターミー_安定_V1,0.3821,unchanged
81,炎_リザードンX_グッズ偏重_V3,0.5100,Out: シズイ / In: タケシ (Parent: 35/50 -> Mutant: 43/50)
81,雷_ピカチュウ_グッズ偏重_V3,0.4472,Out: サカキ / In: ピカチュウex (Parent: 32/50 -> Mutant: 36/50)
81,龍悪_ギラダク_究極_V6_アルティメット,0.6316,unchanged
81,闘_ガブルカ_究極_V6_アルティメット,0.4232,Out: いたずらルーレット / In: ウリムー (Parent: 29/50 -> Mutant: 36/50)
81,龍悪_ギラダク_安定_V1,0.5199,unchanged
81,超_ゲンガー_究極_V6_アルティメット,0.7459,unchanged
81,草_フシギバナ_究極_V6_アルティメット,0.5396,unchanged
81,雷_ピカチュウ_究極_V6_アルティメット,0.5740,unchanged
81,超_ゲンガー_グッズ偏重_V3,0.1744,unchanged
81,水_スターミー_グッズ偏重_V3,0.4354,Out: カスミ / In: マーマネ (Parent: 19/50 -> Mutant: 30/50)
81,草_フシギバナ_グッズ偏重_V3,0.6486,unchanged
81,水_スターミー_究極_V6_アルティメット,0.6089,unchanged
81,鋼_メルルギア_グッズ偏重_V3,0.3526,unchanged
81,鋼_メルルギア_安定_V1,0.4091,unchanged
81,超_ゲンガー_安定_V1,0.2008,unchanged
81,草_フシギバナ_安定_V1,0.5943,Out: カンナギタウンの長老 / In: ポケモン図鑑 (Parent: 26/50 -> Mutant: 28/50)
81,炎_リザードンX_究極_V6_アルティメット,0.4082,unchanged
81,超_ミュウツー_グッズ偏重_V3,0.3559,unchanged
81,超_ミュウツー_安定_V1,0.6123,Out: ランクルス / In: ヒカリ (Parent: 28/50 -> Mutant: 37/50)
81,鋼_メルルギア_究極_V6_アルティメット,0.5411,unchanged
81,雷_ピカチュウ_安定_V1,0.7055,unchanged
81,超_ミュウツー_究極_V6_アルティメット,0.5016,unchanged
82,超_ミュウツー_安定_V1,0.6127,Out: グリーン / In: マツバ (Parent: 27/50 -> Mutant: 29/50)
82,草_フシギバナ_グッズ偏重_V3,0.6512,unchanged
82,闘_ガブルカ_グッズ偏重_V3,0.3161,unchanged
82,闘_ガブルカ_安定_V1,0.5028,unchanged
82,超_ゲンガー_グッズ偏重_V3,0.1753,unchanged
82,雷_ピカチュウ_究極_V6_アルティメット,0.5751,unchanged
82,水_スターミー_究極_V6_アルティメット,0.6099,unchanged
82,闘_ガブルカ_究極_V6_アルティメット,0.4236,Out: いじわるレター / In: エレメンタルつけかえ (Parent: 26/50 -> Mutant: 28/50)
82,炎_リザードンX_安定_V1,0.6210,unchanged
82,炎_リザードンX_究極_V6_アルティメット,0.4083,unchanged
82,鋼_メルルギア_グッズ偏重_V3,0.3517,unchanged
82,雷_ピカチュウ_グッズ偏重_V3,0.4495,unchanged
82,超_ゲンガー_安定_V1,0.2012,unchanged
82,龍悪_ギラダク_究極_V6_アルティメット,0.6296,unchanged
82,龍悪_ギラダク_安定_V1,0.5205,Out: かいの化石 / In: ジャグラー (Parent: 29/50 -> Mutant: 32/50)
82,鋼_メルルギア_安定_V1,0.4086,unchanged
82,水_スターミー_安定_V1,0.3800,unchanged
82,龍悪_ギラダク_グッズ偏重_V3,0.7373,unchanged
82,炎_リザードンX_グッズ偏重_V3,0.5110,unchanged
82,草_フシギバナ_究極_V6_アルティメット,0.5396,unchanged
82,鋼_メルルギア_究極_V6_アルティメット,0.5429,unchanged
82,雷_ピカチュウ_安定_V1,0.7056,unchanged
82,水_スターミー_グッズ偏重_V3,0.4344,unchanged
82,超_ゲンガー_究極_V6_アルティメット,0.7453,unchanged
82,草_フシギバナ_安定_V1,0.5929,unchanged
82,超_ミュウツー_究極_V6_アルティメット,0.5009,unchanged
82,超_ミュウツー_グッズ偏重_V3,0.3529,unchanged
83,龍悪_ギラダク_究極_V6_アルティメット,0.6293,Out: ギラティナex / In: おおきいマラサダ (Parent: 28/50 -> Mutant: 31/50)
83,水_スターミー_究極_V6_アルティメット,0.6116,unchanged
83,闘_ガブルカ_グッズ偏重_V3,0.3166,unchanged
83,水_スターミー_グッズ偏重_V3,0.4356,unchanged
83,超_ミュウツー_グッズ偏重_V3,0.3519,unchanged
83,雷_ピカチュウ_究極_V6_アルティメット,0.5763,unchanged
83,雷_ピカチュウ_安定_V1,0.7070,unchanged
83,超_ゲンガー_グッズ偏重_V3,0.1765,Out: ゴルーグ / In: ふしぎな広場 (Parent: 11/50 -> Mutant: 15/50)
83,超_ミュウツー_安定_V1,0.6114,unchanged
83,草_フシギバナ_グッズ偏重_V3,0.6536,unchanged
83,龍悪_ギラダク_グッズ偏重_V3,0.7352,Out: ダストダス / In: ドクロッグ (Parent: 30/50 -> Mutant: 38/50)
83,鋼_メルルギア_グッズ偏重_V3,0.3520,unchanged
83,鋼_メルルギア_究極_V6_アルティメット,0.5450,unchanged
83,闘_ガブルカ_究極_V6_アルティメット,0.4231,Out: ウリムー / In: ネンドール (Parent: 30/50 -> Mutant: 33/50)
83,鋼_メルルギア_安定_V1,0.4082,Out: マーマネ / In: イッカネズミ (Parent: 20/50 -> Mutant: 25/50)
83,水_スターミー_安定_V1,0.3786,unchanged
83,雷_ピカチュウ_グッズ偏重_V3,0.4514,unchanged
83,炎_リザードンX_グッズ偏重_V3,0.5122,Out: ガーディ / In: エリカ (Parent: 32/50 -> Mutant: 40/50)
83,草_フシギバナ_安定_V1,0.5918,Out: キョウ / In: コロトック (Parent: 28/50 -> Mutant: 34/50)
83,炎_リザードンX_安定_V1,0.6192,Out: 鋼鉄のまえかけ / In: ラウドボーン (Parent: 30/50 -> Mutant: 33/50)
83,龍悪_ギラダク_安定_V1,0.5199,unchanged
83,草_フシギバナ_究極_V6_アルティメット,0.5394,unchanged
83,超_ゲンガー_安定_V1,0.2008,unchanged
83,超_ゲンガー_究極_V6_アルティメット,0.7443,unchanged
83,炎_リザードンX_究極_V6_アルティメット,0.4069,unchanged
83,闘_ガブルカ_安定_V1,0.5021,unchanged
83,超_ミュウツー_究極_V6_アルティメット,0.5000,Out: バウッツェル / In: ハンドスコープ (Parent: 32/50 -> Mutant: 37/50)
84,炎_リザードンX_安定_V1,0.6195,Out: ロコン / In: エレメンタルつけかえ (Parent: 37/50 -> Mutant: 41/50)
84,草_フシギバナ_グッズ偏重_V3,0.6558,unchanged
84,草_フシギバナ_安定_V1,0.5924,unchanged
84,雷_ピカチュウ_究極_V6_アルティメット,0.5776,Out: モンスターボール / In: ライコウex (Parent: 39/50 -> Mutant: 43/50)
84,龍悪_ギラダク_グッズ偏重_V3,0.7339,Out: ベトベトン / In: カイリューex (Parent: 35/50 -> Mutant: 37/50)
84,炎_リザードンX_究極_V6_アルティメット,0.4079,Out: ヒットハンマー / In: アゴの化石 (Parent: 26/50 -> Mutant: 28/50)
84,超_ミュウツー_究極_V6_アルティメット,0.5017,Out: ハンドスコープ / In: ビーストウォール (Parent: 31/50 -> Mutant: 33/50)
84,超_ゲンガー_安定_V1,0.2011,unchanged
84,水_スターミー_グッズ偏重_V3,0.4361,unchanged
84,闘_ガブルカ_安定_V1,0.5041,Out: ゴツゴツメット / In: カバルドン (Parent: 37/50 -> Mutant: 41/50)
84,超_ミュウツー_グッズ偏重_V3,0.3508,unchanged
84,龍悪_ギラダク_安定_V1,0.5200,unchanged
84,水_スターミー_究極_V6_アルティメット,0.6111,unchanged
84,鋼_メルルギア_安定_V1,0.4080,unchanged
84,闘_ガブルカ_究極_V6_アルティメット,0.4232,unchanged
84,龍悪_ギラダク_究極_V6_アルティメット,0.6267,Out: ドラピオン / In: ニドクイン (Parent: 18/50 -> Mutant: 20/50)
84,超_ゲンガー_究極_V6_アルティメット,0.7441,unchanged
84,闘_ガブルカ_グッズ偏重_V3,0.3153,unchanged
84,超_ミュウツー_安定_V1,0.6099,unchanged
84,超_ゲンガー_グッズ偏重_V3,0.1760,unchanged
84,鋼_メルルギア_究極_V6_アルティメット,0.5464,unchanged
84,鋼_メルルギア_グッズ偏重_V3,0.3505,Out: カモネギ / In: ヤヤコマ (Parent: 16/50 -> Mutant: 25/50)
84,草_フシギバナ_究極_V6_アルティメット,0.5383,unchanged
84,炎_リザードンX_グッズ偏重_V3,0.5143,unchanged
84,雷_ピカチュウ_グッズ偏重_V3,0.4521,unchanged
84,水_スターミー_安定_V1,0.3766,Out: サニーゴ / In: ユキカブリ (Parent: 18/50 -> Mutant: 22/50)
84,雷_ピカチュウ_安定_V1,0.7065,unchanged
85,超_ゲンガー_安定_V1,0.2026,unchanged
85,草_フシギバナ_安定_V1,0.5930,unchanged
85,超_ミュウツー_グッズ偏重_V3,0.3502,Out: ボチ / In: ジャグラー (Parent: 15/50 -> Mutant: 20/50)
85,鋼_メルルギア_究極_V6_アルティメット,0.5498,unchanged
85,龍悪_ギラダク_安定_V1,0.5210,Out: キョウ / In: コモルー (Parent: 25/50 -> Mutant: 34/50)
85,草_フシギバナ_グッズ偏重_V3,0.6577,unchanged
85,超_ゲンガー_究極_V6_アルティメット,0.7450,unchanged
85,水_スターミー_究極_V6_アルティメット,0.6121,Out: ふしぎな広場 / In: ニョロゾ (Parent: 31/50 -> Mutant: 33/50)
85,炎_リザードンX_グッズ偏重_V3,0.5174,Out: ラッキーミトン / In: アカネ (Parent: 45/50 -> Mutant: 47/50)
85,龍悪_ギラダク_グッズ偏重_V3,0.7322,unchanged
85,超_ミュウツー_安定_V1,0.6089,unchanged
85,闘_ガブルカ_究極_V6_アルティメット,0.4234,Out: バルキー / In: ゴツゴツメット (Parent: 23/50 -> Mutant: 35/50)
85,水_スターミー_安定_V1,0.3752,unchanged
85,水_スターミー_グッズ偏重_V3,0.4363,Out: ひみつのコハク / In: ケロマツ (Parent: 23/50 -> Mutant: 26/50)
85,闘_ガブルカ_安定_V1,0.5050,unchanged
85,鋼_メルルギア_安定_V1,0.4075,Out: プリン / In: ビッパ (Parent: 22/50 -> Mutant: 25/50)
85,闘_ガブルカ_グッズ偏重_V3,0.3145,Out: オボンのみ / In: ゴローン (Parent: 18/50 -> Mutant: 23/50)
85,炎_リザードンX_安定_V1,0.6190,unchanged
85,雷_ピカチュウ_グッズ偏重_V3,0.4529,unchanged
85,雷_ピカチュウ_安定_V1,0.7064,unchanged
85,炎_リザードンX_究極_V6_アルティメット,0.4068,unchanged
85,雷_ピカチュウ_究極_V6_アルティメット,0.5769,unchanged
85,鋼_メルルギア_グッズ偏重_V3,0.3490,unchanged
85,龍悪_ギラダク_究極_V6_アルティメット,0.6237,Out: ニドクイン / In: ドンカラス (Parent: 20/50 -> Mutant: 23/50)
85,草_フシギバナ_究極_V6_アルティメット,0.5377,unchanged
85,超_ゲンガー_グッズ偏重_V3,0.1753,unchanged
85,超_ミュウツー_究極_V6_アルティメット,0.5004,unchanged
86,炎_リザードンX_安定_V1,0.6210,Out: イリマ / In: ブースター (Parent: 38/50 -> Mutant: 42/50)
86,超_ミュウツー_究極_V6_アルティメット,0.5026,unchanged
86,龍悪_ギラダク_グッズ偏重_V3,0.7307,unchanged
86,草_フシギバナ_究極_V6_アルティメット,0.5399,unchanged
86,龍悪_ギラダク_安定_V1,0.5220,unchanged
86,雷_ピカチュウ_安定_V1,0.7076,Out: パチリスex / In: オボンのみ (Parent: 34/50 -> Mutant: 37/50)
86,龍悪_ギラダク_究極_V6_アルティメット,0.6220,Out: トレーニングエリア / In: チョロネコ (Parent: 28/50 -> Mutant: 33/50)
86,鋼_メルルギア_グッズ偏重_V3,0.3491,unchanged
86,超_ミュウツー_グッズ偏重_V3,0.3492,unchanged
86,鋼_メルルギア_安定_V1,0.4075,unchanged
86,炎_リザードンX_グッズ偏重_V3,0.5208,Out: カスミ / In: 博士の研究 (Parent: 39/50 -> Mutant: 42/50)
86,闘_ガブルカ_安定_V1,0.5069,unchanged
86,草_フシギバナ_安定_V1,0.5924,Out: シェイミ / In: ナッシーex (Parent: 29/50 -> Mutant: 33/50)
86,水_スターミー_グッズ偏重_V3,0.4357,unchanged
86,闘_ガブルカ_グッズ偏重_V3,0.3139,unchanged
86,水_スターミー_安定_V1,0.3736,unchanged
86,雷_ピカチュウ_究極_V6_アルティメット,0.5767,unchanged
86,超_ゲンガー_グッズ偏重_V3,0.1752,Out: ピクシー / In: ゲンガー (Parent: 12/50 -> Mutant: 17/50)
86,超_ゲンガー_安定_V1,0.2023,Out: トゲチック / In: ロトム (Parent: 23/50 -> Mutant: 26/50)
86,雷_ピカチュウ_グッズ偏重_V3,0.4536,Out: かけだし調査員 / In: カンナギタウンの長老 (Parent: 36/50 -> Mutant: 39/50)
86,炎_リザードンX_究極_V6_アルティメット,0.4051,unchanged
86,鋼_メルルギア_究極_V6_アルティメット,0.5508,Out: エレキジェネレーター / In: ハイキングコース (Parent: 40/50 -> Mutant: 42/50)
86,超_ミュウツー_安定_V1,0.6068,Out: マツバ / In: ネマシュ (Parent: 26/50 -> Mutant: 28/50)
86,超_ゲンガー_究極_V6_アルティメット,0.7438,unchanged
86,草_フシギバナ_グッズ偏重_V3,0.6585,unchanged
86,水_スターミー_究極_V6_アルティメット,0.6104,unchanged
86,闘_ガブルカ_究極_V6_アルティメット,0.4220,unchanged
87,闘_ガブルカ_グッズ偏重_V3,0.3141,Out: ウォーターボート / In: ゴローン (Parent: 14/50 -> Mutant: 16/50)
87,超_ゲンガー_究極_V6_アルティメット,0.7449,unchanged
87,鋼_メルルギア_安定_V1,0.4080,unchanged
87,鋼_メルルギア_グッズ偏重_V3,0.3495,unchanged
87,超_ミュウツー_究極_V6_アルティメット,0.5048,unchanged
87,雷_ピカチュウ_究極_V6_アルティメット,0.5782,unchanged
87,水_スターミー_グッズ偏重_V3,0.4359,Out: アローラロコン / In: ラプラス (Parent: 22/50 -> Mutant: 28/50)
87,炎_リザードンX_究極_V6_アルティメット,0.4053,Out: シルバー / In: おさかなネット (Parent: 22/50 -> Mutant: 27/50)
87,草_フシギバナ_グッズ偏重_V3,0.6600,unchanged
87,水_スターミー_究極_V6_アルティメット,0.6110,unchanged
87,超_ミュウツー_グッズ偏重_V3,0.3475,Out: たべのこし / In: マーマネ (Parent: 14/50 -> Mutant: 18/50)
87,超_ゲンガー_グッズ偏重_V3,0.1754,Out: フワンテ / In: トゲピー (Parent: 13/50 -> Mutant: 20/50)
87,鋼_メルルギア_究極_V6_アルティメット,0.5531,unchanged
87,水_スターミー_安定_V1,0.3720,unchanged
87,草_フシギバナ_安定_V1,0.5925,unchanged
87,龍悪_ギラダク_グッズ偏重_V3,0.7282,unchanged
87,超_ゲンガー_安定_V1,0.2023,unchanged
87,龍悪_ギラダク_究極_V6_アルティメット,0.6196,unchanged
87,龍悪_ギラダク_安定_V1,0.5218,Out: ゾロアーク / In: ガラルマッスグマ (Parent: 30/50 -> Mutant: 36/50)
87,超_ミュウツー_安定_V1,0.6044,Out: ハルカ / In: ゴース (Parent: 22/50 -> Mutant: 28/50)
87,闘_ガブルカ_安定_V1,0.5068,Out: セキ / In: マンムー (Parent: 34/50 -> Mutant: 40/50)
87,炎_リザードンX_安定_V1,0.6208,Out: ヒノヤコマ / In: エンニュート (Parent: 35/50 -> Mutant: 40/50)
87,炎_リザードンX_グッズ偏重_V3,0.5227,unchanged
87,雷_ピカチュウ_安定_V1,0.7076,unchanged
87,草_フシギバナ_究極_V6_アルティメット,0.5391,Out: カンナギタウンの長老 / In: メガヤンマ (Parent: 37/50 -> Mutant: 44/50)
87,雷_ピカチュウ_グッズ偏重_V3,0.4536,unchanged
87,闘_ガブルカ_究極_V6_アルティメット,0.4209,unchanged
88,雷_ピカチュウ_安定_V1,0.7095,unchanged
88,龍悪_ギラダク_究極_V6_アルティメット,0.6186,unchanged
88,炎_リザードンX_グッズ偏重_V3,0.5259,unchanged
88,炎_リザードンX_安定_V1,0.6223,Out: ペパー / In: グレンアルマex (Parent: 38/50 -> Mutant: 43/50)
88,超_ミュウツー_安定_V1,0.6032,unchanged
88,超_ミュウツー_究極_V6_アルティメット,0.5064,unchanged
88,鋼_メルルギア_グッズ偏重_V3,0.3498,unchanged
88,超_ミュウツー_グッズ偏重_V3,0.3462,unchanged
88,水_スターミー_安定_V1,0.3709,unchanged
88,水_スターミー_グッズ偏重_V3,0.4364,Out: ウッウ / In: ギャラドス (Parent: 24/50 -> Mutant: 38/50)
88,超_ゲンガー_究極_V6_アルティメット,0.7451,unchanged
88,水_スターミー_究極_V6_アルティメット,0.6114,unchanged
88,鋼_メルルギア_究極_V6_アルティメット,0.5546,unchanged
88,炎_リザードンX_究極_V6_アルティメット,0.4047,unchanged
88,龍悪_ギラダク_安定_V1,0.5222,unchanged
88,草_フシギバナ_グッズ偏重_V3,0.6611,unchanged
88,闘_ガブルカ_グッズ偏重_V3,0.3131,Out: ゴツゴツメット / In: ハリテヤマ (Parent: 11/50 -> Mutant: 20/50)
88,闘_ガブルカ_究極_V6_アルティメット,0.4209,unchanged
88,闘_ガブルカ_安定_V1,0.5068,unchanged
88,雷_ピカチュウ_グッズ偏重_V3,0.4545,unchanged
88,超_ゲンガー_安定_V1,0.2021,Out: ニンフィアex / In: 鋼鉄のまえかけ (Parent: 10/50 -> Mutant: 19/50)
88,草_フシギバナ_安定_V1,0.5916,Out: コロトック / In: マスキッパ (Parent: 35/50 -> Mutant: 37/50)
88,龍悪_ギラダク_グッズ偏重_V3,0.7247,Out: ドラミドロex / In: はじまりの平原 (Parent: 23/50 -> Mutant: 30/50)
88,雷_ピカチュウ_究極_V6_アルティメット,0.5773,Out: デンヂムシ / In: エレキジェネレーター (Parent: 36/50 -> Mutant: 38/50)
88,鋼_メルルギア_安定_V1,0.4064,Out: カスミ / In: カビゴン (Parent: 21/50 -> Mutant: 27/50)
88,草_フシギバナ_究極_V6_アルティメット,0.5395,unchanged
88,超_ゲンガー_グッズ偏重_V3,0.1748,unchanged
89,水_スターミー_究極_V6_アルティメット,0.6128,unchanged
89,雷_ピカチュウ_安定_V1,0.7110,unchanged
89,龍悪_ギラダク_安定_V1,0.5235,unchanged
89,超_ゲンガー_グッズ偏重_V3,0.1759,Out: ゲンガー / In: ラッキーミトン (Parent: 21/50 -> Mutant: 25/50)
89,雷_ピカチュウ_究極_V6_アルティメット,0.5788,unchanged
89,超_ミュウツー_グッズ偏重_V3,0.3453,Out: ピィ / In: むしよけスプレー (Parent: 9/50 -> Mutant: 16/50)
89,超_ゲンガー_究極_V6_アルティメット,0.7455,unchanged
89,龍悪_ギラダク_グッズ偏重_V3,0.7226,unchanged
89,超_ミュウツー_安定_V1,0.6019,unchanged
89,炎_リザードンX_安定_V1,0.6229,unchanged
89,超_ミュウツー_究極_V6_アルティメット,0.5073,unchanged
89,雷_ピカチュウ_グッズ偏重_V3,0.4563,unchanged
89,鋼_メルルギア_安定_V1,0.4065,unchanged
89,鋼_メルルギア_究極_V6_アルティメット,0.5564,Out: ハガネール / In: はねの化石 (Parent: 38/50 -> Mutant: 44/50)
89,草_フシギバナ_安定_V1,0.5916,unchanged
89,闘_ガブルカ_究極_V6_アルティメット,0.4207,Out: ドンファンex / In: ハリテヤマ (Parent: 28/50 -> Mutant: 32/50)
89,鋼_メルルギア_グッズ偏重_V3,0.3487,Out: ミカン / In: チルット (Parent: 22/50 -> Mutant: 24/50)
89,水_スターミー_グッズ偏重_V3,0.4362,Out: ケロマツ / In: ヒトデマン (Parent: 29/50 -> Mutant: 31/50)
89,草_フシギバナ_究極_V6_アルティメット,0.5406,Out: カプブルル / In: コノハナ (Parent: 43/50 -> Mutant: 47/50)
89,龍悪_ギラダク_究極_V6_アルティメット,0.6153,Out: アゴの化石 / In: ダークライex (Parent: 28/50 -> Mutant: 39/50)
89,超_ゲンガー_安定_V1,0.2014,Out: アブリボン / In: ムウマージ (Parent: 10/50 -> Mutant: 14/50)
89,炎_リザードンX_究極_V6_アルティメット,0.4030,Out: ファイヤー / In: グリーン (Parent: 28/50 -> Mutant: 30/50)
89,水_スターミー_安定_V1,0.3690,unchanged
89,闘_ガブルカ_安定_V1,0.5068,unchanged
89,草_フシギバナ_グッズ偏重_V3,0.6617,unchanged
89,闘_ガブルカ_グッズ偏重_V3,0.3114,unchanged
89,炎_リザードンX_グッズ偏重_V3,0.5269,Out: アカネ / In: シトロンのリュック (Parent: 42/50 -> Mutant: 46/50)
90,水_スターミー_安定_V1,0.3685,unchanged
90,龍悪_ギラダク_究極_V6_アルティメット,0.6149,Out: ドンカラス / In: イーブイのバッグ (Parent: 26/50 -> Mutant: 34/50)
90,超_ミュウツー_グッズ偏重_V3,0.3449,unchanged
90,草_フシギバナ_グッズ偏重_V3,0.6636,unchanged
90,鋼_メルルギア_安定_V1,0.4072,Out: イツキ / In: ボスゴドラ (Parent: 24/50 -> Mutant: 28/50)
90,超_ゲンガー_究極_V6_アルティメット,0.7457,Out: こうらの化石 / In: どくバリ (Parent: 43/50 -> Mutant: 45/50)
90,闘_ガブルカ_安定_V1,0.5086,unchanged
90,闘_ガブルカ_グッズ偏重_V3,0.3111,unchanged
90,鋼_メルルギア_究極_V6_アルティメット,0.5584,unchanged
90,炎_リザードンX_グッズ偏重_V3,0.5294,unchanged
90,超_ゲンガー_安定_V1,0.2016,Out: ゴースト / In: ナンジャモ (Parent: 12/50 -> Mutant: 15/50)
90,雷_ピカチュウ_安定_V1,0.7118,unchanged
90,草_フシギバナ_究極_V6_アルティメット,0.5426,Out: レッドカード / In: チェリム (Parent: 44/50 -> Mutant: 47/50)
90,草_フシギバナ_安定_V1,0.5916,unchanged
90,水_スターミー_グッズ偏重_V3,0.4366,unchanged
90,水_スターミー_究極_V6_アルティメット,0.6128,unchanged
90,雷_ピカチュウ_グッズ偏重_V3,0.4579,unchanged
90,闘_ガブルカ_究極_V6_アルティメット,0.4214,Out: ワルビル / In: ラッキーミトン (Parent: 30/50 -> Mutant: 33/50)
90,龍悪_ギラダク_グッズ偏重_V3,0.7196,unchanged
90,超_ミュウツー_究極_V6_アルティメット,0.5069,Out: ギンガ団のしたっぱ / In: ゴツゴツメット (Parent: 33/50 -> Mutant: 40/50)
90,超_ゲンガー_グッズ偏重_V3,0.1753,unchanged
90,超_ミュウツー_安定_V1,0.5994,unchanged
90,雷_ピカチュウ_究極_V6_アルティメット,0.5779,unchanged
90,龍悪_ギラダク_安定_V1,0.5228,Out: オトシドリ / In: 幻の石板 (Parent: 29/50 -> Mutant: 36/50)
90,炎_リザードンX_究極_V6_アルティメット,0.4013,unchanged
90,炎_リザードンX_安定_V1,0.6217,unchanged
90,鋼_メルルギア_グッズ偏重_V3,0.3466,Out: オボンのみ / In: プリン (Parent: 14/50 -> Mutant: 16/50)
91,超_ミュウツー_安定_V1,0.5984,unchanged
91,闘_ガブルカ_安定_V1,0.5110,unchanged
91,水_スターミー_安定_V1,0.3680,unchanged
91,闘_ガブルカ_グッズ偏重_V3,0.3113,unchanged
91,超_ミュウツー_グッズ偏重_V3,0.3442,Out: ガラルサニーゴ / In: ポケモンセンターのお姉さん (Parent: 15/50 -> Mutant: 17/50)
91,闘_ガブルカ_究極_V6_アルティメット,0.4229,Out: リーフマント / In: ラムパルド (Parent: 29/50 -> Mutant: 34/50)
91,鋼_メルルギア_グッズ偏重_V3,0.3467,unchanged
91,水_スターミー_究極_V6_アルティメット,0.6133,unchanged
91,超_ゲンガー_安定_V1,0.2021,unchanged
91,鋼_メルルギア_究極_V6_アルティメット,0.5608,unchanged
91,龍悪_ギラダク_グッズ偏重_V3,0.7173,unchanged
91,水_スターミー_グッズ偏重_V3,0.4369,unchanged
91,草_フシギバナ_究極_V6_アルティメット,0.5448,unchanged
91,超_ミュウツー_究極_V6_アルティメット,0.5071,Out: マーマネ / In: ゼニガメじょうろ (Parent: 31/50 -> Mutant: 36/50)
91,龍悪_ギラダク_究極_V6_アルティメット,0.6125,unchanged
91,雷_ピカチュウ_究極_V6_アルティメット,0.5779,unchanged
91,炎_リザードンX_安定_V1,0.6215,unchanged
91,炎_リザードンX_グッズ偏重_V3,0.5314,unchanged
91,雷_ピカチュウ_安定_V1,0.7113,unchanged
91,草_フシギバナ_安定_V1,0.5909,Out: メガフシギバナex / In: いたずらルーレット (Parent: 35/50 -> Mutant: 37/50)
91,雷_ピカチュウ_グッズ偏重_V3,0.4585,Out: ポケモン通信 / In: ポケモン図鑑 (Parent: 43/50 -> Mutant: 46/50)
91,龍悪_ギラダク_安定_V1,0.5222,unchanged
91,炎_リザードンX_究極_V6_アルティメット,0.3995,Out: 釣り人 / In: レシラム (Parent: 23/50 -> Mutant: 28/50)
91,草_フシギバナ_グッズ偏重_V3,0.6642,Out: マユルド / In: ヤナッキー (Parent: 39/50 -> Mutant: 45/50)
91,超_ゲンガー_究極_V6_アルティメット,0.7446,unchanged
91,鋼_メルルギア_安定_V1,0.4062,unchanged
91,超_ゲンガー_グッズ偏重_V3,0.1743,unchanged
92,超_ゲンガー_安定_V1,0.2032,Out: ラルトス / In: レッドカード (Parent: 14/50 -> Mutant: 16/50)
92,雷_ピカチュウ_グッズ偏重_V3,0.4616,unchanged
92,炎_リザードンX_究極_V6_アルティメット,0.4004,Out: マツバ / In: ヤトウモリ (Parent: 27/50 -> Mutant: 29/50)
92,雷_ピカチュウ_究極_V6_アルティメット,0.5792,unchanged
92,闘_ガブルカ_安定_V1,0.5129,unchanged
92,雷_ピカチュウ_安定_V1,0.7123,unchanged
92,鋼_メルルギア_安定_V1,0.4069,unchanged
92,草_フシギバナ_グッズ偏重_V3,0.6658,unchanged
92,水_スターミー_グッズ偏重_V3,0.4374,unchanged
92,鋼_メルルギア_究極_V6_アルティメット,0.5634,unchanged
92,鋼_メルルギア_グッズ偏重_V3,0.3465,unchanged
92,水_スターミー_究極_V6_アルティメット,0.6130,unchanged
92,炎_リザードンX_グッズ偏重_V3,0.5337,Out: ブースター / In: バオッキー (Parent: 39/50 -> Mutant: 44/50)
92,草_フシギバナ_安定_V1,0.5897,unchanged
92,超_ミュウツー_グッズ偏重_V3,0.3429,unchanged
92,草_フシギバナ_究極_V6_アルティメット,0.5461,unchanged
92,闘_ガブルカ_グッズ偏重_V3,0.3107,unchanged
92,龍悪_ギラダク_安定_V1,0.5218,unchanged
92,超_ミュウツー_究極_V6_アルティメット,0.5070,Out: ハンドスコープ / In: ゴチルゼル (Parent: 34/50 -> Mutant: 36/50)
92,超_ゲンガー_究極_V6_アルティメット,0.7438,Out: ゴチミル / In: エムリット (Parent: 32/50 -> Mutant: 38/50)
92,水_スターミー_安定_V1,0.3661,Out: オーガポンいどのめん / In: マリル (Parent: 14/50 -> Mutant: 21/50)
92,龍悪_ギラダク_グッズ偏重_V3,0.7144,Out: レパルダス / In: ゴースト (Parent: 33/50 -> Mutant: 41/50)
92,闘_ガブルカ_究極_V6_アルティメット,0.4221,unchanged
92,龍悪_ギラダク_究極_V6_アルティメット,0.6097,Out: ヒドイデ / In: マタドガス (Parent: 32/50 -> Mutant: 38/50)
92,炎_リザードンX_安定_V1,0.6208,unchanged
92,超_ゲンガー_グッズ偏重_V3,0.1740,unchanged
92,超_ミュウツー_安定_V1,0.5946,unchanged
93,超_ゲンガー_究極_V6_アルティメット,0.7428,Out: ハウ / In: ブルンゲル (Parent: 28/50 -> Mutant: 35/50)
93,雷_ピカチュウ_究極_V6_アルティメット,0.5814,unchanged
93,鋼_メルルギア_安定_V1,0.4078,unchanged
93,龍悪_ギラダク_安定_V1,0.5229,Out: ジャグラー / In: イーブイのバッグ (Parent: 33/50 -> Mutant: 35/50)
93,水_スターミー_究極_V6_アルティメット,0.6138,unchanged
93,超_ミュウツー_グッズ偏重_V3,0.3424,unchanged
93,雷_ピカチュウ_安定_V1,0.7132,unchanged
93,鋼_メルルギア_グッズ偏重_V3,0.3469,Out: デカグース / In: マーマネ (Parent: 19/50 -> Mutant: 25/50)
93,炎_リザードンX_究極_V6_アルティメット,0.4006,Out: ハイキングコース / In: ファイヤーex (Parent: 22/50 -> Mutant: 31/50)
93,超_ゲンガー_安定_V1,0.2036,Out: 鋼鉄のまえかけ / In: メンテナンス (Parent: 13/50 -> Mutant: 18/50)
93,炎_リザードンX_安定_V1,0.6215,unchanged
93,闘_ガブルカ_安定_V1,0.5142,unchanged
93,水_スターミー_安定_V1,0.3648,Out: マリル / In: ポッチャマ (Parent: 5/50 -> Mutant: 13/50)
93,闘_ガブルカ_究極_V6_アルティメット,0.4227,unchanged
93,超_ゲンガー_グッズ偏重_V3,0.1743,unchanged
93,水_スターミー_グッズ偏重_V3,0.4375,Out: そうじゅくエキス / In: レスキュースカーフ (Parent: 18/50 -> Mutant: 27/50)
93,超_ミュウツー_究極_V6_アルティメット,0.5076,unchanged
93,龍悪_ギラダク_究極_V6_アルティメット,0.6074,unchanged
93,炎_リザードンX_グッズ偏重_V3,0.5357,unchanged
93,草_フシギバナ_グッズ偏重_V3,0.6670,unchanged
93,草_フシギバナ_究極_V6_アルティメット,0.5467,unchanged
93,草_フシギバナ_安定_V1,0.5882,unchanged
93,超_ミュウツー_安定_V1,0.5917,unchanged
93,雷_ピカチュウ_グッズ偏重_V3,0.4619,Out: セレナ / In: ネモ (Parent: 37/50 -> Mutant: 42/50)
93,鋼_メルルギア_究極_V6_アルティメット,0.5639,unchanged
93,龍悪_ギラダク_グッズ偏重_V3,0.7105,Out: ダークペンダント / In: ジャランゴ (Parent: 36/50 -> Mutant: 44/50)
93,闘_ガブルカ_グッズ偏重_V3,0.3089,unchanged
94,超_ミュウツー_究極_V6_アルティメット,0.5095,unchanged
94,炎_リザードンX_究極_V6_アルティメット,0.4021,unchanged
94,龍悪_ギラダク_グッズ偏重_V3,0.7100,Out: ひみつのコハク / In: クリムガン (Parent: 26/50 -> Mutant: 31/50)
94,闘_ガブルカ_グッズ偏重_V3,0.3096,unchanged
94,超_ゲンガー_グッズ偏重_V3,0.1749,unchanged
94,水_スターミー_究極_V6_アルティメット,0.6149,unchanged
94,鋼_メルルギア_安定_V1,0.4082,Out: ビッパ / In: ドリュウズ (Parent: 32/50 -> Mutant: 34/50)
94,炎_リザードンX_グッズ偏重_V3,0.5385,unchanged
94,龍悪_ギラダク_究極_V6_アルティメット,0.6066,unchanged
94,草_フシギバナ_安定_V1,0.5878,Out: アマカジ / In: グソクムシャ (Parent: 37/50 -> Mutant: 39/50)
94,水_スターミー_グッズ偏重_V3,0.4379,Out: ウデッポウ / In: テーブルシティ (Parent: 28/50 -> Mutant: 32/50)
94,超_ミュウツー_安定_V1,0.5905,unchanged
94,超_ミュウツー_グッズ偏重_V3,0.3414,Out: ポケモンの笛 / In: ラティオス (Parent: 16/50 -> Mutant: 23/50)
94,水_スターミー_安定_V1,0.3636,unchanged
94,雷_ピカチュウ_グッズ偏重_V3,0.4636,unchanged
94,炎_リザードンX_安定_V1,0.6217,unchanged
94,草_フシギバナ_グッズ偏重_V3,0.6686,unchanged
94,超_ゲンガー_安定_V1,0.2033,unchanged
94,闘_ガブルカ_究極_V6_アルティメット,0.4223,unchanged
94,龍悪_ギラダク_安定_V1,0.5225,Out: イーブイのバッグ / In: レパルダス (Parent: 35/50 -> Mutant: 41/50)
94,雷_ピカチュウ_安定_V1,0.7125,unchanged
94,草_フシギバナ_究極_V6_アルティメット,0.5476,unchanged
94,闘_ガブルカ_安定_V1,0.5139,unchanged
94,鋼_メルルギア_グッズ偏重_V3,0.3449,unchanged
94,鋼_メルルギア_究極_V6_アルティメット,0.5645,Out: メガクチートex / In: ドリュウズ (Parent: 39/50 -> Mutant: 43/50)
94,雷_ピカチュウ_究極_V6_アルティメット,0.5797,unchanged
94,超_ゲンガー_究極_V6_アルティメット,0.7393,unchanged
95,闘_ガブルカ_究極_V6_アルティメット,0.4244,unchanged
95,水_スターミー_グッズ偏重_V3,0.4396,Out: ひみつのコハク / In: パルキアex (Parent: 26/50 -> Mutant: 31/50)
95,草_フシギバナ_グッズ偏重_V3,0.6706,unchanged
95,草_フシギバナ_安定_V1,0.5882,unchanged
95,鋼_メルルギア_究極_V6_アルティメット,0.5663,unchanged
95,雷_ピカチュウ_究極_V6_アルティメット,0.5810,unchanged
95,雷_ピカチュウ_安定_V1,0.7134,unchanged
95,水_スターミー_安定_V1,0.3623,unchanged
95,鋼_メルルギア_安定_V1,0.4088,unchanged
95,鋼_メルルギア_グッズ偏重_V3,0.3444,unchanged
95,水_スターミー_究極_V6_アルティメット,0.6152,unchanged
95,超_ミュウツー_グッズ偏重_V3,0.3408,Out: ブーピッグ / In: スター団のしたっぱ (Parent: 22/50 -> Mutant: 26/50)
95,炎_リザードンX_安定_V1,0.6224,unchanged
95,闘_ガブルカ_グッズ偏重_V3,0.3090,unchanged
95,炎_リザードンX_グッズ偏重_V3,0.5406,Out: ウォーターボート / In: シルバー (Parent: 42/50 -> Mutant: 44/50)
95,草_フシギバナ_究極_V6_アルティメット,0.5492,unchanged
95,闘_ガブルカ_安定_V1,0.5147,Out: メタルコアバリア / In: はじまりの平原 (Parent: 32/50 -> Mutant: 40/50)
95,超_ミュウツー_究極_V6_アルティメット,0.5094,Out: ルチア / In: ニンフィアex (Parent: 40/50 -> Mutant: 42/50)
95,超_ゲンガー_安定_V1,0.2027,unchanged
95,龍悪_ギラダク_究極_V6_アルティメット,0.6048,Out: マタドガス / In: ヘビーメット (Parent: 30/50 -> Mutant: 33/50)
95,龍悪_ギラダク_安定_V1,0.5222,unchanged
95,龍悪_ギラダク_グッズ偏重_V3,0.7076,unchanged
95,雷_ピカチュウ_グッズ偏重_V3,0.4637,unchanged
95,炎_リザードンX_究極_V6_アルティメット,0.4011,Out: フレイムパッチ / In: ロコン (Parent: 20/50 -> Mutant: 29/50)
95,超_ゲンガー_究極_V6_アルティメット,0.7364,unchanged
95,超_ミュウツー_安定_V1,0.5873,unchanged
95,超_ゲンガー_グッズ偏重_V3,0.1741,unchanged
96,草_フシギバナ_安定_V1,0.5892,unchanged
96,雷_ピカチュウ_安定_V1,0.7148,unchanged
96,超_ゲンガー_安定_V1,0.2035,unchanged
96,炎_リザードンX_安定_V1,0.6237,unchanged
96,超_ミュウツー_グッズ偏重_V3,0.3409,unchanged
96,闘_ガブルカ_究極_V6_アルティメット,0.4260,unchanged
96,雷_ピカチュウ_グッズ偏重_V3,0.4662,unchanged
96,鋼_メルルギア_究極_V6_アルティメット,0.5676,Out: ポケモン通信 / In: ムクバード (Parent: 38/50 -> Mutant: 41/50)
96,水_スターミー_グッズ偏重_V3,0.4409,unchanged
96,雷_ピカチュウ_究極_V6_アルティメット,0.5814,unchanged
96,龍悪_ギラダク_究極_V6_アルティメット,0.6036,unchanged
96,鋼_メルルギア_安定_V1,0.4092,unchanged
96,水_スターミー_究極_V6_アルティメット,0.6146,unchanged
96,闘_ガブルカ_安定_V1,0.5152,unchanged
96,闘_ガブルカ_グッズ偏重_V3,0.3083,unchanged
96,超_ミュウツー_安定_V1,0.5852,unchanged
96,草_フシギバナ_究極_V6_アルティメット,0.5503,unchanged
96,炎_リザードンX_グッズ偏重_V3,0.5426,unchanged
96,超_ゲンガー_グッズ偏重_V3,0.1738,Out: マオ / In: ゴチルゼル (Parent: 10/50 -> Mutant: 14/50)
96,草_フシギバナ_グッズ偏重_V3,0.6713,Out: エリカ / In: ナンジャモ (Parent: 44/50 -> Mutant: 46/50)
96,炎_リザードンX_究極_V6_アルティメット,0.4003,unchanged
96,超_ミュウツー_究極_V6_アルティメット,0.5089,unchanged
96,龍悪_ギラダク_安定_V1,0.5219,unchanged
96,鋼_メルルギア_グッズ偏重_V3,0.3425,unchanged
96,超_ゲンガー_究極_V6_アルティメット,0.7337,unchanged
96,龍悪_ギラダク_グッズ偏重_V3,0.7047,unchanged
96,水_スターミー_安定_V1,0.3599,unchanged
97,超_ゲンガー_究極_V6_アルティメット,0.7325,unchanged
97,超_ゲンガー_安定_V1,0.2046,unchanged
97,水_スターミー_究極_V6_アルティメット,0.6157,unchanged
97,水_スターミー_安定_V1,0.3590,unchanged
97,炎_リザードンX_グッズ偏重_V3,0.5456,Out: アカネ / In: リザードン (Parent: 37/50 -> Mutant: 42/50)
97,水_スターミー_グッズ偏重_V3,0.4430,unchanged
97,超_ミュウツー_グッズ偏重_V3,0.3410,Out: ラティオス / In: ゼニガメじょうろ (Parent: 16/50 -> Mutant: 20/50)
97,超_ミュウツー_安定_V1,0.5842,unchanged
97,草_フシギバナ_安定_V1,0.5890,unchanged
97,超_ミュウツー_究極_V6_アルティメット,0.5102,unchanged
97,闘_ガブルカ_究極_V6_アルティメット,0.4269,Out: カルム / In: アカギ (Parent: 30/50 -> Mutant: 32/50)
97,龍悪_ギラダク_安定_V1,0.5223,unchanged
97,雷_ピカチュウ_グッズ偏重_V3,0.4678,Out: ピカチュウex / In: いたずらルーレット (Parent: 34/50 -> Mutant: 41/50)
97,鋼_メルルギア_究極_V6_アルティメット,0.5684,Out: ポケモン図鑑 / In: ヤルキモノ (Parent: 39/50 -> Mutant: 42/50)
97,炎_リザードンX_安定_V1,0.6240,unchanged
97,雷_ピカチュウ_安定_V1,0.7146,Out: サンダーex / In: おさかなネット (Parent: 41/50 -> Mutant: 44/50)
97,草_フシギバナ_究極_V6_アルティメット,0.5515,unchanged
97,闘_ガブルカ_安定_V1,0.5159,unchanged
97,超_ゲンガー_グッズ偏重_V3,0.1737,Out: ムウマ / In: テーブルシティ (Parent: 13/50 -> Mutant: 15/50)
97,草_フシギバナ_グッズ偏重_V3,0.6718,unchanged
97,鋼_メルルギア_安定_V1,0.4086,unchanged
97,鋼_メルルギア_グッズ偏重_V3,0.3409,unchanged
97,炎_リザードンX_究極_V6_アルティメット,0.3993,unchanged
97,雷_ピカチュウ_究極_V6_アルティメット,0.5802,unchanged
97,龍悪_ギラダク_究極_V6_アルティメット,0.6010,unchanged
97,龍悪_ギラダク_グッズ偏重_V3,0.7016,unchanged
97,闘_ガブルカ_グッズ偏重_V3,0.3067,unchanged
98,超_ミュウツー_安定_V1,0.5834,Out: ヨノワール / In: ポケモン図鑑 (Parent: 28/50 -> Mutant: 33/50)
98,水_スターミー_グッズ偏重_V3,0.4455,unchanged
98,龍悪_ギラダク_グッズ偏重_V3,0.7005,unchanged
98,鋼_メルルギア_安定_V1,0.4097,unchanged
98,超_ゲンガー_究極_V6_アルティメット,0.7317,unchanged
98,鋼_メルルギア_究極_V6_アルティメット,0.5703,unchanged
98,雷_ピカチュウ_究極_V6_アルティメット,0.5816,unchanged
98,超_ミュウツー_究極_V6_アルティメット,0.5114,unchanged
98,炎_リザードンX_究極_V6_アルティメット,0.4000,unchanged
98,闘_ガブルカ_安定_V1,0.5173,unchanged
98,闘_ガブルカ_グッズ偏重_V3,0.3067,unchanged
98,龍悪_ギラダク_究極_V6_アルティメット,0.5998,Out: ゴツゴツメット / In: カイ (Parent: 29/50 -> Mutant: 32/50)
98,超_ゲンガー_グッズ偏重_V3,0.1741,unchanged
98,闘_ガブルカ_究極_V6_アルティメット,0.4273,unchanged
98,炎_リザードンX_安定_V1,0.6243,unchanged
98,水_スターミー_究極_V6_アルティメット,0.6152,Out: エンペルト / In: カルネ (Parent: 39/50 -> Mutant: 43/50)
98,草_フシギバナ_究極_V6_アルティメット,0.5524,Out: リーフィア / In: オーロット (Parent: 44/50 -> Mutant: 47/50)
98,超_ミュウツー_グッズ偏重_V3,0.3393,Out: ブーピッグ / In: レッドカード (Parent: 15/50 -> Mutant: 17/50)
98,雷_ピカチュウ_安定_V1,0.7138,Out: こうらの化石 / In: たべのこし (Parent: 40/50 -> Mutant: 45/50)
98,超_ゲンガー_安定_V1,0.2039,Out: ヒトモシ / In: プルリル (Parent: 20/50 -> Mutant: 23/50)
98,雷_ピカチュウ_グッズ偏重_V3,0.4675,unchanged
98,草_フシギバナ_安定_V1,0.5878,Out: グソクムシャ / In: ハラ (Parent: 35/50 -> Mutant: 37/50)
98,龍悪_ギラダク_安定_V1,0.5213,Out: ギラティナex / In: ギラティナ (Parent: 32/50 -> Mutant: 35/50)
98,水_スターミー_安定_V1,0.3568,unchanged
98,炎_リザードンX_グッズ偏重_V3,0.5468,unchanged
98,鋼_メルルギア_グッズ偏重_V3,0.3394,Out: ウールー / In: メタモン (Parent: 15/50 -> Mutant: 26/50)
98,草_フシギバナ_グッズ偏重_V3,0.6723,unchanged
99,超_ミュウツー_安定_V1,0.5827,Out: シトロンのリュック / In: ヨマワル (Parent: 22/50 -> Mutant: 31/50)
99,闘_ガブルカ_究極_V6_アルティメット,0.4291,Out: ドテッコツ / In: いたずらルーレット (Parent: 33/50 -> Mutant: 36/50)
99,鋼_メルルギア_グッズ偏重_V3,0.3399,Out: イーブイ / In: ドデカバシ (Parent: 13/50 -> Mutant: 15/50)
99,炎_リザードンX_安定_V1,0.6260,unchanged
99,炎_リザードンX_グッズ偏重_V3,0.5495,unchanged
99,龍悪_ギラダク_安定_V1,0.5215,Out: カルム / In: ハクリュー (Parent: 29/50 -> Mutant: 33/50)
99,闘_ガブルカ_安定_V1,0.5193,Out: ドサイドン / In: モノマネむすめ (Parent: 42/50 -> Mutant: 44/50)
99,龍悪_ギラダク_究極_V6_アルティメット,0.5991,unchanged
99,鋼_メルルギア_安定_V1,0.4101,unchanged
99,雷_ピカチュウ_究極_V6_アルティメット,0.5826,unchanged
99,草_フシギバナ_安定_V1,0.5879,unchanged
99,水_スターミー_グッズ偏重_V3,0.4466,unchanged
99,超_ミュウツー_究極_V6_アルティメット,0.5119,Out: ペロリーム / In: マーズ (Parent: 33/50 -> Mutant: 37/50)
99,雷_ピカチュウ_安定_V1,0.7137,unchanged
99,水_スターミー_究極_V6_アルティメット,0.6149,unchanged
99,水_スターミー_安定_V1,0.3556,Out: ポケモン通信 / In: ヒヤップ (Parent: 15/50 -> Mutant: 17/50)
99,鋼_メルルギア_究極_V6_アルティメット,0.5707,Out: ハンドスコープ / In: ジバコイル (Parent: 41/50 -> Mutant: 43/50)
99,草_フシギバナ_グッズ偏重_V3,0.6731,unchanged
99,超_ゲンガー_安定_V1,0.2037,unchanged
99,超_ゲンガー_グッズ偏重_V3,0.1740,unchanged
99,炎_リザードンX_究極_V6_アルティメット,0.3993,unchanged
99,龍悪_ギラダク_グッズ偏重_V3,0.6977,Out: ゴースト / In: シズイ (Parent: 30/50 -> Mutant: 39/50)
99,超_ゲンガー_究極_V6_アルティメット,0.7292,unchanged
99,超_ミュウツー_グッズ偏重_V3,0.3378,Out: ゼニガメじょうろ / In: ブルー (Parent: 16/50 -> Mutant: 20/50)
99,雷_ピカチュウ_グッズ偏重_V3,0.4668,unchanged
99,闘_ガブルカ_グッズ偏重_V3,0.3052,Out: コジョフー / In: リオル (Parent: 14/50 -> Mutant: 17/50)
99,草_フシギバナ_究極_V6_アルティメット,0.5521,unchanged
100,超_ミュウツー_究極_V6_アルティメット,0.5141,unchanged
100,闘_ガブルカ_究極_V6_アルティメット,0.4310,unchanged
100,炎_リザードンX_グッズ偏重_V3,0.5523,unchanged
100,炎_リザードンX_究極_V6_アルティメット,0.4001,unchanged
100,雷_ピカチュウ_安定_V1,0.7144,Out: ハルカ / In: たべのこし (Parent: 42/50 -> Mutant: 46/50)
100,鋼_メルルギア_グッズ偏重_V3,0.3398,unchanged
100,鋼_メルルギア_究極_V6_アルティメット,0.5723,unchanged
100,龍悪_ギラダク_究極_V6_アルティメット,0.5988,unchanged
100,草_フシギバナ_安定_V1,0.5879,unchanged
100,龍悪_ギラダク_グッズ偏重_V3,0.6960,unchanged
100,水_スターミー_グッズ偏重_V3,0.4477,Out: アセロラ / In: アローラサンド (Parent: 30/50 -> Mutant: 36/50)
100,超_ミュウツー_安定_V1,0.5810,unchanged
100,超_ミュウツー_グッズ偏重_V3,0.3368,Out: やまおとこ / In: ハイキングコース (Parent: 14/50 -> Mutant: 18/50)
100,水_スターミー_安定_V1,0.3540,unchanged
100,鋼_メルルギア_安定_V1,0.4103,unchanged
100,草_フシギバナ_究極_V6_アルティメット,0.5538,Out: チェリム / In: カキ (Parent: 43/50 -> Mutant: 47/50)
100,雷_ピカチュウ_究極_V6_アルティメット,0.5827,unchanged
100,闘_ガブルカ_安定_V1,0.5197,unchanged
100,超_ゲンガー_究極_V6_アルティメット,0.7269,Out: ラムのみ / In: ゴルーグ (Parent: 26/50 -> Mutant: 34/50)
100,炎_リザードンX_安定_V1,0.6254,unchanged
100,龍悪_ギラダク_安定_V1,0.5208,unchanged
100,雷_ピカチュウ_グッズ偏重_V3,0.4667,unchanged
100,草_フシギバナ_グッズ偏重_V3,0.6735,unchanged
100,水_スターミー_究極_V6_アルティメット,0.6137,Out: やまおとこ / In: アカネ (Parent: 30/50 -> Mutant: 40/50)
100,闘_ガブルカ_グッズ偏重_V3,0.3041,Out: ふしぎなアメ / In: ルチャブル (Parent: 15/50 -> Mutant: 25/50)
100,超_ゲンガー_安定_V1,0.2031,unchanged
100,超_ゲンガー_グッズ偏重_V3,0.1732,unchanged
101,闘_ガブルカ_安定_V1,0.5223,unchanged
101,龍悪_ギラダク_グッズ偏重_V3,0.6952,Out: アカネ / In: スカンプー (Parent: 29/50 -> Mutant: 35/50)
101,雷_ピカチュウ_グッズ偏重_V3,0.4689,Out: エレキブル / In: スピーダー (Parent: 35/50 -> Mutant: 42/50)
101,炎_リザードンX_グッズ偏重_V3,0.5550,unchanged
101,草_フシギバナ_グッズ偏重_V3,0.6749,unchanged
101,龍悪_ギラダク_究極_V6_アルティメット,0.5979,unchanged
101,超_ゲンガー_究極_V6_アルティメット,0.7256,Out: ゴースト / In: 鋼鉄のまえかけ (Parent: 29/50 -> Mutant: 36/50)
101,龍悪_ギラダク_安定_V1,0.5212,unchanged
101,超_ゲンガー_グッズ偏重_V3,0.1739,Out: ラッキーミトン / In: ふしぎなアメ (Parent: 11/50 -> Mutant: 13/50)
101,闘_ガブルカ_究極_V6_アルティメット,0.4321,Out: ゴツゴツメット / In: ギンガ団のしたっぱ (Parent: 26/50 -> Mutant: 28/50)
101,雷_ピカチュウ_究極_V6_アルティメット,0.5835,unchanged
101,超_ミュウツー_究極_V6_アルティメット,0.5151,unchanged
101,超_ミュウツー_グッズ偏重_V3,0.3358,unchanged
101,水_スターミー_安定_V1,0.3528,unchanged
101,闘_ガブルカ_グッズ偏重_V3,0.3039,unchanged
101,草_フシギバナ_究極_V6_アルティメット,0.5547,unchanged
101,水_スターミー_グッズ偏重_V3,0.4483,unchanged
101,草_フシギバナ_安定_V1,0.5871,Out: ジャグラー / In: キャタピー (Parent: 32/50 -> Mutant: 34/50)
101,超_ゲンガー_安定_V1,0.2031,unchanged
101,炎_リザードンX_安定_V1,0.6252,unchanged
101,炎_リザードンX_究極_V6_アルティメット,0.3995,unchanged
101,鋼_メルルギア_安定_V1,0.4098,Out: きずぐすり / In: バクオング (Parent: 24/50 -> Mutant: 29/50)
101,水_スターミー_究極_V6_アルティメット,0.6127,Out: エンペルト / In: グレイシア (Parent: 30/50 -> Mutant: 34/50)
101,雷_ピカチュウ_安定_V1,0.7130,unchanged
101,鋼_メルルギア_グッズ偏重_V3,0.3383,unchanged
101,鋼_メルルギア_究極_V6_アルティメット,0.5720,unchanged
101,超_ミュウツー_安定_V1,0.5781,Out: ヒレの化石 / In: グリーン (Parent: 26/50 -> Mutant: 28/50)
102,水_スターミー_安定_V1,0.3524,unchanged
102,超_ミュウツー_究極_V6_アルティメット,0.5169,unchanged
102,龍悪_ギラダク_究極_V6_アルティメット,0.5976,unchanged
102,超_ゲンガー_安定_V1,0.2037,Out: カルネ / In: ムウマージ (Parent: 14/50 -> Mutant: 17/50)
102,雷_ピカチュウ_安定_V1,0.7141,unchanged
102,闘_ガブルカ_グッズ偏重_V3,0.3044,Out: ゴローン / In: ゴツゴツメット (Parent: 16/50 -> Mutant: 19/50)
102,草_フシギバナ_グッズ偏重_V3,0.6765,Out: ラランテス / In: ペパー (Parent: 38/50 -> Mutant: 45/50)
102,龍悪_ギラダク_安定_V1,0.5219,unchanged
102,超_ゲンガー_究極_V6_アルティメット,0.7242,unchanged
102,草_フシギバナ_安定_V1,0.5867,unchanged
102,鋼_メルルギア_究極_V6_アルティメット,0.5735,Out: オニドリル / In: フレイムパッチ (Parent: 35/50 -> Mutant: 44/50)
102,鋼_メルルギア_グッズ偏重_V3,0.3381,unchanged
102,炎_リザードンX_グッズ偏重_V3,0.5571,unchanged
102,炎_リザードンX_安定_V1,0.6258,unchanged
102,炎_リザードンX_究極_V6_アルティメット,0.3998,unchanged
102,鋼_メルルギア_安定_V1,0.4100,unchanged
102,水_スターミー_究極_V6_アルティメット,0.6126,Out: ネオラント / In: マオ (Parent: 32/50 -> Mutant: 39/50)
102,超_ミュウツー_グッズ偏重_V3,0.3345,unchanged
102,雷_ピカチュウ_究極_V6_アルティメット,0.5834,unchanged
102,闘_ガブルカ_安定_V1,0.5223,unchanged
102,超_ミュウツー_安定_V1,0.5754,Out: ゴース / In: ヒカリ (Parent: 24/50 -> Mutant: 28/50)
102,水_スターミー_グッズ偏重_V3,0.4483,unchanged
102,超_ゲンガー_グッズ偏重_V3,0.1736,Out: メタルコアバリア / In: サマヨール (Parent: 12/50 -> Mutant: 16/50)
102,草_フシギバナ_究極_V6_アルティメット,0.5554,Out: エリカ / In: カイ (Parent: 42/50 -> Mutant: 44/50)
102,雷_ピカチュウ_グッズ偏重_V3,0.4686,unchanged
102,闘_ガブルカ_究極_V6_アルティメット,0.4309,unchanged
102,龍悪_ギラダク_グッズ偏重_V3,0.6922,unchanged
103,超_ゲンガー_グッズ偏重_V3,0.1746,Out: ゴチルゼル / In: ガラルポニータ (Parent: 12/50 -> Mutant: 16/50)
103,炎_リザードンX_究極_V6_アルティメット,0.4011,unchanged
103,鋼_メルルギア_究極_V6_アルティメット,0.5754,unchanged
103,雷_ピカチュウ_グッズ偏重_V3,0.4710,unchanged
103,鋼_メルルギア_グッズ偏重_V3,0.3384,Out: アカネ / In: イーブイ (Parent: 9/50 -> Mutant: 19/50)
103,超_ゲンガー_安定_V1,0.2042,unchanged
103,闘_ガブルカ_グッズ偏重_V3,0.3046,unchanged
103,草_フシギバナ_グッズ偏重_V3,0.6780,unchanged
103,水_スターミー_安定_V1,0.3517,Out: コアルヒー / In: ウミディグダ (Parent: 11/50 -> Mutant: 13/50)
103,超_ミュウツー_究極_V6_アルティメット,0.5178,unchanged
103,闘_ガブルカ_究極_V6_アルティメット,0.4321,unchanged
103,雷_ピカチュウ_安定_V1,0.7144,unchanged
103,鋼_メルルギア_安定_V1,0.4104,unchanged
103,龍悪_ギラダク_安定_V1,0.5217,Out: こうらの化石 / In: レスキュースカーフ (Parent: 30/50 -> Mutant: 33/50)
103,水_スターミー_究極_V6_アルティメット,0.6128,unchanged
103,超_ゲンガー_究極_V6_アルティメット,0.7226,Out: ゴルーグ / In: プルリル (Parent: 37/50 -> Mutant: 42/50)
103,龍悪_ギラダク_究極_V6_アルティメット,0.5962,unchanged
103,水_スターミー_グッズ偏重_V3,0.4486,Out: パルキアex / In: シトロン (Parent: 30/50 -> Mutant: 37/50)
103,闘_ガブルカ_安定_V1,0.5225,Out: はねの化石 / In: エレキコード (Parent: 41/50 -> Mutant: 44/50)
103,草_フシギバナ_安定_V1,0.5857,unchanged
103,龍悪_ギラダク_グッズ偏重_V3,0.6896,Out: はじまりの平原 / In: ハクリュー (Parent: 30/50 -> Mutant: 32/50)
103,雷_ピカチュウ_究極_V6_アルティメット,0.5831,unchanged
103,超_ミュウツー_グッズ偏重_V3,0.3327,Out: 当たりつきアイス / In: クレッフィ (Parent: 17/50 -> Mutant: 20/50)
103,炎_リザードンX_グッズ偏重_V3,0.5580,Out: 博士の研究 / In: エレメンタルつけかえ (Parent: 37/50 -> Mutant: 40/50)
103,草_フシギバナ_究極_V6_アルティメット,0.5555,unchanged
103,超_ミュウツー_安定_V1,0.5725,Out: ネマシュ / In: ゴチルゼル (Parent: 31/50 -> Mutant: 36/50)
103,炎_リザードンX_安定_V1,0.6247,unchanged
104,龍悪_ギラダク_究極_V6_アルティメット,0.5964,unchanged
104,炎_リザードンX_安定_V1,0.6262,unchanged
104,草_フシギバナ_安定_V1,0.5859,unchanged
104,雷_ピカチュウ_グッズ偏重_V3,0.4734,Out: たての化石 / In: シズイ (Parent: 35/50 -> Mutant: 38/50)
104,水_スターミー_グッズ偏重_V3,0.4496,Out: メガヤドランex / In: フリージオ (Parent: 18/50 -> Mutant: 21/50)
104,超_ゲンガー_グッズ偏重_V3,0.1753,unchanged
104,雷_ピカチュウ_安定_V1,0.7150,unchanged
104,炎_リザードンX_グッズ偏重_V3,0.5603,Out: エンテイex / In: ひみつのコハク (Parent: 41/50 -> Mutant: 43/50)
104,雷_ピカチュウ_究極_V6_アルティメット,0.5840,unchanged
104,超_ミュウツー_安定_V1,0.5722,unchanged
104,闘_ガブルカ_安定_V1,0.5234,unchanged
104,超_ミュウツー_グッズ偏重_V3,0.3319,unchanged
104,鋼_メルルギア_安定_V1,0.4107,unchanged
104,鋼_メルルギア_グッズ偏重_V3,0.3380,unchanged
104,炎_リザードンX_究極_V6_アルティメット,0.4008,unchanged
104,龍悪_ギラダク_グッズ偏重_V3,0.6875,unchanged
104,龍悪_ギラダク_安定_V1,0.5216,unchanged
104,闘_ガブルカ_グッズ偏重_V3,0.3039,Out: はねの化石 / In: グラジオ (Parent: 12/50 -> Mutant: 20/50)
104,超_ゲンガー_究極_V6_アルティメット,0.7200,Out: ゴースト / In: ミュウex (Parent: 27/50 -> Mutant: 36/50)
104,水_スターミー_究極_V6_アルティメット,0.6119,unchanged
104,鋼_メルルギア_究極_V6_アルティメット,0.5754,unchanged
104,闘_ガブルカ_究極_V6_アルティメット,0.4318,unchanged
104,超_ゲンガー_安定_V1,0.2037,Out: ヒレの化石 / In: ゴルーグ (Parent: 19/50 -> Mutant: 23/50)
104,超_ミュウツー_究極_V6_アルティメット,0.5174,Out: カスミ / In: エリカ (Parent: 35/50 -> Mutant: 37/50)
104,草_フシギバナ_グッズ偏重_V3,0.6786,unchanged
104,水_スターミー_安定_V1,0.3497,unchanged
104,草_フシギバナ_究極_V6_アルティメット,0.5555,unchanged
105,闘_ガブルカ_安定_V1,0.5259,unchanged
105,龍悪_ギラダク_安定_V1,0.5227,unchanged
105,炎_リザードンX_安定_V1,0.6274,unchanged
105,草_フシギバナ_究極_V6_アルティメット,0.5580,unchanged
105,鋼_メルルギア_安定_V1,0.4118,unchanged
105,草_フシギバナ_安定_V1,0.5856,Out: マッシブーン / In: 大きなふうせん (Parent: 26/50 -> Mutant: 31/50)
105,超_ミュウツー_究極_V6_アルティメット,0.5186,unchanged
105,闘_ガブルカ_グッズ偏重_V3,0.3044,unchanged
105,龍悪_ギラダク_グッズ偏重_V3,0.6859,unchanged
105,水_スターミー_究極_V6_アルティメット,0.6126,unchanged
105,水_スターミー_グッズ偏重_V3,0.4487,unchanged
105,超_ゲンガー_グッズ偏重_V3,0.1758,unchanged
105,炎_リザードンX_究極_V6_アルティメット,0.4008,unchanged
105,炎_リザードンX_グッズ偏重_V3,0.5622,Out: エンテイex / In: ラビフット (Parent: 39/50 -> Mutant: 41/50)
105,雷_ピカチュウ_グッズ偏重_V3,0.4739,unchanged
105,龍悪_ギラダク_究極_V6_アルティメット,0.5951,Out: ダークライ / In: 幻の石板 (Parent: 32/50 -> Mutant: 34/50)
105,鋼_メルルギア_究極_V6_アルティメット,0.5760,Out: はねの化石 / In: ジャグラー (Parent: 39/50 -> Mutant: 41/50)
105,鋼_メルルギア_グッズ偏重_V3,0.3370,Out: マオ / In: ペラップ (Parent: 14/50 -> Mutant: 21/50)
105,超_ゲンガー_安定_V1,0.2035,unchanged
105,超_ミュウツー_安定_V1,0.5705,Out: ゴルーグ / In: おさかなネット (Parent: 25/50 -> Mutant: 32/50)
105,草_フシギバナ_グッズ偏重_V3,0.6794,unchanged
105,超_ゲンガー_究極_V6_アルティメット,0.7179,unchanged
105,水_スターミー_安定_V1,0.3481,Out: カムカメ / In: ロケット団のしたっぱ (Parent: 13/50 -> Mutant: 15/50)
105,超_ミュウツー_グッズ偏重_V3,0.3300,unchanged
105,雷_ピカチュウ_究極_V6_アルティメット,0.5834,Out: モココ / In: パモット (Parent: 36/50 -> Mutant: 41/50)
105,闘_ガブルカ_究極_V6_アルティメット,0.4310,unchanged
105,雷_ピカチュウ_安定_V1,0.7139,unchanged
106,龍悪_ギラダク_安定_V1,0.5238,unchanged
106,炎_リザードンX_安定_V1,0.6289,unchanged
106,草_フシギバナ_グッズ偏重_V3,0.6811,unchanged
106,水_スターミー_グッズ偏重_V3,0.4484,Out: フリージオ / In: コアルヒー (Parent: 27/50 -> Mutant: 31/50)
106,草_フシギバナ_究極_V6_アルティメット,0.5607,unchanged
106,超_ミュウツー_安定_V1,0.5699,unchanged
106,闘_ガブルカ_グッズ偏重_V3,0.3044,unchanged
106,超_ミュウツー_究極_V6_アルティメット,0.5197,unchanged
106,草_フシギバナ_安定_V1,0.5856,unchanged
106,雷_ピカチュウ_安定_V1,0.7143,unchanged
106,水_スターミー_安定_V1,0.3476,unchanged
106,超_ゲンガー_グッズ偏重_V3,0.1761,unchanged
106,超_ゲンガー_究極_V6_アルティメット,0.7166,unchanged
106,鋼_メルルギア_グッズ偏重_V3,0.3365,unchanged
106,雷_ピカチュウ_究極_V6_アルティメット,0.5839,unchanged
106,炎_リザードンX_究極_V6_アルティメット,0.4010,Out: オボンのみ / In: マグマッグ (Parent: 28/50 -> Mutant: 32/50)
106,闘_ガブルカ_究極_V6_アルティメット,0.4312,unchanged
106,超_ミュウツー_グッズ偏重_V3,0.3285,Out: ハイキングコース / In: レッド (Parent: 11/50 -> Mutant: 17/50)
106,炎_リザードンX_グッズ偏重_V3,0.5637,Out: バオッキー / In: ルザミーネ (Parent: 40/50 -> Mutant: 44/50)
106,闘_ガブルカ_安定_V1,0.5264,unchanged
106,雷_ピカチュウ_グッズ偏重_V3,0.4741,Out: グズマ / In: ライコウ (Parent: 39/50 -> Mutant: 42/50)
106,龍悪_ギラダク_グッズ偏重_V3,0.6834,unchanged
106,水_スターミー_究極_V6_アルティメット,0.6117,unchanged
106,龍悪_ギラダク_究極_V6_アルティメット,0.5932,unchanged
106,鋼_メルルギア_究極_V6_アルティメット,0.5753,Out: フレイムパッチ / In: タテトプス (Parent: 34/50 -> Mutant: 38/50)
106,超_ゲンガー_安定_V1,0.2027,unchanged
106,鋼_メルルギア_安定_V1,0.4110,unchanged
107,超_ゲンガー_究極_V6_アルティメット,0.7163,unchanged
107,龍悪_ギラダク_究極_V6_アルティメット,0.5933,Out: ダークライex / In: ガバイト (Parent: 32/50 -> Mutant: 34/50)
107,超_ミュウツー_安定_V1,0.5698,unchanged
107,雷_ピカチュウ_安定_V1,0.7153,unchanged
107,水_スターミー_究極_V6_アルティメット,0.6126,Out: ギャラドスex / In: セレナ (Parent: 34/50 -> Mutant: 46/50)
107,超_ゲンガー_安定_V1,0.2033,unchanged
107,炎_リザードンX_究極_V6_アルティメット,0.4019,unchanged
107,雷_ピカチュウ_グッズ偏重_V3,0.4752,unchanged
107,草_フシギバナ_グッズ偏重_V3,0.6826,unchanged
107,水_スターミー_グッズ偏重_V3,0.4481,unchanged
107,超_ミュウツー_究極_V6_アルティメット,0.5204,unchanged
107,闘_ガブルカ_安定_V1,0.5273,unchanged
107,闘_ガブルカ_究極_V6_アルティメット,0.4321,Out: ハリテヤマ / In: 鋼鉄のまえかけ (Parent: 29/50 -> Mutant: 34/50)
107,水_スターミー_安定_V1,0.3465,unchanged
107,龍悪_ギラダク_グッズ偏重_V3,0.6811,unchanged
107,草_フシギバナ_究極_V6_アルティメット,0.5617,unchanged
107,闘_ガブルカ_グッズ偏重_V3,0.3040,Out: 釣り人 / In: カラカラ (Parent: 24/50 -> Mutant: 29/50)
107,炎_リザードンX_グッズ偏重_V3,0.5655,unchanged
107,超_ゲンガー_グッズ偏重_V3,0.1760,unchanged
107,炎_リザードンX_安定_V1,0.6288,unchanged
107,草_フシギバナ_安定_V1,0.5846,Out: パラセクト / In: ネマシュ (Parent: 34/50 -> Mutant: 36/50)
107,龍悪_ギラダク_安定_V1,0.5231,unchanged
107,雷_ピカチュウ_究極_V6_アルティメット,0.5832,unchanged
107,超_ミュウツー_グッズ偏重_V3,0.3270,unchanged
107,鋼_メルルギア_安定_V1,0.4104,unchanged
107,鋼_メルルギア_グッズ偏重_V3,0.3351,Out: ケララッパ / In: マチス (Parent: 14/50 -> Mutant: 22/50)
107,鋼_メルルギア_究極_V6_アルティメット,0.5749,unchanged
108,超_ゲンガー_究極_V6_アルティメット,0.7164,unchanged
108,超_ミュウツー_グッズ偏重_V3,0.3270,Out: ラルトス / In: フワンテ (Parent: 10/50 -> Mutant: 16/50)
108,草_フシギバナ_究極_V6_アルティメット,0.5646,unchanged
108,草_フシギバナ_グッズ偏重_V3,0.6840,unchanged
108,鋼_メルルギア_究極_V6_アルティメット,0.5770,unchanged
108,炎_リザードンX_グッズ偏重_V3,0.5673,unchanged
108,龍悪_ギラダク_究極_V6_アルティメット,0.5927,unchanged
108,龍悪_ギラダク_安定_V1,0.5232,Out: ガラルマッスグマ / In: ホイーガ (Parent: 28/50 -> Mutant: 31/50)
108,闘_ガブルカ_究極_V6_アルティメット,0.4335,Out: マッシブーンex / In: グラジオ (Parent: 22/50 -> Mutant: 25/50)
108,雷_ピカチュウ_究極_V6_アルティメット,0.5844,unchanged
108,闘_ガブルカ_グッズ偏重_V3,0.3039,unchanged
108,雷_ピカチュウ_安定_V1,0.7157,unchanged
108,鋼_メルルギア_グッズ偏重_V3,0.3348,Out: ヒカリ / In: ベロリンガ (Parent: 15/50 -> Mutant: 18/50)
108,草_フシギバナ_安定_V1,0.5840,unchanged
108,超_ゲンガー_安定_V1,0.2035,Out: 鋼鉄のまえかけ / In: フレイムパッチ (Parent: 11/50 -> Mutant: 17/50)
108,闘_ガブルカ_安定_V1,0.5279,Out: ルガルガン / In: ミノマダム (Parent: 36/50 -> Mutant: 39/50)
108,炎_リザードンX_究極_V6_アルティメット,0.4013,unchanged
108,水_スターミー_安定_V1,0.3454,unchanged
108,超_ゲンガー_グッズ偏重_V3,0.1759,unchanged
108,水_スターミー_グッズ偏重_V3,0.4468,unchanged
108,雷_ピカチュウ_グッズ偏重_V3,0.4751,unchanged
108,超_ミュウツー_安定_V1,0.5680,unchanged
108,鋼_メルルギア_安定_V1,0.4102,unchanged
108,炎_リザードンX_安定_V1,0.6280,Out: シズイ / In: デンジ (Parent: 36/50 -> Mutant: 42/50)
108,水_スターミー_究極_V6_アルティメット,0.6117,unchanged
108,龍悪_ギラダク_グッズ偏重_V3,0.6782,unchanged
108,超_ミュウツー_究極_V6_アルティメット,0.5197,Out: 月食ネクロズマ / In: スイレン (Parent: 36/50 -> Mutant: 41/50)
109,水_スターミー_究極_V6_アルティメット,0.6133,unchanged
109,炎_リザードンX_究極_V6_アルティメット,0.4027,unchanged
109,雷_ピカチュウ_安定_V1,0.7168,unchanged
109,水_スターミー_安定_V1,0.3453,unchanged
109,鋼_メルルギア_究極_V6_アルティメット,0.5787,Out: ハイキングコース / In: ミルタンク (Parent: 44/50 -> Mutant: 46/50)
109,草_フシギバナ_安定_V1,0.5834,unchanged
109,闘_ガブルカ_グッズ偏重_V3,0.3043,unchanged
109,超_ミュウツー_安定_V1,0.5676,unchanged
109,超_ミュウツー_グッズ偏重_V3,0.3266,Out: レッド / In: ボタン (Parent: 13/50 -> Mutant: 24/50)
109,水_スターミー_グッズ偏重_V3,0.4460,unchanged
109,草_フシギバナ_グッズ偏重_V3,0.6853,unchanged
109,闘_ガブルカ_究極_V6_アルティメット,0.4336,Out: エレメンタルつけかえ / In: カバルドン (Parent: 35/50 -> Mutant: 41/50)
109,龍悪_ギラダク_グッズ偏重_V3,0.6766,Out: カイリューex / In: メガゲンガーex (Parent: 27/50 -> Mutant: 31/50)
109,超_ゲンガー_安定_V1,0.2040,Out: ゲンガーex / In: エレメンタルつけかえ (Parent: 15/50 -> Mutant: 21/50)
109,龍悪_ギラダク_究極_V6_アルティメット,0.5914,Out: カイ / In: オーロンゲ (Parent: 24/50 -> Mutant: 31/50)
109,鋼_メルルギア_安定_V1,0.4106,unchanged
109,超_ゲンガー_究極_V6_アルティメット,0.7150,unchanged
109,闘_ガブルカ_安定_V1,0.5285,unchanged
109,鋼_メルルギア_グッズ偏重_V3,0.3339,unchanged
109,草_フシギバナ_究極_V6_アルティメット,0.5652,Out: フクスロー / In: グリーン (Parent: 45/50 -> Mutant: 50/50)
109,超_ミュウツー_究極_V6_アルティメット,0.5195,unchanged
109,炎_リザードンX_グッズ偏重_V3,0.5687,unchanged
109,炎_リザードンX_安定_V1,0.6276,Out: ブースター / In: メモリーライト (Parent: 41/50 -> Mutant: 43/50)
109,龍悪_ギラダク_安定_V1,0.5221,Out: ゾロア / In: スター団のしたっぱ (Parent: 28/50 -> Mutant: 31/50)
109,超_ゲンガー_グッズ偏重_V3,0.1753,Out: テーブルシティ / In: ペロッパフ (Parent: 13/50 -> Mutant: 18/50)
109,雷_ピカチュウ_グッズ偏重_V3,0.4743,unchanged
109,雷_ピカチュウ_究極_V6_アルティメット,0.5838,unchanged
110,闘_ガブルカ_究極_V6_アルティメット,0.4345,Out: ネンドール / In: ルガルガン (Parent: 29/50 -> Mutant: 36/50)
110,鋼_メルルギア_安定_V1,0.4122,Out: タケシ / In: オニスズメ (Parent: 26/50 -> Mutant: 33/50)
110,闘_ガブルカ_グッズ偏重_V3,0.3045,Out: カラカラ / In: イワパレス (Parent: 21/50 -> Mutant: 25/50)
110,龍悪_ギラダク_安定_V1,0.5233,unchanged
110,超_ゲンガー_安定_V1,0.2048,Out: フーディン / In: ブルー (Parent: 18/50 -> Mutant: 20/50)
110,草_フシギバナ_安定_V1,0.5832,Out: いたずらルーレット / In: マラカッチ (Parent: 27/50 -> Mutant: 38/50)
110,超_ミュウツー_グッズ偏重_V3,0.3262,unchanged
110,超_ゲンガー_究極_V6_アルティメット,0.7143,unchanged
110,雷_ピカチュウ_グッズ偏重_V3,0.4751,Out: ヒレの化石 / In: エレザード (Parent: 33/50 -> Mutant: 38/50)
110,雷_ピカチュウ_究極_V6_アルティメット,0.5849,unchanged
110,鋼_メルルギア_究極_V6_アルティメット,0.5790,unchanged
110,炎_リザードンX_グッズ偏重_V3,0.5706,Out: ラビフット / In: ハルカ (Parent: 38/50 -> Mutant: 44/50)
110,水_スターミー_グッズ偏重_V3,0.4453,Out: ブロスター / In: シャワーズ (Parent: 19/50 -> Mutant: 28/50)
110,闘_ガブルカ_安定_V1,0.5297,unchanged
110,草_フシギバナ_究極_V6_アルティメット,0.5664,Out: チェリム / In: カンナギタウンの長老 (Parent: 46/50 -> Mutant: 48/50)
110,水_スターミー_安定_V1,0.3443,Out: ロケット団のしたっぱ / In: ギャラドス (Parent: 15/50 -> Mutant: 17/50)
110,炎_リザードンX_究極_V6_アルティメット,0.4024,unchanged
110,炎_リザードンX_安定_V1,0.6277,Out: グレンアルマex / In: カツラ (Parent: 43/50 -> Mutant: 47/50)
110,雷_ピカチュウ_安定_V1,0.7167,unchanged
110,水_スターミー_究極_V6_アルティメット,0.6127,Out: ギャラドス / In: テーブルシティ (Parent: 34/50 -> Mutant: 39/50)
110,龍悪_ギラダク_究極_V6_アルティメット,0.5894,Out: チョロネコ / In: ラッキーミトン (Parent: 23/50 -> Mutant: 35/50)
110,草_フシギバナ_グッズ偏重_V3,0.6856,unchanged
110,龍悪_ギラダク_グッズ偏重_V3,0.6750,Out: ダストダス / In: ハンサム (Parent: 29/50 -> Mutant: 34/50)
110,超_ゲンガー_グッズ偏重_V3,0.1748,unchanged
110,鋼_メルルギア_グッズ偏重_V3,0.3327,Out: ギルガルド / In: ドリュウズ (Parent: 12/50 -> Mutant: 19/50)
110,超_ミュウツー_安定_V1,0.5656,Out: タケシ / In: ヨノワール (Parent: 28/50 -> Mutant: 35/50)
110,超_ミュウツー_究極_V6_アルティメット,0.5191,unchanged
111,超_ミュウツー_安定_V1,0.5659,unchanged
111,炎_リザードンX_安定_V1,0.6290,unchanged
111,鋼_メルルギア_グッズ偏重_V3,0.3329,unchanged
111,龍悪_ギラダク_安定_V1,0.5245,Out: レッドカード / In: ダークライ (Parent: 29/50 -> Mutant: 33/50)
111,雷_ピカチュウ_究極_V6_アルティメット,0.5864,Out: スピーダー / In: サンダーex (Parent: 39/50 -> Mutant: 41/50)
111,超_ゲンガー_安定_V1,0.2053,unchanged
111,草_フシギバナ_グッズ偏重_V3,0.6870,Out: ビーストウォール / In: 大きなふうせん (Parent: 39/50 -> Mutant: 44/50)
111,超_ゲンガー_究極_V6_アルティメット,0.7136,Out: エムリット / In: モノマネむすめ (Parent: 34/50 -> Mutant: 36/50)
111,闘_ガブルカ_究極_V6_アルティメット,0.4347,Out: ポケモン通信 / In: ドンファンex (Parent: 21/50 -> Mutant: 24/50)
111,闘_ガブルカ_安定_V1,0.5309,unchanged
111,草_フシギバナ_安定_V1,0.5822,unchanged
111,雷_ピカチュウ_グッズ偏重_V3,0.4760,unchanged
111,鋼_メルルギア_安定_V1,0.4125,Out: ボスゴドラ / In: ボタン (Parent: 29/50 -> Mutant: 32/50)
111,水_スターミー_究極_V6_アルティメット,0.6129,unchanged
111,炎_リザードンX_究極_V6_アルティメット,0.4023,unchanged
111,龍悪_ギラダク_究極_V6_アルティメット,0.5883,Out: バンギラス / In: ベトベトン (Parent: 29/50 -> Mutant: 32/50)
111,草_フシギバナ_究極_V6_アルティメット,0.5674,Out: ガーメイル / In: シルバー (Parent: 45/50 -> Mutant: 47/50)
111,超_ミュウツー_グッズ偏重_V3,0.3251,unchanged
111,雷_ピカチュウ_安定_V1,0.7163,Out: レスキュースカーフ / In: ルチア (Parent: 39/50 -> Mutant: 41/50)
111,闘_ガブルカ_グッズ偏重_V3,0.3040,Out: ヒレの化石 / In: カメテテ (Parent: 14/50 -> Mutant: 17/50)
111,水_スターミー_安定_V1,0.3433,unchanged
111,水_スターミー_グッズ偏重_V3,0.4437,Out: 旅の行商人 / In: メガラグラージex (Parent: 25/50 -> Mutant: 35/50)
111,超_ミュウツー_究極_V6_アルティメット,0.5189,unchanged
111,鋼_メルルギア_究極_V6_アルティメット,0.5777,unchanged
111,炎_リザードンX_グッズ偏重_V3,0.5716,Out: ブーバーン / In: シトロン (Parent: 44/50 -> Mutant: 47/50)
111,超_ゲンガー_グッズ偏重_V3,0.1743,Out: ヒラヒナ / In: ピィ (Parent: 8/50 -> Mutant: 13/50)
111,龍悪_ギラダク_グッズ偏重_V3,0.6733,unchanged
112,超_ゲンガー_グッズ偏重_V3,0.1752,unchanged
112,水_スターミー_グッズ偏重_V3,0.4447,unchanged
112,水_スターミー_究極_V6_アルティメット,0.6142,unchanged
112,草_フシギバナ_グッズ偏重_V3,0.6887,unchanged
112,闘_ガブルカ_安定_V1,0.5326,unchanged
112,雷_ピカチュウ_安定_V1,0.7168,unchanged
112,鋼_メルルギア_安定_V1,0.4129,Out: バクオング / In: パフュートン (Parent: 25/50 -> Mutant: 30/50)
112,鋼_メルルギア_グッズ偏重_V3,0.3327,unchanged
112,草_フシギバナ_究極_V6_アルティメット,0.5690,unchanged
112,炎_リザードンX_安定_V1,0.6299,unchanged
112,超_ミュウツー_グッズ偏重_V3,0.3244,Out: ポケモンセンターのお姉さん / In: トレーニングエリア (Parent: 15/50 -> Mutant: 17/50)
112,龍悪_ギラダク_究極_V6_アルティメット,0.5874,unchanged
112,闘_ガブルカ_究極_V6_アルティメット,0.4339,Out: ガブリアスex / In: ポケモン通信 (Parent: 30/50 -> Mutant: 35/50)
112,草_フシギバナ_安定_V1,0.5812,unchanged
112,水_スターミー_安定_V1,0.3423,unchanged
112,鋼_メルルギア_究極_V6_アルティメット,0.5778,unchanged
112,闘_ガブルカ_グッズ偏重_V3,0.3036,unchanged
112,炎_リザードンX_究極_V6_アルティメット,0.4018,unchanged
112,雷_ピカチュウ_究極_V6_アルティメット,0.5868,Out: イリマ / In: たての化石 (Parent: 44/50 -> Mutant: 48/50)
112,超_ゲンガー_安定_V1,0.2051,unchanged
112,雷_ピカチュウ_グッズ偏重_V3,0.4758,Out: ライコウ / In: ダークペンダント (Parent: 37/50 -> Mutant: 42/50)
112,超_ミュウツー_安定_V1,0.5640,Out: サマヨール / In: アグノム (Parent: 24/50 -> Mutant: 29/50)
112,炎_リザードンX_グッズ偏重_V3,0.5727,unchanged
112,龍悪_ギラダク_安定_V1,0.5240,unchanged
112,超_ゲンガー_究極_V6_アルティメット,0.7128,Out: プルリル / In: 大きなふうせん (Parent: 41/50 -> Mutant: 46/50)
112,龍悪_ギラダク_グッズ偏重_V3,0.6715,unchanged
112,超_ミュウツー_究極_V6_アルティメット,0.5182,Out: ゴチルゼル / In: メタルコアバリア (Parent: 36/50 -> Mutant: 38/50)
113,草_フシギバナ_究極_V6_アルティメット,0.5717,unchanged
113,水_スターミー_究極_V6_アルティメット,0.6152,Out: ニョロゾ / In: カメックスex (Parent: 38/50 -> Mutant: 44/50)
113,炎_リザードンX_安定_V1,0.6307,unchanged
113,闘_ガブルカ_グッズ偏重_V3,0.3041,Out: カブトプス / In: ダンゴロ (Parent: 24/50 -> Mutant: 28/50)
113,超_ゲンガー_グッズ偏重_V3,0.1755,unchanged
113,水_スターミー_グッズ偏重_V3,0.4455,Out: アローラサンド / In: オボンのみ (Parent: 30/50 -> Mutant: 32/50)
113,雷_ピカチュウ_グッズ偏重_V3,0.4775,Out: エレザード / In: シトロン (Parent: 29/50 -> Mutant: 35/50)
113,龍悪_ギラダク_グッズ偏重_V3,0.6710,unchanged
113,炎_リザードンX_グッズ偏重_V3,0.5748,unchanged
113,雷_ピカチュウ_安定_V1,0.7168,Out: オボンのみ / In: サンダー (Parent: 39/50 -> Mutant: 42/50)
113,鋼_メルルギア_グッズ偏重_V3,0.3322,Out: メタモン / In: ミミロップ (Parent: 18/50 -> Mutant: 21/50)
113,龍悪_ギラダク_究極_V6_アルティメット,0.5865,unchanged
113,龍悪_ギラダク_安定_V1,0.5241,unchanged
113,鋼_メルルギア_安定_V1,0.4129,Out: コラッタ / In: ディアルガex (Parent: 20/50 -> Mutant: 36/50)
113,草_フシギバナ_グッズ偏重_V3,0.6893,unchanged
113,超_ミュウツー_安定_V1,0.5626,unchanged
113,雷_ピカチュウ_究極_V6_アルティメット,0.5874,unchanged
113,超_ミュウツー_グッズ偏重_V3,0.3231,unchanged
113,超_ゲンガー_究極_V6_アルティメット,0.7135,unchanged
113,草_フシギバナ_安定_V1,0.5795,unchanged
113,炎_リザードンX_究極_V6_アルティメット,0.4012,Out: エンニュート / In: ブースターex (Parent: 28/50 -> Mutant: 33/50)
113,水_スターミー_安定_V1,0.3411,unchanged
113,超_ミュウツー_究極_V6_アルティメット,0.5180,unchanged
113,闘_ガブルカ_安定_V1,0.5322,unchanged
113,闘_ガブルカ_究極_V6_アルティメット,0.4326,unchanged
113,超_ゲンガー_安定_V1,0.2044,Out: リーフマント / In: エレキジェネレーター (Parent: 7/50 -> Mutant: 15/50)
113,鋼_メルルギア_究極_V6_アルティメット,0.5768,unchanged
114,闘_ガブルカ_究極_V6_アルティメット,0.4336,unchanged
114,超_ゲンガー_安定_V1,0.2051,unchanged
114,超_ミュウツー_安定_V1,0.5622,unchanged
114,草_フシギバナ_グッズ偏重_V3,0.6909,unchanged
114,炎_リザードンX_グッズ偏重_V3,0.5772,Out: アローラガラガラ / In: レッド (Parent: 43/50 -> Mutant: 48/50)
114,龍悪_ギラダク_グッズ偏重_V3,0.6708,unchanged
114,超_ミュウツー_究極_V6_アルティメット,0.5199,unchanged
114,炎_リザードンX_安定_V1,0.6314,unchanged
114,水_スターミー_究極_V6_アルティメット,0.6156,unchanged
114,水_スターミー_安定_V1,0.3403,unchanged
114,龍悪_ギラダク_究極_V6_アルティメット,0.5859,unchanged
114,龍悪_ギラダク_安定_V1,0.5243,unchanged
114,炎_リザードンX_究極_V6_アルティメット,0.4012,unchanged
114,草_フシギバナ_究極_V6_アルティメット,0.5727,unchanged
114,超_ゲンガー_グッズ偏重_V3,0.1754,Out: バケッチャ / In: モノマネむすめ (Parent: 13/50 -> Mutant: 15/50)
114,超_ゲンガー_究極_V6_アルティメット,0.7141,unchanged
114,超_ミュウツー_グッズ偏重_V3,0.3219,unchanged
114,水_スターミー_グッズ偏重_V3,0.4455,Out: マーマネ / In: かけだし調査員 (Parent: 30/50 -> Mutant: 32/50)
114,雷_ピカチュウ_究極_V6_アルティメット,0.5873,unchanged
114,雷_ピカチュウ_安定_V1,0.7155,Out: ゼブライカ / In: かんこうきゃく (Parent: 41/50 -> Mutant: 43/50)
114,鋼_メルルギア_グッズ偏重_V3,0.3312,unchanged
114,鋼_メルルギア_究極_V6_アルティメット,0.5759,unchanged
114,雷_ピカチュウ_グッズ偏重_V3,0.4771,Out: シズイ / In: カプコケコex (Parent: 37/50 -> Mutant: 43/50)
114,闘_ガブルカ_グッズ偏重_V3,0.3033,unchanged
114,闘_ガブルカ_安定_V1,0.5317,unchanged
114,鋼_メルルギア_安定_V1,0.4128,Out: カビゴン / In: ルリリ (Parent: 29/50 -> Mutant: 31/50)
114,草_フシギバナ_安定_V1,0.5774,unchanged
115,雷_ピカチュウ_安定_V1,0.7159,unchanged
115,鋼_メルルギア_究極_V6_アルティメット,0.5770,unchanged
115,鋼_メルルギア_グッズ偏重_V3,0.3314,Out: ヤヤコマ / In: サーフゴーex (Parent: 14/50 -> Mutant: 17/50)
115,超_ゲンガー_安定_V1,0.2057,unchanged
115,超_ミュウツー_究極_V6_アルティメット,0.5219,unchanged
115,闘_ガブルカ_究極_V6_アルティメット,0.4341,unchanged
115,草_フシギバナ_グッズ偏重_V3,0.6923,unchanged
115,炎_リザードンX_安定_V1,0.6320,unchanged
115,炎_リザードンX_究極_V6_アルティメット,0.4014,Out: ヒコザル / In: オドリドリ (Parent: 24/50 -> Mutant: 28/50)
115,雷_ピカチュウ_グッズ偏重_V3,0.4785,unchanged
115,水_スターミー_究極_V6_アルティメット,0.6157,unchanged
115,草_フシギバナ_究極_V6_アルティメット,0.5740,unchanged
115,龍悪_ギラダク_安定_V1,0.5245,unchanged
115,水_スターミー_安定_V1,0.3394,Out: ギャラドス / In: カンナギタウンの長老 (Parent: 11/50 -> Mutant: 15/50)
115,炎_リザードンX_グッズ偏重_V3,0.5787,unchanged
115,草_フシギバナ_安定_V1,0.5762,unchanged
115,超_ゲンガー_究極_V6_アルティメット,0.7145,unchanged
115,鋼_メルルギア_安定_V1,0.4125,unchanged
115,龍悪_ギラダク_究極_V6_アルティメット,0.5843,unchanged
115,超_ゲンガー_グッズ偏重_V3,0.1752,unchanged
115,雷_ピカチュウ_究極_V6_アルティメット,0.5873,unchanged
115,龍悪_ギラダク_グッズ偏重_V3,0.6691,Out: クリムガン / In: イトマル (Parent: 41/50 -> Mutant: 44/50)
115,闘_ガブルカ_安定_V1,0.5313,unchanged
115,水_スターミー_グッズ偏重_V3,0.4448,unchanged
115,闘_ガブルカ_グッズ偏重_V3,0.3024,Out: イワパレス / In: メガミミロップex (Parent: 15/50 -> Mutant: 26/50)
115,超_ミュウツー_安定_V1,0.5598,unchanged
115,超_ミュウツー_グッズ偏重_V3,0.3203,Out: スター団のしたっぱ / In: ラルトス (Parent: 8/50 -> Mutant: 13/50)
116,闘_ガブルカ_究極_V6_アルティメット,0.4351,unchanged
116,水_スターミー_究極_V6_アルティメット,0.6168,unchanged
116,炎_リザードンX_安定_V1,0.6333,Out: エンニュート / In: 鋼鉄のまえかけ (Parent: 35/50 -> Mutant: 41/50)
116,水_スターミー_安定_V1,0.3389,unchanged
116,鋼_メルルギア_究極_V6_アルティメット,0.5775,unchanged
116,草_フシギバナ_安定_V1,0.5760,unchanged
116,雷_ピカチュウ_安定_V1,0.7157,Out: サンダーex / In: ハラバリー (Parent: 37/50 -> Mutant: 39/50)
116,超_ミュウツー_究極_V6_アルティメット,0.5231,unchanged
116,超_ゲンガー_グッズ偏重_V3,0.1755,unchanged
116,炎_リザードンX_究極_V6_アルティメット,0.4015,unchanged
116,雷_ピカチュウ_グッズ偏重_V3,0.4798,unchanged
116,龍悪_ギラダク_グッズ偏重_V3,0.6681,unchanged
116,龍悪_ギラダク_究極_V6_アルティメット,0.5832,Out: アカネ / In: スピーダー (Parent: 29/50 -> Mutant: 33/50)
116,雷_ピカチュウ_究極_V6_アルティメット,0.5875,unchanged
116,龍悪_ギラダク_安定_V1,0.5246,unchanged
116,草_フシギバナ_グッズ偏重_V3,0.6932,unchanged
116,闘_ガブルカ_グッズ偏重_V3,0.3026,Out: リーフ / In: かいの化石 (Parent: 27/50 -> Mutant: 29/50)
116,闘_ガブルカ_安定_V1,0.5314,Out: スター団のしたっぱ / In: どくバリ (Parent: 35/50 -> Mutant: 38/50)
116,鋼_メルルギア_安定_V1,0.4122,unchanged
116,鋼_メルルギア_グッズ偏重_V3,0.3305,Out: キリキザン / In: オニドリル (Parent: 23/50 -> Mutant: 28/50)
116,超_ミュウツー_安定_V1,0.5580,Out: ヒカリ / In: ケーシィ (Parent: 25/50 -> Mutant: 28/50)
116,炎_リザードンX_グッズ偏重_V3,0.5800,Out: サカキ / In: ウルガモス (Parent: 40/50 -> Mutant: 43/50)
116,水_スターミー_グッズ偏重_V3,0.4441,Out: ナンジャモ / In: アカネ (Parent: 24/50 -> Mutant: 28/50)
116,草_フシギバナ_究極_V6_アルティメット,0.5732,unchanged
116,超_ミュウツー_グッズ偏重_V3,0.3183,unchanged
116,超_ゲンガー_安定_V1,0.2050,unchanged
116,超_ゲンガー_究極_V6_アルティメット,0.7148,unchanged
117,闘_ガブルカ_グッズ偏重_V3,0.3041,unchanged
117,水_スターミー_安定_V1,0.3386,unchanged
117,炎_リザードンX_グッズ偏重_V3,0.5821,unchanged
117,水_スターミー_究極_V6_アルティメット,0.6178,unchanged
117,水_スターミー_グッズ偏重_V3,0.4452,unchanged
117,鋼_メルルギア_グッズ偏重_V3,0.3306,Out: サーフゴーex / In: マツバ (Parent: 19/50 -> Mutant: 23/50)
117,超_ゲンガー_グッズ偏重_V3,0.1759,Out: キュワワー / In: ペロッパフ (Parent: 13/50 -> Mutant: 15/50)
117,龍悪_ギラダク_究極_V6_アルティメット,0.5829,unchanged
117,超_ゲンガー_究極_V6_アルティメット,0.7156,unchanged
117,草_フシギバナ_究極_V6_アルティメット,0.5748,unchanged
117,鋼_メルルギア_安定_V1,0.4129,Out: エリカ / In: メタルコアバリア (Parent: 27/50 -> Mutant: 33/50)
117,龍悪_ギラダク_安定_V1,0.5251,unchanged
117,闘_ガブルカ_究極_V6_アルティメット,0.4347,unchanged
117,超_ミュウツー_安定_V1,0.5568,Out: スピーダー / In: おおきいマラサダ (Parent: 24/50 -> Mutant: 28/50)
117,雷_ピカチュウ_究極_V6_アルティメット,0.5882,unchanged
117,鋼_メルルギア_究極_V6_アルティメット,0.5775,unchanged
117,雷_ピカチュウ_グッズ偏重_V3,0.4808,Out: ダークペンダント / In: アセロラ (Parent: 37/50 -> Mutant: 40/50)
117,雷_ピカチュウ_安定_V1,0.7146,Out: ルチア / In: ライボルト (Parent: 35/50 -> Mutant: 38/50)
117,超_ゲンガー_安定_V1,0.2048,unchanged
117,闘_ガブルカ_安定_V1,0.5310,unchanged
117,龍悪_ギラダク_グッズ偏重_V3,0.6663,Out: ドクロッグ / In: ナツメ (Parent: 29/50 -> Mutant: 38/50)
117,超_ミュウツー_究極_V6_アルティメット,0.5227,unchanged
117,炎_リザードンX_究極_V6_アルティメット,0.4008,unchanged
117,超_ミュウツー_グッズ偏重_V3,0.3168,unchanged
117,草_フシギバナ_グッズ偏重_V3,0.6932,unchanged
117,炎_リザードンX_安定_V1,0.6324,Out: エンニュート / In: ヒヒダルマ (Parent: 35/50 -> Mutant: 42/50)
117,草_フシギバナ_安定_V1,0.5739,Out: ハネッコ / In: カミツルギ (Parent: 31/50 -> Mutant: 33/50)
118,雷_ピカチュウ_究極_V6_アルティメット,0.5900,unchanged
118,超_ゲンガー_グッズ偏重_V3,0.1768,unchanged
118,草_フシギバナ_グッズ偏重_V3,0.6949,unchanged
118,闘_ガブルカ_安定_V1,0.5323,unchanged
118,炎_リザードンX_グッズ偏重_V3,0.5841,unchanged
118,超_ミュウツー_安定_V1,0.5560,unchanged
118,超_ミュウツー_グッズ偏重_V3,0.3162,unchanged
118,草_フシギバナ_安定_V1,0.5734,unchanged
118,龍悪_ギラダク_安定_V1,0.5258,unchanged
118,草_フシギバナ_究極_V6_アルティメット,0.5760,unchanged
118,鋼_メルルギア_安定_V1,0.4136,unchanged
118,龍悪_ギラダク_グッズ偏重_V3,0.6651,unchanged
118,水_スターミー_安定_V1,0.3377,Out: ギンガ団のしたっぱ / In: 幻の石板 (Parent: 11/50 -> Mutant: 15/50)
118,超_ゲンガー_究極_V6_アルティメット,0.7162,Out: セキ / In: ロケット団のしたっぱ (Parent: 45/50 -> Mutant: 47/50)
118,雷_ピカチュウ_グッズ偏重_V3,0.4819,unchanged
118,超_ミュウツー_究極_V6_アルティメット,0.5234,Out: ギンガ団のしたっぱ / In: はねの化石 (Parent: 43/50 -> Mutant: 45/50)
118,鋼_メルルギア_究極_V6_アルティメット,0.5772,unchanged
118,炎_リザードンX_安定_V1,0.6324,Out: デンジ / In: ヒードラン (Parent: 31/50 -> Mutant: 38/50)
118,水_スターミー_グッズ偏重_V3,0.4451,unchanged
118,炎_リザードンX_究極_V6_アルティメット,0.4003,unchanged
118,雷_ピカチュウ_安定_V1,0.7130,unchanged
118,鋼_メルルギア_グッズ偏重_V3,0.3298,Out: ドデカバシ / In: エアームドex (Parent: 14/50 -> Mutant: 17/50)
118,超_ゲンガー_安定_V1,0.2042,Out: ムウマージ / In: テーブルシティ (Parent: 9/50 -> Mutant: 12/50)
118,水_スターミー_究極_V6_アルティメット,0.6166,unchanged
118,闘_ガブルカ_グッズ偏重_V3,0.3039,unchanged
118,龍悪_ギラダク_究極_V6_アルティメット,0.5811,unchanged
118,闘_ガブルカ_究極_V6_アルティメット,0.4330,Out: アカギ / In: ハンドスコープ (Parent: 20/50 -> Mutant: 27/50)
119,闘_ガブルカ_グッズ偏重_V3,0.3055,Out: イワパレス / In: ガケガニ (Parent: 23/50 -> Mutant: 26/50)
119,闘_ガブルカ_安定_V1,0.5340,unchanged
119,鋼_メルルギア_グッズ偏重_V3,0.3306,Out: カキ / In: ムクホーク (Parent: 17/50 -> Mutant: 21/50)
119,龍悪_ギラダク_グッズ偏重_V3,0.6650,Out: イトマル / In: アローラベトベター (Parent: 35/50 -> Mutant: 37/50)
119,炎_リザードンX_究極_V6_アルティメット,0.4009,Out: ギャロップ / In: ガオガエンex (Parent: 22/50 -> Mutant: 26/50)
119,水_スターミー_安定_V1,0.3374,Out: フリージオ / In: スター団のしたっぱ (Parent: 14/50 -> Mutant: 19/50)
119,水_スターミー_究極_V6_アルティメット,0.6173,unchanged
119,鋼_メルルギア_安定_V1,0.4144,unchanged
119,炎_リザードンX_グッズ偏重_V3,0.5859,unchanged
119,超_ミュウツー_究極_V6_アルティメット,0.5245,unchanged
119,超_ゲンガー_グッズ偏重_V3,0.1768,unchanged
119,龍悪_ギラダク_究極_V6_アルティメット,0.5806,Out: ベトベトン / In: ハイキングコース (Parent: 23/50 -> Mutant: 30/50)
119,闘_ガブルカ_究極_V6_アルティメット,0.4326,Out: ネンドール / In: シロナ (Parent: 21/50 -> Mutant: 25/50)
119,草_フシギバナ_グッズ偏重_V3,0.6953,unchanged
119,超_ゲンガー_究極_V6_アルティメット,0.7168,unchanged
119,炎_リザードンX_安定_V1,0.6319,unchanged
119,草_フシギバナ_究極_V6_アルティメット,0.5763,unchanged
119,雷_ピカチュウ_究極_V6_アルティメット,0.5903,unchanged
119,雷_ピカチュウ_安定_V1,0.7114,unchanged
119,超_ミュウツー_グッズ偏重_V3,0.3149,Out: マーマネ / In: フレフワン (Parent: 14/50 -> Mutant: 19/50)
119,龍悪_ギラダク_安定_V1,0.5256,unchanged
119,超_ミュウツー_安定_V1,0.5541,unchanged
119,水_スターミー_グッズ偏重_V3,0.4448,unchanged
119,鋼_メルルギア_究極_V6_アルティメット,0.5763,Out: どくバリ / In: フレイムパッチ (Parent: 37/50 -> Mutant: 41/50)
119,草_フシギバナ_安定_V1,0.5718,unchanged
119,雷_ピカチュウ_グッズ偏重_V3,0.4817,Out: ピカチュウex / In: レントラー (Parent: 41/50 -> Mutant: 43/50)
119,超_ゲンガー_安定_V1,0.2032,unchanged
120,草_フシギバナ_究極_V6_アルティメット,0.5790,unchanged
120,龍悪_ギラダク_グッズ偏重_V3,0.6650,unchanged
120,龍悪_ギラダク_究極_V6_アルティメット,0.5803,Out: ガバイト / In: ふたの化石 (Parent: 27/50 -> Mutant: 30/50)
120,雷_ピカチュウ_グッズ偏重_V3,0.4836,unchanged
120,超_ゲンガー_グッズ偏重_V3,0.1774,unchanged
120,炎_リザードンX_安定_V1,0.6322,Out: ブースター / In: シトロン (Parent: 33/50 -> Mutant: 36/50)
120,草_フシギバナ_グッズ偏重_V3,0.6964,unchanged
120,雷_ピカチュウ_究極_V6_アルティメット,0.5915,unchanged
120,水_スターミー_安定_V1,0.3367,unchanged
120,水_スターミー_グッズ偏重_V3,0.4450,unchanged
120,超_ミュウツー_安定_V1,0.5530,unchanged
120,鋼_メルルギア_安定_V1,0.4147,unchanged
120,草_フシギバナ_安定_V1,0.5710,unchanged
120,雷_ピカチュウ_安定_V1,0.7104,unchanged
120,闘_ガブルカ_グッズ偏重_V3,0.3063,unchanged
120,鋼_メルルギア_グッズ偏重_V3,0.3307,unchanged
120,炎_リザードンX_究極_V6_アルティメット,0.4004,unchanged
120,超_ゲンガー_安定_V1,0.2032,unchanged
120,闘_ガブルカ_究極_V6_アルティメット,0.4317,unchanged
120,炎_リザードンX_グッズ偏重_V3,0.5869,unchanged
120,超_ゲンガー_究極_V6_アルティメット,0.7169,Out: ゲンガー / In: ポットデス (Parent: 40/50 -> Mutant: 45/50)
120,龍悪_ギラダク_安定_V1,0.5253,unchanged
120,鋼_メルルギア_究極_V6_アルティメット,0.5758,Out: ジャグラー / In: ナマケロ (Parent: 32/50 -> Mutant: 36/50)
120,水_スターミー_究極_V6_アルティメット,0.6164,Out: リーリエ / In: ヌオー (Parent: 36/50 -> Mutant: 46/50)
120,闘_ガブルカ_安定_V1,0.5334,Out: ミノマダム / In: ビーストナイト (Parent: 35/50 -> Mutant: 41/50)
120,超_ミュウツー_究極_V6_アルティメット,0.5236,unchanged
120,超_ミュウツー_グッズ偏重_V3,0.3133,unchanged
121,炎_リザードンX_グッズ偏重_V3,0.5893,unchanged
121,超_ミュウツー_グッズ偏重_V3,0.3130,unchanged
121,鋼_メルルギア_安定_V1,0.4159,Out: ムクホーク / In: イーブイ (Parent: 27/50 -> Mutant: 31/50)
121,鋼_メルルギア_グッズ偏重_V3,0.3315,unchanged
121,炎_リザードンX_究極_V6_アルティメット,0.4012,Out: アゴの化石 / In: リザードン (Parent: 27/50 -> Mutant: 38/50)
121,超_ゲンガー_安定_V1,0.2035,unchanged
121,闘_ガブルカ_安定_V1,0.5349,Out: マンムー / In: イーブイのバッグ (Parent: 32/50 -> Mutant: 37/50)
121,超_ミュウツー_究極_V6_アルティメット,0.5251,unchanged
121,雷_ピカチュウ_グッズ偏重_V3,0.4849,Out: エレザード / In: アイリス (Parent: 41/50 -> Mutant: 44/50)
121,超_ミュウツー_安定_V1,0.5524,unchanged
121,鋼_メルルギア_究極_V6_アルティメット,0.5754,unchanged
121,超_ゲンガー_グッズ偏重_V3,0.1774,unchanged
121,龍悪_ギラダク_究極_V6_アルティメット,0.5791,unchanged
121,雷_ピカチュウ_究極_V6_アルティメット,0.5921,unchanged
121,水_スターミー_グッズ偏重_V3,0.4451,unchanged
121,草_フシギバナ_グッズ偏重_V3,0.6973,unchanged
121,闘_ガブルカ_グッズ偏重_V3,0.3067,unchanged
121,草_フシギバナ_安定_V1,0.5700,Out: セレビィex / In: モルフォン (Parent: 29/50 -> Mutant: 32/50)
121,闘_ガブルカ_究極_V6_アルティメット,0.4308,unchanged
121,龍悪_ギラダク_グッズ偏重_V3,0.6635,Out: クリムガン / In: ガバイト (Parent: 32/50 -> Mutant: 39/50)
121,水_スターミー_究極_V6_アルティメット,0.6157,unchanged
121,龍悪_ギラダク_安定_V1,0.5246,unchanged
121,超_ゲンガー_究極_V6_アルティメット,0.7172,unchanged
121,水_スターミー_安定_V1,0.3353,Out: ペパー / In: ルチア (Parent: 12/50 -> Mutant: 23/50)
121,雷_ピカチュウ_安定_V1,0.7087,unchanged
121,草_フシギバナ_究極_V6_アルティメット,0.5787,Out: クサイハナ / In: アゲハント (Parent: 41/50 -> Mutant: 45/50)
121,炎_リザードンX_安定_V1,0.6306,unchanged
122,龍悪_ギラダク_究極_V6_アルティメット,0.5791,unchanged
122,鋼_メルルギア_究極_V6_アルティメット,0.5756,Out: おおきいマラサダ / In: ピジョットex (Parent: 30/50 -> Mutant: 33/50)
122,雷_ピカチュウ_究極_V6_アルティメット,0.5935,unchanged
122,超_ゲンガー_グッズ偏重_V3,0.1778,unchanged
122,水_スターミー_究極_V6_アルティメット,0.6166,unchanged
122,炎_リザードンX_安定_V1,0.6306,Out: レッドカード / In: ナンジャモ (Parent: 38/50 -> Mutant: 40/50)
122,水_スターミー_グッズ偏重_V3,0.4463,unchanged
122,水_スターミー_安定_V1,0.3347,unchanged
122,闘_ガブルカ_グッズ偏重_V3,0.3077,unchanged
122,闘_ガブルカ_究極_V6_アルティメット,0.4311,unchanged
122,超_ミュウツー_安定_V1,0.5515,unchanged
122,超_ゲンガー_安定_V1,0.2037,Out: エレキジェネレーター / In: ミュウex (Parent: 15/50 -> Mutant: 20/50)
122,草_フシギバナ_究極_V6_アルティメット,0.5799,unchanged
122,草_フシギバナ_グッズ偏重_V3,0.6982,unchanged
122,雷_ピカチュウ_グッズ偏重_V3,0.4857,unchanged
122,龍悪_ギラダク_安定_V1,0.5248,unchanged
122,闘_ガブルカ_安定_V1,0.5352,unchanged
122,炎_リザードンX_グッズ偏重_V3,0.5903,unchanged
122,鋼_メルルギア_安定_V1,0.4156,unchanged
122,超_ゲンガー_究極_V6_アルティメット,0.7173,unchanged
122,龍悪_ギラダク_グッズ偏重_V3,0.6621,unchanged
122,草_フシギバナ_安定_V1,0.5685,unchanged
122,雷_ピカチュウ_安定_V1,0.7069,unchanged
122,超_ミュウツー_究極_V6_アルティメット,0.5249,unchanged
122,鋼_メルルギア_グッズ偏重_V3,0.3310,Out: アローラディグダ / In: ニャース (Parent: 20/50 -> Mutant: 29/50)
122,超_ミュウツー_グッズ偏重_V3,0.3115,Out: トレーニングエリア / In: ミュウツーex (Parent: 14/50 -> Mutant: 29/50)
122,炎_リザードンX_究極_V6_アルティメット,0.4001,Out: ファイヤーex / In: ファイヤーex (Parent: 19/50 -> Mutant: 24/50)
123,草_フシギバナ_究極_V6_アルティメット,0.5821,Out: フシギバナex / In: ハウ (Parent: 42/50 -> Mutant: 45/50)
123,炎_リザードンX_安定_V1,0.6312,unchanged
123,鋼_メルルギア_グッズ偏重_V3,0.3316,Out: ドリュウズ / In: ナットレイ (Parent: 22/50 -> Mutant: 28/50)
123,龍悪_ギラダク_究極_V6_アルティメット,0.5789,unchanged
123,雷_ピカチュウ_グッズ偏重_V3,0.4874,Out: シトロン / In: サンダース (Parent: 43/50 -> Mutant: 46/50)
123,鋼_メルルギア_安定_V1,0.4158,Out: ルギアex / In: ペラップ (Parent: 18/50 -> Mutant: 22/50)
123,鋼_メルルギア_究極_V6_アルティメット,0.5757,unchanged
123,水_スターミー_グッズ偏重_V3,0.4467,unchanged
123,水_スターミー_安定_V1,0.3339,unchanged
123,炎_リザードンX_グッズ偏重_V3,0.5920,unchanged
123,超_ゲンガー_究極_V6_アルティメット,0.7184,unchanged
123,超_ゲンガー_安定_V1,0.2051,unchanged
123,闘_ガブルカ_安定_V1,0.5358,unchanged
123,雷_ピカチュウ_究極_V6_アルティメット,0.5941,unchanged
123,龍悪_ギラダク_グッズ偏重_V3,0.6606,unchanged
123,超_ミュウツー_安定_V1,0.5505,Out: ラルトス / In: フーディン (Parent: 19/50 -> Mutant: 24/50)
123,闘_ガブルカ_グッズ偏重_V3,0.3081,unchanged
123,炎_リザードンX_究極_V6_アルティメット,0.3994,Out: おおきいマラサダ / In: 旅の行商人 (Parent: 25/50 -> Mutant: 27/50)
123,超_ミュウツー_究極_V6_アルティメット,0.5249,unchanged
123,龍悪_ギラダク_安定_V1,0.5243,unchanged
123,闘_ガブルカ_究極_V6_アルティメット,0.4301,unchanged
123,草_フシギバナ_安定_V1,0.5664,Out: ネマシュ / In: グリーン (Parent: 24/50 -> Mutant: 33/50)
123,超_ミュウツー_グッズ偏重_V3,0.3107,unchanged
123,水_スターミー_究極_V6_アルティメット,0.6157,unchanged
123,超_ゲンガー_グッズ偏重_V3,0.1775,Out: グリーン / In: ラッキーミトン (Parent: 14/50 -> Mutant: 19/50)
123,雷_ピカチュウ_安定_V1,0.7051,unchanged
123,草_フシギバナ_グッズ偏重_V3,0.6982,unchanged
124,闘_ガブルカ_究極_V6_アルティメット,0.4310,Out: シロナ / In: メリッサ (Parent: 21/50 -> Mutant: 28/50)
124,炎_リザードンX_安定_V1,0.6316,unchanged
124,水_スターミー_グッズ偏重_V3,0.4476,unchanged
124,雷_ピカチュウ_究極_V6_アルティメット,0.5956,unchanged
124,鋼_メルルギア_安定_V1,0.4158,unchanged
124,雷_ピカチュウ_グッズ偏重_V3,0.4888,unchanged
124,超_ゲンガー_安定_V1,0.2066,Out: ゴルーグ / In: ヒラヒナ (Parent: 27/50 -> Mutant: 30/50)
124,草_フシギバナ_安定_V1,0.5657,unchanged
124,鋼_メルルギア_グッズ偏重_V3,0.3319,Out: マチス / In: ドードリオ (Parent: 19/50 -> Mutant: 23/50)
124,草_フシギバナ_究極_V6_アルティメット,0.5833,unchanged
124,炎_リザードンX_グッズ偏重_V3,0.5934,unchanged
124,水_スターミー_安定_V1,0.3331,unchanged
124,超_ゲンガー_グッズ偏重_V3,0.1772,Out: モノマネむすめ / In: アカネ (Parent: 15/50 -> Mutant: 19/50)
124,龍悪_ギラダク_究極_V6_アルティメット,0.5781,unchanged
124,龍悪_ギラダク_安定_V1,0.5243,unchanged
124,雷_ピカチュウ_安定_V1,0.7041,Out: ネモ / In: スピーダー (Parent: 32/50 -> Mutant: 37/50)
124,炎_リザードンX_究極_V6_アルティメット,0.3985,unchanged
124,超_ゲンガー_究極_V6_アルティメット,0.7189,Out: ミュウex / In: ラムのみ (Parent: 42/50 -> Mutant: 45/50)
124,草_フシギバナ_グッズ偏重_V3,0.6986,Out: ナンジャモ / In: ハンサム (Parent: 43/50 -> Mutant: 45/50)
124,闘_ガブルカ_安定_V1,0.5359,unchanged
124,龍悪_ギラダク_グッズ偏重_V3,0.6590,Out: ギラティナex / In: カイリューex (Parent: 30/50 -> Mutant: 32/50)
124,水_スターミー_究極_V6_アルティメット,0.6150,Out: カルネ / In: セキ (Parent: 37/50 -> Mutant: 40/50)
124,超_ミュウツー_究極_V6_アルティメット,0.5245,unchanged
124,超_ミュウツー_グッズ偏重_V3,0.3099,unchanged
124,闘_ガブルカ_グッズ偏重_V3,0.3083,Out: グラジオ / In: ドロバンコ (Parent: 21/50 -> Mutant: 23/50)
124,超_ミュウツー_安定_V1,0.5485,unchanged
124,鋼_メルルギア_究極_V6_アルティメット,0.5744,unchanged
125,水_スターミー_究極_V6_アルティメット,0.6162,unchanged
125,超_ゲンガー_安定_V1,0.2086,Out: ピッピ / In: アセロラ (Parent: 24/50 -> Mutant: 27/50)
125,雷_ピカチュウ_究極_V6_アルティメット,0.5972,unchanged
125,雷_ピカチュウ_安定_V1,0.7037,unchanged
125,超_ゲンガー_グッズ偏重_V3,0.1780,unchanged
125,闘_ガブルカ_グッズ偏重_V3,0.3095,unchanged
125,草_フシギバナ_安定_V1,0.5656,Out: ハラ / In: たべのこし (Parent: 26/50 -> Mutant: 29/50)
125,炎_リザードンX_究極_V6_アルティメット,0.3988,unchanged
125,鋼_メルルギア_グッズ偏重_V3,0.3323,Out: ニャース / In: ドードリオ (Parent: 20/50 -> Mutant: 26/50)
125,草_フシギバナ_グッズ偏重_V3,0.6996,unchanged
125,龍悪_ギラダク_グッズ偏重_V3,0.6579,Out: ダークライex / In: イリマ (Parent: 29/50 -> Mutant: 34/50)
125,超_ミュウツー_グッズ偏重_V3,0.3100,unchanged
125,超_ゲンガー_究極_V6_アルティメット,0.7190,Out: ロケット団のしたっぱ / In: アセロラ (Parent: 40/50 -> Mutant: 47/50)
125,鋼_メルルギア_安定_V1,0.4154,Out: ルリリ / In: メルタン (Parent: 19/50 -> Mutant: 26/50)
125,炎_リザードンX_グッズ偏重_V3,0.5945,unchanged
125,水_スターミー_グッズ偏重_V3,0.4479,Out: シャワーズ / In: ウェーニバル (Parent: 32/50 -> Mutant: 35/50)
125,炎_リザードンX_安定_V1,0.6307,unchanged
125,鋼_メルルギア_究極_V6_アルティメット,0.5738,unchanged
125,雷_ピカチュウ_グッズ偏重_V3,0.4893,unchanged
125,水_スターミー_安定_V1,0.3321,unchanged
125,闘_ガブルカ_究極_V6_アルティメット,0.4301,unchanged
125,超_ミュウツー_安定_V1,0.5472,unchanged
125,龍悪_ギラダク_安定_V1,0.5236,unchanged
125,超_ミュウツー_究極_V6_アルティメット,0.5245,unchanged
125,龍悪_ギラダク_究極_V6_アルティメット,0.5762,unchanged
125,闘_ガブルカ_安定_V1,0.5355,unchanged
125,草_フシギバナ_究極_V6_アルティメット,0.5828,unchanged
126,超_ゲンガー_究極_V6_アルティメット,0.7201,unchanged
126,龍悪_ギラダク_究極_V6_アルティメット,0.5766,Out: ふたの化石 / In: ネモ (Parent: 32/50 -> Mutant: 35/50)
126,闘_ガブルカ_グッズ偏重_V3,0.3107,Out: ガケガニ / In: ゴツゴツメット (Parent: 20/50 -> Mutant: 23/50)
126,鋼_メルルギア_究極_V6_アルティメット,0.5743,Out: ナマケロ / In: ミミロップ (Parent: 36/50 -> Mutant: 38/50)
126,鋼_メルルギア_安定_V1,0.4158,unchanged
126,闘_ガブルカ_安定_V1,0.5366,unchanged
126,超_ミュウツー_グッズ偏重_V3,0.3102,Out: リーフマント / In: ハラ (Parent: 21/50 -> Mutant: 23/50)
126,龍悪_ギラダク_安定_V1,0.5244,Out: ブラッキー / In: エレメンタルつけかえ (Parent: 28/50 -> Mutant: 30/50)
126,水_スターミー_究極_V6_アルティメット,0.6167,unchanged
126,炎_リザードンX_グッズ偏重_V3,0.5957,unchanged
126,龍悪_ギラダク_グッズ偏重_V3,0.6560,unchanged
126,水_スターミー_安定_V1,0.3314,unchanged
126,闘_ガブルカ_究極_V6_アルティメット,0.4301,Out: グライガー / In: キテルグマ (Parent: 23/50 -> Mutant: 31/50)
126,雷_ピカチュウ_安定_V1,0.7029,unchanged
126,雷_ピカチュウ_グッズ偏重_V3,0.4901,unchanged
126,超_ミュウツー_究極_V6_アルティメット,0.5247,unchanged
126,超_ゲンガー_グッズ偏重_V3,0.1776,unchanged
126,鋼_メルルギア_グッズ偏重_V3,0.3321,unchanged
126,草_フシギバナ_究極_V6_アルティメット,0.5831,Out: メガヤンマ / In: スピアー (Parent: 40/50 -> Mutant: 44/50)
126,炎_リザードンX_究極_V6_アルティメット,0.3981,unchanged
126,草_フシギバナ_安定_V1,0.5647,unchanged
126,炎_リザードンX_安定_V1,0.6299,Out: メモリーライト / In: まもりのポンチョ (Parent: 30/50 -> Mutant: 34/50)
126,超_ミュウツー_安定_V1,0.5457,unchanged
126,超_ゲンガー_安定_V1,0.2089,unchanged
126,草_フシギバナ_グッズ偏重_V3,0.6998,unchanged
126,水_スターミー_グッズ偏重_V3,0.4472,unchanged
126,雷_ピカチュウ_究極_V6_アルティメット,0.5968,unchanged
127,水_スターミー_グッズ偏重_V3,0.4483,unchanged
127,龍悪_ギラダク_グッズ偏重_V3,0.6551,unchanged
127,草_フシギバナ_安定_V1,0.5645,Out: ワタッコ / In: ネモ (Parent: 25/50 -> Mutant: 38/50)
127,闘_ガブルカ_グッズ偏重_V3,0.3117,unchanged
127,雷_ピカチュウ_グッズ偏重_V3,0.4916,Out: サンダース / In: レアコイル (Parent: 33/50 -> Mutant: 39/50)
127,炎_リザードンX_究極_V6_アルティメット,0.3985,Out: マグマッグ / In: こうらの化石 (Parent: 17/50 -> Mutant: 29/50)
127,超_ゲンガー_グッズ偏重_V3,0.1778,unchanged
127,鋼_メルルギア_究極_V6_アルティメット,0.5750,Out: ミルタンク / In: マッスグマ (Parent: 39/50 -> Mutant: 42/50)
127,闘_ガブルカ_究極_V6_アルティメット,0.4314,unchanged
127,超_ミュウツー_究極_V6_アルティメット,0.5259,unchanged
127,水_スターミー_安定_V1,0.3305,unchanged
127,炎_リザードンX_グッズ偏重_V3,0.5975,unchanged
127,龍悪_ギラダク_究極_V6_アルティメット,0.5757,unchanged
127,炎_リザードンX_安定_V1,0.6296,unchanged
127,草_フシギバナ_グッズ偏重_V3,0.7005,unchanged
127,超_ゲンガー_究極_V6_アルティメット,0.7200,Out: アセロラ / In: ランプラー (Parent: 45/50 -> Mutant: 47/50)
127,水_スターミー_究極_V6_アルティメット,0.6165,Out: テーブルシティ / In: アカネ (Parent: 39/50 -> Mutant: 43/50)
127,闘_ガブルカ_安定_V1,0.5371,unchanged
127,雷_ピカチュウ_究極_V6_アルティメット,0.5966,unchanged
127,鋼_メルルギア_グッズ偏重_V3,0.3317,unchanged
127,雷_ピカチュウ_安定_V1,0.7016,unchanged
127,超_ミュウツー_安定_V1,0.5443,Out: ゴチルゼル / In: ルナアーラex (Parent: 30/50 -> Mutant: 35/50)
127,超_ゲンガー_安定_V1,0.2095,unchanged
127,草_フシギバナ_究極_V6_アルティメット,0.5819,unchanged
127,龍悪_ギラダク_安定_V1,0.5237,Out: アブソル / In: イーブイのバッグ (Parent: 29/50 -> Mutant: 37/50)
127,鋼_メルルギア_安定_V1,0.4144,unchanged
127,超_ミュウツー_グッズ偏重_V3,0.3090,Out: ラルトス / In: ユンゲラー (Parent: 20/50 -> Mutant: 22/50)
128,水_スターミー_グッズ偏重_V3,0.4492,unchanged
128,超_ゲンガー_グッズ偏重_V3,0.1782,unchanged
128,龍悪_ギラダク_グッズ偏重_V3,0.6542,Out: ハクリュー / In: ドガース (Parent: 17/50 -> Mutant: 25/50)
128,炎_リザードンX_安定_V1,0.6301,unchanged
128,水_スターミー_安定_V1,0.3299,unchanged
128,闘_ガブルカ_究極_V6_アルティメット,0.4329,Out: ギンガ団のしたっぱ / In: コジョンド (Parent: 34/50 -> Mutant: 38/50)
128,鋼_メルルギア_安定_V1,0.4143,unchanged
128,草_フシギバナ_グッズ偏重_V3,0.7016,unchanged
128,闘_ガブルカ_グッズ偏重_V3,0.3126,Out: アカネ / In: ゴマゾウ (Parent: 23/50 -> Mutant: 28/50)
128,鋼_メルルギア_究極_V6_アルティメット,0.5756,unchanged
128,龍悪_ギラダク_究極_V6_アルティメット,0.5751,Out: テーブルシティ / In: メガゲンガーex (Parent: 26/50 -> Mutant: 34/50)
128,超_ゲンガー_安定_V1,0.2107,unchanged
128,鋼_メルルギア_グッズ偏重_V3,0.3321,unchanged
128,水_スターミー_究極_V6_アルティメット,0.6168,Out: たての化石 / In: おおきいマラサダ (Parent: 33/50 -> Mutant: 39/50)
128,超_ミュウツー_安定_V1,0.5433,unchanged
128,超_ミュウツー_グッズ偏重_V3,0.3087,unchanged
128,雷_ピカチュウ_安定_V1,0.7005,Out: たべのこし / In: タケシ (Parent: 38/50 -> Mutant: 41/50)
128,超_ゲンガー_究極_V6_アルティメット,0.7197,unchanged
128,龍悪_ギラダク_安定_V1,0.5239,Out: ホイーガ / In: レパルダス (Parent: 32/50 -> Mutant: 39/50)
128,雷_ピカチュウ_グッズ偏重_V3,0.4917,unchanged
128,炎_リザードンX_グッズ偏重_V3,0.5983,unchanged
128,雷_ピカチュウ_究極_V6_アルティメット,0.5968,unchanged
128,炎_リザードンX_究極_V6_アルティメット,0.3978,unchanged
128,超_ミュウツー_究極_V6_アルティメット,0.5258,unchanged
128,闘_ガブルカ_安定_V1,0.5367,unchanged
128,草_フシギバナ_究極_V6_アルティメット,0.5808,unchanged
128,草_フシギバナ_安定_V1,0.5628,unchanged
129,炎_リザードンX_究極_V6_アルティメット,0.3987,Out: 旅の行商人 / In: オボンのみ (Parent: 21/50 -> Mutant: 25/50)
129,闘_ガブルカ_究極_V6_アルティメット,0.4347,unchanged
129,鋼_メルルギア_安定_V1,0.4145,unchanged
129,雷_ピカチュウ_究極_V6_アルティメット,0.5981,unchanged
129,龍悪_ギラダク_安定_V1,0.5249,unchanged
129,闘_ガブルカ_安定_V1,0.5378,unchanged
129,水_スターミー_グッズ偏重_V3,0.4497,unchanged
129,闘_ガブルカ_グッズ偏重_V3,0.3131,unchanged
129,鋼_メルルギア_究極_V6_アルティメット,0.5765,unchanged
129,水_スターミー_究極_V6_アルティメット,0.6168,unchanged
129,超_ゲンガー_究極_V6_アルティメット,0.7205,unchanged
129,草_フシギバナ_グッズ偏重_V3,0.7025,unchanged
129,超_ミュウツー_究極_V6_アルティメット,0.5263,unchanged
129,龍悪_ギラダク_究極_V6_アルティメット,0.5749,Out: マーイーカ / In: パルデアウパー (Parent: 32/50 -> Mutant: 36/50)
129,雷_ピカチュウ_グッズ偏重_V3,0.4922,unchanged
129,雷_ピカチュウ_安定_V1,0.6995,unchanged
129,超_ゲンガー_グッズ偏重_V3,0.1782,Out: ヤドン / In: オーロット (Parent: 13/50 -> Mutant: 15/50)
129,草_フシギバナ_究極_V6_アルティメット,0.5803,unchanged
129,炎_リザードンX_安定_V1,0.6293,unchanged
129,超_ミュウツー_グッズ偏重_V3,0.3081,unchanged
129,鋼_メルルギア_グッズ偏重_V3,0.3317,Out: ペラップ / In: グラジオ (Parent: 20/50 -> Mutant: 29/50)
129,超_ゲンガー_安定_V1,0.2111,unchanged
129,龍悪_ギラダク_グッズ偏重_V3,0.6512,unchanged
129,炎_リザードンX_グッズ偏重_V3,0.5987,unchanged
129,草_フシギバナ_安定_V1,0.5612,Out: ナッシーex / In: ギンガ団のしたっぱ (Parent: 26/50 -> Mutant: 32/50)
129,超_ミュウツー_安定_V1,0.5413,Out: ケーシィ / In: ミカン (Parent: 25/50 -> Mutant: 32/50)
129,水_スターミー_安定_V1,0.3283,Out: ユキカブリ / In: きずぐすり (Parent: 12/50 -> Mutant: 15/50)
130,闘_ガブルカ_究極_V6_アルティメット,0.4366,unchanged
130,龍悪_ギラダク_グッズ偏重_V3,0.6501,Out: カイリューex / In: ずがいの化石 (Parent: 20/50 -> Mutant: 30/50)
130,雷_ピカチュウ_グッズ偏重_V3,0.4936,unchanged
130,超_ミュウツー_究極_V6_アルティメット,0.5278,unchanged
130,草_フシギバナ_究極_V6_アルティメット,0.5818,unchanged
130,草_フシギバナ_安定_V1,0.5608,unchanged
130,炎_リザードンX_究極_V6_アルティメット,0.3990,unchanged
130,雷_ピカチュウ_安定_V1,0.6992,unchanged
130,雷_ピカチュウ_究極_V6_アルティメット,0.5989,Out: たての化石 / In: フレイムパッチ (Parent: 38/50 -> Mutant: 43/50)
130,水_スターミー_安定_V1,0.3274,unchanged
130,龍悪_ギラダク_究極_V6_アルティメット,0.5747,Out: ヘビーメット / In: カルム (Parent: 30/50 -> Mutant: 36/50)
130,龍悪_ギラダク_安定_V1,0.5253,Out: アクジキングex / In: メタルコアバリア (Parent: 31/50 -> Mutant: 35/50)
130,超_ゲンガー_グッズ偏重_V3,0.1781,unchanged
130,超_ミュウツー_安定_V1,0.5406,unchanged
130,水_スターミー_究極_V6_アルティメット,0.6166,unchanged
130,鋼_メルルギア_安定_V1,0.4136,Out: ひみつのコハク / In: ムクホーク (Parent: 24/50 -> Mutant: 26/50)
130,水_スターミー_グッズ偏重_V3,0.4494,unchanged
130,鋼_メルルギア_グッズ偏重_V3,0.3313,Out: ケンタロス / In: まもりのポンチョ (Parent: 21/50 -> Mutant: 25/50)
130,超_ゲンガー_安定_V1,0.2118,unchanged
130,超_ゲンガー_究極_V6_アルティメット,0.7201,unchanged
130,炎_リザードンX_安定_V1,0.6283,unchanged
130,闘_ガブルカ_安定_V1,0.5379,unchanged
130,闘_ガブルカ_グッズ偏重_V3,0.3126,Out: カメテテ / In: オボンのみ (Parent: 19/50 -> Mutant: 24/50)
130,超_ミュウツー_グッズ偏重_V3,0.3072,Out: キルリア / In: フレフワン (Parent: 16/50 -> Mutant: 27/50)
130,草_フシギバナ_グッズ偏重_V3,0.7026,unchanged
130,炎_リザードンX_グッズ偏重_V3,0.5989,unchanged
130,鋼_メルルギア_究極_V6_アルティメット,0.5758,unchanged
131,炎_リザードンX_究極_V6_アルティメット,0.3996,unchanged
131,草_フシギバナ_究極_V6_アルティメット,0.5840,unchanged
131,闘_ガブルカ_グッズ偏重_V3,0.3137,Out: ゴローン / In: カンナギタウンの長老 (Parent: 16/50 -> Mutant: 19/50)
131,龍悪_ギラダク_グッズ偏重_V3,0.6488,unchanged
131,鋼_メルルギア_グッズ偏重_V3,0.3323,Out: イーブイ / In: ガラルニャース (Parent: 28/50 -> Mutant: 31/50)
131,超_ゲンガー_究極_V6_アルティメット,0.7208,Out: 鋼鉄のまえかけ / In: アブリボン (Parent: 38/50 -> Mutant: 40/50)
131,炎_リザードンX_グッズ偏重_V3,0.6001,unchanged
131,超_ゲンガー_安定_V1,0.2130,Out: ヒラヒナ / In: シルバー (Parent: 29/50 -> Mutant: 31/50)
131,草_フシギバナ_安定_V1,0.5607,unchanged
131,龍悪_ギラダク_究極_V6_アルティメット,0.5748,Out: ネモ / In: ふしぎなアメ (Parent: 36/50 -> Mutant: 41/50)
131,超_ミュウツー_グッズ偏重_V3,0.3074,unchanged
131,超_ミュウツー_安定_V1,0.5402,unchanged
131,雷_ピカチュウ_グッズ偏重_V3,0.4946,unchanged
131,龍悪_ギラダク_安定_V1,0.5251,unchanged
131,水_スターミー_安定_V1,0.3264,Out: ポケモンセンターのお姉さん / In: カムカメ (Parent: 9/50 -> Mutant: 12/50)
131,炎_リザードンX_安定_V1,0.6277,unchanged
131,鋼_メルルギア_安定_V1,0.4131,unchanged
131,闘_ガブルカ_安定_V1,0.5377,Out: ルガルガン / In: カスミ (Parent: 33/50 -> Mutant: 37/50)
131,超_ゲンガー_グッズ偏重_V3,0.1777,Out: オーロット / In: シトロンのリュック (Parent: 14/50 -> Mutant: 16/50)
131,水_スターミー_究極_V6_アルティメット,0.6161,unchanged
131,水_スターミー_グッズ偏重_V3,0.4488,Out: シトロン / In: サカキ (Parent: 28/50 -> Mutant: 38/50)
131,鋼_メルルギア_究極_V6_アルティメット,0.5756,Out: マッスグマ / In: ムクホーク (Parent: 40/50 -> Mutant: 43/50)
131,超_ミュウツー_究極_V6_アルティメット,0.5274,Out: スイレン / In: ベラカス (Parent: 34/50 -> Mutant: 44/50)
131,闘_ガブルカ_究極_V6_アルティメット,0.4362,unchanged
131,草_フシギバナ_グッズ偏重_V3,0.7027,unchanged
131,雷_ピカチュウ_安定_V1,0.6974,unchanged
131,雷_ピカチュウ_究極_V6_アルティメット,0.5981,unchanged
132,雷_ピカチュウ_グッズ偏重_V3,0.4964,unchanged
132,龍悪_ギラダク_グッズ偏重_V3,0.6477,Out: シズイ / In: ヌメラ (Parent: 19/50 -> Mutant: 21/50)
132,水_スターミー_グッズ偏重_V3,0.4499,unchanged
132,超_ミュウツー_究極_V6_アルティメット,0.5292,unchanged
132,雷_ピカチュウ_究極_V6_アルティメット,0.5994,unchanged
132,鋼_メルルギア_安定_V1,0.4128,Out: ミカン / In: タブンネ (Parent: 19/50 -> Mutant: 24/50)
132,超_ゲンガー_グッズ偏重_V3,0.1781,unchanged
132,超_ミュウツー_グッズ偏重_V3,0.3077,Out: ボタン / In: カイ (Parent: 24/50 -> Mutant: 28/50)
132,鋼_メルルギア_究極_V6_アルティメット,0.5763,unchanged
132,闘_ガブルカ_グッズ偏重_V3,0.3143,unchanged
132,闘_ガブルカ_究極_V6_アルティメット,0.4371,Out: メリッサ / In: ナゲツケサルex (Parent: 31/50 -> Mutant: 34/50)
132,草_フシギバナ_安定_V1,0.5602,Out: フレイムパッチ / In: ボクレー (Parent: 27/50 -> Mutant: 30/50)
132,鋼_メルルギア_グッズ偏重_V3,0.3325,unchanged
132,龍悪_ギラダク_究極_V6_アルティメット,0.5747,unchanged
132,水_スターミー_究極_V6_アルティメット,0.6156,unchanged
132,草_フシギバナ_究極_V6_アルティメット,0.5841,unchanged
132,超_ゲンガー_究極_V6_アルティメット,0.7207,unchanged
132,炎_リザードンX_グッズ偏重_V3,0.6007,unchanged
132,龍悪_ギラダク_安定_V1,0.5243,Out: ドラピオン / In: マニューラ (Parent: 22/50 -> Mutant: 24/50)
132,雷_ピカチュウ_安定_V1,0.6961,unchanged
132,草_フシギバナ_グッズ偏重_V3,0.7028,unchanged
132,闘_ガブルカ_安定_V1,0.5375,unchanged
132,炎_リザードンX_安定_V1,0.6265,unchanged
132,超_ゲンガー_安定_V1,0.2134,unchanged
132,炎_リザードンX_究極_V6_アルティメット,0.3985,unchanged
132,超_ミュウツー_安定_V1,0.5386,unchanged
132,水_スターミー_安定_V1,0.3249,unchanged
133,超_ゲンガー_安定_V1,0.2153,unchanged
133,龍悪_ギラダク_究極_V6_アルティメット,0.5752,unchanged
133,水_スターミー_安定_V1,0.3248,unchanged
133,龍悪_ギラダク_グッズ偏重_V3,0.6460,unchanged
133,鋼_メルルギア_安定_V1,0.4129,unchanged
133,草_フシギバナ_グッズ偏重_V3,0.7040,Out: ハンサム / In: エレメンタルつけかえ (Parent: 44/50 -> Mutant: 46/50)
133,超_ゲンガー_グッズ偏重_V3,0.1782,unchanged
133,鋼_メルルギア_グッズ偏重_V3,0.3333,unchanged
133,闘_ガブルカ_グッズ偏重_V3,0.3151,unchanged
133,炎_リザードンX_究極_V6_アルティメット,0.3989,Out: オボンのみ / In: ワカシャモ (Parent: 20/50 -> Mutant: 22/50)
133,雷_ピカチュウ_究極_V6_アルティメット,0.6004,unchanged
133,水_スターミー_グッズ偏重_V3,0.4501,unchanged
133,超_ミュウツー_グッズ偏重_V3,0.3078,Out: ユンゲラー / In: メロエッタ (Parent: 12/50 -> Mutant: 22/50)
133,鋼_メルルギア_究極_V6_アルティメット,0.5770,unchanged
133,水_スターミー_究極_V6_アルティメット,0.6155,unchanged
133,闘_ガブルカ_安定_V1,0.5378,unchanged
133,雷_ピカチュウ_グッズ偏重_V3,0.4968,unchanged
133,龍悪_ギラダク_安定_V1,0.5238,unchanged
133,超_ミュウツー_究極_V6_アルティメット,0.5293,unchanged
133,雷_ピカチュウ_安定_V1,0.6949,unchanged
133,炎_リザードンX_安定_V1,0.6256,unchanged
133,草_フシギバナ_安定_V1,0.5589,unchanged
133,草_フシギバナ_究極_V6_アルティメット,0.5835,unchanged
133,炎_リザードンX_グッズ偏重_V3,0.6014,Out: タケシ / In: きずぐすり (Parent: 43/50 -> Mutant: 45/50)
133,超_ミュウツー_安定_V1,0.5370,unchanged
133,闘_ガブルカ_究極_V6_アルティメット,0.4369,unchanged
133,超_ゲンガー_究極_V6_アルティメット,0.7196,unchanged
134,龍悪_ギラダク_安定_V1,0.5243,unchanged
134,超_ミュウツー_グッズ偏重_V3,0.3086,Out: レッドカード / In: ムウマ (Parent: 19/50 -> Mutant: 24/50)
134,草_フシギバナ_究極_V6_アルティメット,0.5854,unchanged
134,草_フシギバナ_安定_V1,0.5581,Out: タルップル / In: シズイ (Parent: 23/50 -> Mutant: 25/50)
134,水_スターミー_グッズ偏重_V3,0.4511,Out: テーブルシティ / In: セゴール (Parent: 29/50 -> Mutant: 35/50)
134,鋼_メルルギア_グッズ偏重_V3,0.3340,unchanged
134,闘_ガブルカ_グッズ偏重_V3,0.3160,Out: リオル / In: アーケオス (Parent: 25/50 -> Mutant: 27/50)
134,超_ゲンガー_グッズ偏重_V3,0.1783,unchanged
134,龍悪_ギラダク_グッズ偏重_V3,0.6439,unchanged
134,炎_リザードンX_究極_V6_アルティメット,0.3991,unchanged
134,鋼_メルルギア_究極_V6_アルティメット,0.5776,unchanged
134,闘_ガブルカ_安定_V1,0.5380,unchanged
134,超_ミュウツー_安定_V1,0.5360,unchanged
134,草_フシギバナ_グッズ偏重_V3,0.7046,unchanged
134,超_ゲンガー_安定_V1,0.2164,unchanged
134,水_スターミー_安定_V1,0.3239,unchanged
134,雷_ピカチュウ_究極_V6_アルティメット,0.6008,unchanged
134,水_スターミー_究極_V6_アルティメット,0.6153,unchanged
134,炎_リザードンX_安定_V1,0.6247,Out: ヒードラン / In: カキ (Parent: 32/50 -> Mutant: 37/50)
134,雷_ピカチュウ_グッズ偏重_V3,0.4968,unchanged
134,雷_ピカチュウ_安定_V1,0.6939,unchanged
134,炎_リザードンX_グッズ偏重_V3,0.6022,unchanged
134,闘_ガブルカ_究極_V6_アルティメット,0.4371,Out: ハンドスコープ / In: ジーランス (Parent: 37/50 -> Mutant: 40/50)
134,超_ゲンガー_究極_V6_アルティメット,0.7191,unchanged
134,超_ミュウツー_究極_V6_アルティメット,0.5286,unchanged
134,鋼_メルルギア_安定_V1,0.4119,unchanged
134,龍悪_ギラダク_究極_V6_アルティメット,0.5742,Out: カルム / In: ドガース (Parent: 31/50 -> Mutant: 35/50)
135,闘_ガブルカ_安定_V1,0.5394,unchanged
135,雷_ピカチュウ_グッズ偏重_V3,0.4985,unchanged
135,超_ゲンガー_究極_V6_アルティメット,0.7200,unchanged
135,水_スターミー_究極_V6_アルティメット,0.6163,unchanged
135,鋼_メルルギア_究極_V6_アルティメット,0.5787,Out: ムクバード / In: ムクホーク (Parent: 31/50 -> Mutant: 35/50)
135,超_ミュウツー_究極_V6_アルティメット,0.5297,Out: ベラカス / In: ミカン (Parent: 31/50 -> Mutant: 38/50)
135,雷_ピカチュウ_安定_V1,0.6939,unchanged
135,草_フシギバナ_究極_V6_アルティメット,0.5865,unchanged
135,闘_ガブルカ_グッズ偏重_V3,0.3166,Out: アーケオス / In: ネズ (Parent: 20/50 -> Mutant: 23/50)
135,龍悪_ギラダク_グッズ偏重_V3,0.6418,unchanged
135,超_ゲンガー_グッズ偏重_V3,0.1783,unchanged
135,龍悪_ギラダク_究極_V6_アルティメット,0.5735,unchanged
135,炎_リザードンX_安定_V1,0.6249,unchanged
135,炎_リザードンX_究極_V6_アルティメット,0.3989,unchanged
135,鋼_メルルギア_安定_V1,0.4116,unchanged
135,鋼_メルルギア_グッズ偏重_V3,0.3339,unchanged
135,水_スターミー_グッズ偏重_V3,0.4510,Out: ウェーニバル / In: アローラキュウコン (Parent: 25/50 -> Mutant: 32/50)
135,草_フシギバナ_安定_V1,0.5568,unchanged
135,炎_リザードンX_グッズ偏重_V3,0.6028,Out: グズマ / In: 幻の石板 (Parent: 43/50 -> Mutant: 46/50)
135,龍悪_ギラダク_安定_V1,0.5232,Out: クリムガン / In: ヌメルゴン (Parent: 30/50 -> Mutant: 35/50)
135,超_ゲンガー_安定_V1,0.2171,Out: フレイムパッチ / In: メガチルタリスex (Parent: 23/50 -> Mutant: 31/50)
135,闘_ガブルカ_究極_V6_アルティメット,0.4368,unchanged
135,雷_ピカチュウ_究極_V6_アルティメット,0.6007,Out: メンテナンス / In: レッドカード (Parent: 39/50 -> Mutant: 41/50)
135,水_スターミー_安定_V1,0.3227,unchanged
135,草_フシギバナ_グッズ偏重_V3,0.7045,unchanged
135,超_ミュウツー_安定_V1,0.5344,Out: ルナアーラex / In: ギンガ団のしたっぱ (Parent: 26/50 -> Mutant: 29/50)
135,超_ミュウツー_グッズ偏重_V3,0.3075,unchanged
136,龍悪_ギラダク_グッズ偏重_V3,0.6405,Out: アローラベトベター / In: 釣り人 (Parent: 15/50 -> Mutant: 23/50)
136,草_フシギバナ_究極_V6_アルティメット,0.5885,unchanged
136,超_ゲンガー_グッズ偏重_V3,0.1786,Out: ペロッパフ / In: フーディン (Parent: 10/50 -> Mutant: 18/50)
136,雷_ピカチュウ_グッズ偏重_V3,0.5000,unchanged
136,闘_ガブルカ_究極_V6_アルティメット,0.4379,unchanged
136,炎_リザードンX_究極_V6_アルティメット,0.3993,Out: ポケモンの笛 / In: ラッキーミトン (Parent: 20/50 -> Mutant: 24/50)
136,鋼_メルルギア_安定_V1,0.4117,unchanged
136,水_スターミー_グッズ偏重_V3,0.4514,unchanged
136,超_ミュウツー_究極_V6_アルティメット,0.5310,unchanged
136,草_フシギバナ_安定_V1,0.5561,unchanged
136,超_ミュウツー_グッズ偏重_V3,0.3075,unchanged
136,炎_リザードンX_グッズ偏重_V3,0.6039,Out: 幻の石板 / In: ファイヤーex (Parent: 37/50 -> Mutant: 40/50)
136,超_ゲンガー_究極_V6_アルティメット,0.7200,Out: ハウ / In: サマヨール (Parent: 40/50 -> Mutant: 43/50)
136,水_スターミー_安定_V1,0.3218,unchanged
136,龍悪_ギラダク_究極_V6_アルティメット,0.5728,unchanged
136,炎_リザードンX_安定_V1,0.6246,Out: ファイヤーex / In: ポケモン図鑑 (Parent: 37/50 -> Mutant: 39/50)
136,超_ミュウツー_安定_V1,0.5333,unchanged
136,闘_ガブルカ_グッズ偏重_V3,0.3165,unchanged
136,雷_ピカチュウ_究極_V6_アルティメット,0.6010,unchanged
136,水_スターミー_究極_V6_アルティメット,0.6157,Out: グレイシア / In: ニョロトノ (Parent: 39/50 -> Mutant: 42/50)
136,闘_ガブルカ_安定_V1,0.5392,unchanged
136,超_ゲンガー_安定_V1,0.2182,Out: アセロラ / In: ミュウツーex (Parent: 25/50 -> Mutant: 27/50)
136,鋼_メルルギア_グッズ偏重_V3,0.3335,Out: まもりのポンチョ / In: マチス (Parent: 24/50 -> Mutant: 27/50)
136,龍悪_ギラダク_安定_V1,0.5221,unchanged
136,雷_ピカチュウ_安定_V1,0.6924,Out: たべのこし / In: レントラー (Parent: 36/50 -> Mutant: 42/50)
136,鋼_メルルギア_究極_V6_アルティメット,0.5781,unchanged
136,草_フシギバナ_グッズ偏重_V3,0.7044,unchanged
137,雷_ピカチュウ_究極_V6_アルティメット,0.6025,unchanged
137,炎_リザードンX_究極_V6_アルティメット,0.3998,unchanged
137,水_スターミー_究極_V6_アルティメット,0.6166,unchanged
137,雷_ピカチュウ_安定_V1,0.6924,unchanged
137,龍悪_ギラダク_グッズ偏重_V3,0.6390,Out: スカンプー / In: ベベノム (Parent: 28/50 -> Mutant: 30/50)
137,炎_リザードンX_安定_V1,0.6256,unchanged
137,超_ゲンガー_グッズ偏重_V3,0.1789,Out: シトロンのリュック / In: キョウ (Parent: 16/50 -> Mutant: 24/50)
137,草_フシギバナ_グッズ偏重_V3,0.7052,Out: エレメンタルつけかえ / In: ジャグラー (Parent: 42/50 -> Mutant: 44/50)
137,超_ゲンガー_究極_V6_アルティメット,0.7204,unchanged
137,鋼_メルルギア_安定_V1,0.4114,unchanged
137,龍悪_ギラダク_究極_V6_アルティメット,0.5726,unchanged
137,闘_ガブルカ_安定_V1,0.5400,unchanged
137,炎_リザードンX_グッズ偏重_V3,0.6051,Out: シトロンのリュック / In: カイ (Parent: 41/50 -> Mutant: 43/50)
137,闘_ガブルカ_究極_V6_アルティメット,0.4387,unchanged
137,草_フシギバナ_安定_V1,0.5546,unchanged
137,水_スターミー_グッズ偏重_V3,0.4515,unchanged
137,水_スターミー_安定_V1,0.3209,unchanged
137,草_フシギバナ_究極_V6_アルティメット,0.5881,unchanged
137,鋼_メルルギア_グッズ偏重_V3,0.3335,Out: ミミロップ / In: エレキコード (Parent: 26/50 -> Mutant: 29/50)
137,鋼_メルルギア_究極_V6_アルティメット,0.5778,unchanged
137,雷_ピカチュウ_グッズ偏重_V3,0.4995,Out: レアコイル / In: メンテナンス (Parent: 31/50 -> Mutant: 37/50)
137,超_ミュウツー_究極_V6_アルティメット,0.5308,unchanged
137,超_ゲンガー_安定_V1,0.2197,Out: ナンジャモ / In: 幻の石板 (Parent: 32/50 -> Mutant: 37/50)
137,超_ミュウツー_安定_V1,0.5320,Out: ベラカス / In: ビーストナイト (Parent: 19/50 -> Mutant: 27/50)
137,龍悪_ギラダク_安定_V1,0.5209,Out: ダークライ / In: メモリーライト (Parent: 36/50 -> Mutant: 38/50)
137,闘_ガブルカ_グッズ偏重_V3,0.3161,unchanged
137,超_ミュウツー_グッズ偏重_V3,0.3063,unchanged
138,超_ミュウツー_安定_V1,0.5325,Out: キルリア / In: そうじゅくエキス (Parent: 28/50 -> Mutant: 30/50)
138,水_スターミー_究極_V6_アルティメット,0.6178,unchanged
138,炎_リザードンX_究極_V6_アルティメット,0.4004,unchanged
138,龍悪_ギラダク_グッズ偏重_V3,0.6374,Out: 釣り人 / In: カイリューex (Parent: 23/50 -> Mutant: 26/50)
138,炎_リザードンX_グッズ偏重_V3,0.6065,Out: メガリザードンYex / In: ふしぎなアメ (Parent: 37/50 -> Mutant: 42/50)
138,超_ゲンガー_安定_V1,0.2222,unchanged
138,水_スターミー_安定_V1,0.3206,unchanged
138,草_フシギバナ_安定_V1,0.5540,Out: カイロス / In: エルフーンex (Parent: 26/50 -> Mutant: 28/50)
138,水_スターミー_グッズ偏重_V3,0.4518,Out: フリーザーex / In: キョウ (Parent: 32/50 -> Mutant: 36/50)
138,超_ミュウツー_グッズ偏重_V3,0.3063,Out: ミュウツーex / In: ニンフィアex (Parent: 18/50 -> Mutant: 20/50)
138,雷_ピカチュウ_安定_V1,0.6920,Out: モンスターボール / In: トゲデマル (Parent: 33/50 -> Mutant: 38/50)
138,超_ミュウツー_究極_V6_アルティメット,0.5318,unchanged
138,鋼_メルルギア_グッズ偏重_V3,0.3338,unchanged
138,雷_ピカチュウ_究極_V6_アルティメット,0.6029,unchanged
138,闘_ガブルカ_安定_V1,0.5403,unchanged
138,草_フシギバナ_グッズ偏重_V3,0.7057,unchanged
138,超_ゲンガー_グッズ偏重_V3,0.1788,unchanged
138,炎_リザードンX_安定_V1,0.6252,unchanged
138,鋼_メルルギア_安定_V1,0.4105,Out: タブンネ / In: イッカネズミ (Parent: 27/50 -> Mutant: 31/50)
138,雷_ピカチュウ_グッズ偏重_V3,0.4993,unchanged
138,闘_ガブルカ_究極_V6_アルティメット,0.4385,unchanged
138,龍悪_ギラダク_究極_V6_アルティメット,0.5717,unchanged
138,超_ゲンガー_究極_V6_アルティメット,0.7199,unchanged
138,草_フシギバナ_究極_V6_アルティメット,0.5870,Out: スピアー / In: ロケット団のしたっぱ (Parent: 42/50 -> Mutant: 44/50)
138,闘_ガブルカ_グッズ偏重_V3,0.3157,unchanged
138,龍悪_ギラダク_安定_V1,0.5200,unchanged
138,鋼_メルルギア_究極_V6_アルティメット,0.5773,unchanged
139,鋼_メルルギア_グッズ偏重_V3,0.3348,unchanged
139,草_フシギバナ_グッズ偏重_V3,0.7069,unchanged
139,草_フシギバナ_安定_V1,0.5537,Out: キャタピー / In: トレーニングエリア (Parent: 26/50 -> Mutant: 30/50)
139,超_ゲンガー_グッズ偏重_V3,0.1795,Out: ピィ / In: カツラ (Parent: 18/50 -> Mutant: 20/50)
139,超_ゲンガー_究極_V6_アルティメット,0.7205,Out: ベラカス / In: レッドカード (Parent: 43/50 -> Mutant: 46/50)
139,水_スターミー_グッズ偏重_V3,0.4522,Out: サカキ / In: ハラ (Parent: 26/50 -> Mutant: 31/50)
139,雷_ピカチュウ_究極_V6_アルティメット,0.6041,unchanged
139,闘_ガブルカ_安定_V1,0.5414,unchanged
139,超_ゲンガー_安定_V1,0.2247,unchanged
139,龍悪_ギラダク_究極_V6_アルティメット,0.5715,Out: ハイキングコース / In: メガラティオスex (Parent: 31/50 -> Mutant: 40/50)
139,雷_ピカチュウ_安定_V1,0.6912,unchanged
139,龍悪_ギラダク_グッズ偏重_V3,0.6359,unchanged
139,水_スターミー_安定_V1,0.3200,Out: ヒヤップ / In: ハンドスコープ (Parent: 9/50 -> Mutant: 16/50)
139,闘_ガブルカ_グッズ偏重_V3,0.3164,unchanged
139,龍悪_ギラダク_安定_V1,0.5197,unchanged
139,鋼_メルルギア_究極_V6_アルティメット,0.5776,unchanged
139,草_フシギバナ_究極_V6_アルティメット,0.5872,Out: ふしぎな広場 / In: ペパー (Parent: 41/50 -> Mutant: 45/50)
139,炎_リザードンX_グッズ偏重_V3,0.6068,unchanged
139,超_ミュウツー_安定_V1,0.5314,unchanged
139,水_スターミー_究極_V6_アルティメット,0.6173,unchanged
139,炎_リザードンX_安定_V1,0.6248,unchanged
139,超_ミュウツー_グッズ偏重_V3,0.3050,unchanged
139,雷_ピカチュウ_グッズ偏重_V3,0.4991,unchanged
139,炎_リザードンX_究極_V6_アルティメット,0.3997,unchanged
139,超_ミュウツー_究極_V6_アルティメット,0.5314,unchanged
139,鋼_メルルギア_安定_V1,0.4093,unchanged
139,闘_ガブルカ_究極_V6_アルティメット,0.4378,unchanged
140,鋼_メルルギア_究極_V6_アルティメット,0.5790,unchanged
140,水_スターミー_グッズ偏重_V3,0.4528,unchanged
140,炎_リザードンX_究極_V6_アルティメット,0.4007,Out: ラッキーミトン / In: たての化石 (Parent: 22/50 -> Mutant: 24/50)
140,超_ゲンガー_究極_V6_アルティメット,0.7213,unchanged
140,龍悪_ギラダク_究極_V6_アルティメット,0.5721,unchanged
140,闘_ガブルカ_究極_V6_アルティメット,0.4392,unchanged
140,草_フシギバナ_究極_V6_アルティメット,0.5884,unchanged
140,鋼_メルルギア_グッズ偏重_V3,0.3354,Out: リーフマント / In: タケシ (Parent: 26/50 -> Mutant: 30/50)
140,超_ミュウツー_安定_V1,0.5313,unchanged
140,草_フシギバナ_安定_V1,0.5531,Out: たべのこし / In: アゴの化石 (Parent: 25/50 -> Mutant: 32/50)
140,龍悪_ギラダク_安定_V1,0.5199,unchanged
140,雷_ピカチュウ_安定_V1,0.6902,Out: トゲデマル / In: たての化石 (Parent: 32/50 -> Mutant: 34/50)
140,草_フシギバナ_グッズ偏重_V3,0.7074,unchanged
140,超_ゲンガー_安定_V1,0.2265,unchanged
140,超_ゲンガー_グッズ偏重_V3,0.1795,Out: アセロラ / In: ヘビーメット (Parent: 15/50 -> Mutant: 18/50)
140,炎_リザードンX_グッズ偏重_V3,0.6066,unchanged
140,超_ミュウツー_グッズ偏重_V3,0.3041,Out: クレッフィ / In: ペロッパフ (Parent: 13/50 -> Mutant: 18/50)
140,水_スターミー_安定_V1,0.3192,Out: スター団のしたっぱ / In: ナミイルカ (Parent: 11/50 -> Mutant: 14/50)
140,炎_リザードンX_安定_V1,0.6242,Out: おさかなネット / In: ラビフット (Parent: 36/50 -> Mutant: 44/50)
140,水_スターミー_究極_V6_アルティメット,0.6171,unchanged
140,龍悪_ギラダク_グッズ偏重_V3,0.6335,Out: ナツメ / In: マタドガス (Parent: 21/50 -> Mutant: 25/50)
140,雷_ピカチュウ_グッズ偏重_V3,0.4991,unchanged
140,鋼_メルルギア_安定_V1,0.4082,unchanged
140,闘_ガブルカ_グッズ偏重_V3,0.3159,Out: ドロバンコ / In: アーケオス (Parent: 16/50 -> Mutant: 22/50)
140,雷_ピカチュウ_究極_V6_アルティメット,0.6037,unchanged
140,超_ミュウツー_究極_V6_アルティメット,0.5309,unchanged
140,闘_ガブルカ_安定_V1,0.5406,unchanged
141,鋼_メルルギア_究極_V6_アルティメット,0.5806,unchanged
141,龍悪_ギラダク_安定_V1,0.5206,Out: レスキュースカーフ / In: マツバ (Parent: 34/50 -> Mutant: 42/50)
141,水_スターミー_グッズ偏重_V3,0.4531,unchanged
141,闘_ガブルカ_究極_V6_アルティメット,0.4403,unchanged
141,龍悪_ギラダク_究極_V6_アルティメット,0.5728,unchanged
141,雷_ピカチュウ_グッズ偏重_V3,0.5004,unchanged
141,草_フシギバナ_安定_V1,0.5530,Out: ボクレー / In: ポケモンの笛 (Parent: 24/50 -> Mutant: 35/50)
141,雷_ピカチュウ_究極_V6_アルティメット,0.6044,unchanged
141,雷_ピカチュウ_安定_V1,0.6900,Out: セキ / In: サンダース (Parent: 33/50 -> Mutant: 36/50)
141,鋼_メルルギア_グッズ偏重_V3,0.3356,Out: ムクホーク / In: カキ (Parent: 20/50 -> Mutant: 26/50)
141,闘_ガブルカ_安定_V1,0.5415,unchanged
141,水_スターミー_究極_V6_アルティメット,0.6170,unchanged
141,闘_ガブルカ_グッズ偏重_V3,0.3164,unchanged
141,草_フシギバナ_グッズ偏重_V3,0.7080,unchanged
141,超_ゲンガー_グッズ偏重_V3,0.1795,Out: ペロッパフ / In: こうらの化石 (Parent: 17/50 -> Mutant: 24/50)
141,超_ミュウツー_安定_V1,0.5306,Out: おおきいマラサダ / In: ラルトス (Parent: 21/50 -> Mutant: 29/50)
141,水_スターミー_安定_V1,0.3183,Out: ゴツゴツメット / In: コダック (Parent: 19/50 -> Mutant: 22/50)
141,超_ゲンガー_究極_V6_アルティメット,0.7212,unchanged
141,炎_リザードンX_究極_V6_アルティメット,0.4004,unchanged
141,炎_リザードンX_安定_V1,0.6239,unchanged
141,鋼_メルルギア_安定_V1,0.4074,unchanged
141,超_ミュウツー_究極_V6_アルティメット,0.5308,Out: ニンフィアex / In: ペパー (Parent: 38/50 -> Mutant: 40/50)
141,草_フシギバナ_究極_V6_アルティメット,0.5876,unchanged
141,炎_リザードンX_グッズ偏重_V3,0.6062,unchanged
141,超_ミュウツー_グッズ偏重_V3,0.3029,Out: ムウマ / In: いじわるレター (Parent: 16/50 -> Mutant: 19/50)
141,龍悪_ギラダク_グッズ偏重_V3,0.6306,unchanged
141,超_ゲンガー_安定_V1,0.2272,unchanged
142,超_ゲンガー_安定_V1,0.2302,unchanged
142,草_フシギバナ_グッズ偏重_V3,0.7091,Out: ペパー / In: マスカーニャex (Parent: 44/50 -> Mutant: 47/50)
142,水_スターミー_グッズ偏重_V3,0.4535,Out: グリーン / In: シズクモ (Parent: 22/50 -> Mutant: 29/50)
142,超_ゲンガー_究極_V6_アルティメット,0.7220,unchanged
142,水_スターミー_究極_V6_アルティメット,0.6175,unchanged
142,龍悪_ギラダク_安定_V1,0.5211,unchanged
142,超_ミュウツー_究極_V6_アルティメット,0.5321,unchanged
142,龍悪_ギラダク_グッズ偏重_V3,0.6290,unchanged
142,鋼_メルルギア_グッズ偏重_V3,0.3363,unchanged
142,炎_リザードンX_安定_V1,0.6242,unchanged
142,草_フシギバナ_安定_V1,0.5528,Out: アゴの化石 / In: バチンキー (Parent: 29/50 -> Mutant: 31/50)
142,草_フシギバナ_究極_V6_アルティメット,0.5882,unchanged
142,超_ミュウツー_安定_V1,0.5297,Out: ビーストナイト / In: リーリエ (Parent: 24/50 -> Mutant: 26/50)
142,闘_ガブルカ_安定_V1,0.5421,unchanged
142,鋼_メルルギア_究極_V6_アルティメット,0.5810,unchanged
142,雷_ピカチュウ_安定_V1,0.6894,unchanged
142,闘_ガブルカ_グッズ偏重_V3,0.3166,Out: ルチャブル / In: 博士の研究 (Parent: 18/50 -> Mutant: 23/50)
142,龍悪_ギラダク_究極_V6_アルティメット,0.5726,unchanged
142,炎_リザードンX_グッズ偏重_V3,0.6056,unchanged
142,雷_ピカチュウ_究極_V6_アルティメット,0.6040,Out: パモット / In: ビリリダマ (Parent: 37/50 -> Mutant: 39/50)
142,闘_ガブルカ_究極_V6_アルティメット,0.4401,Out: グラジオ / In: メリッサ (Parent: 26/50 -> Mutant: 36/50)
142,鋼_メルルギア_安定_V1,0.4062,Out: ドリュウズ / In: カイ (Parent: 14/50 -> Mutant: 20/50)
142,超_ゲンガー_グッズ偏重_V3,0.1791,Out: ゴースト / In: ゴースト (Parent: 11/50 -> Mutant: 17/50)
142,水_スターミー_安定_V1,0.3170,unchanged
142,雷_ピカチュウ_グッズ偏重_V3,0.4998,unchanged
142,超_ミュウツー_グッズ偏重_V3,0.3015,unchanged
142,炎_リザードンX_究極_V6_アルティメット,0.3992,unchanged
143,龍悪_ギラダク_安定_V1,0.5221,unchanged
143,草_フシギバナ_グッズ偏重_V3,0.7101,unchanged
143,雷_ピカチュウ_安定_V1,0.6895,unchanged
143,闘_ガブルカ_グッズ偏重_V3,0.3177,Out: ゴビット / In: ハイキングコース (Parent: 20/50 -> Mutant: 32/50)
143,鋼_メルルギア_究極_V6_アルティメット,0.5820,unchanged
143,超_ゲンガー_究極_V6_アルティメット,0.7228,unchanged
143,闘_ガブルカ_安定_V1,0.5431,unchanged
143,超_ミュウツー_究極_V6_アルティメット,0.5332,unchanged
143,龍悪_ギラダク_グッズ偏重_V3,0.6275,unchanged
143,超_ミュウツー_安定_V1,0.5292,Out: ギンガ団のしたっぱ / In: ゴツゴツメット (Parent: 24/50 -> Mutant: 26/50)
143,鋼_メルルギア_安定_V1,0.4062,unchanged
143,炎_リザードンX_安定_V1,0.6243,unchanged
143,雷_ピカチュウ_究極_V6_アルティメット,0.6040,unchanged
143,水_スターミー_グッズ偏重_V3,0.4527,Out: ハラ / In: カメックス (Parent: 24/50 -> Mutant: 30/50)
143,超_ゲンガー_安定_V1,0.2322,Out: プルリル / In: マオ (Parent: 33/50 -> Mutant: 37/50)
143,炎_リザードンX_究極_V6_アルティメット,0.3990,Out: オドリドリ / In: ブーバー (Parent: 23/50 -> Mutant: 29/50)
143,雷_ピカチュウ_グッズ偏重_V3,0.5000,unchanged
143,闘_ガブルカ_究極_V6_アルティメット,0.4404,unchanged
143,鋼_メルルギア_グッズ偏重_V3,0.3361,Out: ドードリオ / In: カビゴンex (Parent: 26/50 -> Mutant: 32/50)
143,龍悪_ギラダク_究極_V6_アルティメット,0.5724,Out: ドガース / In: いじわるレター (Parent: 38/50 -> Mutant: 43/50)
143,草_フシギバナ_究極_V6_アルティメット,0.5876,unchanged
143,超_ゲンガー_グッズ偏重_V3,0.1788,unchanged
143,水_スターミー_究極_V6_アルティメット,0.6163,unchanged
143,炎_リザードンX_グッズ偏重_V3,0.6052,unchanged
143,超_ミュウツー_グッズ偏重_V3,0.3003,unchanged
143,草_フシギバナ_安定_V1,0.5518,unchanged
143,水_スターミー_安定_V1,0.3155,unchanged
144,鋼_メルルギア_グッズ偏重_V3,0.3378,Out: オニドリル / In: ネズ (Parent: 23/50 -> Mutant: 29/50)
144,草_フシギバナ_グッズ偏重_V3,0.7111,unchanged
144,雷_ピカチュウ_安定_V1,0.6898,unchanged
144,草_フシギバナ_安定_V1,0.5520,unchanged
144,炎_リザードンX_グッズ偏重_V3,0.6059,unchanged
144,雷_ピカチュウ_究極_V6_アルティメット,0.6044,unchanged
144,水_スターミー_グッズ偏重_V3,0.4525,unchanged
144,龍悪_ギラダク_究極_V6_アルティメット,0.5730,unchanged
144,龍悪_ギラダク_安定_V1,0.5223,Out: イーブイのバッグ / In: 当たりつきアイス (Parent: 34/50 -> Mutant: 36/50)
144,雷_ピカチュウ_グッズ偏重_V3,0.5010,unchanged
144,超_ミュウツー_グッズ偏重_V3,0.2999,unchanged
144,超_ゲンガー_グッズ偏重_V3,0.1794,unchanged
144,闘_ガブルカ_安定_V1,0.5436,Out: ドテッコツ / In: ケケンカニ (Parent: 34/50 -> Mutant: 42/50)
144,超_ミュウツー_究極_V6_アルティメット,0.5338,unchanged
144,鋼_メルルギア_究極_V6_アルティメット,0.5826,unchanged
144,水_スターミー_安定_V1,0.3147,unchanged
144,鋼_メルルギア_安定_V1,0.4057,Out: ペラップ / In: コイル (Parent: 20/50 -> Mutant: 23/50)
144,超_ゲンガー_究極_V6_アルティメット,0.7226,unchanged
144,炎_リザードンX_安定_V1,0.6240,Out: ナンジャモ / In: カスミ (Parent: 37/50 -> Mutant: 41/50)
144,龍悪_ギラダク_グッズ偏重_V3,0.6251,unchanged
144,闘_ガブルカ_究極_V6_アルティメット,0.4402,unchanged
144,超_ゲンガー_安定_V1,0.2338,Out: ロトム / In: エレキジェネレーター (Parent: 27/50 -> Mutant: 37/50)
144,水_スターミー_究極_V6_アルティメット,0.6154,unchanged
144,超_ミュウツー_安定_V1,0.5277,unchanged
144,草_フシギバナ_究極_V6_アルティメット,0.5865,Out: シルバー / In: きずぐすり (Parent: 37/50 -> Mutant: 46/50)
144,炎_リザードンX_究極_V6_アルティメット,0.3979,Out: ナツメ / In: ゴウカザルex (Parent: 26/50 -> Mutant: 37/50)
144,闘_ガブルカ_グッズ偏重_V3,0.3174,unchanged
145,雷_ピカチュウ_究極_V6_アルティメット,0.6049,unchanged
145,炎_リザードンX_安定_V1,0.6250,unchanged
145,草_フシギバナ_グッズ偏重_V3,0.7120,unchanged
145,龍悪_ギラダク_究極_V6_アルティメット,0.5739,unchanged
145,超_ゲンガー_グッズ偏重_V3,0.1802,unchanged
145,超_ゲンガー_安定_V1,0.2367,Out: メンテナンス / In: バリヤード (Parent: 33/50 -> Mutant: 39/50)
145,龍悪_ギラダク_安定_V1,0.5228,unchanged
145,鋼_メルルギア_グッズ偏重_V3,0.3387,unchanged
145,龍悪_ギラダク_グッズ偏重_V3,0.6236,Out: ガバイト / In: アーボ (Parent: 24/50 -> Mutant: 26/50)
145,水_スターミー_安定_V1,0.3143,unchanged
145,超_ミュウツー_グッズ偏重_V3,0.2994,unchanged
145,雷_ピカチュウ_安定_V1,0.6896,unchanged
145,草_フシギバナ_安定_V1,0.5517,unchanged
145,鋼_メルルギア_安定_V1,0.4055,Out: ポケモン通信 / In: ドーブル (Parent: 14/50 -> Mutant: 17/50)
145,水_スターミー_グッズ偏重_V3,0.4518,Out: ジュゴン / In: どくバリ (Parent: 24/50 -> Mutant: 29/50)
145,雷_ピカチュウ_グッズ偏重_V3,0.5014,unchanged
145,鋼_メルルギア_究極_V6_アルティメット,0.5829,unchanged
145,闘_ガブルカ_究極_V6_アルティメット,0.4407,Out: カキ / In: イワンコ (Parent: 31/50 -> Mutant: 37/50)
145,闘_ガブルカ_安定_V1,0.5433,unchanged
145,闘_ガブルカ_グッズ偏重_V3,0.3176,unchanged
145,草_フシギバナ_究極_V6_アルティメット,0.5859,unchanged
145,水_スターミー_究極_V6_アルティメット,0.6146,unchanged
145,炎_リザードンX_グッズ偏重_V3,0.6056,Out: シャンデラ / In: アカギ (Parent: 37/50 -> Mutant: 42/50)
145,超_ゲンガー_究極_V6_アルティメット,0.7218,Out: ナツメ / In: ムウマージex (Parent: 43/50 -> Mutant: 47/50)
145,超_ミュウツー_安定_V1,0.5261,unchanged
145,超_ミュウツー_究極_V6_アルティメット,0.5329,Out: ニンフィアex / In: ゴツゴツメット (Parent: 39/50 -> Mutant: 43/50)
145,炎_リザードンX_究極_V6_アルティメット,0.3971,Out: ラビフット / In: ブーバーン (Parent: 25/50 -> Mutant: 27/50)
146,龍悪_ギラダク_究極_V6_アルティメット,0.5749,unchanged
146,水_スターミー_安定_V1,0.3143,unchanged
146,草_フシギバナ_安定_V1,0.5521,unchanged
146,鋼_メルルギア_究極_V6_アルティメット,0.5843,Out: きずぐすり / In: ディアルガex (Parent: 40/50 -> Mutant: 43/50)
146,雷_ピカチュウ_グッズ偏重_V3,0.5028,unchanged
146,超_ゲンガー_グッズ偏重_V3,0.1810,unchanged
146,闘_ガブルカ_安定_V1,0.5444,Out: ミノマダム / In: そうじゅくエキス (Parent: 38/50 -> Mutant: 40/50)
146,雷_ピカチュウ_安定_V1,0.6897,Out: ライチュウex / In: エレザード (Parent: 34/50 -> Mutant: 36/50)
146,草_フシギバナ_グッズ偏重_V3,0.7128,unchanged
146,草_フシギバナ_究極_V6_アルティメット,0.5865,unchanged
146,超_ミュウツー_グッズ偏重_V3,0.2989,Out: フワンテ / In: 旅の行商人 (Parent: 17/50 -> Mutant: 19/50)
146,水_スターミー_究極_V6_アルティメット,0.6148,unchanged
146,超_ミュウツー_究極_V6_アルティメット,0.5334,unchanged
146,闘_ガブルカ_グッズ偏重_V3,0.3184,unchanged
146,超_ミュウツー_安定_V1,0.5252,Out: そうじゅくエキス / In: ムウマ (Parent: 23/50 -> Mutant: 31/50)
146,超_ゲンガー_究極_V6_アルティメット,0.7214,unchanged
146,超_ゲンガー_安定_V1,0.2386,unchanged
146,炎_リザードンX_安定_V1,0.6246,unchanged
146,鋼_メルルギア_グッズ偏重_V3,0.3387,unchanged
146,龍悪_ギラダク_グッズ偏重_V3,0.6212,unchanged
146,水_スターミー_グッズ偏重_V3,0.4510,unchanged
146,龍悪_ギラダク_安定_V1,0.5219,unchanged
146,炎_リザードンX_グッズ偏重_V3,0.6051,unchanged
146,炎_リザードンX_究極_V6_アルティメット,0.3964,Out: ワカシャモ / In: ヤトウモリ (Parent: 28/50 -> Mutant: 35/50)
146,雷_ピカチュウ_究極_V6_アルティメット,0.6036,unchanged
146,鋼_メルルギア_安定_V1,0.4043,Out: コイル / In: オオタチ (Parent: 26/50 -> Mutant: 28/50)
146,闘_ガブルカ_究極_V6_アルティメット,0.4398,Out: コジョンド / In: チャーレム (Parent: 28/50 -> Mutant: 37/50)
147,炎_リザードンX_安定_V1,0.6255,unchanged
147,龍悪_ギラダク_究極_V6_アルティメット,0.5759,Out: ふしぎなアメ / In: シズイ (Parent: 34/50 -> Mutant: 40/50)
147,超_ミュウツー_安定_V1,0.5252,unchanged
147,鋼_メルルギア_究極_V6_アルティメット,0.5856,unchanged
147,鋼_メルルギア_グッズ偏重_V3,0.3400,unchanged
147,鋼_メルルギア_安定_V1,0.4044,unchanged
147,雷_ピカチュウ_安定_V1,0.6897,unchanged
147,草_フシギバナ_グッズ偏重_V3,0.7136,unchanged
147,闘_ガブルカ_究極_V6_アルティメット,0.4402,Out: ポケモン通信 / In: アサナン (Parent: 22/50 -> Mutant: 25/50)
147,超_ミュウツー_グッズ偏重_V3,0.2986,unchanged
147,雷_ピカチュウ_グッズ偏重_V3,0.5037,Out: メンテナンス / In: モノマネむすめ (Parent: 30/50 -> Mutant: 36/50)
147,炎_リザードンX_グッズ偏重_V3,0.6054,unchanged
147,龍悪_ギラダク_安定_V1,0.5217,unchanged
147,水_スターミー_グッズ偏重_V3,0.4504,Out: 旅の行商人 / In: ハリーセン (Parent: 14/50 -> Mutant: 21/50)
147,超_ゲンガー_安定_V1,0.2405,Out: フラエッテ / In: ランプラー (Parent: 31/50 -> Mutant: 33/50)
147,龍悪_ギラダク_グッズ偏重_V3,0.6194,unchanged
147,超_ミュウツー_究極_V6_アルティメット,0.5338,unchanged
147,水_スターミー_究極_V6_アルティメット,0.6144,Out: シードラ / In: ウミトリオ (Parent: 43/50 -> Mutant: 46/50)
147,草_フシギバナ_安定_V1,0.5513,unchanged
147,闘_ガブルカ_グッズ偏重_V3,0.3190,unchanged
147,炎_リザードンX_究極_V6_アルティメット,0.3958,Out: ファイヤーex / In: ホウオウex (Parent: 25/50 -> Mutant: 34/50)
147,草_フシギバナ_究極_V6_アルティメット,0.5861,Out: ロケット団のしたっぱ / In: グズマ (Parent: 41/50 -> Mutant: 45/50)
147,超_ゲンガー_グッズ偏重_V3,0.1806,Out: ふしぎなアメ / In: ユンゲラー (Parent: 10/50 -> Mutant: 19/50)
147,闘_ガブルカ_安定_V1,0.5437,unchanged
147,水_スターミー_安定_V1,0.3129,Out: ナミイルカ / In: コイキング (Parent: 13/50 -> Mutant: 19/50)
147,雷_ピカチュウ_究極_V6_アルティメット,0.6024,Out: ビリリダマ / In: パモット (Parent: 35/50 -> Mutant: 42/50)
147,超_ゲンガー_究極_V6_アルティメット,0.7204,Out: 大きなマント / In: ゴチミル (Parent: 41/50 -> Mutant: 45/50)
148,龍悪_ギラダク_究極_V6_アルティメット,0.5770,unchanged
148,水_スターミー_グッズ偏重_V3,0.4506,unchanged
148,草_フシギバナ_グッズ偏重_V3,0.7144,unchanged
148,鋼_メルルギア_究極_V6_アルティメット,0.5871,Out: ムクホーク / In: ワッカネズミ (Parent: 42/50 -> Mutant: 44/50)
148,草_フシギバナ_究極_V6_アルティメット,0.5873,Out: オーロット / In: エルフーン (Parent: 38/50 -> Mutant: 42/50)
148,超_ミュウツー_安定_V1,0.5246,Out: ポケモン図鑑 / In: ふしぎなアメ (Parent: 18/50 -> Mutant: 26/50)
148,雷_ピカチュウ_究極_V6_アルティメット,0.6035,unchanged
148,水_スターミー_安定_V1,0.3125,Out: ルチア / In: ポッタイシ (Parent: 15/50 -> Mutant: 17/50)
148,闘_ガブルカ_安定_V1,0.5445,unchanged
148,雷_ピカチュウ_グッズ偏重_V3,0.5046,Out: シズイ / In: デンジ (Parent: 31/50 -> Mutant: 35/50)
148,炎_リザードンX_グッズ偏重_V3,0.6057,Out: ポケモンセンターのお姉さん / In: いじわるレター (Parent: 36/50 -> Mutant: 44/50)
148,雷_ピカチュウ_安定_V1,0.6890,Out: マオ / In: モココ (Parent: 36/50 -> Mutant: 38/50)
148,超_ゲンガー_安定_V1,0.2425,unchanged
148,闘_ガブルカ_究極_V6_アルティメット,0.4401,Out: ドンファンex / In: ガバイト (Parent: 25/50 -> Mutant: 31/50)
148,炎_リザードンX_究極_V6_アルティメット,0.3955,unchanged
148,鋼_メルルギア_安定_V1,0.4038,unchanged
148,草_フシギバナ_安定_V1,0.5507,Out: 大きなふうせん / In: ロゼリア (Parent: 25/50 -> Mutant: 28/50)
148,超_ゲンガー_グッズ偏重_V3,0.1808,Out: ユンゲラー / In: ガラルギャロップ (Parent: 15/50 -> Mutant: 22/50)
148,闘_ガブルカ_グッズ偏重_V3,0.3191,unchanged
148,炎_リザードンX_安定_V1,0.6250,unchanged
148,龍悪_ギラダク_安定_V1,0.5212,Out: ギラティナ / In: メンテナンス (Parent: 35/50 -> Mutant: 44/50)
148,超_ミュウツー_グッズ偏重_V3,0.2976,Out: カイ / In: キルリア (Parent: 17/50 -> Mutant: 20/50)
148,鋼_メルルギア_グッズ偏重_V3,0.3396,unchanged
148,超_ミュウツー_究極_V6_アルティメット,0.5335,unchanged
148,龍悪_ギラダク_グッズ偏重_V3,0.6168,Out: ハンサム / In: ラッキーミトン (Parent: 17/50 -> Mutant: 24/50)
148,超_ゲンガー_究極_V6_アルティメット,0.7196,unchanged
148,水_スターミー_究極_V6_アルティメット,0.6133,unchanged
149,超_ゲンガー_安定_V1,0.2453,unchanged
149,闘_ガブルカ_安定_V1,0.5458,unchanged
149,雷_ピカチュウ_グッズ偏重_V3,0.5060,Out: ダークペンダント / In: おさかなネット (Parent: 40/50 -> Mutant: 43/50)
149,鋼_メルルギア_安定_V1,0.4038,unchanged
149,鋼_メルルギア_グッズ偏重_V3,0.3408,Out: ナットレイ / In: カビゴン (Parent: 27/50 -> Mutant: 30/50)
149,炎_リザードンX_安定_V1,0.6255,Out: まもりのポンチョ / In: ラビフット (Parent: 41/50 -> Mutant: 43/50)
149,雷_ピカチュウ_安定_V1,0.6888,unchanged
149,超_ミュウツー_グッズ偏重_V3,0.2975,unchanged
149,闘_ガブルカ_グッズ偏重_V3,0.3201,unchanged
149,炎_リザードンX_究極_V6_アルティメット,0.3955,unchanged
149,超_ミュウツー_安定_V1,0.5238,unchanged
149,草_フシギバナ_究極_V6_アルティメット,0.5879,Out: コノハナ / In: マツバ (Parent: 39/50 -> Mutant: 45/50)
149,超_ミュウツー_究極_V6_アルティメット,0.5341,unchanged
149,水_スターミー_究極_V6_アルティメット,0.6129,Out: 鋼鉄のまえかけ / In: ウォーターボート (Parent: 34/50 -> Mutant: 39/50)
149,雷_ピカチュウ_究極_V6_アルティメット,0.6036,Out: ライコウex / In: ライチュウex (Parent: 34/50 -> Mutant: 36/50)
149,闘_ガブルカ_究極_V6_アルティメット,0.4396,unchanged
149,龍悪_ギラダク_究極_V6_アルティメット,0.5773,unchanged
149,鋼_メルルギア_究極_V6_アルティメット,0.5864,Out: そうじゅくエキス / In: ポケモン図鑑 (Parent: 39/50 -> Mutant: 41/50)
149,超_ゲンガー_究極_V6_アルティメット,0.7196,unchanged
149,草_フシギバナ_グッズ偏重_V3,0.7147,unchanged
149,龍悪_ギラダク_グッズ偏重_V3,0.6143,Out: ずがいの化石 / In: ダークライex (Parent: 25/50 -> Mutant: 31/50)
149,炎_リザードンX_グッズ偏重_V3,0.6053,unchanged
149,超_ゲンガー_グッズ偏重_V3,0.1806,unchanged
149,龍悪_ギラダク_安定_V1,0.5206,unchanged
149,水_スターミー_安定_V1,0.3110,unchanged
149,水_スターミー_グッズ偏重_V3,0.4493,Out: ハリーセン / In: ヤドキング (Parent: 23/50 -> Mutant: 32/50)
149,草_フシギバナ_安定_V1,0.5497,Out: ロゼリア / In: ビーストウォール (Parent: 28/50 -> Mutant: 30/50)
150,草_フシギバナ_究極_V6_アルティメット,0.5897,unchanged
150,超_ミュウツー_究極_V6_アルティメット,0.5356,unchanged
150,鋼_メルルギア_安定_V1,0.4041,Out: リーフマント / In: ボタン (Parent: 24/50 -> Mutant: 30/50)
150,超_ミュウツー_グッズ偏重_V3,0.2975,unchanged
150,水_スターミー_グッズ偏重_V3,0.4494,Out: ヒトデマン / In: ずがいの化石 (Parent: 20/50 -> Mutant: 32/50)
150,雷_ピカチュウ_安定_V1,0.6888,Out: エレザード / In: ふしぎなアメ (Parent: 31/50 -> Mutant: 35/50)
150,超_ゲンガー_安定_V1,0.2479,unchanged
150,超_ミュウツー_安定_V1,0.5234,unchanged
150,龍悪_ギラダク_究極_V6_アルティメット,0.5779,Out: シズイ / In: コトネ (Parent: 39/50 -> Mutant: 44/50)
150,龍悪_ギラダク_グッズ偏重_V3,0.6131,Out: ヌメラ / In: スピーダー (Parent: 24/50 -> Mutant: 34/50)
150,雷_ピカチュウ_グッズ偏重_V3,0.5067,Out: おさかなネット / In: カツラ (Parent: 36/50 -> Mutant: 39/50)
150,炎_リザードンX_グッズ偏重_V3,0.6056,unchanged
150,水_スターミー_究極_V6_アルティメット,0.6127,unchanged
150,闘_ガブルカ_グッズ偏重_V3,0.3210,unchanged
150,龍悪_ギラダク_安定_V1,0.5209,unchanged
150,鋼_メルルギア_グッズ偏重_V3,0.3411,Out: カビゴンex / In: ナットレイ (Parent: 25/50 -> Mutant: 27/50)
150,草_フシギバナ_グッズ偏重_V3,0.7150,unchanged
150,雷_ピカチュウ_究極_V6_アルティメット,0.6030,unchanged
150,超_ゲンガー_究極_V6_アルティメット,0.7192,unchanged
150,水_スターミー_安定_V1,0.3097,Out: アシマリ / In: ウミトリオ (Parent: 21/50 -> Mutant: 23/50)
150,鋼_メルルギア_究極_V6_アルティメット,0.5855,unchanged
150,草_フシギバナ_安定_V1,0.5489,unchanged
150,炎_リザードンX_究極_V6_アルティメット,0.3950,unchanged
150,超_ゲンガー_グッズ偏重_V3,0.1801,unchanged
150,炎_リザードンX_安定_V1,0.6248,unchanged
150,闘_ガブルカ_究極_V6_アルティメット,0.4386,unchanged
150,闘_ガブルカ_安定_V1,0.5448,unchanged
151,闘_ガブルカ_グッズ偏重_V3,0.3226,unchanged
151,草_フシギバナ_グッズ偏重_V3,0.7160,Out: マスカーニャex / In: フシギソウ (Parent: 36/50 -> Mutant: 38/50)
151,鋼_メルルギア_グッズ偏重_V3,0.3422,unchanged
151,草_フシギバナ_究極_V6_アルティメット,0.5911,Out: エリカ / In: ジャローダ (Parent: 40/50 -> Mutant: 47/50)
151,雷_ピカチュウ_究極_V6_アルティメット,0.6038,unchanged
151,炎_リザードンX_安定_V1,0.6253,unchanged
151,超_ゲンガー_グッズ偏重_V3,0.1807,Out: ゴースト / In: パピモッチ (Parent: 16/50 -> Mutant: 21/50)
151,闘_ガブルカ_安定_V1,0.5455,Out: カブト / In: たての化石 (Parent: 39/50 -> Mutant: 41/50)
151,鋼_メルルギア_究極_V6_アルティメット,0.5857,Out: ワッカネズミ / In: ハラ (Parent: 39/50 -> Mutant: 43/50)
151,炎_リザードンX_究極_V6_アルティメット,0.3951,unchanged
151,超_ゲンガー_安定_V1,0.2503,unchanged
151,超_ゲンガー_究極_V6_アルティメット,0.7194,Out: 大きなふうせん / In: ヤドキング (Parent: 40/50 -> Mutant: 43/50)
151,水_スターミー_グッズ偏重_V3,0.4490,Out: アローラキュウコン / In: タッツー (Parent: 28/50 -> Mutant: 30/50)
151,水_スターミー_安定_V1,0.3092,unchanged
151,炎_リザードンX_グッズ偏重_V3,0.6056,unchanged
151,龍悪_ギラダク_安定_V1,0.5211,Out: エレメンタルつけかえ / In: ミカン (Parent: 33/50 -> Mutant: 43/50)
151,龍悪_ギラダク_究極_V6_アルティメット,0.5779,Out: パルデアウパー / In: ダークライex (Parent: 36/50 -> Mutant: 42/50)
151,鋼_メルルギア_安定_V1,0.4034,Out: ボタン / In: マツバ (Parent: 20/50 -> Mutant: 24/50)
151,雷_ピカチュウ_グッズ偏重_V3,0.5066,unchanged
151,水_スターミー_究極_V6_アルティメット,0.6122,unchanged
151,草_フシギバナ_安定_V1,0.5484,Out: カミツルギ / In: 旅の行商人 (Parent: 25/50 -> Mutant: 35/50)
151,超_ミュウツー_安定_V1,0.5220,Out: ヨノワール / In: 幻の石板 (Parent: 22/50 -> Mutant: 25/50)
151,闘_ガブルカ_究極_V6_アルティメット,0.4376,unchanged
151,超_ミュウツー_グッズ偏重_V3,0.2963,Out: フレフワン / In: ムウマージ (Parent: 14/50 -> Mutant: 18/50)
151,龍悪_ギラダク_グッズ偏重_V3,0.6110,Out: ふしぎなアメ / In: ガラルマッスグマ (Parent: 30/50 -> Mutant: 36/50)
151,雷_ピカチュウ_安定_V1,0.6874,unchanged
151,超_ミュウツー_究極_V6_アルティメット,0.5347,unchanged
152,水_スターミー_グッズ偏重_V3,0.4493,unchanged
152,超_ミュウツー_グッズ偏重_V3,0.2963,Out: ジュン / In: ギラティナ (Parent: 15/50 -> Mutant: 19/50)
152,超_ミュウツー_安定_V1,0.5217,unchanged
152,龍悪_ギラダク_究極_V6_アルティメット,0.5793,unchanged
152,草_フシギバナ_究極_V6_アルティメット,0.5924,unchanged
152,炎_リザードンX_究極_V6_アルティメット,0.3954,unchanged
152,雷_ピカチュウ_グッズ偏重_V3,0.5076,unchanged
152,闘_ガブルカ_安定_V1,0.5463,unchanged
152,雷_ピカチュウ_安定_V1,0.6873,unchanged
152,水_スターミー_安定_V1,0.3084,unchanged
152,超_ゲンガー_安定_V1,0.2524,unchanged
152,龍悪_ギラダク_グッズ偏重_V3,0.6100,unchanged
152,超_ゲンガー_究極_V6_アルティメット,0.7194,unchanged
152,鋼_メルルギア_究極_V6_アルティメット,0.5863,unchanged
152,炎_リザードンX_グッズ偏重_V3,0.6055,unchanged
152,草_フシギバナ_グッズ偏重_V3,0.7162,unchanged
152,龍悪_ギラダク_安定_V1,0.5211,unchanged
152,超_ゲンガー_グッズ偏重_V3,0.1805,unchanged
152,水_スターミー_究極_V6_アルティメット,0.6115,unchanged
152,草_フシギバナ_安定_V1,0.5483,unchanged
152,雷_ピカチュウ_究極_V6_アルティメット,0.6030,unchanged
152,超_ミュウツー_究極_V6_アルティメット,0.5344,unchanged
152,鋼_メルルギア_安定_V1,0.4024,unchanged
152,闘_ガブルカ_グッズ偏重_V3,0.3224,unchanged
152,炎_リザードンX_安定_V1,0.6246,unchanged
152,闘_ガブルカ_究極_V6_アルティメット,0.4364,unchanged
152,鋼_メルルギア_グッズ偏重_V3,0.3415,unchanged
153,雷_ピカチュウ_グッズ偏重_V3,0.5091,unchanged
153,超_ミュウツー_グッズ偏重_V3,0.2967,Out: 旅の行商人 / In: ビーストウォール (Parent: 18/50 -> Mutant: 21/50)
153,鋼_メルルギア_グッズ偏重_V3,0.3422,Out: マツバ / In: エイパム (Parent: 19/50 -> Mutant: 25/50)
153,鋼_メルルギア_究極_V6_アルティメット,0.5874,unchanged
153,超_ゲンガー_究極_V6_アルティメット,0.7202,unchanged
153,草_フシギバナ_究極_V6_アルティメット,0.5934,unchanged
153,闘_ガブルカ_究極_V6_アルティメット,0.4363,unchanged
153,炎_リザードンX_グッズ偏重_V3,0.6060,unchanged
153,雷_ピカチュウ_安定_V1,0.6871,unchanged
153,闘_ガブルカ_グッズ偏重_V3,0.3231,unchanged
153,草_フシギバナ_グッズ偏重_V3,0.7165,unchanged
153,超_ミュウツー_究極_V6_アルティメット,0.5350,unchanged
153,水_スターミー_究極_V6_アルティメット,0.6114,unchanged
153,龍悪_ギラダク_グッズ偏重_V3,0.6087,Out: ジャランゴ / In: キョウ (Parent: 25/50 -> Mutant: 34/50)
153,炎_リザードンX_究極_V6_アルティメット,0.3950,unchanged
153,超_ゲンガー_グッズ偏重_V3,0.1803,unchanged
153,龍悪_ギラダク_究極_V6_アルティメット,0.5798,unchanged
153,闘_ガブルカ_安定_V1,0.5465,unchanged
153,水_スターミー_安定_V1,0.3074,unchanged
153,鋼_メルルギア_安定_V1,0.4016,unchanged
153,超_ミュウツー_安定_V1,0.5203,unchanged
153,超_ゲンガー_安定_V1,0.2537,unchanged
153,雷_ピカチュウ_究極_V6_アルティメット,0.6021,unchanged
153,炎_リザードンX_安定_V1,0.6239,Out: トレーニングエリア / In: カルム (Parent: 33/50 -> Mutant: 35/50)
153,水_スターミー_グッズ偏重_V3,0.4481,unchanged
153,龍悪_ギラダク_安定_V1,0.5208,unchanged
153,草_フシギバナ_安定_V1,0.5478,unchanged
154,超_ゲンガー_安定_V1,0.2563,unchanged
154,水_スターミー_究極_V6_アルティメット,0.6121,Out: ルンパッパ / In: ビーストナイト (Parent: 33/50 -> Mutant: 37/50)
154,炎_リザードンX_安定_V1,0.6245,unchanged
154,草_フシギバナ_究極_V6_アルティメット,0.5947,Out: 旅の行商人 / In: カツラ (Parent: 44/50 -> Mutant: 47/50)
154,鋼_メルルギア_グッズ偏重_V3,0.3425,unchanged
154,雷_ピカチュウ_安定_V1,0.6871,unchanged
154,超_ゲンガー_究極_V6_アルティメット,0.7207,unchanged
154,草_フシギバナ_安定_V1,0.5482,Out: バチンキー / In: トロピウス (Parent: 28/50 -> Mutant: 31/50)
154,超_ゲンガー_グッズ偏重_V3,0.1805,Out: トゲピー / In: メタルコアバリア (Parent: 6/50 -> Mutant: 16/50)
154,超_ミュウツー_安定_V1,0.5197,unchanged
154,超_ミュウツー_究極_V6_アルティメット,0.5353,unchanged
154,雷_ピカチュウ_グッズ偏重_V3,0.5095,unchanged
154,龍悪_ギラダク_究極_V6_アルティメット,0.5804,Out: メガゲンガーex / In: カルネ (Parent: 38/50 -> Mutant: 40/50)
154,龍悪_ギラダク_グッズ偏重_V3,0.6076,unchanged
154,鋼_メルルギア_究極_V6_アルティメット,0.5876,unchanged
154,闘_ガブルカ_グッズ偏重_V3,0.3235,unchanged
154,炎_リザードンX_グッズ偏重_V3,0.6060,Out: リザードン / In: アローラガラガラ (Parent: 34/50 -> Mutant: 37/50)
154,草_フシギバナ_グッズ偏重_V3,0.7164,unchanged
154,闘_ガブルカ_安定_V1,0.5466,unchanged
154,闘_ガブルカ_究極_V6_アルティメット,0.4357,Out: アサナン / In: ロトム図鑑 (Parent: 29/50 -> Mutant: 31/50)
154,鋼_メルルギア_安定_V1,0.4007,Out: イッカネズミ / In: カビゴンex (Parent: 27/50 -> Mutant: 32/50)
154,炎_リザードンX_究極_V6_アルティメット,0.3942,Out: ブースターex / In: シズイ (Parent: 23/50 -> Mutant: 25/50)
154,雷_ピカチュウ_究極_V6_アルティメット,0.6012,Out: ネモ / In: アカネ (Parent: 33/50 -> Mutant: 40/50)
154,超_ミュウツー_グッズ偏重_V3,0.2960,unchanged
154,水_スターミー_グッズ偏重_V3,0.4470,unchanged
154,龍悪_ギラダク_安定_V1,0.5201,unchanged
154,水_スターミー_安定_V1,0.3061,unchanged
155,草_フシギバナ_究極_V6_アルティメット,0.5963,unchanged
155,鋼_メルルギア_グッズ偏重_V3,0.3433,unchanged
155,超_ミュウツー_究極_V6_アルティメット,0.5365,unchanged
155,草_フシギバナ_グッズ偏重_V3,0.7173,unchanged
155,水_スターミー_安定_V1,0.3059,unchanged
155,超_ゲンガー_グッズ偏重_V3,0.1812,Out: ピクシー / In: かけだし調査員 (Parent: 10/50 -> Mutant: 14/50)
155,水_スターミー_グッズ偏重_V3,0.4467,Out: タッツー / In: ニョロモ (Parent: 16/50 -> Mutant: 22/50)
155,鋼_メルルギア_安定_V1,0.4009,unchanged
155,闘_ガブルカ_安定_V1,0.5473,unchanged
155,炎_リザードンX_グッズ偏重_V3,0.6063,unchanged
155,炎_リザードンX_安定_V1,0.6246,unchanged
155,龍悪_ギラダク_究極_V6_アルティメット,0.5807,unchanged
155,草_フシギバナ_安定_V1,0.5482,Out: マスキッパ / In: デンジ (Parent: 34/50 -> Mutant: 41/50)
155,雷_ピカチュウ_安定_V1,0.6865,unchanged
155,超_ゲンガー_安定_V1,0.2581,unchanged
155,雷_ピカチュウ_究極_V6_アルティメット,0.6012,Out: いたずらルーレット / In: ハイキングコース (Parent: 38/50 -> Mutant: 40/50)
155,闘_ガブルカ_究極_V6_アルティメット,0.4356,unchanged
155,水_スターミー_究極_V6_アルティメット,0.6115,unchanged
155,炎_リザードンX_究極_V6_アルティメット,0.3934,unchanged
155,龍悪_ギラダク_安定_V1,0.5197,unchanged
155,鋼_メルルギア_究極_V6_アルティメット,0.5878,unchanged
155,超_ゲンガー_究極_V6_アルティメット,0.7203,unchanged
155,超_ミュウツー_グッズ偏重_V3,0.2951,unchanged
155,龍悪_ギラダク_グッズ偏重_V3,0.6055,unchanged
155,雷_ピカチュウ_グッズ偏重_V3,0.5088,unchanged
155,闘_ガブルカ_グッズ偏重_V3,0.3231,unchanged
155,超_ミュウツー_安定_V1,0.5180,Out: グリーン / In: マシェード (Parent: 24/50 -> Mutant: 30/50)
156,炎_リザードンX_グッズ偏重_V3,0.6072,unchanged
156,水_スターミー_グッズ偏重_V3,0.4468,unchanged
156,闘_ガブルカ_究極_V6_アルティメット,0.4364,unchanged
156,雷_ピカチュウ_究極_V6_アルティメット,0.6020,Out: ピカチュウex / In: パーモット (Parent: 41/50 -> Mutant: 44/50)
156,炎_リザードンX_究極_V6_アルティメット,0.3938,Out: レシラム / In: リザードン (Parent: 14/50 -> Mutant: 17/50)
156,龍悪_ギラダク_グッズ偏重_V3,0.6049,unchanged
156,闘_ガブルカ_グッズ偏重_V3,0.3239,Out: シトロンのリュック / In: マケンカニ (Parent: 25/50 -> Mutant: 27/50)
156,草_フシギバナ_安定_V1,0.5487,unchanged
156,雷_ピカチュウ_安定_V1,0.6862,unchanged
156,鋼_メルルギア_グッズ偏重_V3,0.3434,unchanged
156,炎_リザードンX_安定_V1,0.6248,unchanged
156,超_ゲンガー_安定_V1,0.2599,unchanged
156,超_ミュウツー_グッズ偏重_V3,0.2947,unchanged
156,草_フシギバナ_グッズ偏重_V3,0.7177,unchanged
156,超_ミュウツー_安定_V1,0.5171,unchanged
156,雷_ピカチュウ_グッズ偏重_V3,0.5091,unchanged
156,草_フシギバナ_究極_V6_アルティメット,0.5963,Out: きずぐすり / In: オリーニョ (Parent: 36/50 -> Mutant: 45/50)
156,鋼_メルルギア_安定_V1,0.4006,unchanged
156,龍悪_ギラダク_安定_V1,0.5198,unchanged
156,水_スターミー_究極_V6_アルティメット,0.6110,unchanged
156,超_ゲンガー_究極_V6_アルティメット,0.7199,Out: ポットデス / In: 大きなマント (Parent: 39/50 -> Mutant: 41/50)
156,超_ゲンガー_グッズ偏重_V3,0.1810,unchanged
156,水_スターミー_安定_V1,0.3049,unchanged
156,鋼_メルルギア_究極_V6_アルティメット,0.5877,Out: レックウザex / In: ジャグラー (Parent: 36/50 -> Mutant: 46/50)
156,超_ミュウツー_究極_V6_アルティメット,0.5358,unchanged
156,闘_ガブルカ_安定_V1,0.5467,unchanged
156,龍悪_ギラダク_究極_V6_アルティメット,0.5799,unchanged
157,超_ミュウツー_究極_V6_アルティメット,0.5376,unchanged
157,闘_ガブルカ_グッズ偏重_V3,0.3250,unchanged
157,鋼_メルルギア_究極_V6_アルティメット,0.5887,unchanged
157,龍悪_ギラダク_安定_V1,0.5208,unchanged
157,龍悪_ギラダク_グッズ偏重_V3,0.6044,unchanged
157,鋼_メルルギア_安定_V1,0.4007,Out: メルタン / In: オタチ (Parent: 26/50 -> Mutant: 28/50)
157,水_スターミー_究極_V6_アルティメット,0.6114,Out: セキ / In: 大きなマント (Parent: 37/50 -> Mutant: 39/50)
157,炎_リザードンX_安定_V1,0.6251,Out: カスミ / In: ポケモンの笛 (Parent: 35/50 -> Mutant: 42/50)
157,超_ミュウツー_安定_V1,0.5163,unchanged
157,草_フシギバナ_グッズ偏重_V3,0.7182,unchanged
157,水_スターミー_グッズ偏重_V3,0.4464,unchanged
157,超_ゲンガー_安定_V1,0.2617,unchanged
157,龍悪_ギラダク_究極_V6_アルティメット,0.5803,Out: イーブイのバッグ / In: マチス (Parent: 32/50 -> Mutant: 39/50)
157,雷_ピカチュウ_グッズ偏重_V3,0.5094,unchanged
157,水_スターミー_安定_V1,0.3042,unchanged
157,炎_リザードンX_グッズ偏重_V3,0.6071,unchanged
157,草_フシギバナ_究極_V6_アルティメット,0.5963,unchanged
157,超_ゲンガー_グッズ偏重_V3,0.1810,Out: キョウ / In: ハンドスコープ (Parent: 17/50 -> Mutant: 19/50)
157,超_ゲンガー_究極_V6_アルティメット,0.7198,unchanged
157,炎_リザードンX_究極_V6_アルティメット,0.3932,unchanged
157,闘_ガブルカ_究極_V6_アルティメット,0.4359,unchanged
157,超_ミュウツー_グッズ偏重_V3,0.2939,Out: ユクシー / In: ネイティ (Parent: 15/50 -> Mutant: 22/50)
157,草_フシギバナ_安定_V1,0.5484,Out: ワタッコ / In: ボクレー (Parent: 31/50 -> Mutant: 35/50)
157,鋼_メルルギア_グッズ偏重_V3,0.3428,unchanged
157,闘_ガブルカ_安定_V1,0.5461,unchanged
157,雷_ピカチュウ_究極_V6_アルティメット,0.6007,unchanged
157,雷_ピカチュウ_安定_V1,0.6847,unchanged
158,闘_ガブルカ_安定_V1,0.5477,unchanged
158,鋼_メルルギア_究極_V6_アルティメット,0.5899,unchanged
158,炎_リザードンX_グッズ偏重_V3,0.6080,Out: アローラガラガラ / In: レスキュースカーフ (Parent: 36/50 -> Mutant: 40/50)
158,超_ゲンガー_安定_V1,0.2640,unchanged
158,龍悪_ギラダク_安定_V1,0.5219,unchanged
158,超_ミュウツー_安定_V1,0.5159,Out: ヒカリ / In: サカキ (Parent: 18/50 -> Mutant: 20/50)
158,超_ゲンガー_究極_V6_アルティメット,0.7203,unchanged
158,雷_ピカチュウ_究極_V6_アルティメット,0.6011,unchanged
158,炎_リザードンX_究極_V6_アルティメット,0.3932,unchanged
158,鋼_メルルギア_安定_V1,0.4008,Out: パフュートン / In: バクオング (Parent: 21/50 -> Mutant: 25/50)
158,水_スターミー_グッズ偏重_V3,0.4461,unchanged
158,超_ミュウツー_グッズ偏重_V3,0.2937,unchanged
158,龍悪_ギラダク_グッズ偏重_V3,0.6031,Out: ガラルマッスグマ / In: ボーマンダ (Parent: 25/50 -> Mutant: 28/50)
158,雷_ピカチュウ_グッズ偏重_V3,0.5097,unchanged
158,草_フシギバナ_安定_V1,0.5482,unchanged
158,闘_ガブルカ_究極_V6_アルティメット,0.4355,unchanged
158,水_スターミー_安定_V1,0.3034,Out: カムカメ / In: パルキアex (Parent: 11/50 -> Mutant: 19/50)
158,闘_ガブルカ_グッズ偏重_V3,0.3252,unchanged
158,草_フシギバナ_究極_V6_アルティメット,0.5962,unchanged
158,超_ゲンガー_グッズ偏重_V3,0.1808,Out: キルリア / In: ミミッキュex (Parent: 19/50 -> Mutant: 26/50)
158,雷_ピカチュウ_安定_V1,0.6836,unchanged
158,龍悪_ギラダク_究極_V6_アルティメット,0.5801,Out: アローラコラッタ / In: キョウ (Parent: 36/50 -> Mutant: 40/50)
158,炎_リザードンX_安定_V1,0.6243,unchanged
158,草_フシギバナ_グッズ偏重_V3,0.7181,unchanged
158,水_スターミー_究極_V6_アルティメット,0.6106,unchanged
158,超_ミュウツー_究極_V6_アルティメット,0.5367,Out: ゼニガメじょうろ / In: バウッツェル (Parent: 31/50 -> Mutant: 34/50)
158,鋼_メルルギア_グッズ偏重_V3,0.3419,unchanged
159,草_フシギバナ_安定_V1,0.5485,unchanged
159,闘_ガブルカ_究極_V6_アルティメット,0.4365,Out: いたずらルーレット / In: サナギラス (Parent: 24/50 -> Mutant: 26/50)
159,超_ミュウツー_究極_V6_アルティメット,0.5381,Out: シズイ / In: ミミッキュex (Parent: 38/50 -> Mutant: 41/50)
159,超_ミュウツー_安定_V1,0.5157,unchanged
159,炎_リザードンX_究極_V6_アルティメット,0.3931,unchanged
159,鋼_メルルギア_安定_V1,0.4012,unchanged
159,龍悪_ギラダク_究極_V6_アルティメット,0.5813,Out: キョウ / In: メガアブソルex (Parent: 40/50 -> Mutant: 46/50)
159,水_スターミー_グッズ偏重_V3,0.4458,unchanged
159,龍悪_ギラダク_安定_V1,0.5229,unchanged
159,龍悪_ギラダク_グッズ偏重_V3,0.6020,Out: スピーダー / In: ナンジャモ (Parent: 27/50 -> Mutant: 30/50)
159,炎_リザードンX_グッズ偏重_V3,0.6083,unchanged
159,超_ゲンガー_究極_V6_アルティメット,0.7204,unchanged
159,草_フシギバナ_究極_V6_アルティメット,0.5966,unchanged
159,鋼_メルルギア_究極_V6_アルティメット,0.5901,unchanged
159,超_ミュウツー_グッズ偏重_V3,0.2931,unchanged
159,草_フシギバナ_グッズ偏重_V3,0.7184,unchanged
159,超_ゲンガー_グッズ偏重_V3,0.1814,Out: カキ / In: ラルトス (Parent: 22/50 -> Mutant: 28/50)
159,超_ゲンガー_安定_V1,0.2652,unchanged
159,水_スターミー_安定_V1,0.3030,Out: ウミディグダ / In: シェルダー (Parent: 12/50 -> Mutant: 14/50)
159,雷_ピカチュウ_グッズ偏重_V3,0.5098,unchanged
159,水_スターミー_究極_V6_アルティメット,0.6096,Out: カジリガメ / In: イリマ (Parent: 33/50 -> Mutant: 37/50)
159,炎_リザードンX_安定_V1,0.6240,unchanged
159,鋼_メルルギア_グッズ偏重_V3,0.3414,Out: ネズ / In: マオ (Parent: 27/50 -> Mutant: 30/50)
159,闘_ガブルカ_グッズ偏重_V3,0.3249,unchanged
159,雷_ピカチュウ_安定_V1,0.6824,unchanged
159,雷_ピカチュウ_究極_V6_アルティメット,0.5996,unchanged
159,闘_ガブルカ_安定_V1,0.5467,Out: マッシブーンex / In: ゴローン (Parent: 37/50 -> Mutant: 40/50)
160,水_スターミー_グッズ偏重_V3,0.4462,unchanged
160,超_ミュウツー_グッズ偏重_V3,0.2936,Out: サカキ / In: レッド (Parent: 15/50 -> Mutant: 20/50)
160,超_ゲンガー_グッズ偏重_V3,0.1828,Out: パンプジン / In: グズマ (Parent: 22/50 -> Mutant: 29/50)
160,草_フシギバナ_グッズ偏重_V3,0.7192,unchanged
160,水_スターミー_究極_V6_アルティメット,0.6104,Out: 大きなマント / In: ポケモンの笛 (Parent: 30/50 -> Mutant: 32/50)
160,龍悪_ギラダク_安定_V1,0.5239,unchanged
160,雷_ピカチュウ_安定_V1,0.6823,unchanged
160,超_ゲンガー_究極_V6_アルティメット,0.7206,unchanged
160,雷_ピカチュウ_究極_V6_アルティメット,0.6001,unchanged
160,闘_ガブルカ_グッズ偏重_V3,0.3254,unchanged
160,鋼_メルルギア_安定_V1,0.4011,Out: ディアルガex / In: メガハガネールex (Parent: 27/50 -> Mutant: 32/50)
160,草_フシギバナ_安定_V1,0.5485,Out: ビビヨン / In: こうらの化石 (Parent: 26/50 -> Mutant: 28/50)
160,闘_ガブルカ_安定_V1,0.5462,unchanged
160,龍悪_ギラダク_グッズ偏重_V3,0.6009,unchanged
160,炎_リザードンX_究極_V6_アルティメット,0.3926,unchanged
160,雷_ピカチュウ_グッズ偏重_V3,0.5100,unchanged
160,炎_リザードンX_グッズ偏重_V3,0.6081,unchanged
160,超_ミュウツー_究極_V6_アルティメット,0.5385,Out: ゴツゴツメット / In: ポケモンセンターのお姉さん (Parent: 39/50 -> Mutant: 42/50)
160,闘_ガブルカ_究極_V6_アルティメット,0.4363,unchanged
160,鋼_メルルギア_グッズ偏重_V3,0.3409,Out: マオ / In: テッシード (Parent: 22/50 -> Mutant: 27/50)
160,超_ゲンガー_安定_V1,0.2664,unchanged
160,超_ミュウツー_安定_V1,0.5144,unchanged
160,鋼_メルルギア_究極_V6_アルティメット,0.5896,unchanged
160,龍悪_ギラダク_究極_V6_アルティメット,0.5816,unchanged
160,炎_リザードンX_安定_V1,0.6230,unchanged
160,水_スターミー_安定_V1,0.3021,unchanged
160,草_フシギバナ_究極_V6_アルティメット,0.5952,unchanged
161,水_スターミー_究極_V6_アルティメット,0.6110,Out: アローラキュウコンex / In: ネオラント (Parent: 38/50 -> Mutant: 41/50)
161,草_フシギバナ_安定_V1,0.5489,unchanged
161,水_スターミー_安定_V1,0.3028,Out: ポッチャマ / In: マーマネ (Parent: 21/50 -> Mutant: 23/50)
161,雷_ピカチュウ_安定_V1,0.6824,unchanged
161,炎_リザードンX_安定_V1,0.6236,unchanged
161,龍悪_ギラダク_グッズ偏重_V3,0.6003,unchanged
161,超_ミュウツー_グッズ偏重_V3,0.2936,unchanged
161,超_ゲンガー_安定_V1,0.2683,unchanged
161,龍悪_ギラダク_究極_V6_アルティメット,0.5828,Out: マチス / In: ダストダス (Parent: 39/50 -> Mutant: 43/50)
161,鋼_メルルギア_グッズ偏重_V3,0.3410,Out: ルギアex / In: キリキザン (Parent: 20/50 -> Mutant: 22/50)
161,炎_リザードンX_グッズ偏重_V3,0.6084,Out: シトロン / In: マーマネ (Parent: 40/50 -> Mutant: 43/50)
161,超_ゲンガー_グッズ偏重_V3,0.1835,Out: ラルトス / In: フーディン (Parent: 21/50 -> Mutant: 26/50)
161,超_ミュウツー_安定_V1,0.5138,unchanged
161,超_ミュウツー_究極_V6_アルティメット,0.5394,Out: ビーストウォール / In: デンジ (Parent: 42/50 -> Mutant: 45/50)
161,鋼_メルルギア_究極_V6_アルティメット,0.5899,unchanged
161,超_ゲンガー_究極_V6_アルティメット,0.7206,unchanged
161,鋼_メルルギア_安定_V1,0.4010,unchanged
161,闘_ガブルカ_究極_V6_アルティメット,0.4362,Out: ふしぎなアメ / In: ドロバンコ (Parent: 29/50 -> Mutant: 31/50)
161,雷_ピカチュウ_グッズ偏重_V3,0.5099,unchanged
161,闘_ガブルカ_安定_V1,0.5454,unchanged
161,龍悪_ギラダク_安定_V1,0.5239,Out: カンナギタウンの長老 / In: 博士の研究 (Parent: 37/50 -> Mutant: 39/50)
161,雷_ピカチュウ_究極_V6_アルティメット,0.5992,unchanged
161,草_フシギバナ_究極_V6_アルティメット,0.5943,unchanged
161,水_スターミー_グッズ偏重_V3,0.4449,unchanged
161,闘_ガブルカ_グッズ偏重_V3,0.3250,unchanged
161,炎_リザードンX_究極_V6_アルティメット,0.3913,Out: リザードン / In: ロケット団のしたっぱ (Parent: 26/50 -> Mutant: 29/50)
161,草_フシギバナ_グッズ偏重_V3,0.7188,unchanged
162,水_スターミー_グッズ偏重_V3,0.4450,unchanged
162,龍悪_ギラダク_安定_V1,0.5252,unchanged
162,水_スターミー_安定_V1,0.3033,Out: 鋼鉄のまえかけ / In: カムカメ (Parent: 21/50 -> Mutant: 23/50)
162,水_スターミー_究極_V6_アルティメット,0.6115,unchanged
162,超_ゲンガー_究極_V6_アルティメット,0.7213,unchanged
162,雷_ピカチュウ_究極_V6_アルティメット,0.5998,unchanged
162,草_フシギバナ_安定_V1,0.5490,unchanged
162,龍悪_ギラダク_究極_V6_アルティメット,0.5841,Out: ベトベトン / In: マオ (Parent: 44/50 -> Mutant: 48/50)
162,超_ゲンガー_グッズ偏重_V3,0.1846,Out: パピモッチ / In: フレイムパッチ (Parent: 18/50 -> Mutant: 20/50)
162,鋼_メルルギア_究極_V6_アルティメット,0.5906,unchanged
162,闘_ガブルカ_究極_V6_アルティメット,0.4363,Out: ナマズン / In: きずぐすり (Parent: 27/50 -> Mutant: 29/50)
162,鋼_メルルギア_グッズ偏重_V3,0.3409,unchanged
162,龍悪_ギラダク_グッズ偏重_V3,0.5992,Out: カイ / In: ルザミーネ (Parent: 27/50 -> Mutant: 33/50)
162,鋼_メルルギア_安定_V1,0.4011,unchanged
162,炎_リザードンX_究極_V6_アルティメット,0.3908,unchanged
162,炎_リザードンX_グッズ偏重_V3,0.6084,Out: マーマネ / In: モウカザル (Parent: 38/50 -> Mutant: 41/50)
162,超_ゲンガー_安定_V1,0.2698,Out: ゴチルゼル / In: はじまりの平原 (Parent: 35/50 -> Mutant: 40/50)
162,雷_ピカチュウ_安定_V1,0.6815,unchanged
162,草_フシギバナ_グッズ偏重_V3,0.7189,unchanged
162,超_ミュウツー_安定_V1,0.5127,Out: リーリエ / In: ゼルネアス (Parent: 24/50 -> Mutant: 27/50)
162,超_ミュウツー_究極_V6_アルティメット,0.5395,unchanged
162,雷_ピカチュウ_グッズ偏重_V3,0.5095,unchanged
162,闘_ガブルカ_安定_V1,0.5439,unchanged
162,超_ミュウツー_グッズ偏重_V3,0.2925,unchanged
162,闘_ガブルカ_グッズ偏重_V3,0.3248,unchanged
162,炎_リザードンX_安定_V1,0.6226,unchanged
162,草_フシギバナ_究極_V6_アルティメット,0.5931,unchanged
163,鋼_メルルギア_究極_V6_アルティメット,0.5919,unchanged
163,超_ミュウツー_究極_V6_アルティメット,0.5411,unchanged
163,超_ゲンガー_安定_V1,0.2721,unchanged
163,超_ゲンガー_究極_V6_アルティメット,0.7220,unchanged
163,水_スターミー_究極_V6_アルティメット,0.6121,Out: マオ / In: ロトム図鑑 (Parent: 36/50 -> Mutant: 41/50)
163,闘_ガブルカ_安定_V1,0.5443,unchanged
163,草_フシギバナ_究極_V6_アルティメット,0.5937,unchanged
163,水_スターミー_グッズ偏重_V3,0.4448,unchanged
163,龍悪_ギラダク_グッズ偏重_V3,0.5983,unchanged
163,超_ゲンガー_グッズ偏重_V3,0.1857,unchanged
163,鋼_メルルギア_安定_V1,0.4014,unchanged
163,炎_リザードンX_安定_V1,0.6226,Out: マツバ / In: アチゲータ (Parent: 33/50 -> Mutant: 36/50)
163,龍悪_ギラダク_究極_V6_アルティメット,0.5852,Out: リーフマント / In: モンスターボール (Parent: 43/50 -> Mutant: 47/50)
163,鋼_メルルギア_グッズ偏重_V3,0.3405,unchanged
163,雷_ピカチュウ_安定_V1,0.6807,unchanged
163,闘_ガブルカ_究極_V6_アルティメット,0.4359,unchanged
163,草_フシギバナ_安定_V1,0.5483,unchanged
163,草_フシギバナ_グッズ偏重_V3,0.7188,unchanged
163,水_スターミー_安定_V1,0.3029,Out: きずぐすり / In: アマルス (Parent: 15/50 -> Mutant: 21/50)
163,龍悪_ギラダク_安定_V1,0.5250,unchanged
163,炎_リザードンX_グッズ偏重_V3,0.6079,unchanged
163,雷_ピカチュウ_グッズ偏重_V3,0.5091,unchanged
163,超_ミュウツー_安定_V1,0.5113,unchanged
163,超_ミュウツー_グッズ偏重_V3,0.2916,unchanged
163,雷_ピカチュウ_究極_V6_アルティメット,0.5986,unchanged
163,炎_リザードンX_究極_V6_アルティメット,0.3898,Out: ヤトウモリ / In: ニャビー (Parent: 24/50 -> Mutant: 27/50)
163,闘_ガブルカ_グッズ偏重_V3,0.3242,unchanged
164,炎_リザードンX_究極_V6_アルティメット,0.3902,Out: ロケット団のしたっぱ / In: アイリス (Parent: 24/50 -> Mutant: 32/50)
164,超_ミュウツー_安定_V1,0.5112,unchanged
164,闘_ガブルカ_グッズ偏重_V3,0.3251,Out: 博士の研究 / In: ナツメ (Parent: 31/50 -> Mutant: 36/50)
164,水_スターミー_安定_V1,0.3032,unchanged
164,鋼_メルルギア_グッズ偏重_V3,0.3404,Out: ベロリンガ / In: カスミ (Parent: 20/50 -> Mutant: 24/50)
164,龍悪_ギラダク_究極_V6_アルティメット,0.5867,Out: マオ / In: ダークライex (Parent: 38/50 -> Mutant: 43/50)
164,鋼_メルルギア_究極_V6_アルティメット,0.5926,unchanged
164,草_フシギバナ_究極_V6_アルティメット,0.5946,unchanged
164,超_ゲンガー_究極_V6_アルティメット,0.7223,unchanged
164,超_ゲンガー_安定_V1,0.2740,Out: レッドカード / In: ミミッキュex (Parent: 33/50 -> Mutant: 36/50)
164,龍悪_ギラダク_グッズ偏重_V3,0.5973,unchanged
164,草_フシギバナ_グッズ偏重_V3,0.7193,unchanged
164,炎_リザードンX_グッズ偏重_V3,0.6082,unchanged
164,草_フシギバナ_安定_V1,0.5479,unchanged
164,闘_ガブルカ_安定_V1,0.5434,unchanged
164,超_ミュウツー_究極_V6_アルティメット,0.5417,unchanged
164,雷_ピカチュウ_安定_V1,0.6801,unchanged
164,闘_ガブルカ_究極_V6_アルティメット,0.4355,unchanged
164,炎_リザードンX_安定_V1,0.6222,unchanged
164,水_スターミー_グッズ偏重_V3,0.4442,unchanged
164,龍悪_ギラダク_安定_V1,0.5248,unchanged
164,超_ゲンガー_グッズ偏重_V3,0.1864,Out: サマヨール / In: やまおとこ (Parent: 21/50 -> Mutant: 23/50)
164,水_スターミー_究極_V6_アルティメット,0.6113,unchanged
164,超_ミュウツー_グッズ偏重_V3,0.2906,unchanged
164,雷_ピカチュウ_究極_V6_アルティメット,0.5975,unchanged
164,鋼_メルルギア_安定_V1,0.4008,Out: メタルコアバリア / In: リングマ (Parent: 26/50 -> Mutant: 29/50)
164,雷_ピカチュウ_グッズ偏重_V3,0.5083,unchanged
165,鋼_メルルギア_究極_V6_アルティメット,0.5934,unchanged
165,草_フシギバナ_グッズ偏重_V3,0.7201,unchanged
165,超_ミュウツー_究極_V6_アルティメット,0.5432,unchanged
165,龍悪_ギラダク_安定_V1,0.5260,unchanged
165,超_ゲンガー_究極_V6_アルティメット,0.7226,unchanged
165,超_ミュウツー_安定_V1,0.5109,unchanged
165,草_フシギバナ_安定_V1,0.5481,unchanged
165,水_スターミー_安定_V1,0.3034,unchanged
165,雷_ピカチュウ_グッズ偏重_V3,0.5091,unchanged
165,闘_ガブルカ_究極_V6_アルティメット,0.4357,unchanged
165,龍悪_ギラダク_グッズ偏重_V3,0.5965,unchanged
165,闘_ガブルカ_安定_V1,0.5434,Out: ミカン / In: リククラゲ (Parent: 32/50 -> Mutant: 34/50)
165,龍悪_ギラダク_究極_V6_アルティメット,0.5876,unchanged
165,雷_ピカチュウ_安定_V1,0.6795,unchanged
165,雷_ピカチュウ_究極_V6_アルティメット,0.5973,Out: マチス / In: ロケット団のしたっぱ (Parent: 38/50 -> Mutant: 41/50)
165,水_スターミー_グッズ偏重_V3,0.4434,unchanged
165,鋼_メルルギア_グッズ偏重_V3,0.3398,unchanged
165,草_フシギバナ_究極_V6_アルティメット,0.5943,Out: カキ / In: アイリス (Parent: 40/50 -> Mutant: 43/50)
165,炎_リザードンX_グッズ偏重_V3,0.6078,unchanged
165,炎_リザードンX_究極_V6_アルティメット,0.3896,unchanged
165,超_ゲンガー_グッズ偏重_V3,0.1869,unchanged
165,超_ゲンガー_安定_V1,0.2752,unchanged
165,炎_リザードンX_安定_V1,0.6216,unchanged
165,超_ミュウツー_グッズ偏重_V3,0.2897,unchanged
165,鋼_メルルギア_安定_V1,0.4001,unchanged
165,闘_ガブルカ_グッズ偏重_V3,0.3245,unchanged
165,水_スターミー_究極_V6_アルティメット,0.6103,unchanged
166,超_ミュウツー_グッズ偏重_V3,0.2900,unchanged
166,超_ゲンガー_安定_V1,0.2776,unchanged
166,龍悪_ギラダク_グッズ偏重_V3,0.5960,unchanged
166,雷_ピカチュウ_安定_V1,0.6796,Out: タケシ / In: エレザード (Parent: 34/50 -> Mutant: 36/50)
166,鋼_メルルギア_安定_V1,0.4008,unchanged
166,水_スターミー_グッズ偏重_V3,0.4432,unchanged
166,闘_ガブルカ_安定_V1,0.5437,unchanged
166,超_ミュウツー_究極_V6_アルティメット,0.5444,unchanged
166,雷_ピカチュウ_グッズ偏重_V3,0.5097,unchanged
166,闘_ガブルカ_究極_V6_アルティメット,0.4358,unchanged
166,草_フシギバナ_究極_V6_アルティメット,0.5949,unchanged
166,水_スターミー_究極_V6_アルティメット,0.6102,Out: カメックスex / In: アローラキュウコンex (Parent: 43/50 -> Mutant: 45/50)
166,水_スターミー_安定_V1,0.3033,Out: カムカメ / In: グラジオ (Parent: 20/50 -> Mutant: 27/50)
166,雷_ピカチュウ_究極_V6_アルティメット,0.5967,Out: レッドカード / In: デンヂムシ (Parent: 36/50 -> Mutant: 39/50)
166,超_ゲンガー_グッズ偏重_V3,0.1878,unchanged
166,炎_リザードンX_グッズ偏重_V3,0.6078,unchanged
166,超_ミュウツー_安定_V1,0.5101,unchanged
166,草_フシギバナ_グッズ偏重_V3,0.7202,unchanged
166,鋼_メルルギア_グッズ偏重_V3,0.3390,unchanged
166,鋼_メルルギア_究極_V6_アルティメット,0.5929,unchanged
166,超_ゲンガー_究極_V6_アルティメット,0.7220,unchanged
166,炎_リザードンX_究極_V6_アルティメット,0.3887,unchanged
166,草_フシギバナ_安定_V1,0.5473,Out: ボクレー / In: コフーライ (Parent: 30/50 -> Mutant: 40/50)
166,龍悪_ギラダク_安定_V1,0.5256,Out: 幻の石板 / In: ナンジャモ (Parent: 34/50 -> Mutant: 39/50)
166,炎_リザードンX_安定_V1,0.6208,Out: ゼニガメじょうろ / In: ラッキーミトン (Parent: 35/50 -> Mutant: 39/50)
166,闘_ガブルカ_グッズ偏重_V3,0.3239,unchanged
166,龍悪_ギラダク_究極_V6_アルティメット,0.5880,Out: クリムガン / In: ゾロアーク (Parent: 39/50 -> Mutant: 44/50)
167,雷_ピカチュウ_安定_V1,0.6798,unchanged
167,草_フシギバナ_究極_V6_アルティメット,0.5964,unchanged
167,闘_ガブルカ_究極_V6_アルティメット,0.4365,Out: カバルドン / In: エリカ (Parent: 19/50 -> Mutant: 23/50)
167,炎_リザードンX_究極_V6_アルティメット,0.3889,unchanged
167,闘_ガブルカ_安定_V1,0.5440,unchanged
167,超_ゲンガー_安定_V1,0.2796,unchanged
167,鋼_メルルギア_究極_V6_アルティメット,0.5933,unchanged
167,超_ミュウツー_グッズ偏重_V3,0.2896,Out: ジャグラー / In: レッド (Parent: 14/50 -> Mutant: 18/50)
167,草_フシギバナ_安定_V1,0.5474,Out: モルフォン / In: グズマ (Parent: 35/50 -> Mutant: 38/50)
167,雷_ピカチュウ_グッズ偏重_V3,0.5103,unchanged
167,超_ミュウツー_究極_V6_アルティメット,0.5453,unchanged
167,超_ミュウツー_安定_V1,0.5094,unchanged
167,水_スターミー_究極_V6_アルティメット,0.6098,Out: イリマ / In: ゲッコウガ (Parent: 38/50 -> Mutant: 40/50)
167,鋼_メルルギア_安定_V1,0.4008,Out: ムクホーク / In: ブロロローム (Parent: 27/50 -> Mutant: 30/50)
167,龍悪_ギラダク_究極_V6_アルティメット,0.5894,unchanged
167,炎_リザードンX_グッズ偏重_V3,0.6078,Out: レスキュースカーフ / In: ブースターex (Parent: 38/50 -> Mutant: 40/50)
167,水_スターミー_安定_V1,0.3030,Out: コダック / In: ギャラドス (Parent: 18/50 -> Mutant: 25/50)
167,龍悪_ギラダク_安定_V1,0.5255,unchanged
167,闘_ガブルカ_グッズ偏重_V3,0.3239,Out: ルカリオex / In: ミノマダム (Parent: 19/50 -> Mutant: 26/50)
167,水_スターミー_グッズ偏重_V3,0.4422,unchanged
167,草_フシギバナ_グッズ偏重_V3,0.7201,unchanged
167,超_ゲンガー_グッズ偏重_V3,0.1882,unchanged
167,炎_リザードンX_安定_V1,0.6202,Out: カルム / In: ひみつのコハク (Parent: 35/50 -> Mutant: 41/50)
167,雷_ピカチュウ_究極_V6_アルティメット,0.5956,unchanged
167,龍悪_ギラダク_グッズ偏重_V3,0.5940,unchanged
167,鋼_メルルギア_グッズ偏重_V3,0.3379,unchanged
167,超_ゲンガー_究極_V6_アルティメット,0.7212,unchanged
168,超_ミュウツー_究極_V6_アルティメット,0.5469,Out: エリカ / In: シトロン (Parent: 40/50 -> Mutant: 42/50)
168,龍悪_ギラダク_グッズ偏重_V3,0.5937,Out: ベベノム / In: アローラベトベトンex (Parent: 29/50 -> Mutant: 32/50)
168,闘_ガブルカ_安定_V1,0.5444,unchanged
168,草_フシギバナ_究極_V6_アルティメット,0.5976,unchanged
168,雷_ピカチュウ_安定_V1,0.6798,unchanged
168,水_スターミー_究極_V6_アルティメット,0.6102,unchanged
168,超_ゲンガー_安定_V1,0.2815,Out: バリヤード / In: ポケモン通信 (Parent: 35/50 -> Mutant: 38/50)
168,超_ゲンガー_グッズ偏重_V3,0.1893,Out: フレイムパッチ / In: はねの化石 (Parent: 24/50 -> Mutant: 26/50)
168,闘_ガブルカ_グッズ偏重_V3,0.3243,Out: マケンカニ / In: マンキー (Parent: 26/50 -> Mutant: 29/50)
168,超_ゲンガー_究極_V6_アルティメット,0.7211,unchanged
168,水_スターミー_グッズ偏重_V3,0.4417,unchanged
168,闘_ガブルカ_究極_V6_アルティメット,0.4364,unchanged
168,草_フシギバナ_安定_V1,0.5475,Out: シズイ / In: ジャノビー (Parent: 32/50 -> Mutant: 35/50)
168,炎_リザードンX_究極_V6_アルティメット,0.3885,unchanged
168,雷_ピカチュウ_グッズ偏重_V3,0.5102,unchanged
168,炎_リザードンX_グッズ偏重_V3,0.6077,unchanged
168,鋼_メルルギア_究極_V6_アルティメット,0.5933,Out: ドリュウズ / In: ナットレイ (Parent: 36/50 -> Mutant: 38/50)
168,龍悪_ギラダク_安定_V1,0.5254,unchanged
168,炎_リザードンX_安定_V1,0.6198,unchanged
168,水_スターミー_安定_V1,0.3025,unchanged
168,鋼_メルルギア_安定_V1,0.4002,Out: ヒカリ / In: バッフロン (Parent: 22/50 -> Mutant: 30/50)
168,草_フシギバナ_グッズ偏重_V3,0.7199,unchanged
168,超_ミュウツー_安定_V1,0.5081,Out: ゴツゴツメット / In: ミミッキュex (Parent: 25/50 -> Mutant: 34/50)
168,超_ミュウツー_グッズ偏重_V3,0.2887,unchanged
168,龍悪_ギラダク_究極_V6_アルティメット,0.5901,Out: ギラティナex / In: サカキ (Parent: 44/50 -> Mutant: 48/50)
168,鋼_メルルギア_グッズ偏重_V3,0.3368,unchanged
168,雷_ピカチュウ_究極_V6_アルティメット,0.5942,unchanged
169,炎_リザードンX_グッズ偏重_V3,0.6086,Out: たての化石 / In: カルム (Parent: 36/50 -> Mutant: 42/50)
169,超_ミュウツー_グッズ偏重_V3,0.2889,unchanged
169,龍悪_ギラダク_究極_V6_アルティメット,0.5919,unchanged
169,炎_リザードンX_安定_V1,0.6204,unchanged
169,雷_ピカチュウ_安定_V1,0.6798,Out: モココ / In: エレキブル (Parent: 28/50 -> Mutant: 34/50)
169,雷_ピカチュウ_究極_V6_アルティメット,0.5945,Out: アカネ / In: ポケモン図鑑 (Parent: 36/50 -> Mutant: 38/50)
169,超_ゲンガー_究極_V6_アルティメット,0.7215,unchanged
169,草_フシギバナ_安定_V1,0.5477,unchanged
169,炎_リザードンX_究極_V6_アルティメット,0.3886,unchanged
169,超_ゲンガー_グッズ偏重_V3,0.1907,unchanged
169,雷_ピカチュウ_グッズ偏重_V3,0.5105,unchanged
169,鋼_メルルギア_グッズ偏重_V3,0.3367,unchanged
169,水_スターミー_安定_V1,0.3023,Out: パルキアex / In: アカネ (Parent: 11/50 -> Mutant: 13/50)
169,草_フシギバナ_究極_V6_アルティメット,0.5981,unchanged
169,闘_ガブルカ_安定_V1,0.5439,Out: そうじゅくエキス / In: バンギラス (Parent: 32/50 -> Mutant: 34/50)
169,超_ミュウツー_安定_V1,0.5076,unchanged
169,草_フシギバナ_グッズ偏重_V3,0.7198,unchanged
169,超_ミュウツー_究極_V6_アルティメット,0.5472,Out: ミュウツーex / In: おさかなネット (Parent: 37/50 -> Mutant: 39/50)
169,龍悪_ギラダク_安定_V1,0.5251,Out: カルネ / In: メガアブソルex (Parent: 40/50 -> Mutant: 44/50)
169,鋼_メルルギア_究極_V6_アルティメット,0.5931,Out: ピジョットex / In: コトネ (Parent: 29/50 -> Mutant: 37/50)
169,鋼_メルルギア_安定_V1,0.3999,Out: ナツメ / In: ナットレイ (Parent: 24/50 -> Mutant: 27/50)
169,闘_ガブルカ_グッズ偏重_V3,0.3239,unchanged
169,闘_ガブルカ_究極_V6_アルティメット,0.4356,unchanged
169,水_スターミー_究極_V6_アルティメット,0.6089,unchanged
169,超_ゲンガー_安定_V1,0.2826,Out: ランプラー / In: アセロラ (Parent: 38/50 -> Mutant: 42/50)
169,龍悪_ギラダク_グッズ偏重_V3,0.5918,unchanged
169,水_スターミー_グッズ偏重_V3,0.4406,unchanged
170,龍悪_ギラダク_グッズ偏重_V3,0.5916,unchanged
170,草_フシギバナ_グッズ偏重_V3,0.7207,unchanged
170,闘_ガブルカ_究極_V6_アルティメット,0.4360,unchanged
170,鋼_メルルギア_グッズ偏重_V3,0.3368,Out: エイパム / In: タブンネ (Parent: 19/50 -> Mutant: 22/50)
170,超_ミュウツー_究極_V6_アルティメット,0.5482,unchanged
170,鋼_メルルギア_究極_V6_アルティメット,0.5935,unchanged
170,草_フシギバナ_安定_V1,0.5481,unchanged
170,闘_ガブルカ_安定_V1,0.5440,unchanged
170,超_ミュウツー_安定_V1,0.5073,unchanged
170,超_ミュウツー_グッズ偏重_V3,0.2886,unchanged
170,炎_リザードンX_グッズ偏重_V3,0.6088,unchanged
170,鋼_メルルギア_安定_V1,0.4001,unchanged
170,龍悪_ギラダク_安定_V1,0.5260,unchanged
170,炎_リザードンX_安定_V1,0.6204,unchanged
170,闘_ガブルカ_グッズ偏重_V3,0.3242,Out: かいの化石 / In: セキ (Parent: 29/50 -> Mutant: 33/50)
170,雷_ピカチュウ_究極_V6_アルティメット,0.5942,unchanged
170,龍悪_ギラダク_究極_V6_アルティメット,0.5931,unchanged
170,水_スターミー_グッズ偏重_V3,0.4398,unchanged
170,雷_ピカチュウ_安定_V1,0.6788,unchanged
170,超_ゲンガー_安定_V1,0.2839,Out: はじまりの平原 / In: ヨノワール (Parent: 39/50 -> Mutant: 41/50)
170,超_ゲンガー_グッズ偏重_V3,0.1912,Out: ふしぎな広場 / In: ハンドスコープ (Parent: 24/50 -> Mutant: 28/50)
170,炎_リザードンX_究極_V6_アルティメット,0.3878,Out: エンニュート / In: フレイムパッチ (Parent: 27/50 -> Mutant: 32/50)
170,超_ゲンガー_究極_V6_アルティメット,0.7209,unchanged
170,草_フシギバナ_究極_V6_アルティメット,0.5972,unchanged
170,水_スターミー_究極_V6_アルティメット,0.6079,unchanged
170,水_スターミー_安定_V1,0.3011,Out: リーリエ / In: モノマネむすめ (Parent: 13/50 -> Mutant: 16/50)
170,雷_ピカチュウ_グッズ偏重_V3,0.5096,unchanged
171,草_フシギバナ_安定_V1,0.5487,unchanged
171,超_ミュウツー_安定_V1,0.5077,Out: クレセリア / In: ポケモン図鑑 (Parent: 21/50 -> Mutant: 28/50)
171,雷_ピカチュウ_グッズ偏重_V3,0.5105,unchanged
171,闘_ガブルカ_究極_V6_アルティメット,0.4364,unchanged
171,超_ゲンガー_究極_V6_アルティメット,0.7213,Out: 大きなマント / In: ルナアーラex (Parent: 36/50 -> Mutant: 41/50)
171,炎_リザードンX_究極_V6_アルティメット,0.3880,unchanged
171,鋼_メルルギア_究極_V6_アルティメット,0.5942,unchanged
171,超_ゲンガー_グッズ偏重_V3,0.1925,Out: カツラ / In: コスモッグ (Parent: 22/50 -> Mutant: 25/50)
171,水_スターミー_グッズ偏重_V3,0.4395,Out: パルキアex / In: メガヤドランex (Parent: 23/50 -> Mutant: 31/50)
171,龍悪_ギラダク_安定_V1,0.5273,unchanged
171,草_フシギバナ_グッズ偏重_V3,0.7210,unchanged
171,超_ミュウツー_グッズ偏重_V3,0.2883,unchanged
171,闘_ガブルカ_グッズ偏重_V3,0.3243,unchanged
171,龍悪_ギラダク_グッズ偏重_V3,0.5909,Out: ルザミーネ / In: リーリエ (Parent: 31/50 -> Mutant: 34/50)
171,水_スターミー_究極_V6_アルティメット,0.6078,unchanged
171,雷_ピカチュウ_究極_V6_アルティメット,0.5937,unchanged
171,鋼_メルルギア_安定_V1,0.4001,unchanged
171,水_スターミー_安定_V1,0.3004,unchanged
171,超_ミュウツー_究極_V6_アルティメット,0.5477,Out: たての化石 / In: ハカドッグ (Parent: 36/50 -> Mutant: 39/50)
171,超_ゲンガー_安定_V1,0.2852,unchanged
171,雷_ピカチュウ_安定_V1,0.6777,Out: おさかなネット / In: メリープ (Parent: 33/50 -> Mutant: 36/50)
171,闘_ガブルカ_安定_V1,0.5430,unchanged
171,炎_リザードンX_グッズ偏重_V3,0.6084,unchanged
171,草_フシギバナ_究極_V6_アルティメット,0.5964,unchanged
171,炎_リザードンX_安定_V1,0.6197,unchanged
171,龍悪_ギラダク_究極_V6_アルティメット,0.5935,unchanged
171,鋼_メルルギア_グッズ偏重_V3,0.3359,Out: メルメタル / In: オタチ (Parent: 15/50 -> Mutant: 17/50)
172,炎_リザードンX_究極_V6_アルティメット,0.3884,unchanged
172,炎_リザードンX_安定_V1,0.6202,unchanged
172,草_フシギバナ_安定_V1,0.5492,unchanged
172,超_ゲンガー_グッズ偏重_V3,0.1935,Out: アカネ / In: ムウマ (Parent: 22/50 -> Mutant: 25/50)
172,草_フシギバナ_究極_V6_アルティメット,0.5975,Out: ハラ / In: フシギソウ (Parent: 42/50 -> Mutant: 44/50)
172,超_ゲンガー_究極_V6_アルティメット,0.7215,Out: メガゲンガーex / In: ネイティオ (Parent: 42/50 -> Mutant: 44/50)
172,水_スターミー_安定_V1,0.3000,Out: コイキング / In: オクタン (Parent: 16/50 -> Mutant: 20/50)
172,闘_ガブルカ_安定_V1,0.5430,Out: リーリエ / In: イノムー (Parent: 34/50 -> Mutant: 36/50)
172,龍悪_ギラダク_究極_V6_アルティメット,0.5950,unchanged
172,水_スターミー_グッズ偏重_V3,0.4395,unchanged
172,雷_ピカチュウ_安定_V1,0.6770,unchanged
172,炎_リザードンX_グッズ偏重_V3,0.6083,Out: レッド / In: アカギ (Parent: 37/50 -> Mutant: 41/50)
172,龍悪_ギラダク_安定_V1,0.5283,unchanged
172,超_ミュウツー_安定_V1,0.5072,unchanged
172,闘_ガブルカ_グッズ偏重_V3,0.3244,Out: ハイキングコース / In: ポケモンの笛 (Parent: 17/50 -> Mutant: 21/50)
172,鋼_メルルギア_究極_V6_アルティメット,0.5943,unchanged
172,鋼_メルルギア_安定_V1,0.3999,Out: バッフロン / In: オリジンディアルガ (Parent: 25/50 -> Mutant: 33/50)
172,超_ミュウツー_究極_V6_アルティメット,0.5474,unchanged
172,超_ミュウツー_グッズ偏重_V3,0.2877,Out: ニンフィアex / In: バリヤード (Parent: 14/50 -> Mutant: 16/50)
172,水_スターミー_究極_V6_アルティメット,0.6074,unchanged
172,雷_ピカチュウ_究極_V6_アルティメット,0.5930,unchanged
172,超_ゲンガー_安定_V1,0.2864,Out: 幻の石板 / In: バリヤード (Parent: 37/50 -> Mutant: 39/50)
172,雷_ピカチュウ_グッズ偏重_V3,0.5097,Out: デンジ / In: やまおとこ (Parent: 33/50 -> Mutant: 37/50)
172,闘_ガブルカ_究極_V6_アルティメット,0.4356,Out: イワンコ / In: カバルドン (Parent: 25/50 -> Mutant: 35/50)
172,鋼_メルルギア_グッズ偏重_V3,0.3351,unchanged
172,龍悪_ギラダク_グッズ偏重_V3,0.5893,unchanged
172,草_フシギバナ_グッズ偏重_V3,0.7208,Out: ハラ / In: ギンガ団のしたっぱ (Parent: 43/50 -> Mutant: 46/50)
173,鋼_メルルギア_究極_V6_アルティメット,0.5953,unchanged
173,雷_ピカチュウ_グッズ偏重_V3,0.5109,unchanged
173,草_フシギバナ_究極_V6_アルティメット,0.5989,unchanged
173,超_ゲンガー_グッズ偏重_V3,0.1945,unchanged
173,鋼_メルルギア_グッズ偏重_V3,0.3351,Out: プリン / In: カビゴンex (Parent: 12/50 -> Mutant: 21/50)
173,超_ミュウツー_究極_V6_アルティメット,0.5481,Out: クエスパトラ / In: メリッサ (Parent: 39/50 -> Mutant: 43/50)
173,超_ゲンガー_安定_V1,0.2883,Out: そうじゅくエキス / In: 博士の研究 (Parent: 29/50 -> Mutant: 32/50)
173,超_ゲンガー_究極_V6_アルティメット,0.7207,unchanged
173,水_スターミー_グッズ偏重_V3,0.4396,Out: セゴール / In: シザリガー (Parent: 18/50 -> Mutant: 29/50)
173,龍悪_ギラダク_究極_V6_アルティメット,0.5966,Out: ルチア / In: ハウ (Parent: 44/50 -> Mutant: 47/50)
173,炎_リザードンX_究極_V6_アルティメット,0.3882,Out: ガオガエンex / In: まもりのポンチョ (Parent: 28/50 -> Mutant: 30/50)
173,草_フシギバナ_安定_V1,0.5494,unchanged
173,雷_ピカチュウ_究極_V6_アルティメット,0.5928,unchanged
173,闘_ガブルカ_安定_V1,0.5425,unchanged
173,草_フシギバナ_グッズ偏重_V3,0.7209,unchanged
173,龍悪_ギラダク_安定_V1,0.5290,Out: メモリーライト / In: ハクリュー (Parent: 40/50 -> Mutant: 42/50)
173,超_ミュウツー_安定_V1,0.5066,unchanged
173,闘_ガブルカ_グッズ偏重_V3,0.3244,unchanged
173,水_スターミー_究極_V6_アルティメット,0.6069,unchanged
173,龍悪_ギラダク_グッズ偏重_V3,0.5880,unchanged
173,炎_リザードンX_グッズ偏重_V3,0.6079,unchanged
173,鋼_メルルギア_安定_V1,0.3995,Out: オタチ / In: イリマ (Parent: 26/50 -> Mutant: 31/50)
173,超_ミュウツー_グッズ偏重_V3,0.2871,unchanged
173,闘_ガブルカ_究極_V6_アルティメット,0.4349,unchanged
173,水_スターミー_安定_V1,0.2990,unchanged
173,炎_リザードンX_安定_V1,0.6195,unchanged
173,雷_ピカチュウ_安定_V1,0.6753,Out: メリープ / In: アローラライチュウex (Parent: 38/50 -> Mutant: 41/50)
174,雷_ピカチュウ_グッズ偏重_V3,0.5119,unchanged
174,龍悪_ギラダク_安定_V1,0.5307,Out: 当たりつきアイス / In: 博士の研究 (Parent: 38/50 -> Mutant: 45/50)
174,超_ミュウツー_グッズ偏重_V3,0.2871,Out: ムウマージ / In: ゴースト (Parent: 12/50 -> Mutant: 17/50)
174,草_フシギバナ_安定_V1,0.5499,Out: グリーン / In: フシギバナ (Parent: 32/50 -> Mutant: 39/50)
174,龍悪_ギラダク_究極_V6_アルティメット,0.5982,unchanged
174,炎_リザードンX_安定_V1,0.6199,unchanged
174,草_フシギバナ_究極_V6_アルティメット,0.5997,unchanged
174,水_スターミー_究極_V6_アルティメット,0.6072,unchanged
174,雷_ピカチュウ_究極_V6_アルティメット,0.5928,unchanged
174,龍悪_ギラダク_グッズ偏重_V3,0.5874,unchanged
174,超_ゲンガー_グッズ偏重_V3,0.1952,unchanged
174,超_ミュウツー_究極_V6_アルティメット,0.5483,unchanged
174,水_スターミー_安定_V1,0.2985,unchanged
174,炎_リザードンX_究極_V6_アルティメット,0.3879,unchanged
174,闘_ガブルカ_究極_V6_アルティメット,0.4348,unchanged
174,鋼_メルルギア_安定_V1,0.3995,Out: イッカネズミ / In: チルット (Parent: 20/50 -> Mutant: 25/50)
174,超_ゲンガー_究極_V6_アルティメット,0.7195,unchanged
174,草_フシギバナ_グッズ偏重_V3,0.7209,unchanged
174,鋼_メルルギア_究極_V6_アルティメット,0.5952,unchanged
174,炎_リザードンX_グッズ偏重_V3,0.6077,unchanged
174,水_スターミー_グッズ偏重_V3,0.4389,Out: アカネ / In: ドククラゲ (Parent: 22/50 -> Mutant: 24/50)
174,超_ミュウツー_安定_V1,0.5056,unchanged
174,超_ゲンガー_安定_V1,0.2893,unchanged
174,鋼_メルルギア_グッズ偏重_V3,0.3348,Out: ドードリオ / In: マーマネ (Parent: 21/50 -> Mutant: 27/50)
174,雷_ピカチュウ_安定_V1,0.6741,Out: アローラライチュウex / In: アカギ (Parent: 30/50 -> Mutant: 36/50)
174,闘_ガブルカ_安定_V1,0.5409,Out: カバルドン / In: イリマ (Parent: 32/50 -> Mutant: 42/50)
174,闘_ガブルカ_グッズ偏重_V3,0.3238,Out: ネズ / In: ルチャブル (Parent: 19/50 -> Mutant: 26/50)
175,草_フシギバナ_グッズ偏重_V3,0.7217,Out: ハイキングコース / In: グズマ (Parent: 41/50 -> Mutant: 44/50)
175,超_ミュウツー_安定_V1,0.5058,Out: ふしぎなアメ / In: レッド (Parent: 26/50 -> Mutant: 32/50)
175,雷_ピカチュウ_安定_V1,0.6744,unchanged
175,超_ゲンガー_究極_V6_アルティメット,0.7191,unchanged
175,雷_ピカチュウ_究極_V6_アルティメット,0.5933,unchanged
175,超_ミュウツー_グッズ偏重_V3,0.2872,unchanged
175,炎_リザードンX_究極_V6_アルティメット,0.3883,Out: フレイムパッチ / In: ダルマッカ (Parent: 26/50 -> Mutant: 28/50)
175,龍悪_ギラダク_安定_V1,0.5319,unchanged
175,龍悪_ギラダク_究極_V6_アルティメット,0.5996,Out: カルネ / In: ルザミーネ (Parent: 47/50 -> Mutant: 49/50)
175,闘_ガブルカ_究極_V6_アルティメット,0.4352,Out: ジーランス / In: ダグトリオ (Parent: 22/50 -> Mutant: 29/50)
175,超_ミュウツー_究極_V6_アルティメット,0.5486,unchanged
175,闘_ガブルカ_安定_V1,0.5405,unchanged
175,龍悪_ギラダク_グッズ偏重_V3,0.5866,unchanged
175,鋼_メルルギア_安定_V1,0.3994,unchanged
175,水_スターミー_安定_V1,0.2980,unchanged
175,超_ゲンガー_グッズ偏重_V3,0.1954,unchanged
175,鋼_メルルギア_グッズ偏重_V3,0.3350,Out: タケシ / In: エレメンタルつけかえ (Parent: 21/50 -> Mutant: 24/50)
175,闘_ガブルカ_グッズ偏重_V3,0.3237,unchanged
175,鋼_メルルギア_究極_V6_アルティメット,0.5951,unchanged
175,水_スターミー_究極_V6_アルティメット,0.6067,unchanged
175,雷_ピカチュウ_グッズ偏重_V3,0.5118,unchanged
175,超_ゲンガー_安定_V1,0.2901,unchanged
175,草_フシギバナ_安定_V1,0.5497,unchanged
175,水_スターミー_グッズ偏重_V3,0.4383,Out: シザリガー / In: メガヤドランex (Parent: 21/50 -> Mutant: 35/50)
175,炎_リザードンX_グッズ偏重_V3,0.6070,Out: ラッキーミトン / In: ヘルガー (Parent: 34/50 -> Mutant: 38/50)
175,草_フシギバナ_究極_V6_アルティメット,0.5988,unchanged
175,炎_リザードンX_安定_V1,0.6191,Out: ラッキーミトン / In: デンジ (Parent: 36/50 -> Mutant: 43/50)
176,炎_リザードンX_安定_V1,0.6196,unchanged
176,超_ゲンガー_究極_V6_アルティメット,0.7188,unchanged
176,闘_ガブルカ_グッズ偏重_V3,0.3245,Out: ハリテヤマ / In: ふしぎな広場 (Parent: 21/50 -> Mutant: 23/50)
176,龍悪_ギラダク_グッズ偏重_V3,0.5864,Out: アーボ / In: ガラルタチフサグマ (Parent: 24/50 -> Mutant: 29/50)
176,闘_ガブルカ_安定_V1,0.5408,Out: ゴローン / In: オコリザル (Parent: 34/50 -> Mutant: 37/50)
176,水_スターミー_グッズ偏重_V3,0.4390,unchanged
176,超_ミュウツー_安定_V1,0.5058,unchanged
176,闘_ガブルカ_究極_V6_アルティメット,0.4358,unchanged
176,水_スターミー_安定_V1,0.2975,unchanged
176,雷_ピカチュウ_安定_V1,0.6741,unchanged
176,超_ミュウツー_究極_V6_アルティメット,0.5491,unchanged
176,超_ミュウツー_グッズ偏重_V3,0.2867,unchanged
176,炎_リザードンX_究極_V6_アルティメット,0.3879,unchanged
176,雷_ピカチュウ_究極_V6_アルティメット,0.5929,unchanged
176,鋼_メルルギア_安定_V1,0.3993,unchanged
176,龍悪_ギラダク_究極_V6_アルティメット,0.6008,unchanged
176,鋼_メルルギア_グッズ偏重_V3,0.3348,unchanged
176,超_ゲンガー_グッズ偏重_V3,0.1955,Out: ムウマ / In: オドリドリ (Parent: 17/50 -> Mutant: 24/50)
176,炎_リザードンX_グッズ偏重_V3,0.6067,Out: エレメンタルつけかえ / In: ファイヤー (Parent: 36/50 -> Mutant: 38/50)
176,龍悪_ギラダク_安定_V1,0.5324,Out: ふしぎなアメ / In: ベトベトン (Parent: 40/50 -> Mutant: 44/50)
176,水_スターミー_究極_V6_アルティメット,0.6061,unchanged
176,草_フシギバナ_グッズ偏重_V3,0.7216,unchanged
176,雷_ピカチュウ_グッズ偏重_V3,0.5114,unchanged
176,草_フシギバナ_究極_V6_アルティメット,0.5979,unchanged
176,超_ゲンガー_安定_V1,0.2909,unchanged
176,鋼_メルルギア_究極_V6_アルティメット,0.5944,unchanged
176,草_フシギバナ_安定_V1,0.5493,unchanged
177,龍悪_ギラダク_グッズ偏重_V3,0.5869,Out: ナンジャモ / In: ダークペンダント (Parent: 30/50 -> Mutant: 34/50)
177,雷_ピカチュウ_究極_V6_アルティメット,0.5935,unchanged
177,雷_ピカチュウ_グッズ偏重_V3,0.5122,unchanged
177,闘_ガブルカ_安定_V1,0.5412,unchanged
177,炎_リザードンX_究極_V6_アルティメット,0.3879,unchanged
177,炎_リザードンX_グッズ偏重_V3,0.6063,Out: ひみつのコハク / In: むしよけスプレー (Parent: 35/50 -> Mutant: 37/50)
177,鋼_メルルギア_グッズ偏重_V3,0.3352,unchanged
177,草_フシギバナ_究極_V6_アルティメット,0.5988,Out: モノマネむすめ / In: アマージョ (Parent: 38/50 -> Mutant: 40/50)
177,超_ゲンガー_グッズ偏重_V3,0.1962,unchanged
177,超_ゲンガー_安定_V1,0.2924,Out: ルージュラ / In: ムシャーナ (Parent: 33/50 -> Mutant: 39/50)
177,鋼_メルルギア_安定_V1,0.3996,unchanged
177,龍悪_ギラダク_安定_V1,0.5332,unchanged
177,闘_ガブルカ_グッズ偏重_V3,0.3247,Out: ナツメ / In: ハリテヤマ (Parent: 20/50 -> Mutant: 23/50)
177,草_フシギバナ_グッズ偏重_V3,0.7217,unchanged
177,雷_ピカチュウ_安定_V1,0.6737,unchanged
177,闘_ガブルカ_究極_V6_アルティメット,0.4357,unchanged
177,超_ミュウツー_グッズ偏重_V3,0.2861,unchanged
177,水_スターミー_安定_V1,0.2969,unchanged
177,草_フシギバナ_安定_V1,0.5491,unchanged
177,水_スターミー_グッズ偏重_V3,0.4388,unchanged
177,鋼_メルルギア_究極_V6_アルティメット,0.5943,Out: きずぐすり / In: はじまりの平原 (Parent: 26/50 -> Mutant: 36/50)
177,超_ミュウツー_究極_V6_アルティメット,0.5487,unchanged
177,超_ミュウツー_安定_V1,0.5047,unchanged
177,超_ゲンガー_究極_V6_アルティメット,0.7169,unchanged
177,龍悪_ギラダク_究極_V6_アルティメット,0.6016,unchanged
177,炎_リザードンX_安定_V1,0.6187,unchanged
177,水_スターミー_究極_V6_アルティメット,0.6050,Out: ポケモンの笛 / In: ガマゲロゲ (Parent: 39/50 -> Mutant: 41/50)
178,鋼_メルルギア_究極_V6_アルティメット,0.5952,unchanged
178,超_ゲンガー_究極_V6_アルティメット,0.7166,unchanged
178,炎_リザードンX_安定_V1,0.6192,unchanged
178,闘_ガブルカ_安定_V1,0.5417,Out: ローブシン / In: タケシ (Parent: 36/50 -> Mutant: 38/50)
178,水_スターミー_グッズ偏重_V3,0.4397,unchanged
178,雷_ピカチュウ_究極_V6_アルティメット,0.5937,Out: ハイキングコース / In: ライチュウ (Parent: 35/50 -> Mutant: 38/50)
178,超_ミュウツー_グッズ偏重_V3,0.2863,unchanged
178,雷_ピカチュウ_グッズ偏重_V3,0.5128,unchanged
178,超_ゲンガー_安定_V1,0.2944,Out: ポケモン通信 / In: クレセリア (Parent: 36/50 -> Mutant: 38/50)
178,草_フシギバナ_安定_V1,0.5495,unchanged
178,水_スターミー_究極_V6_アルティメット,0.6049,unchanged
178,龍悪_ギラダク_安定_V1,0.5342,unchanged
178,鋼_メルルギア_安定_V1,0.3996,Out: ナットレイ / In: グズマ (Parent: 27/50 -> Mutant: 30/50)
178,闘_ガブルカ_グッズ偏重_V3,0.3248,Out: マンキー / In: オーガポンいしずえのめん (Parent: 28/50 -> Mutant: 30/50)
178,水_スターミー_安定_V1,0.2962,unchanged
178,超_ミュウツー_安定_V1,0.5042,unchanged
178,草_フシギバナ_グッズ偏重_V3,0.7217,unchanged
178,超_ゲンガー_グッズ偏重_V3,0.1964,Out: オドリドリ / In: パンプジン (Parent: 19/50 -> Mutant: 22/50)
178,炎_リザードンX_究極_V6_アルティメット,0.3872,unchanged
178,闘_ガブルカ_究極_V6_アルティメット,0.4353,unchanged
178,雷_ピカチュウ_安定_V1,0.6727,unchanged
178,鋼_メルルギア_グッズ偏重_V3,0.3349,Out: タブンネ / In: ハラ (Parent: 24/50 -> Mutant: 30/50)
178,炎_リザードンX_グッズ偏重_V3,0.6052,unchanged
178,龍悪_ギラダク_究極_V6_アルティメット,0.6025,unchanged
178,草_フシギバナ_究極_V6_アルティメット,0.5979,unchanged
178,龍悪_ギラダク_グッズ偏重_V3,0.5857,unchanged
178,超_ミュウツー_究極_V6_アルティメット,0.5476,unchanged
179,闘_ガブルカ_究極_V6_アルティメット,0.4362,Out: ナツメ / In: ウォーターボート (Parent: 27/50 -> Mutant: 34/50)
179,超_ミュウツー_安定_V1,0.5046,Out: おさかなネット / In: ロトム図鑑 (Parent: 25/50 -> Mutant: 34/50)
179,炎_リザードンX_グッズ偏重_V3,0.6050,unchanged
179,闘_ガブルカ_グッズ偏重_V3,0.3255,Out: オボンのみ / In: 釣り人 (Parent: 23/50 -> Mutant: 29/50)
179,鋼_メルルギア_安定_V1,0.4001,unchanged
179,龍悪_ギラダク_安定_V1,0.5354,Out: ミカン / In: ホイーガ (Parent: 39/50 -> Mutant: 43/50)
179,鋼_メルルギア_グッズ偏重_V3,0.3352,Out: グラジオ / In: ヌイコグマ (Parent: 16/50 -> Mutant: 23/50)
179,鋼_メルルギア_究極_V6_アルティメット,0.5957,unchanged
179,龍悪_ギラダク_究極_V6_アルティメット,0.6039,Out: コトネ / In: ガバイト (Parent: 43/50 -> Mutant: 45/50)
179,水_スターミー_グッズ偏重_V3,0.4401,unchanged
179,超_ミュウツー_究極_V6_アルティメット,0.5480,unchanged
179,超_ゲンガー_グッズ偏重_V3,0.1973,Out: フーディン / In: ハラ (Parent: 18/50 -> Mutant: 29/50)
179,龍悪_ギラダク_グッズ偏重_V3,0.5851,unchanged
179,水_スターミー_安定_V1,0.2955,Out: グラジオ / In: ふしぎな広場 (Parent: 6/50 -> Mutant: 16/50)
179,雷_ピカチュウ_安定_V1,0.6722,unchanged
179,水_スターミー_究極_V6_アルティメット,0.6046,Out: ロトム図鑑 / In: ジュン (Parent: 33/50 -> Mutant: 39/50)
179,草_フシギバナ_グッズ偏重_V3,0.7219,Out: むしよけスプレー / In: コクーン (Parent: 42/50 -> Mutant: 44/50)
179,草_フシギバナ_安定_V1,0.5496,unchanged
179,草_フシギバナ_究極_V6_アルティメット,0.5976,Out: アマージョ / In: ハラ (Parent: 40/50 -> Mutant: 43/50)
179,超_ミュウツー_グッズ偏重_V3,0.2859,Out: スリーパー / In: ムチュール (Parent: 12/50 -> Mutant: 16/50)
179,炎_リザードンX_安定_V1,0.6188,Out: ガオガエン / In: セキ (Parent: 40/50 -> Mutant: 43/50)
179,雷_ピカチュウ_グッズ偏重_V3,0.5124,Out: カプコケコex / In: いじわるレター (Parent: 30/50 -> Mutant: 33/50)
179,超_ゲンガー_安定_V1,0.2955,Out: ブルー / In: リーフ (Parent: 35/50 -> Mutant: 41/50)
179,雷_ピカチュウ_究極_V6_アルティメット,0.5927,Out: ライチュウex / In: ゼブライカ (Parent: 32/50 -> Mutant: 38/50)
179,闘_ガブルカ_安定_V1,0.5406,unchanged
179,炎_リザードンX_究極_V6_アルティメット,0.3861,Out: ヤトウモリ / In: エンテイex (Parent: 16/50 -> Mutant: 24/50)
179,超_ゲンガー_究極_V6_アルティメット,0.7144,unchanged
180,水_スターミー_究極_V6_アルティメット,0.6053,unchanged
180,鋼_メルルギア_安定_V1,0.4007,unchanged
180,炎_リザードンX_安定_V1,0.6194,unchanged
180,雷_ピカチュウ_究極_V6_アルティメット,0.5932,unchanged
180,超_ゲンガー_安定_V1,0.2979,Out: エレメンタルつけかえ / In: ダブラン (Parent: 34/50 -> Mutant: 41/50)
180,水_スターミー_グッズ偏重_V3,0.4410,Out: キョウ / In: ゼニガメ (Parent: 23/50 -> Mutant: 26/50)
180,超_ゲンガー_究極_V6_アルティメット,0.7139,unchanged
180,炎_リザードンX_究極_V6_アルティメット,0.3864,unchanged
180,龍悪_ギラダク_グッズ偏重_V3,0.5851,Out: ギンガ団のしたっぱ / In: ハクリュー (Parent: 32/50 -> Mutant: 39/50)
180,超_ミュウツー_グッズ偏重_V3,0.2855,unchanged
180,龍悪_ギラダク_究極_V6_アルティメット,0.6051,unchanged
180,鋼_メルルギア_究極_V6_アルティメット,0.5959,Out: メルメタル / In: オボンのみ (Parent: 34/50 -> Mutant: 42/50)
180,雷_ピカチュウ_グッズ偏重_V3,0.5124,unchanged
180,水_スターミー_安定_V1,0.2950,unchanged
180,鋼_メルルギア_グッズ偏重_V3,0.3350,unchanged
180,闘_ガブルカ_安定_V1,0.5399,Out: リククラゲ / In: トレーニングエリア (Parent: 38/50 -> Mutant: 40/50)
180,草_フシギバナ_グッズ偏重_V3,0.7220,unchanged
180,超_ゲンガー_グッズ偏重_V3,0.1974,Out: はねの化石 / In: ヤミラミ (Parent: 19/50 -> Mutant: 26/50)
180,龍悪_ギラダク_安定_V1,0.5358,unchanged
180,雷_ピカチュウ_安定_V1,0.6713,Out: エレキブル / In: かけだし調査員 (Parent: 32/50 -> Mutant: 34/50)
180,草_フシギバナ_安定_V1,0.5495,unchanged
180,闘_ガブルカ_グッズ偏重_V3,0.3251,Out: セキ / In: カブト (Parent: 19/50 -> Mutant: 21/50)
180,超_ミュウツー_究極_V6_アルティメット,0.5473,unchanged
180,超_ミュウツー_安定_V1,0.5036,unchanged
180,草_フシギバナ_究極_V6_アルティメット,0.5968,unchanged
180,闘_ガブルカ_究極_V6_アルティメット,0.4357,Out: キテルグマ / In: チャーレム (Parent: 30/50 -> Mutant: 32/50)
180,炎_リザードンX_グッズ偏重_V3,0.6037,unchanged
181,鋼_メルルギア_安定_V1,0.4014,unchanged
181,闘_ガブルカ_安定_V1,0.5406,Out: イーブイのバッグ / In: カスミ (Parent: 31/50 -> Mutant: 39/50)
181,炎_リザードンX_安定_V1,0.6198,unchanged
181,炎_リザードンX_グッズ偏重_V3,0.6038,unchanged
181,水_スターミー_究極_V6_アルティメット,0.6057,unchanged
181,草_フシギバナ_安定_V1,0.5499,Out: コフーライ / In: まもりのポンチョ (Parent: 26/50 -> Mutant: 36/50)
181,雷_ピカチュウ_究極_V6_アルティメット,0.5934,Out: エレキブル / In: イリマ (Parent: 32/50 -> Mutant: 35/50)
181,雷_ピカチュウ_安定_V1,0.6711,unchanged
181,雷_ピカチュウ_グッズ偏重_V3,0.5125,Out: マーマネ / In: レアコイル (Parent: 34/50 -> Mutant: 36/50)
181,草_フシギバナ_究極_V6_アルティメット,0.5974,unchanged
181,龍悪_ギラダク_グッズ偏重_V3,0.5847,unchanged
181,超_ゲンガー_グッズ偏重_V3,0.1979,Out: かけだし調査員 / In: ユクシー (Parent: 22/50 -> Mutant: 26/50)
181,超_ミュウツー_安定_V1,0.5032,unchanged
181,草_フシギバナ_グッズ偏重_V3,0.7221,Out: スピーダー / In: ビーストウォール (Parent: 43/50 -> Mutant: 47/50)
181,鋼_メルルギア_究極_V6_アルティメット,0.5960,unchanged
181,水_スターミー_グッズ偏重_V3,0.4409,unchanged
181,超_ゲンガー_安定_V1,0.2995,unchanged
181,超_ミュウツー_グッズ偏重_V3,0.2848,unchanged
181,龍悪_ギラダク_究極_V6_アルティメット,0.6060,unchanged
181,闘_ガブルカ_グッズ偏重_V3,0.3250,unchanged
181,闘_ガブルカ_究極_V6_アルティメット,0.4353,Out: チャーレム / In: エリカ (Parent: 26/50 -> Mutant: 29/50)
181,龍悪_ギラダク_安定_V1,0.5362,unchanged
181,超_ミュウツー_究極_V6_アルティメット,0.5467,unchanged
181,超_ゲンガー_究極_V6_アルティメット,0.7120,Out: フラージェス / In: レッドカード (Parent: 38/50 -> Mutant: 43/50)
181,水_スターミー_安定_V1,0.2941,unchanged
181,炎_リザードンX_究極_V6_アルティメット,0.3857,unchanged
181,鋼_メルルギア_グッズ偏重_V3,0.3342,unchanged
182,鋼_メルルギア_安定_V1,0.4022,unchanged
182,雷_ピカチュウ_安定_V1,0.6714,unchanged
182,闘_ガブルカ_究極_V6_アルティメット,0.4362,Out: カバルドン / In: ハウ (Parent: 26/50 -> Mutant: 29/50)
182,草_フシギバナ_グッズ偏重_V3,0.7226,unchanged
182,龍悪_ギラダク_安定_V1,0.5377,unchanged
182,雷_ピカチュウ_グッズ偏重_V3,0.5131,Out: アセロラ / In: ジバコイル (Parent: 30/50 -> Mutant: 33/50)
182,超_ゲンガー_究極_V6_アルティメット,0.7116,Out: ルナアーラex / In: マーズ (Parent: 33/50 -> Mutant: 38/50)
182,水_スターミー_究極_V6_アルティメット,0.6058,unchanged
182,超_ミュウツー_グッズ偏重_V3,0.2846,unchanged
182,炎_リザードンX_安定_V1,0.6199,unchanged
182,闘_ガブルカ_安定_V1,0.5404,unchanged
182,龍悪_ギラダク_グッズ偏重_V3,0.5843,Out: アローラベトベトンex / In: ゴルバット (Parent: 33/50 -> Mutant: 37/50)
182,龍悪_ギラダク_究極_V6_アルティメット,0.6072,unchanged
182,炎_リザードンX_グッズ偏重_V3,0.6033,unchanged
182,水_スターミー_安定_V1,0.2936,unchanged
182,草_フシギバナ_安定_V1,0.5499,Out: トロピウス / In: メェークル (Parent: 33/50 -> Mutant: 36/50)
182,超_ゲンガー_グッズ偏重_V3,0.1980,unchanged
182,炎_リザードンX_究極_V6_アルティメット,0.3855,unchanged
182,超_ゲンガー_安定_V1,0.3011,unchanged
182,雷_ピカチュウ_究極_V6_アルティメット,0.5926,unchanged
182,闘_ガブルカ_グッズ偏重_V3,0.3248,unchanged
182,鋼_メルルギア_究極_V6_アルティメット,0.5957,unchanged
182,超_ミュウツー_究極_V6_アルティメット,0.5461,unchanged
182,水_スターミー_グッズ偏重_V3,0.4403,Out: コアルヒー / In: ゴルダック (Parent: 28/50 -> Mutant: 34/50)
182,鋼_メルルギア_グッズ偏重_V3,0.3335,unchanged
182,超_ミュウツー_安定_V1,0.5021,Out: ムウマ / In: ムシャーナ (Parent: 26/50 -> Mutant: 32/50)
182,草_フシギバナ_究極_V6_アルティメット,0.5965,unchanged
183,超_ゲンガー_グッズ偏重_V3,0.1991,unchanged
183,闘_ガブルカ_安定_V1,0.5412,unchanged
183,闘_ガブルカ_グッズ偏重_V3,0.3254,Out: ガブリアスex / In: オコリザル (Parent: 24/50 -> Mutant: 29/50)
183,草_フシギバナ_安定_V1,0.5502,Out: メェークル / In: カイロス (Parent: 28/50 -> Mutant: 30/50)
183,超_ミュウツー_究極_V6_アルティメット,0.5471,unchanged
183,龍悪_ギラダク_安定_V1,0.5387,unchanged
183,雷_ピカチュウ_安定_V1,0.6713,Out: ライボルト / In: 大きなふうせん (Parent: 36/50 -> Mutant: 40/50)
183,超_ミュウツー_安定_V1,0.5022,unchanged
183,水_スターミー_安定_V1,0.2932,Out: ウミトリオ / In: エンペルト (Parent: 17/50 -> Mutant: 19/50)
183,炎_リザードンX_安定_V1,0.6203,unchanged
183,鋼_メルルギア_グッズ偏重_V3,0.3336,unchanged
183,水_スターミー_究極_V6_アルティメット,0.6058,unchanged
183,超_ミュウツー_グッズ偏重_V3,0.2841,unchanged
183,闘_ガブルカ_究極_V6_アルティメット,0.4363,Out: 鋼鉄のまえかけ / In: サイドン (Parent: 23/50 -> Mutant: 25/50)
183,水_スターミー_グッズ偏重_V3,0.4406,unchanged
183,炎_リザードンX_究極_V6_アルティメット,0.3852,Out: リザードン / In: ポニータ (Parent: 26/50 -> Mutant: 32/50)
183,龍悪_ギラダク_グッズ偏重_V3,0.5836,Out: ダークペンダント / In: オノンド (Parent: 35/50 -> Mutant: 38/50)
183,鋼_メルルギア_安定_V1,0.4022,unchanged
183,雷_ピカチュウ_究極_V6_アルティメット,0.5918,unchanged
183,龍悪_ギラダク_究極_V6_アルティメット,0.6079,unchanged
183,草_フシギバナ_グッズ偏重_V3,0.7227,unchanged
183,草_フシギバナ_究極_V6_アルティメット,0.5961,Out: オリーニョ / In: ジュナイパー (Parent: 40/50 -> Mutant: 42/50)
183,雷_ピカチュウ_グッズ偏重_V3,0.5121,unchanged
183,炎_リザードンX_グッズ偏重_V3,0.6023,unchanged
183,超_ゲンガー_安定_V1,0.3023,unchanged
183,鋼_メルルギア_究極_V6_アルティメット,0.5950,unchanged
183,超_ゲンガー_究極_V6_アルティメット,0.7098,unchanged
184,闘_ガブルカ_グッズ偏重_V3,0.3262,Out: 釣り人 / In: どくバリ (Parent: 23/50 -> Mutant: 25/50)
184,雷_ピカチュウ_究極_V6_アルティメット,0.5925,unchanged
184,龍悪_ギラダク_グッズ偏重_V3,0.5836,Out: イリマ / In: ジャラランガ (Parent: 32/50 -> Mutant: 34/50)
184,水_スターミー_究極_V6_アルティメット,0.6063,Out: ネオラント / In: ナンジャモ (Parent: 37/50 -> Mutant: 43/50)
184,龍悪_ギラダク_究極_V6_アルティメット,0.6094,unchanged
184,龍悪_ギラダク_安定_V1,0.5399,unchanged
184,闘_ガブルカ_安定_V1,0.5416,Out: ビーストナイト / In: マンムー (Parent: 33/50 -> Mutant: 38/50)
184,超_ゲンガー_究極_V6_アルティメット,0.7092,unchanged
184,超_ミュウツー_安定_V1,0.5020,unchanged
184,水_スターミー_安定_V1,0.2929,unchanged
184,鋼_メルルギア_グッズ偏重_V3,0.3338,unchanged
184,水_スターミー_グッズ偏重_V3,0.4409,Out: ポッチャマ / In: ジャグラー (Parent: 32/50 -> Mutant: 34/50)
184,超_ゲンガー_グッズ偏重_V3,0.1993,unchanged
184,鋼_メルルギア_究極_V6_アルティメット,0.5951,Out: ギンガ団のしたっぱ / In: ハンサム (Parent: 37/50 -> Mutant: 39/50)
184,鋼_メルルギア_安定_V1,0.4023,unchanged
184,炎_リザードンX_安定_V1,0.6200,Out: ポケモンの笛 / In: かけだし調査員 (Parent: 35/50 -> Mutant: 38/50)
184,草_フシギバナ_安定_V1,0.5501,Out: まもりのポンチョ / In: ラランテス (Parent: 31/50 -> Mutant: 35/50)
184,雷_ピカチュウ_グッズ偏重_V3,0.5116,Out: ジバコイル / In: そうじゅくエキス (Parent: 31/50 -> Mutant: 34/50)
184,草_フシギバナ_グッズ偏重_V3,0.7225,Out: ビビヨン / In: キレイハナ (Parent: 45/50 -> Mutant: 48/50)
184,炎_リザードンX_グッズ偏重_V3,0.6016,unchanged
184,超_ミュウツー_究極_V6_アルティメット,0.5465,unchanged
184,超_ゲンガー_安定_V1,0.3038,unchanged
184,炎_リザードンX_究極_V6_アルティメット,0.3846,Out: エンテイex / In: メガバシャーモex (Parent: 24/50 -> Mutant: 29/50)
184,超_ミュウツー_グッズ偏重_V3,0.2833,unchanged
184,闘_ガブルカ_究極_V6_アルティメット,0.4357,unchanged
184,雷_ピカチュウ_安定_V1,0.6702,unchanged
184,草_フシギバナ_究極_V6_アルティメット,0.5951,Out: アゲハント / In: 博士の研究 (Parent: 40/50 -> Mutant: 42/50)
185,雷_ピカチュウ_グッズ偏重_V3,0.5122,Out: そうじゅくエキス / In: レスキュースカーフ (Parent: 27/50 -> Mutant: 33/50)
185,水_スターミー_究極_V6_アルティメット,0.6066,unchanged
185,超_ミュウツー_安定_V1,0.5022,unchanged
185,超_ゲンガー_グッズ偏重_V3,0.2001,unchanged
185,闘_ガブルカ_究極_V6_アルティメット,0.4361,unchanged
185,龍悪_ギラダク_究極_V6_アルティメット,0.6110,unchanged
185,雷_ピカチュウ_究極_V6_アルティメット,0.5925,Out: まもりのポンチョ / In: ゼニガメじょうろ (Parent: 32/50 -> Mutant: 34/50)
185,鋼_メルルギア_安定_V1,0.4026,unchanged
185,水_スターミー_グッズ偏重_V3,0.4418,Out: ラプラス / In: バスラオ (Parent: 30/50 -> Mutant: 34/50)
185,龍悪_ギラダク_グッズ偏重_V3,0.5835,Out: ダークライex / In: オーロンゲ (Parent: 27/50 -> Mutant: 31/50)
185,炎_リザードンX_グッズ偏重_V3,0.6011,unchanged
185,龍悪_ギラダク_安定_V1,0.5407,unchanged
185,超_ミュウツー_究極_V6_アルティメット,0.5466,unchanged
185,超_ゲンガー_安定_V1,0.3056,unchanged
185,闘_ガブルカ_グッズ偏重_V3,0.3263,Out: ゴマゾウ / In: かけだし調査員 (Parent: 24/50 -> Mutant: 26/50)
185,水_スターミー_安定_V1,0.2922,unchanged
185,鋼_メルルギア_グッズ偏重_V3,0.3337,unchanged
185,草_フシギバナ_究極_V6_アルティメット,0.5949,unchanged
185,超_ゲンガー_究極_V6_アルティメット,0.7080,unchanged
185,雷_ピカチュウ_安定_V1,0.6695,Out: レントラー / In: スター団のしたっぱ (Parent: 35/50 -> Mutant: 42/50)
185,鋼_メルルギア_究極_V6_アルティメット,0.5948,Out: ハンサム / In: スイレン (Parent: 38/50 -> Mutant: 40/50)
185,超_ミュウツー_グッズ偏重_V3,0.2824,unchanged
185,闘_ガブルカ_安定_V1,0.5404,Out: オコリザル / In: こうらの化石 (Parent: 34/50 -> Mutant: 36/50)
185,炎_リザードンX_究極_V6_アルティメット,0.3841,unchanged
185,炎_リザードンX_安定_V1,0.6192,unchanged
185,草_フシギバナ_安定_V1,0.5496,unchanged
185,草_フシギバナ_グッズ偏重_V3,0.7220,unchanged
186,龍悪_ギラダク_安定_V1,0.5422,unchanged
186,闘_ガブルカ_グッズ偏重_V3,0.3271,unchanged
186,鋼_メルルギア_安定_V1,0.4035,unchanged
186,超_ミュウツー_グッズ偏重_V3,0.2825,Out: むしよけスプレー / In: グランブル (Parent: 12/50 -> Mutant: 14/50)
186,炎_リザードンX_究極_V6_アルティメット,0.3848,unchanged
186,闘_ガブルカ_究極_V6_アルティメット,0.4365,unchanged
186,超_ゲンガー_グッズ偏重_V3,0.2008,unchanged
186,草_フシギバナ_安定_V1,0.5500,unchanged
186,草_フシギバナ_グッズ偏重_V3,0.7226,unchanged
186,水_スターミー_グッズ偏重_V3,0.4425,unchanged
186,闘_ガブルカ_安定_V1,0.5401,unchanged
186,龍悪_ギラダク_究極_V6_アルティメット,0.6123,unchanged
186,炎_リザードンX_安定_V1,0.6192,Out: ポケモン図鑑 / In: アチゲータ (Parent: 39/50 -> Mutant: 43/50)
186,炎_リザードンX_グッズ偏重_V3,0.6007,Out: シルバー / In: 大きなマント (Parent: 25/50 -> Mutant: 32/50)
186,超_ミュウツー_安定_V1,0.5020,unchanged
186,雷_ピカチュウ_安定_V1,0.6689,Out: ピカチュウex / In: ヒットハンマー (Parent: 34/50 -> Mutant: 36/50)
186,超_ゲンガー_安定_V1,0.3073,unchanged
186,草_フシギバナ_究極_V6_アルティメット,0.5946,unchanged
186,雷_ピカチュウ_グッズ偏重_V3,0.5117,Out: ネモ / In: エレザード (Parent: 30/50 -> Mutant: 34/50)
186,鋼_メルルギア_究極_V6_アルティメット,0.5947,unchanged
186,龍悪_ギラダク_グッズ偏重_V3,0.5824,unchanged
186,雷_ピカチュウ_究極_V6_アルティメット,0.5916,Out: エレメンタルつけかえ / In: むしよけスプレー (Parent: 30/50 -> Mutant: 39/50)
186,鋼_メルルギア_グッズ偏重_V3,0.3331,unchanged
186,超_ゲンガー_究極_V6_アルティメット,0.7062,unchanged
186,水_スターミー_究極_V6_アルティメット,0.6055,unchanged
186,水_スターミー_安定_V1,0.2914,unchanged
186,超_ミュウツー_究極_V6_アルティメット,0.5457,unchanged
187,草_フシギバナ_究極_V6_アルティメット,0.5960,unchanged
187,炎_リザードンX_安定_V1,0.6197,unchanged
187,水_スターミー_グッズ偏重_V3,0.4434,unchanged
187,炎_リザードンX_グッズ偏重_V3,0.6006,unchanged
187,雷_ピカチュウ_安定_V1,0.6688,unchanged
187,鋼_メルルギア_究極_V6_アルティメット,0.5951,unchanged
187,超_ゲンガー_安定_V1,0.3093,unchanged
187,雷_ピカチュウ_究極_V6_アルティメット,0.5916,unchanged
187,龍悪_ギラダク_グッズ偏重_V3,0.5818,unchanged
187,草_フシギバナ_安定_V1,0.5502,Out: マラカッチ / In: ヘラクロス (Parent: 32/50 -> Mutant: 40/50)
187,水_スターミー_安定_V1,0.2911,unchanged
187,超_ゲンガー_究極_V6_アルティメット,0.7057,unchanged
187,闘_ガブルカ_安定_V1,0.5398,unchanged
187,超_ミュウツー_安定_V1,0.5017,unchanged
187,龍悪_ギラダク_究極_V6_アルティメット,0.6134,unchanged
187,雷_ピカチュウ_グッズ偏重_V3,0.5114,Out: スピーダー / In: テーブルシティ (Parent: 34/50 -> Mutant: 39/50)
187,龍悪_ギラダク_安定_V1,0.5427,unchanged
187,草_フシギバナ_グッズ偏重_V3,0.7224,unchanged
187,超_ゲンガー_グッズ偏重_V3,0.2008,Out: ハンドスコープ / In: トゲピー (Parent: 16/50 -> Mutant: 22/50)
187,炎_リザードンX_究極_V6_アルティメット,0.3847,unchanged
187,水_スターミー_究極_V6_アルティメット,0.6050,unchanged
187,鋼_メルルギア_安定_V1,0.4030,Out: ガラルマッギョ / In: デカヌチャン (Parent: 26/50 -> Mutant: 28/50)
187,鋼_メルルギア_グッズ偏重_V3,0.3325,unchanged
187,超_ミュウツー_究極_V6_アルティメット,0.5450,unchanged
187,超_ミュウツー_グッズ偏重_V3,0.2816,unchanged
187,闘_ガブルカ_グッズ偏重_V3,0.3267,unchanged
187,闘_ガブルカ_究極_V6_アルティメット,0.4357,unchanged
188,草_フシギバナ_究極_V6_アルティメット,0.5973,unchanged
188,鋼_メルルギア_グッズ偏重_V3,0.3331,unchanged
188,水_スターミー_究極_V6_アルティメット,0.6054,unchanged
188,水_スターミー_安定_V1,0.2912,Out: ウッウ / In: ポッタイシ (Parent: 19/50 -> Mutant: 23/50)
188,闘_ガブルカ_グッズ偏重_V3,0.3274,Out: ゴツゴツメット / In: シロナ (Parent: 20/50 -> Mutant: 27/50)
188,雷_ピカチュウ_究極_V6_アルティメット,0.5920,unchanged
188,雷_ピカチュウ_グッズ偏重_V3,0.5117,unchanged
188,龍悪_ギラダク_究極_V6_アルティメット,0.6146,unchanged
188,闘_ガブルカ_安定_V1,0.5400,Out: モノマネむすめ / In: ゴローン (Parent: 34/50 -> Mutant: 38/50)
188,鋼_メルルギア_究極_V6_アルティメット,0.5954,unchanged
188,超_ゲンガー_グッズ偏重_V3,0.2011,unchanged
188,炎_リザードンX_グッズ偏重_V3,0.6000,unchanged
188,超_ミュウツー_究極_V6_アルティメット,0.5451,unchanged
188,雷_ピカチュウ_安定_V1,0.6681,unchanged
188,水_スターミー_グッズ偏重_V3,0.4435,Out: オボンのみ / In: シャリタツ (Parent: 34/50 -> Mutant: 36/50)
188,超_ミュウツー_安定_V1,0.5016,unchanged
188,龍悪_ギラダク_グッズ偏重_V3,0.5810,unchanged
188,闘_ガブルカ_究極_V6_アルティメット,0.4354,Out: サナギラス / In: スイレン (Parent: 23/50 -> Mutant: 31/50)
188,草_フシギバナ_グッズ偏重_V3,0.7227,Out: レスキュースカーフ / In: おおきいマラサダ (Parent: 38/50 -> Mutant: 44/50)
188,炎_リザードンX_安定_V1,0.6193,unchanged
188,炎_リザードンX_究極_V6_アルティメット,0.3843,unchanged
188,龍悪_ギラダク_安定_V1,0.5429,unchanged
188,鋼_メルルギア_安定_V1,0.4028,unchanged
188,超_ミュウツー_グッズ偏重_V3,0.2807,Out: フレフワン / In: ヘビーメット (Parent: 17/50 -> Mutant: 22/50)
188,超_ゲンガー_究極_V6_アルティメット,0.7036,Out: どくバリ / In: フラージェス (Parent: 31/50 -> Mutant: 35/50)
188,草_フシギバナ_安定_V1,0.5498,unchanged
188,超_ゲンガー_安定_V1,0.3102,unchanged
189,鋼_メルルギア_グッズ偏重_V3,0.3339,unchanged
189,超_ミュウツー_安定_V1,0.5019,unchanged
189,超_ゲンガー_グッズ偏重_V3,0.2020,Out: やまおとこ / In: ケーシィ (Parent: 22/50 -> Mutant: 25/50)
189,闘_ガブルカ_安定_V1,0.5403,unchanged
189,草_フシギバナ_安定_V1,0.5501,unchanged
189,超_ミュウツー_グッズ偏重_V3,0.2806,Out: ネイティ / In: ヤミラミ (Parent: 15/50 -> Mutant: 17/50)
189,龍悪_ギラダク_安定_V1,0.5440,Out: スター団のしたっぱ / In: ゴルバット (Parent: 36/50 -> Mutant: 43/50)
189,水_スターミー_グッズ偏重_V3,0.4441,unchanged
189,雷_ピカチュウ_グッズ偏重_V3,0.5118,unchanged
189,水_スターミー_究極_V6_アルティメット,0.6057,Out: ヌオー / In: ウォーターボート (Parent: 34/50 -> Mutant: 37/50)
189,水_スターミー_安定_V1,0.2908,unchanged
189,龍悪_ギラダク_究極_V6_アルティメット,0.6158,Out: いじわるレター / In: ひみつのコハク (Parent: 43/50 -> Mutant: 46/50)
189,炎_リザードンX_究極_V6_アルティメット,0.3846,Out: たての化石 / In: スピーダー (Parent: 23/50 -> Mutant: 26/50)
189,超_ミュウツー_究極_V6_アルティメット,0.5453,Out: シトロン / In: ブーピッグ (Parent: 23/50 -> Mutant: 34/50)
189,超_ゲンガー_安定_V1,0.3117,unchanged
189,龍悪_ギラダク_グッズ偏重_V3,0.5801,unchanged
189,炎_リザードンX_グッズ偏重_V3,0.5996,Out: アカギ / In: シトロン (Parent: 34/50 -> Mutant: 36/50)
189,鋼_メルルギア_安定_V1,0.4031,unchanged
189,草_フシギバナ_究極_V6_アルティメット,0.5971,Out: カイ / In: ワナイダー (Parent: 40/50 -> Mutant: 43/50)
189,鋼_メルルギア_究極_V6_アルティメット,0.5953,unchanged
189,草_フシギバナ_グッズ偏重_V3,0.7225,unchanged
189,闘_ガブルカ_究極_V6_アルティメット,0.4348,unchanged
189,炎_リザードンX_安定_V1,0.6187,unchanged
189,闘_ガブルカ_グッズ偏重_V3,0.3270,Out: ハリテヤマ / In: ゴローン (Parent: 15/50 -> Mutant: 25/50)
189,雷_ピカチュウ_究極_V6_アルティメット,0.5910,Out: メモリーライト / In: マチス (Parent: 36/50 -> Mutant: 38/50)
189,雷_ピカチュウ_安定_V1,0.6667,unchanged
189,超_ゲンガー_究極_V6_アルティメット,0.7015,Out: ブルンゲル / In: きずぐすり (Parent: 32/50 -> Mutant: 35/50)
190,草_フシギバナ_安定_V1,0.5507,Out: ラランテス / In: アノホラグサ (Parent: 31/50 -> Mutant: 38/50)
190,雷_ピカチュウ_究極_V6_アルティメット,0.5914,unchanged
190,鋼_メルルギア_安定_V1,0.4038,Out: カビゴンex / In: スイレン (Parent: 25/50 -> Mutant: 30/50)
190,超_ミュウツー_究極_V6_アルティメット,0.5463,Out: ゲンガー / In: シャンデラ (Parent: 36/50 -> Mutant: 38/50)
190,水_スターミー_安定_V1,0.2907,Out: ポッタイシ / In: メノクラゲ (Parent: 13/50 -> Mutant: 17/50)
190,草_フシギバナ_グッズ偏重_V3,0.7231,unchanged
190,水_スターミー_グッズ偏重_V3,0.4449,Out: シャリタツ / In: かんこうきゃく (Parent: 26/50 -> Mutant: 33/50)
190,草_フシギバナ_究極_V6_アルティメット,0.5978,unchanged
190,超_ミュウツー_グッズ偏重_V3,0.2804,Out: ヘビーメット / In: どくバリ (Parent: 16/50 -> Mutant: 18/50)
190,闘_ガブルカ_グッズ偏重_V3,0.3274,unchanged
190,龍悪_ギラダク_グッズ偏重_V3,0.5795,unchanged
190,雷_ピカチュウ_安定_V1,0.6662,Out: サンダース / In: サンダース (Parent: 31/50 -> Mutant: 36/50)
190,超_ゲンガー_安定_V1,0.3136,unchanged
190,龍悪_ギラダク_安定_V1,0.5445,unchanged
190,鋼_メルルギア_グッズ偏重_V3,0.3340,unchanged
190,闘_ガブルカ_究極_V6_アルティメット,0.4348,Out: ロトム図鑑 / In: チャーレム (Parent: 27/50 -> Mutant: 31/50)
190,超_ミュウツー_安定_V1,0.5015,unchanged
190,水_スターミー_究極_V6_アルティメット,0.6053,unchanged
190,闘_ガブルカ_安定_V1,0.5394,unchanged
190,鋼_メルルギア_究極_V6_アルティメット,0.5951,Out: ジバコイル / In: ドードリオ (Parent: 31/50 -> Mutant: 33/50)
190,炎_リザードンX_グッズ偏重_V3,0.5988,unchanged
190,超_ゲンガー_グッズ偏重_V3,0.2017,unchanged
190,龍悪_ギラダク_究極_V6_アルティメット,0.6163,Out: ロケット団のしたっぱ / In: ニドリーノ (Parent: 43/50 -> Mutant: 45/50)
190,超_ゲンガー_究極_V6_アルティメット,0.6999,unchanged
190,雷_ピカチュウ_グッズ偏重_V3,0.5108,unchanged
190,炎_リザードンX_究極_V6_アルティメット,0.3841,Out: ニャビー / In: ニャヒート (Parent: 32/50 -> Mutant: 36/50)
190,炎_リザードンX_安定_V1,0.6179,unchanged
191,炎_リザードンX_安定_V1,0.6187,unchanged
191,水_スターミー_グッズ偏重_V3,0.4458,Out: ヤドキング / In: クワッス (Parent: 30/50 -> Mutant: 34/50)
191,龍悪_ギラダク_安定_V1,0.5459,Out: ハクリュー / In: ダストダス (Parent: 37/50 -> Mutant: 43/50)
191,闘_ガブルカ_グッズ偏重_V3,0.3281,unchanged
191,超_ゲンガー_究極_V6_アルティメット,0.6995,unchanged
191,雷_ピカチュウ_究極_V6_アルティメット,0.5917,unchanged
191,水_スターミー_究極_V6_アルティメット,0.6056,unchanged
191,草_フシギバナ_安定_V1,0.5510,unchanged
191,龍悪_ギラダク_グッズ偏重_V3,0.5791,unchanged
191,草_フシギバナ_グッズ偏重_V3,0.7232,unchanged
191,超_ゲンガー_グッズ偏重_V3,0.2022,unchanged
191,闘_ガブルカ_究極_V6_アルティメット,0.4351,Out: カンナギタウンの長老 / In: ギンガ団のしたっぱ (Parent: 31/50 -> Mutant: 34/50)
191,雷_ピカチュウ_安定_V1,0.6655,unchanged
191,鋼_メルルギア_グッズ偏重_V3,0.3339,unchanged
191,超_ミュウツー_究極_V6_アルティメット,0.5463,unchanged
191,鋼_メルルギア_究極_V6_アルティメット,0.5952,unchanged
191,龍悪_ギラダク_究極_V6_アルティメット,0.6173,unchanged
191,炎_リザードンX_究極_V6_アルティメット,0.3842,unchanged
191,草_フシギバナ_究極_V6_アルティメット,0.5972,unchanged
191,闘_ガブルカ_安定_V1,0.5387,unchanged
191,超_ゲンガー_安定_V1,0.3150,unchanged
191,超_ミュウツー_グッズ偏重_V3,0.2798,unchanged
191,超_ミュウツー_安定_V1,0.5008,Out: アグノム / In: フワライド (Parent: 33/50 -> Mutant: 35/50)
191,炎_リザードンX_グッズ偏重_V3,0.5977,unchanged
191,雷_ピカチュウ_グッズ偏重_V3,0.5098,unchanged
191,水_スターミー_安定_V1,0.2898,unchanged
191,鋼_メルルギア_安定_V1,0.4031,unchanged
192,雷_ピカチュウ_グッズ偏重_V3,0.5105,unchanged
192,闘_ガブルカ_究極_V6_アルティメット,0.4358,Out: エリカ / In: ナンジャモ (Parent: 23/50 -> Mutant: 32/50)
192,闘_ガブルカ_安定_V1,0.5390,Out: マンムー / In: チャーレム (Parent: 34/50 -> Mutant: 39/50)
192,水_スターミー_グッズ偏重_V3,0.4464,unchanged
192,雷_ピカチュウ_安定_V1,0.6654,Out: カスミ / In: コイル (Parent: 32/50 -> Mutant: 36/50)
192,超_ミュウツー_安定_V1,0.5012,unchanged
192,水_スターミー_安定_V1,0.2894,unchanged
192,炎_リザードンX_安定_V1,0.6190,unchanged
192,超_ゲンガー_グッズ偏重_V3,0.2026,unchanged
192,鋼_メルルギア_グッズ偏重_V3,0.3341,unchanged
192,龍悪_ギラダク_究極_V6_アルティメット,0.6185,unchanged
192,草_フシギバナ_安定_V1,0.5510,unchanged
192,超_ミュウツー_究極_V6_アルティメット,0.5468,unchanged
192,鋼_メルルギア_究極_V6_アルティメット,0.5953,unchanged
192,草_フシギバナ_究極_V6_アルティメット,0.5973,unchanged
192,龍悪_ギラダク_グッズ偏重_V3,0.5784,unchanged
192,超_ゲンガー_究極_V6_アルティメット,0.6984,Out: ラムのみ / In: ムウマージ (Parent: 33/50 -> Mutant: 40/50)
192,炎_リザードンX_グッズ偏重_V3,0.5970,unchanged
192,闘_ガブルカ_グッズ偏重_V3,0.3281,unchanged
192,龍悪_ギラダク_安定_V1,0.5461,unchanged
192,草_フシギバナ_グッズ偏重_V3,0.7230,unchanged
192,超_ゲンガー_安定_V1,0.3161,unchanged
192,炎_リザードンX_究極_V6_アルティメット,0.3838,unchanged
192,水_スターミー_究極_V6_アルティメット,0.6047,unchanged
192,鋼_メルルギア_安定_V1,0.4025,Out: オリジンディアルガ / In: ミミズズ (Parent: 16/50 -> Mutant: 26/50)
192,雷_ピカチュウ_究極_V6_アルティメット,0.5905,unchanged
192,超_ミュウツー_グッズ偏重_V3,0.2790,unchanged
193,草_フシギバナ_安定_V1,0.5516,unchanged
193,超_ゲンガー_安定_V1,0.3185,Out: ミミッキュex / In: ゴチルゼル (Parent: 32/50 -> Mutant: 36/50)
193,鋼_メルルギア_グッズ偏重_V3,0.3345,unchanged
193,闘_ガブルカ_グッズ偏重_V3,0.3287,unchanged
193,水_スターミー_グッズ偏重_V3,0.4470,unchanged
193,炎_リザードンX_グッズ偏重_V3,0.5970,Out: いじわるレター / In: イーブイのバッグ (Parent: 30/50 -> Mutant: 33/50)
193,龍悪_ギラダク_安定_V1,0.5473,unchanged
193,闘_ガブルカ_究極_V6_アルティメット,0.4364,unchanged
193,草_フシギバナ_グッズ偏重_V3,0.7234,unchanged
193,鋼_メルルギア_究極_V6_アルティメット,0.5956,unchanged
193,水_スターミー_究極_V6_アルティメット,0.6049,unchanged
193,龍悪_ギラダク_グッズ偏重_V3,0.5779,Out: ジャラランガ / In: アーボック (Parent: 27/50 -> Mutant: 31/50)
193,草_フシギバナ_究極_V6_アルティメット,0.5975,Out: 博士の研究 / In: ゴーゴート (Parent: 41/50 -> Mutant: 44/50)
193,雷_ピカチュウ_究極_V6_アルティメット,0.5904,unchanged
193,超_ゲンガー_究極_V6_アルティメット,0.6976,Out: レッドカード / In: ランプラー (Parent: 32/50 -> Mutant: 36/50)
193,超_ミュウツー_グッズ偏重_V3,0.2786,unchanged
193,雷_ピカチュウ_安定_V1,0.6643,unchanged
193,超_ミュウツー_究極_V6_アルティメット,0.5463,Out: ペパー / In: サーナイト (Parent: 38/50 -> Mutant: 40/50)
193,炎_リザードンX_安定_V1,0.6186,unchanged
193,闘_ガブルカ_安定_V1,0.5382,unchanged
193,水_スターミー_安定_V1,0.2887,Out: ギャラドス / In: シルバー (Parent: 18/50 -> Mutant: 21/50)
193,炎_リザードンX_究極_V6_アルティメット,0.3836,unchanged
193,超_ミュウツー_安定_V1,0.5006,unchanged
193,雷_ピカチュウ_グッズ偏重_V3,0.5096,unchanged
193,龍悪_ギラダク_究極_V6_アルティメット,0.6190,unchanged
193,超_ゲンガー_グッズ偏重_V3,0.2021,unchanged
193,鋼_メルルギア_安定_V1,0.4019,unchanged
194,雷_ピカチュウ_安定_V1,0.6641,Out: コイル / In: セレナ (Parent: 29/50 -> Mutant: 39/50)
194,雷_ピカチュウ_グッズ偏重_V3,0.5103,Out: エレザード / In: エレキコード (Parent: 28/50 -> Mutant: 33/50)
194,闘_ガブルカ_安定_V1,0.5389,unchanged
194,闘_ガブルカ_究極_V6_アルティメット,0.4371,unchanged
194,水_スターミー_安定_V1,0.2885,Out: ふしぎな広場 / In: コイキング (Parent: 14/50 -> Mutant: 17/50)
194,水_スターミー_究極_V6_アルティメット,0.6050,unchanged
194,龍悪_ギラダク_安定_V1,0.5484,Out: レパルダス / In: シルバー (Parent: 38/50 -> Mutant: 43/50)
194,草_フシギバナ_安定_V1,0.5518,unchanged
194,草_フシギバナ_究極_V6_アルティメット,0.5982,unchanged
194,炎_リザードンX_究極_V6_アルティメット,0.3839,unchanged
194,鋼_メルルギア_グッズ偏重_V3,0.3346,unchanged
194,草_フシギバナ_グッズ偏重_V3,0.7237,unchanged
194,超_ゲンガー_安定_V1,0.3200,unchanged
194,炎_リザードンX_安定_V1,0.6185,unchanged
194,超_ゲンガー_究極_V6_アルティメット,0.6967,Out: アブリボン / In: グランブル (Parent: 35/50 -> Mutant: 37/50)
194,龍悪_ギラダク_究極_V6_アルティメット,0.6198,unchanged
194,超_ミュウツー_グッズ偏重_V3,0.2783,Out: ヤミラミ / In: トゲピー (Parent: 22/50 -> Mutant: 25/50)
194,龍悪_ギラダク_グッズ偏重_V3,0.5771,Out: ドガース / In: ズバット (Parent: 34/50 -> Mutant: 36/50)
194,雷_ピカチュウ_究極_V6_アルティメット,0.5900,unchanged
194,鋼_メルルギア_究極_V6_アルティメット,0.5953,unchanged
194,炎_リザードンX_グッズ偏重_V3,0.5961,Out: カルム / In: セレナ (Parent: 32/50 -> Mutant: 37/50)
194,水_スターミー_グッズ偏重_V3,0.4466,Out: アゴの化石 / In: カメックスex (Parent: 26/50 -> Mutant: 34/50)
194,鋼_メルルギア_安定_V1,0.4013,unchanged
194,超_ミュウツー_究極_V6_アルティメット,0.5458,unchanged
194,闘_ガブルカ_グッズ偏重_V3,0.3284,unchanged
194,超_ミュウツー_安定_V1,0.4998,unchanged
194,超_ゲンガー_グッズ偏重_V3,0.2018,Out: ボタン / In: ゲンガー (Parent: 17/50 -> Mutant: 21/50)
195,鋼_メルルギア_グッズ偏重_V3,0.3354,Out: テッシード / In: 当たりつきアイス (Parent: 18/50 -> Mutant: 32/50)
195,雷_ピカチュウ_グッズ偏重_V3,0.5108,unchanged
195,龍悪_ギラダク_究極_V6_アルティメット,0.6212,unchanged
195,炎_リザードンX_究極_V6_アルティメット,0.3847,unchanged
195,闘_ガブルカ_グッズ偏重_V3,0.3292,Out: カブト / In: ヒカリ (Parent: 24/50 -> Mutant: 26/50)
195,草_フシギバナ_グッズ偏重_V3,0.7243,unchanged
195,雷_ピカチュウ_安定_V1,0.6639,unchanged
195,超_ゲンガー_究極_V6_アルティメット,0.6964,Out: レッドカード / In: メガサーナイトex (Parent: 37/50 -> Mutant: 40/50)
195,草_フシギバナ_安定_V1,0.5522,unchanged
195,炎_リザードンX_安定_V1,0.6186,Out: グレンアルマex / In: 大きなふうせん (Parent: 35/50 -> Mutant: 37/50)
195,水_スターミー_安定_V1,0.2881,unchanged
195,超_ゲンガー_安定_V1,0.3217,unchanged
195,闘_ガブルカ_究極_V6_アルティメット,0.4374,unchanged
195,炎_リザードンX_グッズ偏重_V3,0.5957,Out: ブースターex / In: エンニュート (Parent: 23/50 -> Mutant: 28/50)
195,超_ゲンガー_グッズ偏重_V3,0.2020,unchanged
195,闘_ガブルカ_安定_V1,0.5383,unchanged
195,超_ミュウツー_グッズ偏重_V3,0.2779,unchanged
195,鋼_メルルギア_安定_V1,0.4012,unchanged
195,超_ミュウツー_安定_V1,0.4995,unchanged
195,超_ミュウツー_究極_V6_アルティメット,0.5457,unchanged
195,水_スターミー_グッズ偏重_V3,0.4464,unchanged
195,草_フシギバナ_究極_V6_アルティメット,0.5977,Out: エルフーン / In: グズマ (Parent: 44/50 -> Mutant: 48/50)
195,水_スターミー_究極_V6_アルティメット,0.6044,Out: イリマ / In: ウデッポウ (Parent: 29/50 -> Mutant: 33/50)
195,鋼_メルルギア_究極_V6_アルティメット,0.5949,unchanged
195,龍悪_ギラダク_グッズ偏重_V3,0.5755,Out: カイリューex / In: エリカ (Parent: 22/50 -> Mutant: 35/50)
195,龍悪_ギラダク_安定_V1,0.5483,unchanged
195,雷_ピカチュウ_究極_V6_アルティメット,0.5888,unchanged
196,超_ミュウツー_グッズ偏重_V3,0.2781,Out: ゴースト / In: ラルトス (Parent: 14/50 -> Mutant: 17/50)
196,超_ゲンガー_究極_V6_アルティメット,0.6970,unchanged
196,闘_ガブルカ_究極_V6_アルティメット,0.4380,Out: きずぐすり / In: ウォーターボート (Parent: 28/50 -> Mutant: 32/50)
196,雷_ピカチュウ_安定_V1,0.6637,unchanged
196,草_フシギバナ_安定_V1,0.5527,unchanged
196,雷_ピカチュウ_究極_V6_アルティメット,0.5891,unchanged
196,闘_ガブルカ_安定_V1,0.5384,Out: イノムー / In: ケケンカニ (Parent: 27/50 -> Mutant: 34/50)
196,超_ミュウツー_究極_V6_アルティメット,0.5463,unchanged
196,草_フシギバナ_究極_V6_アルティメット,0.5984,unchanged
196,超_ミュウツー_安定_V1,0.4995,Out: エーフィex / In: トレーニングエリア (Parent: 25/50 -> Mutant: 35/50)
196,超_ゲンガー_グッズ偏重_V3,0.2023,unchanged
196,雷_ピカチュウ_グッズ偏重_V3,0.5106,Out: いじわるレター / In: カツラ (Parent: 29/50 -> Mutant: 32/50)
196,鋼_メルルギア_究極_V6_アルティメット,0.5950,unchanged
196,超_ゲンガー_安定_V1,0.3231,Out: ゴチルゼル / In: プルリル (Parent: 31/50 -> Mutant: 38/50)
196,龍悪_ギラダク_究極_V6_アルティメット,0.6220,unchanged
196,炎_リザードンX_究極_V6_アルティメット,0.3847,unchanged
196,水_スターミー_究極_V6_アルティメット,0.6034,unchanged
196,鋼_メルルギア_グッズ偏重_V3,0.3351,unchanged
196,炎_リザードンX_安定_V1,0.6184,unchanged
196,鋼_メルルギア_安定_V1,0.4009,Out: ドーブル / In: ギギギアル (Parent: 22/50 -> Mutant: 24/50)
196,龍悪_ギラダク_安定_V1,0.5486,unchanged
196,龍悪_ギラダク_グッズ偏重_V3,0.5743,unchanged
196,闘_ガブルカ_グッズ偏重_V3,0.3290,Out: かけだし調査員 / In: ジャグラー (Parent: 21/50 -> Mutant: 25/50)
196,水_スターミー_グッズ偏重_V3,0.4459,Out: ニョロモ / In: ふしぎなアメ (Parent: 35/50 -> Mutant: 37/50)
196,炎_リザードンX_グッズ偏重_V3,0.5947,unchanged
196,草_フシギバナ_グッズ偏重_V3,0.7240,unchanged
196,水_スターミー_安定_V1,0.2870,Out: メノクラゲ / In: アシレーヌ (Parent: 12/50 -> Mutant: 15/50)
197,草_フシギバナ_究極_V6_アルティメット,0.5996,Out: カンナギタウンの長老 / In: ダーテング (Parent: 40/50 -> Mutant: 42/50)
197,水_スターミー_究極_V6_アルティメット,0.6033,unchanged
197,闘_ガブルカ_安定_V1,0.5388,Out: はじまりの平原 / In: ギンガ団のしたっぱ (Parent: 28/50 -> Mutant: 35/50)
197,超_ミュウツー_究極_V6_アルティメット,0.5471,unchanged
197,闘_ガブルカ_グッズ偏重_V3,0.3296,unchanged
197,鋼_メルルギア_安定_V1,0.4014,unchanged
197,雷_ピカチュウ_安定_V1,0.6633,unchanged
197,龍悪_ギラダク_究極_V6_アルティメット,0.6231,unchanged
197,超_ミュウツー_安定_V1,0.4996,unchanged
197,炎_リザードンX_究極_V6_アルティメット,0.3852,unchanged
197,闘_ガブルカ_究極_V6_アルティメット,0.4383,Out: ナンジャモ / In: エビワラー (Parent: 30/50 -> Mutant: 35/50)
197,超_ゲンガー_グッズ偏重_V3,0.2027,unchanged
197,水_スターミー_安定_V1,0.2866,Out: コイキング / In: ウミトリオex (Parent: 12/50 -> Mutant: 16/50)
197,超_ミュウツー_グッズ偏重_V3,0.2779,unchanged
197,龍悪_ギラダク_グッズ偏重_V3,0.5734,unchanged
197,雷_ピカチュウ_究極_V6_アルティメット,0.5885,unchanged
197,雷_ピカチュウ_グッズ偏重_V3,0.5099,unchanged
197,龍悪_ギラダク_安定_V1,0.5489,Out: ハクリュー / In: やまおとこ (Parent: 37/50 -> Mutant: 41/50)
197,炎_リザードンX_グッズ偏重_V3,0.5940,Out: エリカ / In: ウインディex (Parent: 24/50 -> Mutant: 33/50)
197,鋼_メルルギア_究極_V6_アルティメット,0.5947,Out: ヤルキモノ / In: ふしぎな広場 (Parent: 36/50 -> Mutant: 39/50)
197,鋼_メルルギア_グッズ偏重_V3,0.3347,unchanged
197,水_スターミー_グッズ偏重_V3,0.4456,unchanged
197,炎_リザードンX_安定_V1,0.6179,unchanged
197,超_ゲンガー_安定_V1,0.3236,unchanged
197,草_フシギバナ_安定_V1,0.5523,unchanged
197,草_フシギバナ_グッズ偏重_V3,0.7236,Out: キマワリ / In: ギンガ団のしたっぱ (Parent: 36/50 -> Mutant: 46/50)
197,超_ゲンガー_究極_V6_アルティメット,0.6965,unchanged
198,雷_ピカチュウ_グッズ偏重_V3,0.5107,Out: いたずらルーレット / In: こうらの化石 (Parent: 28/50 -> Mutant: 30/50)
198,草_フシギバナ_グッズ偏重_V3,0.7242,unchanged
198,超_ミュウツー_安定_V1,0.5000,unchanged
198,水_スターミー_究極_V6_アルティメット,0.6031,Out: ウデッポウ / In: ドククラゲ (Parent: 32/50 -> Mutant: 36/50)
198,水_スターミー_安定_V1,0.2865,Out: シルバー / In: ケロマツ (Parent: 12/50 -> Mutant: 14/50)
198,雷_ピカチュウ_究極_V6_アルティメット,0.5888,Out: イリマ / In: マルマイン (Parent: 30/50 -> Mutant: 33/50)
198,超_ミュウツー_グッズ偏重_V3,0.2779,unchanged
198,闘_ガブルカ_グッズ偏重_V3,0.3301,unchanged
198,超_ゲンガー_グッズ偏重_V3,0.2030,Out: パンプジン / In: レスキュースカーフ (Parent: 16/50 -> Mutant: 22/50)
198,鋼_メルルギア_グッズ偏重_V3,0.3348,unchanged
198,龍悪_ギラダク_グッズ偏重_V3,0.5729,unchanged
198,炎_リザードンX_グッズ偏重_V3,0.5938,unchanged
198,龍悪_ギラダク_安定_V1,0.5495,unchanged
198,鋼_メルルギア_究極_V6_アルティメット,0.5948,unchanged
198,鋼_メルルギア_安定_V1,0.4015,Out: スイレン / In: ミルタンク (Parent: 24/50 -> Mutant: 31/50)
198,超_ゲンガー_安定_V1,0.3247,unchanged
198,水_スターミー_グッズ偏重_V3,0.4457,Out: カメックス / In: アズマオウ (Parent: 24/50 -> Mutant: 29/50)
198,炎_リザードンX_安定_V1,0.6175,Out: リーリエ / In: ヒノヤコマ (Parent: 34/50 -> Mutant: 36/50)
198,超_ゲンガー_究極_V6_アルティメット,0.6966,Out: ムウマージex / In: ナツメ (Parent: 37/50 -> Mutant: 43/50)
198,草_フシギバナ_究極_V6_アルティメット,0.5995,unchanged
198,超_ミュウツー_究極_V6_アルティメット,0.5467,Out: シャンデラ / In: ボタン (Parent: 31/50 -> Mutant: 36/50)
198,雷_ピカチュウ_安定_V1,0.6624,unchanged
198,闘_ガブルカ_究極_V6_アルティメット,0.4376,unchanged
198,闘_ガブルカ_安定_V1,0.5377,Out: チャーレム / In: シロデスナ (Parent: 34/50 -> Mutant: 36/50)
198,龍悪_ギラダク_究極_V6_アルティメット,0.6235,unchanged
198,炎_リザードンX_究極_V6_アルティメット,0.3847,Out: ポニータ / In: キュウコン (Parent: 29/50 -> Mutant: 36/50)
198,草_フシギバナ_安定_V1,0.5518,Out: トレーニングエリア / In: ダダリンex (Parent: 27/50 -> Mutant: 30/50)
199,炎_リザードンX_グッズ偏重_V3,0.5940,unchanged
199,鋼_メルルギア_安定_V1,0.4020,unchanged
199,超_ミュウツー_安定_V1,0.5005,unchanged
199,草_フシギバナ_究極_V6_アルティメット,0.6006,unchanged
199,水_スターミー_グッズ偏重_V3,0.4463,Out: キョウ / In: ヒンバス (Parent: 28/50 -> Mutant: 32/50)
199,草_フシギバナ_安定_V1,0.5524,Out: エルフーンex / In: メガニウム (Parent: 30/50 -> Mutant: 41/50)
199,鋼_メルルギア_グッズ偏重_V3,0.3352,unchanged
199,草_フシギバナ_グッズ偏重_V3,0.7245,Out: おおきいマラサダ / In: メガカイロスex (Parent: 41/50 -> Mutant: 43/50)
199,龍悪_ギラダク_究極_V6_アルティメット,0.6246,Out: ガバイト / In: メモリーライト (Parent: 42/50 -> Mutant: 47/50)
199,闘_ガブルカ_安定_V1,0.5376,unchanged
199,闘_ガブルカ_究極_V6_アルティメット,0.4378,Out: エビワラーex / In: マーマネ (Parent: 19/50 -> Mutant: 25/50)
199,雷_ピカチュウ_安定_V1,0.6617,unchanged
199,水_スターミー_究極_V6_アルティメット,0.6030,unchanged
199,超_ゲンガー_グッズ偏重_V3,0.2033,unchanged
199,超_ミュウツー_グッズ偏重_V3,0.2774,unchanged
199,炎_リザードンX_究極_V6_アルティメット,0.3850,unchanged
199,炎_リザードンX_安定_V1,0.6174,unchanged
199,超_ゲンガー_安定_V1,0.3258,unchanged
199,龍悪_ギラダク_安定_V1,0.5497,unchanged
199,雷_ピカチュウ_グッズ偏重_V3,0.5100,Out: デンジ / In: ゴツゴツメット (Parent: 28/50 -> Mutant: 35/50)
199,超_ミュウツー_究極_V6_アルティメット,0.5463,unchanged
199,超_ゲンガー_究極_V6_アルティメット,0.6961,unchanged
199,鋼_メルルギア_究極_V6_アルティメット,0.5943,unchanged
199,闘_ガブルカ_グッズ偏重_V3,0.3297,unchanged
199,雷_ピカチュウ_究極_V6_アルティメット,0.5878,Out: サンダーex / In: モノマネむすめ (Parent: 29/50 -> Mutant: 32/50)
199,龍悪_ギラダク_グッズ偏重_V3,0.5715,Out: キョウ / In: ワルビル (Parent: 21/50 -> Mutant: 26/50)
199,水_スターミー_安定_V1,0.2856,unchanged
200,超_ゲンガー_究極_V6_アルティメット,0.6970,Out: ふたの化石 / In: ウォーターボート (Parent: 38/50 -> Mutant: 41/50)
200,龍悪_ギラダク_究極_V6_アルティメット,0.6259,unchanged
200,炎_リザードンX_究極_V6_アルティメット,0.3858,unchanged
200,鋼_メルルギア_究極_V6_アルティメット,0.5949,Out: フレイムパッチ / In: モノマネむすめ (Parent: 30/50 -> Mutant: 37/50)
200,炎_リザードンX_グッズ偏重_V3,0.5939,Out: むしよけスプレー / In: きずぐすり (Parent: 27/50 -> Mutant: 32/50)
200,闘_ガブルカ_安定_V1,0.5380,unchanged
200,草_フシギバナ_究極_V6_アルティメット,0.6013,unchanged
200,超_ミュウツー_安定_V1,0.5005,unchanged
200,鋼_メルルギア_グッズ偏重_V3,0.3354,unchanged
200,草_フシギバナ_グッズ偏重_V3,0.7249,unchanged
200,雷_ピカチュウ_安定_V1,0.6612,unchanged
200,炎_リザードンX_安定_V1,0.6174,Out: ヒヒダルマ / In: リザードン (Parent: 34/50 -> Mutant: 36/50)
200,超_ミュウツー_グッズ偏重_V3,0.2772,Out: どくバリ / In: ラッキーミトン (Parent: 14/50 -> Mutant: 18/50)
200,草_フシギバナ_安定_V1,0.5530,unchanged
200,龍悪_ギラダク_グッズ偏重_V3,0.5707,unchanged
200,水_スターミー_グッズ偏重_V3,0.4463,unchanged
200,水_スターミー_安定_V1,0.2853,unchanged
200,超_ミュウツー_究極_V6_アルティメット,0.5462,unchanged
200,闘_ガブルカ_究極_V6_アルティメット,0.4372,unchanged
200,闘_ガブルカ_グッズ偏重_V3,0.3295,Out: ルチャブル / In: ウソッキー (Parent: 14/50 -> Mutant: 22/50)
200,超_ゲンガー_安定_V1,0.3266,unchanged
200,鋼_メルルギア_安定_V1,0.4018,Out: マツバ / In: アーマーガア (Parent: 26/50 -> Mutant: 28/50)
200,超_ゲンガー_グッズ偏重_V3,0.2031,unchanged
200,龍悪_ギラダク_安定_V1,0.5495,unchanged
200,雷_ピカチュウ_グッズ偏重_V3,0.5092,Out: ポケモン図鑑 / In: いたずらルーレット (Parent: 24/50 -> Mutant: 28/50)
200,水_スターミー_究極_V6_アルティメット,0.6021,Out: ナンジャモ / In: クレベース (Parent: 36/50 -> Mutant: 39/50)
200,雷_ピカチュウ_究極_V6_アルティメット,0.5863,unchanged
201,闘_ガブルカ_安定_V1,0.5386,unchanged
201,龍悪_ギラダク_安定_V1,0.5507,Out: コモルー / In: カキ (Parent: 42/50 -> Mutant: 45/50)
201,超_ミュウツー_安定_V1,0.5009,unchanged
201,草_フシギバナ_安定_V1,0.5542,Out: アノホラグサ / In: 鋼鉄のまえかけ (Parent: 38/50 -> Mutant: 40/50)
201,龍悪_ギラダク_究極_V6_アルティメット,0.6269,unchanged
201,水_スターミー_究極_V6_アルティメット,0.6023,unchanged
201,鋼_メルルギア_グッズ偏重_V3,0.3358,Out: ガラルニャース / In: ムーランド (Parent: 21/50 -> Mutant: 25/50)
201,闘_ガブルカ_究極_V6_アルティメット,0.4368,unchanged
201,炎_リザードンX_究極_V6_アルティメット,0.3864,unchanged
201,超_ゲンガー_究極_V6_アルティメット,0.6972,Out: サマヨール / In: スイレン (Parent: 38/50 -> Mutant: 40/50)
201,炎_リザードンX_安定_V1,0.6174,unchanged
201,草_フシギバナ_グッズ偏重_V3,0.7253,unchanged
201,超_ゲンガー_グッズ偏重_V3,0.2035,unchanged
201,鋼_メルルギア_究極_V6_アルティメット,0.5950,Out: ドードリオ / In: ナットレイ (Parent: 35/50 -> Mutant: 41/50)
201,雷_ピカチュウ_究極_V6_アルティメット,0.5856,unchanged
201,雷_ピカチュウ_安定_V1,0.6606,unchanged
201,超_ミュウツー_究極_V6_アルティメット,0.5461,unchanged
201,龍悪_ギラダク_グッズ偏重_V3,0.5698,unchanged
201,水_スターミー_グッズ偏重_V3,0.4459,unchanged
201,雷_ピカチュウ_グッズ偏重_V3,0.5086,unchanged
201,草_フシギバナ_究極_V6_アルティメット,0.6008,unchanged
201,超_ゲンガー_安定_V1,0.3273,unchanged
201,炎_リザードンX_グッズ偏重_V3,0.5928,unchanged
201,水_スターミー_安定_V1,0.2844,unchanged
201,闘_ガブルカ_グッズ偏重_V3,0.3293,Out: アーケオス / In: マクノシタ (Parent: 26/50 -> Mutant: 35/50)
201,鋼_メルルギア_安定_V1,0.4014,unchanged
201,超_ミュウツー_グッズ偏重_V3,0.2763,unchanged
202,雷_ピカチュウ_究極_V6_アルティメット,0.5858,unchanged
202,闘_ガブルカ_グッズ偏重_V3,0.3299,unchanged
202,鋼_メルルギア_安定_V1,0.4018,unchanged
202,草_フシギバナ_究極_V6_アルティメット,0.6018,unchanged
202,龍悪_ギラダク_グッズ偏重_V3,0.5695,unchanged
202,超_ゲンガー_究極_V6_アルティメット,0.6977,Out: 旅の行商人 / In: キルリア (Parent: 40/50 -> Mutant: 43/50)
202,闘_ガブルカ_安定_V1,0.5387,unchanged
202,超_ミュウツー_グッズ偏重_V3,0.2760,Out: ラッキーミトン / In: ハウ (Parent: 10/50 -> Mutant: 15/50)
202,雷_ピカチュウ_安定_V1,0.6604,unchanged
202,超_ミュウツー_安定_V1,0.5011,unchanged
202,炎_リザードンX_グッズ偏重_V3,0.5925,unchanged
202,鋼_メルルギア_究極_V6_アルティメット,0.5952,unchanged
202,雷_ピカチュウ_グッズ偏重_V3,0.5084,unchanged
202,炎_リザードンX_安定_V1,0.6174,unchanged
202,超_ゲンガー_グッズ偏重_V3,0.2037,Out: ガラルポニータ / In: ヤミラミ (Parent: 18/50 -> Mutant: 27/50)
202,水_スターミー_安定_V1,0.2840,unchanged
202,超_ゲンガー_安定_V1,0.3283,unchanged
202,鋼_メルルギア_グッズ偏重_V3,0.3358,unchanged
202,草_フシギバナ_グッズ偏重_V3,0.7254,Out: ギンガ団のしたっぱ / In: ポケモンの笛 (Parent: 42/50 -> Mutant: 44/50)
202,炎_リザードンX_究極_V6_アルティメット,0.3864,unchanged
202,水_スターミー_グッズ偏重_V3,0.4454,unchanged
202,龍悪_ギラダク_安定_V1,0.5508,unchanged
202,草_フシギバナ_安定_V1,0.5544,unchanged
202,超_ミュウツー_究極_V6_アルティメット,0.5457,unchanged
202,龍悪_ギラダク_究極_V6_アルティメット,0.6272,unchanged
202,闘_ガブルカ_究極_V6_アルティメット,0.4356,unchanged
202,水_スターミー_究極_V6_アルティメット,0.6012,unchanged
203,鋼_メルルギア_安定_V1,0.4024,unchanged
203,闘_ガブルカ_グッズ偏重_V3,0.3309,unchanged
203,水_スターミー_究極_V6_アルティメット,0.6017,unchanged
203,雷_ピカチュウ_グッズ偏重_V3,0.5088,Out: ルクシオ / In: ひみつのコハク (Parent: 31/50 -> Mutant: 37/50)
203,鋼_メルルギア_究極_V6_アルティメット,0.5958,unchanged
203,超_ミュウツー_グッズ偏重_V3,0.2759,Out: ハラ / In: アブリボン (Parent: 14/50 -> Mutant: 16/50)
203,草_フシギバナ_安定_V1,0.5553,Out: ネモ / In: リーフ (Parent: 38/50 -> Mutant: 40/50)
203,雷_ピカチュウ_安定_V1,0.6600,Out: 大きなふうせん / In: かんこうきゃく (Parent: 27/50 -> Mutant: 36/50)
203,超_ミュウツー_安定_V1,0.5014,unchanged
203,龍悪_ギラダク_安定_V1,0.5515,unchanged
203,水_スターミー_グッズ偏重_V3,0.4456,Out: ギャラドス / In: ブイゼル (Parent: 27/50 -> Mutant: 31/50)
203,草_フシギバナ_グッズ偏重_V3,0.7258,unchanged
203,草_フシギバナ_究極_V6_アルティメット,0.6020,Out: ダーテング / In: フシギバナ (Parent: 40/50 -> Mutant: 43/50)
203,水_スターミー_安定_V1,0.2836,unchanged
203,炎_リザードンX_グッズ偏重_V3,0.5919,Out: イーブイのバッグ / In: リザード (Parent: 31/50 -> Mutant: 33/50)
203,炎_リザードンX_安定_V1,0.6171,unchanged
203,炎_リザードンX_究極_V6_アルティメット,0.3865,Out: グリーン / In: ウォーターボート (Parent: 27/50 -> Mutant: 36/50)
203,超_ミュウツー_究極_V6_アルティメット,0.5455,unchanged
203,雷_ピカチュウ_究極_V6_アルティメット,0.5849,unchanged
203,超_ゲンガー_究極_V6_アルティメット,0.6975,Out: ヤドキング / In: カンナギタウンの長老 (Parent: 38/50 -> Mutant: 42/50)
203,超_ゲンガー_安定_V1,0.3291,unchanged
203,闘_ガブルカ_究極_V6_アルティメット,0.4346,unchanged
203,超_ゲンガー_グッズ偏重_V3,0.2036,unchanged
203,鋼_メルルギア_グッズ偏重_V3,0.3355,unchanged
203,龍悪_ギラダク_究極_V6_アルティメット,0.6274,unchanged
203,闘_ガブルカ_安定_V1,0.5374,unchanged
203,龍悪_ギラダク_グッズ偏重_V3,0.5682,unchanged
204,闘_ガブルカ_安定_V1,0.5380,unchanged
204,炎_リザードンX_究極_V6_アルティメット,0.3874,unchanged
204,雷_ピカチュウ_グッズ偏重_V3,0.5095,unchanged
204,鋼_メルルギア_究極_V6_アルティメット,0.5964,unchanged
204,龍悪_ギラダク_グッズ偏重_V3,0.5681,unchanged
204,雷_ピカチュウ_安定_V1,0.6598,unchanged
204,超_ゲンガー_安定_V1,0.3303,Out: エレキジェネレーター / In: ボタン (Parent: 32/50 -> Mutant: 34/50)
204,超_ミュウツー_グッズ偏重_V3,0.2758,unchanged
204,水_スターミー_究極_V6_アルティメット,0.6017,Out: アカネ / In: メガラグラージex (Parent: 39/50 -> Mutant: 42/50)
204,水_スターミー_安定_V1,0.2832,unchanged
204,超_ゲンガー_グッズ偏重_V3,0.2037,Out: メタルコアバリア / In: フレイムパッチ (Parent: 17/50 -> Mutant: 20/50)
204,闘_ガブルカ_グッズ偏重_V3,0.3312,unchanged
204,超_ミュウツー_究極_V6_アルティメット,0.5455,unchanged
204,闘_ガブルカ_究極_V6_アルティメット,0.4339,unchanged
204,龍悪_ギラダク_究極_V6_アルティメット,0.6282,unchanged
204,超_ゲンガー_究極_V6_アルティメット,0.6977,unchanged
204,草_フシギバナ_グッズ偏重_V3,0.7261,unchanged
204,鋼_メルルギア_グッズ偏重_V3,0.3355,unchanged
204,草_フシギバナ_究極_V6_アルティメット,0.6017,unchanged
204,龍悪_ギラダク_安定_V1,0.5516,Out: マニューラ / In: ラムのみ (Parent: 39/50 -> Mutant: 42/50)
204,超_ミュウツー_安定_V1,0.5010,Out: フーディン / In: ムウマージ (Parent: 33/50 -> Mutant: 36/50)
204,草_フシギバナ_安定_V1,0.5555,Out: 鋼鉄のまえかけ / In: メタルコアバリア (Parent: 35/50 -> Mutant: 38/50)
204,鋼_メルルギア_安定_V1,0.4021,unchanged
204,雷_ピカチュウ_究極_V6_アルティメット,0.5835,unchanged
204,水_スターミー_グッズ偏重_V3,0.4450,unchanged
204,炎_リザードンX_グッズ偏重_V3,0.5911,unchanged
204,炎_リザードンX_安定_V1,0.6164,unchanged
205,鋼_メルルギア_グッズ偏重_V3,0.3363,Out: マーマネ / In: ハピナス (Parent: 27/50 -> Mutant: 29/50)
205,草_フシギバナ_安定_V1,0.5566,Out: マユルド / In: ポケモン通信 (Parent: 32/50 -> Mutant: 43/50)
205,闘_ガブルカ_究極_V6_アルティメット,0.4339,unchanged
205,闘_ガブルカ_グッズ偏重_V3,0.3319,unchanged
205,炎_リザードンX_グッズ偏重_V3,0.5910,unchanged
205,超_ゲンガー_グッズ偏重_V3,0.2042,Out: ゼニガメじょうろ / In: ペロリーム (Parent: 14/50 -> Mutant: 21/50)
205,超_ミュウツー_究極_V6_アルティメット,0.5461,unchanged
205,闘_ガブルカ_安定_V1,0.5382,unchanged
205,超_ミュウツー_安定_V1,0.5011,Out: フワライド / In: ソーナンス (Parent: 26/50 -> Mutant: 31/50)
205,炎_リザードンX_安定_V1,0.6165,Out: ひみつのコハク / In: ウォーターボート (Parent: 40/50 -> Mutant: 44/50)
205,超_ゲンガー_安定_V1,0.3315,unchanged
205,雷_ピカチュウ_究極_V6_アルティメット,0.5829,Out: マルマイン / In: はねの化石 (Parent: 27/50 -> Mutant: 30/50)
205,鋼_メルルギア_安定_V1,0.4021,Out: ミノマダム / In: はじまりの平原 (Parent: 21/50 -> Mutant: 25/50)
205,水_スターミー_グッズ偏重_V3,0.4449,unchanged
205,草_フシギバナ_グッズ偏重_V3,0.7265,unchanged
205,鋼_メルルギア_究極_V6_アルティメット,0.5964,unchanged
205,龍悪_ギラダク_安定_V1,0.5520,unchanged
205,龍悪_ギラダク_グッズ偏重_V3,0.5672,unchanged
205,超_ミュウツー_グッズ偏重_V3,0.2752,unchanged
205,水_スターミー_安定_V1,0.2825,unchanged
205,炎_リザードンX_究極_V6_アルティメット,0.3875,Out: スイレン / In: ブーバー (Parent: 26/50 -> Mutant: 30/50)
205,雷_ピカチュウ_グッズ偏重_V3,0.5087,unchanged
205,水_スターミー_究極_V6_アルティメット,0.6017,unchanged
205,雷_ピカチュウ_安定_V1,0.6587,Out: かんこうきゃく / In: マルマイン (Parent: 30/50 -> Mutant: 36/50)
205,龍悪_ギラダク_究極_V6_アルティメット,0.6285,unchanged
205,草_フシギバナ_究極_V6_アルティメット,0.6008,unchanged
205,超_ゲンガー_究極_V6_アルティメット,0.6972,Out: スイレン / In: ミカン (Parent: 40/50 -> Mutant: 42/50)
206,炎_リザードンX_グッズ偏重_V3,0.5910,unchanged
206,草_フシギバナ_グッズ偏重_V3,0.7273,Out: ガーメイル / In: ウォーターボート (Parent: 39/50 -> Mutant: 42/50)
206,水_スターミー_安定_V1,0.2825,Out: フリージオ / In: テーブルシティ (Parent: 9/50 -> Mutant: 14/50)
206,水_スターミー_究極_V6_アルティメット,0.6025,unchanged
206,鋼_メルルギア_安定_V1,0.4025,unchanged
206,草_フシギバナ_安定_V1,0.5576,unchanged
206,鋼_メルルギア_グッズ偏重_V3,0.3369,unchanged
206,龍悪_ギラダク_安定_V1,0.5529,unchanged
206,草_フシギバナ_究極_V6_アルティメット,0.6013,unchanged
206,雷_ピカチュウ_究極_V6_アルティメット,0.5827,Out: ハラバリーex / In: ライボルト (Parent: 20/50 -> Mutant: 31/50)
206,超_ゲンガー_究極_V6_アルティメット,0.6975,Out: ネイティオ / In: ルナアーラex (Parent: 40/50 -> Mutant: 42/50)
206,水_スターミー_グッズ偏重_V3,0.4449,unchanged
206,超_ゲンガー_安定_V1,0.3325,unchanged
206,炎_リザードンX_安定_V1,0.6165,unchanged
206,龍悪_ギラダク_究極_V6_アルティメット,0.6292,Out: モンスターボール / In: どくバリ (Parent: 42/50 -> Mutant: 47/50)
206,闘_ガブルカ_グッズ偏重_V3,0.3320,Out: ジャグラー / In: コジョンド (Parent: 20/50 -> Mutant: 25/50)
206,鋼_メルルギア_究極_V6_アルティメット,0.5963,unchanged
206,超_ゲンガー_グッズ偏重_V3,0.2043,Out: ヘビーメット / In: ブルー (Parent: 17/50 -> Mutant: 20/50)
206,超_ミュウツー_究極_V6_アルティメット,0.5458,Out: クレセリアex / In: かけだし調査員 (Parent: 33/50 -> Mutant: 37/50)
206,超_ミュウツー_安定_V1,0.5006,Out: サーナイト / In: カンナギタウンの長老 (Parent: 26/50 -> Mutant: 30/50)
206,闘_ガブルカ_究極_V6_アルティメット,0.4332,unchanged
206,雷_ピカチュウ_グッズ偏重_V3,0.5080,unchanged
206,龍悪_ギラダク_グッズ偏重_V3,0.5661,Out: ズバット / In: ゴツゴツメット (Parent: 27/50 -> Mutant: 32/50)
206,闘_ガブルカ_安定_V1,0.5372,unchanged
206,超_ミュウツー_グッズ偏重_V3,0.2745,unchanged
206,炎_リザードンX_究極_V6_アルティメット,0.3870,Out: まもりのポンチョ / In: キョウ (Parent: 22/50 -> Mutant: 27/50)
206,雷_ピカチュウ_安定_V1,0.6573,Out: サンダー / In: ゼブライカ (Parent: 32/50 -> Mutant: 40/50)
207,超_ミュウツー_グッズ偏重_V3,0.2746,Out: 鋼鉄のまえかけ / In: トゲチック (Parent: 11/50 -> Mutant: 13/50)
207,龍悪_ギラダク_安定_V1,0.5540,unchanged
207,闘_ガブルカ_グッズ偏重_V3,0.3326,unchanged
207,鋼_メルルギア_グッズ偏重_V3,0.3375,unchanged
207,草_フシギバナ_究極_V6_アルティメット,0.6022,unchanged
207,炎_リザードンX_グッズ偏重_V3,0.5907,Out: ハルカ / In: デンジ (Parent: 32/50 -> Mutant: 37/50)
207,炎_リザードンX_安定_V1,0.6166,unchanged
207,水_スターミー_究極_V6_アルティメット,0.6031,unchanged
207,雷_ピカチュウ_安定_V1,0.6572,unchanged
207,闘_ガブルカ_究極_V6_アルティメット,0.4329,unchanged
207,闘_ガブルカ_安定_V1,0.5369,Out: エレキコード / In: ヌイコグマ (Parent: 26/50 -> Mutant: 28/50)
207,雷_ピカチュウ_究極_V6_アルティメット,0.5823,unchanged
207,超_ゲンガー_安定_V1,0.3336,unchanged
207,水_スターミー_グッズ偏重_V3,0.4446,Out: ヒンバス / In: アシマリ (Parent: 24/50 -> Mutant: 36/50)
207,龍悪_ギラダク_グッズ偏重_V3,0.5660,unchanged
207,鋼_メルルギア_究極_V6_アルティメット,0.5963,unchanged
207,超_ゲンガー_究極_V6_アルティメット,0.6974,unchanged
207,超_ゲンガー_グッズ偏重_V3,0.2042,Out: ブルー / In: クレセリアex (Parent: 17/50 -> Mutant: 24/50)
207,草_フシギバナ_安定_V1,0.5579,unchanged
207,龍悪_ギラダク_究極_V6_アルティメット,0.6297,unchanged
207,鋼_メルルギア_安定_V1,0.4024,unchanged
207,炎_リザードンX_究極_V6_アルティメット,0.3868,unchanged
207,超_ミュウツー_究極_V6_アルティメット,0.5449,unchanged
207,雷_ピカチュウ_グッズ偏重_V3,0.5071,unchanged
207,超_ミュウツー_安定_V1,0.4998,unchanged
207,草_フシギバナ_グッズ偏重_V3,0.7270,unchanged
207,水_スターミー_安定_V1,0.2816,unchanged
208,水_スターミー_グッズ偏重_V3,0.4452,Out: レスキュースカーフ / In: オニシズクモ (Parent: 32/50 -> Mutant: 34/50)
208,闘_ガブルカ_グッズ偏重_V3,0.3332,unchanged
208,龍悪_ギラダク_安定_V1,0.5552,unchanged
208,超_ミュウツー_究極_V6_アルティメット,0.5452,unchanged
208,龍悪_ギラダク_グッズ偏重_V3,0.5665,unchanged
208,鋼_メルルギア_安定_V1,0.4025,Out: グズマ / In: ラッキーミトン (Parent: 28/50 -> Mutant: 30/50)
208,超_ミュウツー_グッズ偏重_V3,0.2745,Out: ギラティナ / In: ネイティオ (Parent: 14/50 -> Mutant: 16/50)
208,闘_ガブルカ_安定_V1,0.5364,Out: ギンガ団のしたっぱ / In: メガチャーレムex (Parent: 19/50 -> Mutant: 30/50)
208,水_スターミー_安定_V1,0.2814,Out: テーブルシティ / In: ケイコウオ (Parent: 15/50 -> Mutant: 18/50)
208,超_ゲンガー_グッズ偏重_V3,0.2047,unchanged
208,草_フシギバナ_グッズ偏重_V3,0.7274,Out: オーロット / In: エレメンタルつけかえ (Parent: 42/50 -> Mutant: 44/50)
208,超_ゲンガー_安定_V1,0.3348,unchanged
208,闘_ガブルカ_究極_V6_アルティメット,0.4325,unchanged
208,雷_ピカチュウ_グッズ偏重_V3,0.5068,unchanged
208,草_フシギバナ_究極_V6_アルティメット,0.6023,unchanged
208,炎_リザードンX_安定_V1,0.6165,unchanged
208,雷_ピカチュウ_究極_V6_アルティメット,0.5813,unchanged
208,超_ゲンガー_究極_V6_アルティメット,0.6973,Out: メガサーナイトex / In: クレセリアex (Parent: 42/50 -> Mutant: 44/50)
208,炎_リザードンX_究極_V6_アルティメット,0.3866,Out: ダルマッカ / In: 幻の石板 (Parent: 27/50 -> Mutant: 34/50)
208,超_ミュウツー_安定_V1,0.4993,unchanged
208,龍悪_ギラダク_究極_V6_アルティメット,0.6302,unchanged
208,鋼_メルルギア_グッズ偏重_V3,0.3371,unchanged
208,草_フシギバナ_安定_V1,0.5581,unchanged
208,炎_リザードンX_グッズ偏重_V3,0.5901,Out: シトロン / In: ウインディ (Parent: 26/50 -> Mutant: 31/50)
208,雷_ピカチュウ_安定_V1,0.6563,unchanged
208,鋼_メルルギア_究極_V6_アルティメット,0.5956,unchanged
208,水_スターミー_究極_V6_アルティメット,0.6029,unchanged
209,水_スターミー_安定_V1,0.2814,unchanged
209,闘_ガブルカ_グッズ偏重_V3,0.3339,Out: コジョンド / In: ワンリキー (Parent: 19/50 -> Mutant: 24/50)
209,炎_リザードンX_究極_V6_アルティメット,0.3874,Out: ブーバー / In: マルヤクデ (Parent: 26/50 -> Mutant: 33/50)
209,超_ゲンガー_グッズ偏重_V3,0.2055,Out: ラッキーミトン / In: ムウマ (Parent: 13/50 -> Mutant: 19/50)
209,龍悪_ギラダク_安定_V1,0.5561,unchanged
209,超_ミュウツー_安定_V1,0.4996,unchanged
209,超_ゲンガー_安定_V1,0.3360,unchanged
209,炎_リザードンX_安定_V1,0.6168,unchanged
209,草_フシギバナ_安定_V1,0.5588,unchanged
209,雷_ピカチュウ_究極_V6_アルティメット,0.5811,unchanged
209,水_スターミー_究極_V6_アルティメット,0.6035,unchanged
209,闘_ガブルカ_究極_V6_アルティメット,0.4321,Out: エビワラーex / In: ダグトリオ (Parent: 21/50 -> Mutant: 25/50)
209,草_フシギバナ_究極_V6_アルティメット,0.6025,unchanged
209,超_ゲンガー_究極_V6_アルティメット,0.6967,unchanged
209,闘_ガブルカ_安定_V1,0.5361,unchanged
209,雷_ピカチュウ_安定_V1,0.6560,unchanged
209,雷_ピカチュウ_グッズ偏重_V3,0.5062,unchanged
209,鋼_メルルギア_究極_V6_アルティメット,0.5952,unchanged
209,水_スターミー_グッズ偏重_V3,0.4449,Out: アシマリ / In: カイ (Parent: 22/50 -> Mutant: 31/50)
209,龍悪_ギラダク_グッズ偏重_V3,0.5663,Out: ゴツゴツメット / In: ラムのみ (Parent: 36/50 -> Mutant: 39/50)
209,草_フシギバナ_グッズ偏重_V3,0.7274,unchanged
209,鋼_メルルギア_安定_V1,0.4023,Out: オニスズメ / In: ブロロローム (Parent: 21/50 -> Mutant: 38/50)
209,鋼_メルルギア_グッズ偏重_V3,0.3368,unchanged
209,炎_リザードンX_グッズ偏重_V3,0.5892,unchanged
209,龍悪_ギラダク_究極_V6_アルティメット,0.6304,unchanged
209,超_ミュウツー_究極_V6_アルティメット,0.5441,unchanged
209,超_ミュウツー_グッズ偏重_V3,0.2736,Out: ムチュール / In: イーブイのバッグ (Parent: 16/50 -> Mutant: 20/50)
210,水_スターミー_究極_V6_アルティメット,0.6045,unchanged
210,闘_ガブルカ_安定_V1,0.5367,Out: たての化石 / In: メレシー (Parent: 24/50 -> Mutant: 29/50)
210,超_ミュウツー_究極_V6_アルティメット,0.5446,unchanged
210,雷_ピカチュウ_安定_V1,0.6561,Out: かんこうきゃく / In: セキ (Parent: 34/50 -> Mutant: 38/50)
210,雷_ピカチュウ_究極_V6_アルティメット,0.5812,Out: ロケット団のしたっぱ / In: サンダース (Parent: 31/50 -> Mutant: 35/50)
210,水_スターミー_グッズ偏重_V3,0.4451,unchanged
210,龍悪_ギラダク_究極_V6_アルティメット,0.6313,Out: ダークライex / In: ハクリュー (Parent: 41/50 -> Mutant: 44/50)
210,鋼_メルルギア_グッズ偏重_V3,0.3371,unchanged
210,鋼_メルルギア_究極_V6_アルティメット,0.5955,unchanged
210,草_フシギバナ_究極_V6_アルティメット,0.6030,unchanged
210,水_スターミー_安定_V1,0.2810,Out: オクタン / In: パオジアンex (Parent: 13/50 -> Mutant: 16/50)
210,草_フシギバナ_グッズ偏重_V3,0.7278,unchanged
210,炎_リザードンX_究極_V6_アルティメット,0.3880,unchanged
210,闘_ガブルカ_グッズ偏重_V3,0.3339,unchanged
210,超_ゲンガー_安定_V1,0.3367,unchanged
210,超_ミュウツー_グッズ偏重_V3,0.2730,unchanged
210,超_ゲンガー_グッズ偏重_V3,0.2058,unchanged
210,炎_リザードンX_グッズ偏重_V3,0.5886,unchanged
210,闘_ガブルカ_究極_V6_アルティメット,0.4309,Out: サイドン / In: かいの化石 (Parent: 14/50 -> Mutant: 23/50)
210,龍悪_ギラダク_安定_V1,0.5561,unchanged
210,超_ゲンガー_究極_V6_アルティメット,0.6958,unchanged
210,龍悪_ギラダク_グッズ偏重_V3,0.5659,unchanged
210,雷_ピカチュウ_グッズ偏重_V3,0.5054,unchanged
210,超_ミュウツー_安定_V1,0.4989,Out: ゴチルゼル / In: マチス (Parent: 30/50 -> Mutant: 32/50)
210,炎_リザードンX_安定_V1,0.6161,unchanged
210,草_フシギバナ_安定_V1,0.5590,unchanged
210,鋼_メルルギア_安定_V1,0.4020,Out: イリマ / In: ケンタロスex (Parent: 31/50 -> Mutant: 36/50)
211,炎_リザードンX_安定_V1,0.6168,unchanged
211,超_ミュウツー_グッズ偏重_V3,0.2730,unchanged
211,水_スターミー_グッズ偏重_V3,0.4457,unchanged
211,龍悪_ギラダク_安定_V1,0.5573,unchanged
211,雷_ピカチュウ_安定_V1,0.6562,unchanged
211,龍悪_ギラダク_究極_V6_アルティメット,0.6322,unchanged
211,闘_ガブルカ_究極_V6_アルティメット,0.4303,Out: ルガルガン / In: マチス (Parent: 13/50 -> Mutant: 20/50)
211,鋼_メルルギア_グッズ偏重_V3,0.3375,Out: オタチ / In: カイ (Parent: 26/50 -> Mutant: 33/50)
211,超_ゲンガー_安定_V1,0.3379,Out: クレセリア / In: マチス (Parent: 28/50 -> Mutant: 38/50)
211,超_ミュウツー_究極_V6_アルティメット,0.5447,unchanged
211,草_フシギバナ_安定_V1,0.5596,unchanged
211,超_ゲンガー_グッズ偏重_V3,0.2062,unchanged
211,闘_ガブルカ_安定_V1,0.5362,unchanged
211,超_ゲンガー_究極_V6_アルティメット,0.6953,Out: ミカン / In: ヒカリ (Parent: 36/50 -> Mutant: 40/50)
211,鋼_メルルギア_究極_V6_アルティメット,0.5954,unchanged
211,鋼_メルルギア_安定_V1,0.4025,unchanged
211,水_スターミー_安定_V1,0.2809,unchanged
211,雷_ピカチュウ_究極_V6_アルティメット,0.5802,unchanged
211,雷_ピカチュウ_グッズ偏重_V3,0.5050,Out: レスキュースカーフ / In: スター団のしたっぱ (Parent: 33/50 -> Mutant: 35/50)
211,草_フシギバナ_究極_V6_アルティメット,0.6027,unchanged
211,龍悪_ギラダク_グッズ偏重_V3,0.5655,unchanged
211,超_ミュウツー_安定_V1,0.4984,unchanged
211,草_フシギバナ_グッズ偏重_V3,0.7278,unchanged
211,闘_ガブルカ_グッズ偏重_V3,0.3335,Out: イワーク / In: ウリムー (Parent: 13/50 -> Mutant: 21/50)
211,炎_リザードンX_究極_V6_アルティメット,0.3878,unchanged
211,炎_リザードンX_グッズ偏重_V3,0.5875,unchanged
211,水_スターミー_究極_V6_アルティメット,0.6041,Out: クレベース / In: レッドカード (Parent: 42/50 -> Mutant: 44/50)
212,鋼_メルルギア_グッズ偏重_V3,0.3382,Out: カビゴン / In: アローラダグトリオex (Parent: 18/50 -> Mutant: 24/50)
212,鋼_メルルギア_究極_V6_アルティメット,0.5959,Out: アセロラ / In: ペルシアン (Parent: 36/50 -> Mutant: 42/50)
212,闘_ガブルカ_安定_V1,0.5362,unchanged
212,龍悪_ギラダク_グッズ偏重_V3,0.5662,unchanged
212,雷_ピカチュウ_グッズ偏重_V3,0.5053,unchanged
212,草_フシギバナ_グッズ偏重_V3,0.7286,unchanged
212,超_ゲンガー_究極_V6_アルティメット,0.6952,unchanged
212,超_ゲンガー_安定_V1,0.3389,unchanged
212,草_フシギバナ_究極_V6_アルティメット,0.6030,unchanged
212,草_フシギバナ_安定_V1,0.5603,unchanged
212,水_スターミー_究極_V6_アルティメット,0.6044,unchanged
212,鋼_メルルギア_安定_V1,0.4031,unchanged
212,炎_リザードンX_グッズ偏重_V3,0.5871,unchanged
212,超_ミュウツー_グッズ偏重_V3,0.2726,Out: メロエッタ / In: シトロンのリュック (Parent: 11/50 -> Mutant: 13/50)
212,龍悪_ギラダク_安定_V1,0.5576,Out: メタルコアバリア / In: アローラベトベトンex (Parent: 41/50 -> Mutant: 45/50)
212,雷_ピカチュウ_究極_V6_アルティメット,0.5796,Out: メモリーライト / In: ジャグラー (Parent: 31/50 -> Mutant: 33/50)
212,炎_リザードンX_究極_V6_アルティメット,0.3882,Out: アイリス / In: シャンデラ (Parent: 31/50 -> Mutant: 36/50)
212,超_ゲンガー_グッズ偏重_V3,0.2063,Out: ヤミラミ / In: ルチア (Parent: 21/50 -> Mutant: 24/50)
212,雷_ピカチュウ_安定_V1,0.6558,unchanged
212,闘_ガブルカ_究極_V6_アルティメット,0.4291,Out: マチス / In: かいの化石 (Parent: 11/50 -> Mutant: 16/50)
212,超_ミュウツー_究極_V6_アルティメット,0.5440,unchanged
212,闘_ガブルカ_グッズ偏重_V3,0.3330,Out: ウリムー / In: パルデアケンタロス (Parent: 25/50 -> Mutant: 28/50)
212,超_ミュウツー_安定_V1,0.4977,unchanged
212,水_スターミー_グッズ偏重_V3,0.4453,unchanged
212,炎_リザードンX_安定_V1,0.6161,Out: 鋼鉄のまえかけ / In: こうらの化石 (Parent: 35/50 -> Mutant: 43/50)
212,水_スターミー_安定_V1,0.2802,Out: イノムー / In: コオリッポ (Parent: 16/50 -> Mutant: 23/50)
212,龍悪_ギラダク_究極_V6_アルティメット,0.6323,unchanged
213,水_スターミー_究極_V6_アルティメット,0.6053,unchanged
213,超_ミュウツー_究極_V6_アルティメット,0.5446,unchanged
213,炎_リザードンX_安定_V1,0.6164,Out: リザードン / In: バシャーモ (Parent: 37/50 -> Mutant: 39/50)
213,雷_ピカチュウ_安定_V1,0.6559,unchanged
213,炎_リザードンX_究極_V6_アルティメット,0.3890,Out: ゴウカザルex / In: ヒノアラシ (Parent: 25/50 -> Mutant: 27/50)
213,草_フシギバナ_究極_V6_アルティメット,0.6038,unchanged
213,雷_ピカチュウ_究極_V6_アルティメット,0.5794,unchanged
213,水_スターミー_安定_V1,0.2803,Out: コオリッポ / In: ハイキングコース (Parent: 14/50 -> Mutant: 21/50)
213,超_ゲンガー_安定_V1,0.3401,unchanged
213,闘_ガブルカ_安定_V1,0.5358,unchanged
213,龍悪_ギラダク_究極_V6_アルティメット,0.6329,Out: ニドリーノ / In: ナツメ (Parent: 44/50 -> Mutant: 47/50)
213,草_フシギバナ_安定_V1,0.5609,unchanged
213,超_ゲンガー_グッズ偏重_V3,0.2067,unchanged
213,雷_ピカチュウ_グッズ偏重_V3,0.5050,unchanged
213,闘_ガブルカ_グッズ偏重_V3,0.3330,unchanged
213,鋼_メルルギア_究極_V6_アルティメット,0.5957,unchanged
213,超_ミュウツー_グッズ偏重_V3,0.2721,Out: ペロッパフ / In: マオ (Parent: 9/50 -> Mutant: 11/50)
213,闘_ガブルカ_究極_V6_アルティメット,0.4278,Out: ウォーターボート / In: おおきいマラサダ (Parent: 11/50 -> Mutant: 15/50)
213,超_ゲンガー_究極_V6_アルティメット,0.6944,unchanged
213,龍悪_ギラダク_安定_V1,0.5577,unchanged
213,草_フシギバナ_グッズ偏重_V3,0.7286,unchanged
213,龍悪_ギラダク_グッズ偏重_V3,0.5658,unchanged
213,鋼_メルルギア_安定_V1,0.4031,unchanged
213,炎_リザードンX_グッズ偏重_V3,0.5863,Out: ファイヤー / In: コトネ (Parent: 40/50 -> Mutant: 44/50)
213,超_ミュウツー_安定_V1,0.4968,unchanged
213,鋼_メルルギア_グッズ偏重_V3,0.3377,unchanged
213,水_スターミー_グッズ偏重_V3,0.4447,Out: どくバリ / In: カジリガメ (Parent: 23/50 -> Mutant: 28/50)
214,闘_ガブルカ_グッズ偏重_V3,0.3337,unchanged
214,草_フシギバナ_安定_V1,0.5618,Out: フシギバナ / In: ビーストウォール (Parent: 34/50 -> Mutant: 39/50)
214,闘_ガブルカ_究極_V6_アルティメット,0.4272,Out: かいの化石 / In: ゼニガメじょうろ (Parent: 17/50 -> Mutant: 20/50)
214,超_ミュウツー_究極_V6_アルティメット,0.5449,unchanged
214,超_ゲンガー_究極_V6_アルティメット,0.6943,unchanged
214,水_スターミー_安定_V1,0.2807,unchanged
214,炎_リザードンX_グッズ偏重_V3,0.5868,unchanged
214,超_ミュウツー_グッズ偏重_V3,0.2717,unchanged
214,草_フシギバナ_グッズ偏重_V3,0.7292,unchanged
214,龍悪_ギラダク_究極_V6_アルティメット,0.6337,Out: ダークライex / In: リーフマント (Parent: 40/50 -> Mutant: 46/50)
214,超_ミュウツー_安定_V1,0.4968,unchanged
214,鋼_メルルギア_究極_V6_アルティメット,0.5958,unchanged
214,雷_ピカチュウ_安定_V1,0.6559,unchanged
214,雷_ピカチュウ_グッズ偏重_V3,0.5049,unchanged
214,鋼_メルルギア_安定_V1,0.4035,unchanged
214,龍悪_ギラダク_グッズ偏重_V3,0.5660,unchanged
214,鋼_メルルギア_グッズ偏重_V3,0.3378,unchanged
214,超_ゲンガー_安定_V1,0.3408,unchanged
214,炎_リザードンX_安定_V1,0.6161,unchanged
214,炎_リザードンX_究極_V6_アルティメット,0.3890,unchanged
214,水_スターミー_究極_V6_アルティメット,0.6052,unchanged
214,闘_ガブルカ_安定_V1,0.5351,Out: ヌイコグマ / In: セキ (Parent: 27/50 -> Mutant: 33/50)
214,雷_ピカチュウ_究極_V6_アルティメット,0.5781,unchanged
214,草_フシギバナ_究極_V6_アルティメット,0.6031,unchanged
214,水_スターミー_グッズ偏重_V3,0.4440,unchanged
214,超_ゲンガー_グッズ偏重_V3,0.2066,unchanged
214,龍悪_ギラダク_安定_V1,0.5574,unchanged
215,龍悪_ギラダク_究極_V6_アルティメット,0.6349,unchanged
215,闘_ガブルカ_究極_V6_アルティメット,0.4267,unchanged
215,水_スターミー_グッズ偏重_V3,0.4446,unchanged
215,鋼_メルルギア_究極_V6_アルティメット,0.5964,unchanged
215,超_ミュウツー_究極_V6_アルティメット,0.5452,Out: ブーピッグ / In: マシェード (Parent: 36/50 -> Mutant: 39/50)
215,雷_ピカチュウ_安定_V1,0.6559,unchanged
215,草_フシギバナ_グッズ偏重_V3,0.7298,Out: エレメンタルつけかえ / In: メガヤンマex (Parent: 39/50 -> Mutant: 45/50)
215,鋼_メルルギア_安定_V1,0.4040,unchanged
215,水_スターミー_究極_V6_アルティメット,0.6057,unchanged
215,超_ミュウツー_安定_V1,0.4969,unchanged
215,鋼_メルルギア_グッズ偏重_V3,0.3380,unchanged
215,水_スターミー_安定_V1,0.2808,unchanged
215,炎_リザードンX_安定_V1,0.6161,Out: アチゲータ / In: エンニュート (Parent: 33/50 -> Mutant: 40/50)
215,草_フシギバナ_安定_V1,0.5624,unchanged
215,炎_リザードンX_グッズ偏重_V3,0.5867,unchanged
215,超_ゲンガー_グッズ偏重_V3,0.2069,Out: ユクシー / In: ランプラー (Parent: 24/50 -> Mutant: 26/50)
215,超_ゲンガー_安定_V1,0.3415,unchanged
215,炎_リザードンX_究極_V6_アルティメット,0.3890,Out: ヒノアラシ / In: ウインディ (Parent: 31/50 -> Mutant: 38/50)
215,雷_ピカチュウ_グッズ偏重_V3,0.5043,unchanged
215,雷_ピカチュウ_究極_V6_アルティメット,0.5771,Out: マルマイン / In: レッドカード (Parent: 31/50 -> Mutant: 33/50)
215,超_ゲンガー_究極_V6_アルティメット,0.6933,unchanged
215,龍悪_ギラダク_グッズ偏重_V3,0.5657,unchanged
215,草_フシギバナ_究極_V6_アルティメット,0.6025,unchanged
215,闘_ガブルカ_グッズ偏重_V3,0.3333,unchanged
215,闘_ガブルカ_安定_V1,0.5343,Out: ケケンカニ / In: ひみつのコハク (Parent: 30/50 -> Mutant: 36/50)
215,超_ミュウツー_グッズ偏重_V3,0.2708,Out: セレナ / In: カルネ (Parent: 7/50 -> Mutant: 12/50)
215,龍悪_ギラダク_安定_V1,0.5570,Out: ラムのみ / In: アリアドス (Parent: 36/50 -> Mutant: 40/50)
216,超_ミュウツー_安定_V1,0.4973,unchanged
216,草_フシギバナ_安定_V1,0.5632,unchanged
216,超_ミュウツー_究極_V6_アルティメット,0.5456,unchanged
216,龍悪_ギラダク_究極_V6_アルティメット,0.6360,unchanged
216,水_スターミー_安定_V1,0.2811,unchanged
216,超_ゲンガー_安定_V1,0.3429,unchanged
216,雷_ピカチュウ_グッズ偏重_V3,0.5045,unchanged
216,水_スターミー_究極_V6_アルティメット,0.6064,unchanged
216,超_ゲンガー_グッズ偏重_V3,0.2077,Out: ケーシィ / In: アンノーンG (Parent: 19/50 -> Mutant: 23/50)
216,雷_ピカチュウ_安定_V1,0.6558,Out: ふしぎなアメ / In: ヘビーメット (Parent: 38/50 -> Mutant: 40/50)
216,鋼_メルルギア_究極_V6_アルティメット,0.5964,unchanged
216,雷_ピカチュウ_究極_V6_アルティメット,0.5766,unchanged
216,超_ミュウツー_グッズ偏重_V3,0.2703,Out: トゲピー / In: ペロッパフ (Parent: 15/50 -> Mutant: 17/50)
216,草_フシギバナ_グッズ偏重_V3,0.7300,unchanged
216,水_スターミー_グッズ偏重_V3,0.4446,unchanged
216,炎_リザードンX_究極_V6_アルティメット,0.3893,unchanged
216,龍悪_ギラダク_グッズ偏重_V3,0.5657,unchanged
216,炎_リザードンX_グッズ偏重_V3,0.5866,unchanged
216,超_ゲンガー_究極_V6_アルティメット,0.6925,unchanged
216,龍悪_ギラダク_安定_V1,0.5570,unchanged
216,鋼_メルルギア_安定_V1,0.4040,unchanged
216,闘_ガブルカ_グッズ偏重_V3,0.3330,Out: カンナギタウンの長老 / In: 大きなマント (Parent: 23/50 -> Mutant: 28/50)
216,炎_リザードンX_安定_V1,0.6156,Out: バシャーモ / In: オボンのみ (Parent: 31/50 -> Mutant: 33/50)
216,闘_ガブルカ_安定_V1,0.5335,unchanged
216,草_フシギバナ_究極_V6_アルティメット,0.6016,unchanged
216,闘_ガブルカ_究極_V6_アルティメット,0.4253,unchanged
216,鋼_メルルギア_グッズ偏重_V3,0.3376,Out: マーマネ / In: ハーデリア (Parent: 23/50 -> Mutant: 25/50)
217,超_ゲンガー_安定_V1,0.3445,Out: ボタン / In: ギラティナ (Parent: 32/50 -> Mutant: 36/50)
217,草_フシギバナ_究極_V6_アルティメット,0.6025,unchanged
217,雷_ピカチュウ_安定_V1,0.6561,unchanged
217,鋼_メルルギア_究極_V6_アルティメット,0.5969,unchanged
217,闘_ガブルカ_グッズ偏重_V3,0.3335,unchanged
217,超_ゲンガー_グッズ偏重_V3,0.2085,unchanged
217,炎_リザードンX_安定_V1,0.6157,unchanged
217,超_ミュウツー_安定_V1,0.4974,unchanged
217,龍悪_ギラダク_グッズ偏重_V3,0.5659,unchanged
217,闘_ガブルカ_究極_V6_アルティメット,0.4245,unchanged
217,雷_ピカチュウ_究極_V6_アルティメット,0.5763,Out: レッドカード / In: マーズ (Parent: 29/50 -> Mutant: 35/50)
217,炎_リザードンX_究極_V6_アルティメット,0.3897,unchanged
217,超_ミュウツー_究極_V6_アルティメット,0.5454,unchanged
217,超_ゲンガー_究極_V6_アルティメット,0.6918,Out: ランプラー / In: ハウ (Parent: 32/50 -> Mutant: 37/50)
217,水_スターミー_グッズ偏重_V3,0.4445,unchanged
217,水_スターミー_安定_V1,0.2809,Out: シェルダー / In: アローラロコン (Parent: 20/50 -> Mutant: 22/50)
217,草_フシギバナ_安定_V1,0.5636,unchanged
217,龍悪_ギラダク_究極_V6_アルティメット,0.6363,Out: ハクリュー / In: アーゴヨン (Parent: 40/50 -> Mutant: 45/50)
217,鋼_メルルギア_安定_V1,0.4039,unchanged
217,龍悪_ギラダク_安定_V1,0.5570,unchanged
217,闘_ガブルカ_安定_V1,0.5331,unchanged
217,雷_ピカチュウ_グッズ偏重_V3,0.5038,Out: カツラ / In: オボンのみ (Parent: 28/50 -> Mutant: 31/50)
217,鋼_メルルギア_グッズ偏重_V3,0.3371,unchanged
217,草_フシギバナ_グッズ偏重_V3,0.7298,unchanged
217,炎_リザードンX_グッズ偏重_V3,0.5860,unchanged
217,超_ミュウツー_グッズ偏重_V3,0.2694,Out: シトロンのリュック / In: ルージュラ (Parent: 14/50 -> Mutant: 16/50)
217,水_スターミー_究極_V6_アルティメット,0.6060,unchanged
218,雷_ピカチュウ_究極_V6_アルティメット,0.5764,unchanged
218,炎_リザードンX_グッズ偏重_V3,0.5865,unchanged
218,雷_ピカチュウ_グッズ偏重_V3,0.5041,Out: モノマネむすめ / In: エレキブル (Parent: 27/50 -> Mutant: 31/50)
218,草_フシギバナ_グッズ偏重_V3,0.7304,unchanged
218,草_フシギバナ_安定_V1,0.5642,Out: ヘラクロス / In: コフキムシ (Parent: 34/50 -> Mutant: 40/50)
218,闘_ガブルカ_究極_V6_アルティメット,0.4235,Out: ウォーターボート / In: イシヘンジン (Parent: 13/50 -> Mutant: 20/50)
218,超_ミュウツー_究極_V6_アルティメット,0.5455,unchanged
218,水_スターミー_究極_V6_アルティメット,0.6066,Out: ビーストナイト / In: マーマネ (Parent: 38/50 -> Mutant: 43/50)
218,龍悪_ギラダク_グッズ偏重_V3,0.5663,unchanged
218,鋼_メルルギア_グッズ偏重_V3,0.3374,Out: ナットレイ / In: カンナギタウンの長老 (Parent: 27/50 -> Mutant: 35/50)
218,草_フシギバナ_究極_V6_アルティメット,0.6028,unchanged
218,雷_ピカチュウ_安定_V1,0.6558,Out: ライチュウex / In: カツラ (Parent: 30/50 -> Mutant: 42/50)
218,闘_ガブルカ_安定_V1,0.5330,Out: ケケンカニ / In: セキタンザン (Parent: 30/50 -> Mutant: 37/50)
218,鋼_メルルギア_究極_V6_アルティメット,0.5968,unchanged
218,超_ゲンガー_グッズ偏重_V3,0.2088,unchanged
218,炎_リザードンX_安定_V1,0.6154,unchanged
218,超_ゲンガー_安定_V1,0.3450,unchanged
218,炎_リザードンX_究極_V6_アルティメット,0.3899,unchanged
218,水_スターミー_グッズ偏重_V3,0.4443,Out: クワッス / In: ギャラドス (Parent: 27/50 -> Mutant: 30/50)
218,闘_ガブルカ_グッズ偏重_V3,0.3334,unchanged
218,水_スターミー_安定_V1,0.2805,unchanged
218,超_ゲンガー_究極_V6_アルティメット,0.6909,unchanged
218,鋼_メルルギア_安定_V1,0.4038,unchanged
218,龍悪_ギラダク_安定_V1,0.5570,unchanged
218,超_ミュウツー_グッズ偏重_V3,0.2687,unchanged
218,超_ミュウツー_安定_V1,0.4968,Out: マシェード / In: グランブル (Parent: 26/50 -> Mutant: 30/50)
218,龍悪_ギラダク_究極_V6_アルティメット,0.6361,unchanged
219,水_スターミー_安定_V1,0.2808,Out: アシレーヌ / In: メモリーライト (Parent: 17/50 -> Mutant: 20/50)
219,炎_リザードンX_究極_V6_アルティメット,0.3909,unchanged
219,超_ミュウツー_安定_V1,0.4969,unchanged
219,鋼_メルルギア_安定_V1,0.4045,unchanged
219,闘_ガブルカ_安定_V1,0.5332,Out: こうらの化石 / In: フレイムパッチ (Parent: 34/50 -> Mutant: 38/50)
219,草_フシギバナ_グッズ偏重_V3,0.7310,Out: 大きなふうせん / In: アママイコ (Parent: 43/50 -> Mutant: 45/50)
219,超_ゲンガー_グッズ偏重_V3,0.2097,unchanged
219,雷_ピカチュウ_安定_V1,0.6556,unchanged
219,鋼_メルルギア_グッズ偏重_V3,0.3379,unchanged
219,超_ゲンガー_究極_V6_アルティメット,0.6906,unchanged
219,炎_リザードンX_グッズ偏重_V3,0.5867,unchanged
219,雷_ピカチュウ_究極_V6_アルティメット,0.5760,Out: むしよけスプレー / In: ライチュウ (Parent: 30/50 -> Mutant: 33/50)
219,水_スターミー_究極_V6_アルティメット,0.6070,Out: ウォーターボート / In: ニョロゾ (Parent: 36/50 -> Mutant: 46/50)
219,龍悪_ギラダク_グッズ偏重_V3,0.5666,Out: アーボック / In: カスミ (Parent: 36/50 -> Mutant: 38/50)
219,超_ゲンガー_安定_V1,0.3458,unchanged
219,龍悪_ギラダク_究極_V6_アルティメット,0.6364,unchanged
219,炎_リザードンX_安定_V1,0.6150,unchanged
219,超_ミュウツー_グッズ偏重_V3,0.2681,unchanged
219,雷_ピカチュウ_グッズ偏重_V3,0.5036,unchanged
219,闘_ガブルカ_究極_V6_アルティメット,0.4225,Out: ラムパルド / In: モンスターボール (Parent: 18/50 -> Mutant: 24/50)
219,鋼_メルルギア_究極_V6_アルティメット,0.5964,unchanged
219,闘_ガブルカ_グッズ偏重_V3,0.3331,unchanged
219,超_ミュウツー_究極_V6_アルティメット,0.5448,unchanged
219,水_スターミー_グッズ偏重_V3,0.4439,unchanged
219,草_フシギバナ_究極_V6_アルティメット,0.6022,unchanged
219,草_フシギバナ_安定_V1,0.5640,unchanged
219,龍悪_ギラダク_安定_V1,0.5565,unchanged
220,闘_ガブルカ_グッズ偏重_V3,0.3334,unchanged
220,炎_リザードンX_安定_V1,0.6155,unchanged
220,龍悪_ギラダク_安定_V1,0.5576,Out: メンテナンス / In: はじまりの平原 (Parent: 34/50 -> Mutant: 39/50)
220,超_ミュウツー_安定_V1,0.4973,unchanged
220,超_ミュウツー_究極_V6_アルティメット,0.5451,unchanged
220,雷_ピカチュウ_グッズ偏重_V3,0.5038,Out: エレキブル / In: メモリーライト (Parent: 28/50 -> Mutant: 38/50)
220,超_ゲンガー_安定_V1,0.3469,Out: アセロラ / In: ヒラヒナ (Parent: 36/50 -> Mutant: 38/50)
220,鋼_メルルギア_究極_V6_アルティメット,0.5967,unchanged
220,龍悪_ギラダク_グッズ偏重_V3,0.5671,unchanged
220,水_スターミー_究極_V6_アルティメット,0.6074,unchanged
220,水_スターミー_安定_V1,0.2809,unchanged
220,超_ミュウツー_グッズ偏重_V3,0.2678,unchanged
220,草_フシギバナ_グッズ偏重_V3,0.7315,unchanged
220,闘_ガブルカ_安定_V1,0.5332,Out: イリマ / In: エリカ (Parent: 34/50 -> Mutant: 36/50)
220,草_フシギバナ_安定_V1,0.5641,unchanged
220,炎_リザードンX_グッズ偏重_V3,0.5866,unchanged
220,超_ゲンガー_究極_V6_アルティメット,0.6899,unchanged
220,龍悪_ギラダク_究極_V6_アルティメット,0.6367,Out: ひみつのコハク / In: アーボック (Parent: 43/50 -> Mutant: 46/50)
220,雷_ピカチュウ_究極_V6_アルティメット,0.5752,unchanged
220,鋼_メルルギア_グッズ偏重_V3,0.3377,unchanged
220,鋼_メルルギア_安定_V1,0.4045,unchanged
220,超_ゲンガー_グッズ偏重_V3,0.2096,Out: アンノーンG / In: ネイティ (Parent: 19/50 -> Mutant: 25/50)
220,炎_リザードンX_究極_V6_アルティメット,0.3908,unchanged
220,草_フシギバナ_究極_V6_アルティメット,0.6015,Out: ワナイダー / In: アノホラグサ (Parent: 38/50 -> Mutant: 46/50)
220,雷_ピカチュウ_安定_V1,0.6546,unchanged
220,水_スターミー_グッズ偏重_V3,0.4434,unchanged
220,闘_ガブルカ_究極_V6_アルティメット,0.4212,unchanged
221,炎_リザードンX_究極_V6_アルティメット,0.3919,Out: マルヤクデ / In: オボンのみ (Parent: 32/50 -> Mutant: 36/50)
221,草_フシギバナ_究極_V6_アルティメット,0.6026,unchanged
221,龍悪_ギラダク_究極_V6_アルティメット,0.6377,Out: ダークライex / In: ヒットハンマー (Parent: 41/50 -> Mutant: 45/50)
221,鋼_メルルギア_安定_V1,0.4051,Out: カキ / In: ヨーテリー (Parent: 28/50 -> Mutant: 30/50)
221,鋼_メルルギア_究極_V6_アルティメット,0.5972,unchanged
221,炎_リザードンX_安定_V1,0.6157,unchanged
221,雷_ピカチュウ_グッズ偏重_V3,0.5041,Out: ピカチュウex / In: むしよけスプレー (Parent: 23/50 -> Mutant: 28/50)
221,超_ゲンガー_究極_V6_アルティメット,0.6897,unchanged
221,水_スターミー_グッズ偏重_V3,0.4439,unchanged
221,水_スターミー_安定_V1,0.2810,Out: ウミトリオex / In: マツバ (Parent: 23/50 -> Mutant: 25/50)
221,超_ミュウツー_安定_V1,0.4972,Out: ヨマワル / In: トゲチック (Parent: 29/50 -> Mutant: 34/50)
221,龍悪_ギラダク_グッズ偏重_V3,0.5673,unchanged
221,水_スターミー_究極_V6_アルティメット,0.6076,unchanged
221,炎_リザードンX_グッズ偏重_V3,0.5865,Out: ふしぎなアメ / In: マーズ (Parent: 32/50 -> Mutant: 34/50)
221,龍悪_ギラダク_安定_V1,0.5578,unchanged
221,鋼_メルルギア_グッズ偏重_V3,0.3375,unchanged
221,草_フシギバナ_安定_V1,0.5641,unchanged
221,闘_ガブルカ_グッズ偏重_V3,0.3333,unchanged
221,超_ミュウツー_グッズ偏重_V3,0.2671,unchanged
221,雷_ピカチュウ_安定_V1,0.6538,Out: ルチア / In: エモンガ (Parent: 34/50 -> Mutant: 37/50)
221,闘_ガブルカ_安定_V1,0.5327,Out: バンギラス / In: マオ (Parent: 28/50 -> Mutant: 31/50)
221,超_ゲンガー_安定_V1,0.3472,Out: プルリル / In: エーフィex (Parent: 23/50 -> Mutant: 32/50)
221,超_ゲンガー_グッズ偏重_V3,0.2095,unchanged
221,超_ミュウツー_究極_V6_アルティメット,0.5441,Out: サカキ / In: オボンのみ (Parent: 34/50 -> Mutant: 37/50)
221,草_フシギバナ_グッズ偏重_V3,0.7313,unchanged
221,雷_ピカチュウ_究極_V6_アルティメット,0.5738,unchanged
221,闘_ガブルカ_究極_V6_アルティメット,0.4200,Out: ハウ / In: イワンコ (Parent: 17/50 -> Mutant: 19/50)
222,龍悪_ギラダク_グッズ偏重_V3,0.5682,Out: リーリエ / In: スカタンク (Parent: 33/50 -> Mutant: 40/50)
222,超_ミュウツー_安定_V1,0.4978,Out: 幻の石板 / In: ゴツゴツメット (Parent: 32/50 -> Mutant: 37/50)
222,鋼_メルルギア_安定_V1,0.4056,unchanged
222,闘_ガブルカ_究極_V6_アルティメット,0.4196,unchanged
222,水_スターミー_安定_V1,0.2815,unchanged
222,超_ゲンガー_究極_V6_アルティメット,0.6899,unchanged
222,草_フシギバナ_究極_V6_アルティメット,0.6032,Out: ハラ / In: トランセル (Parent: 37/50 -> Mutant: 41/50)
222,闘_ガブルカ_グッズ偏重_V3,0.3336,unchanged
222,超_ゲンガー_グッズ偏重_V3,0.2100,unchanged
222,雷_ピカチュウ_安定_V1,0.6533,unchanged
222,炎_リザードンX_安定_V1,0.6157,unchanged
222,炎_リザードンX_グッズ偏重_V3,0.5867,Out: ファイヤーex / In: リザード (Parent: 37/50 -> Mutant: 43/50)
222,草_フシギバナ_安定_V1,0.5644,unchanged
222,炎_リザードンX_究極_V6_アルティメット,0.3923,Out: ウォーターボート / In: マルヤクデ (Parent: 28/50 -> Mutant: 34/50)
222,鋼_メルルギア_究極_V6_アルティメット,0.5972,unchanged
222,超_ゲンガー_安定_V1,0.3480,unchanged
222,水_スターミー_究極_V6_アルティメット,0.6078,unchanged
222,鋼_メルルギア_グッズ偏重_V3,0.3374,Out: カスミ / In: プテラ (Parent: 32/50 -> Mutant: 34/50)
222,草_フシギバナ_グッズ偏重_V3,0.7313,unchanged
222,龍悪_ギラダク_安定_V1,0.5580,unchanged
222,雷_ピカチュウ_究極_V6_アルティメット,0.5730,unchanged
222,闘_ガブルカ_安定_V1,0.5323,unchanged
222,雷_ピカチュウ_グッズ偏重_V3,0.5026,Out: メモリーライト / In: ラムのみ (Parent: 28/50 -> Mutant: 34/50)
222,水_スターミー_グッズ偏重_V3,0.4436,unchanged
222,超_ミュウツー_グッズ偏重_V3,0.2663,Out: ブルー / In: ピクシー (Parent: 10/50 -> Mutant: 18/50)
222,超_ミュウツー_究極_V6_アルティメット,0.5430,unchanged
222,龍悪_ギラダク_究極_V6_アルティメット,0.6376,unchanged
223,超_ミュウツー_究極_V6_アルティメット,0.5438,Out: ハカドッグ / In: アカギ (Parent: 31/50 -> Mutant: 35/50)
223,闘_ガブルカ_安定_V1,0.5327,Out: エレキジェネレーター / In: 鋼鉄のまえかけ (Parent: 34/50 -> Mutant: 36/50)
223,水_スターミー_究極_V6_アルティメット,0.6087,Out: ニョロトノ / In: ロケット団のしたっぱ (Parent: 42/50 -> Mutant: 44/50)
223,鋼_メルルギア_グッズ偏重_V3,0.3380,unchanged
223,闘_ガブルカ_グッズ偏重_V3,0.3340,unchanged
223,雷_ピカチュウ_安定_V1,0.6530,Out: たての化石 / In: マチス (Parent: 29/50 -> Mutant: 31/50)
223,闘_ガブルカ_究極_V6_アルティメット,0.4190,unchanged
223,雷_ピカチュウ_グッズ偏重_V3,0.5021,unchanged
223,雷_ピカチュウ_究極_V6_アルティメット,0.5726,unchanged
223,龍悪_ギラダク_究極_V6_アルティメット,0.6385,Out: リーフマント / In: レパルダス (Parent: 41/50 -> Mutant: 45/50)
223,炎_リザードンX_究極_V6_アルティメット,0.3927,unchanged
223,草_フシギバナ_究極_V6_アルティメット,0.6034,unchanged
223,超_ミュウツー_グッズ偏重_V3,0.2659,unchanged
223,炎_リザードンX_安定_V1,0.6157,Out: エンニュート / In: ファイヤー (Parent: 27/50 -> Mutant: 32/50)
223,超_ゲンガー_安定_V1,0.3486,unchanged
223,草_フシギバナ_安定_V1,0.5648,unchanged
223,草_フシギバナ_グッズ偏重_V3,0.7314,unchanged
223,龍悪_ギラダク_グッズ偏重_V3,0.5681,unchanged
223,鋼_メルルギア_安定_V1,0.4057,unchanged
223,超_ゲンガー_究極_V6_アルティメット,0.6893,unchanged
223,鋼_メルルギア_究極_V6_アルティメット,0.5969,unchanged
223,超_ゲンガー_グッズ偏重_V3,0.2098,Out: クレセリアex / In: ゴビット (Parent: 18/50 -> Mutant: 20/50)
223,炎_リザードンX_グッズ偏重_V3,0.5861,unchanged
223,超_ミュウツー_安定_V1,0.4972,unchanged
223,水_スターミー_グッズ偏重_V3,0.4434,unchanged
223,水_スターミー_安定_V1,0.2809,Out: マツバ / In: マリルリ (Parent: 16/50 -> Mutant: 19/50)
223,龍悪_ギラダク_安定_V1,0.5578,unchanged
224,炎_リザードンX_安定_V1,0.6155,Out: かけだし調査員 / In: ガオガエンex (Parent: 30/50 -> Mutant: 36/50)
224,龍悪_ギラダク_究極_V6_アルティメット,0.6396,unchanged
224,鋼_メルルギア_安定_V1,0.4064,unchanged
224,超_ミュウツー_安定_V1,0.4978,unchanged
224,龍悪_ギラダク_グッズ偏重_V3,0.5687,Out: ハイキングコース / In: ゴロンダ (Parent: 39/50 -> Mutant: 43/50)
224,闘_ガブルカ_究極_V6_アルティメット,0.4186,unchanged
224,雷_ピカチュウ_究極_V6_アルティメット,0.5726,unchanged
224,鋼_メルルギア_究極_V6_アルティメット,0.5972,unchanged
224,水_スターミー_究極_V6_アルティメット,0.6094,unchanged
224,草_フシギバナ_究極_V6_アルティメット,0.6037,unchanged
224,超_ゲンガー_グッズ偏重_V3,0.2100,Out: ゲンガー / In: トゲキッス (Parent: 16/50 -> Mutant: 19/50)
224,超_ミュウツー_究極_V6_アルティメット,0.5438,unchanged
224,水_スターミー_グッズ偏重_V3,0.4435,Out: かんこうきゃく / In: ミロカロス (Parent: 26/50 -> Mutant: 29/50)
224,水_スターミー_安定_V1,0.2809,unchanged
224,龍悪_ギラダク_安定_V1,0.5581,unchanged
224,炎_リザードンX_究極_V6_アルティメット,0.3931,unchanged
224,雷_ピカチュウ_安定_V1,0.6521,unchanged
224,草_フシギバナ_グッズ偏重_V3,0.7314,Out: メガカイロスex / In: チェリム (Parent: 44/50 -> Mutant: 46/50)
224,炎_リザードンX_グッズ偏重_V3,0.5857,unchanged
224,超_ゲンガー_究極_V6_アルティメット,0.6886,unchanged
224,超_ゲンガー_安定_V1,0.3491,unchanged
224,闘_ガブルカ_安定_V1,0.5322,Out: カスミ / In: ヘビーメット (Parent: 32/50 -> Mutant: 38/50)
224,雷_ピカチュウ_グッズ偏重_V3,0.5008,unchanged
224,鋼_メルルギア_グッズ偏重_V3,0.3378,unchanged
224,草_フシギバナ_安定_V1,0.5647,unchanged
224,闘_ガブルカ_グッズ偏重_V3,0.3336,unchanged
224,超_ミュウツー_グッズ偏重_V3,0.2651,unchanged
225,水_スターミー_安定_V1,0.2815,unchanged
225,草_フシギバナ_究極_V6_アルティメット,0.6047,unchanged
225,雷_ピカチュウ_グッズ偏重_V3,0.5009,unchanged
225,超_ゲンガー_安定_V1,0.3503,Out: ダブラン / In: リーフマント (Parent: 27/50 -> Mutant: 35/50)
225,闘_ガブルカ_グッズ偏重_V3,0.3339,Out: カスミ / In: コジョフー (Parent: 21/50 -> Mutant: 23/50)
225,龍悪_ギラダク_究極_V6_アルティメット,0.6406,unchanged
225,草_フシギバナ_安定_V1,0.5652,unchanged
225,鋼_メルルギア_安定_V1,0.4068,Out: ヨーテリー / In: かいの化石 (Parent: 30/50 -> Mutant: 34/50)
225,鋼_メルルギア_究極_V6_アルティメット,0.5975,unchanged
225,超_ゲンガー_究極_V6_アルティメット,0.6884,unchanged
225,超_ゲンガー_グッズ偏重_V3,0.2103,Out: ムウマ / In: ギラティナex (Parent: 15/50 -> Mutant: 18/50)
225,超_ミュウツー_安定_V1,0.4981,unchanged
225,闘_ガブルカ_安定_V1,0.5320,unchanged
225,水_スターミー_グッズ偏重_V3,0.4437,unchanged
225,龍悪_ギラダク_グッズ偏重_V3,0.5689,unchanged
225,炎_リザードンX_安定_V1,0.6150,unchanged
225,雷_ピカチュウ_究極_V6_アルティメット,0.5720,unchanged
225,鋼_メルルギア_グッズ偏重_V3,0.3378,unchanged
225,超_ミュウツー_グッズ偏重_V3,0.2645,unchanged
225,草_フシギバナ_グッズ偏重_V3,0.7313,Out: キレイハナ / In: リーフィアex (Parent: 37/50 -> Mutant: 39/50)
225,雷_ピカチュウ_安定_V1,0.6509,unchanged
225,炎_リザードンX_グッズ偏重_V3,0.5852,unchanged
225,水_スターミー_究極_V6_アルティメット,0.6094,unchanged
225,炎_リザードンX_究極_V6_アルティメット,0.3930,Out: ブーバーン / In: メガリザードンYex (Parent: 27/50 -> Mutant: 32/50)
225,龍悪_ギラダク_安定_V1,0.5579,unchanged
225,闘_ガブルカ_究極_V6_アルティメット,0.4175,unchanged
225,超_ミュウツー_究極_V6_アルティメット,0.5427,unchanged
226,雷_ピカチュウ_安定_V1,0.6507,unchanged
226,龍悪_ギラダク_安定_V1,0.5590,unchanged
226,鋼_メルルギア_究極_V6_アルティメット,0.5982,unchanged
226,超_ゲンガー_究極_V6_アルティメット,0.6885,unchanged
226,超_ミュウツー_グッズ偏重_V3,0.2643,unchanged
226,草_フシギバナ_究極_V6_アルティメット,0.6055,unchanged
226,闘_ガブルカ_安定_V1,0.5322,unchanged
226,炎_リザードンX_究極_V6_アルティメット,0.3941,unchanged
226,龍悪_ギラダク_究極_V6_アルティメット,0.6412,unchanged
226,水_スターミー_安定_V1,0.2816,Out: アカネ / In: ヌオー (Parent: 16/50 -> Mutant: 20/50)
226,水_スターミー_グッズ偏重_V3,0.4439,unchanged
226,鋼_メルルギア_安定_V1,0.4072,Out: イーブイ / In: プリン (Parent: 35/50 -> Mutant: 38/50)
226,雷_ピカチュウ_究極_V6_アルティメット,0.5715,unchanged
226,雷_ピカチュウ_グッズ偏重_V3,0.5001,Out: レアコイル / In: シロナ (Parent: 25/50 -> Mutant: 29/50)
226,闘_ガブルカ_グッズ偏重_V3,0.3339,unchanged
226,超_ゲンガー_安定_V1,0.3511,unchanged
226,草_フシギバナ_グッズ偏重_V3,0.7310,unchanged
226,超_ミュウツー_究極_V6_アルティメット,0.5422,unchanged
226,鋼_メルルギア_グッズ偏重_V3,0.3377,unchanged
226,超_ミュウツー_安定_V1,0.4979,unchanged
226,草_フシギバナ_安定_V1,0.5651,unchanged
226,超_ゲンガー_グッズ偏重_V3,0.2104,unchanged
226,水_スターミー_究極_V6_アルティメット,0.6094,Out: アカネ / In: シザリガー (Parent: 37/50 -> Mutant: 42/50)
226,龍悪_ギラダク_グッズ偏重_V3,0.5684,unchanged
226,闘_ガブルカ_究極_V6_アルティメット,0.4164,Out: ラッキーミトン / In: ヨーギラス (Parent: 13/50 -> Mutant: 15/50)
226,炎_リザードンX_安定_V1,0.6140,unchanged
226,炎_リザードンX_グッズ偏重_V3,0.5845,unchanged
227,炎_リザードンX_グッズ偏重_V3,0.5850,unchanged
227,闘_ガブルカ_安定_V1,0.5327,unchanged
227,超_ミュウツー_究極_V6_アルティメット,0.5425,Out: マーズ / In: ガラルサニーゴ (Parent: 31/50 -> Mutant: 34/50)
227,超_ゲンガー_安定_V1,0.3524,unchanged
227,鋼_メルルギア_究極_V6_アルティメット,0.5987,unchanged
227,草_フシギバナ_安定_V1,0.5658,Out: メガフシギバナex / In: ウツボット (Parent: 30/50 -> Mutant: 33/50)
227,龍悪_ギラダク_究極_V6_アルティメット,0.6419,unchanged
227,超_ミュウツー_グッズ偏重_V3,0.2642,unchanged
227,水_スターミー_安定_V1,0.2819,Out: 幻の石板 / In: マーマネ (Parent: 15/50 -> Mutant: 22/50)
227,超_ゲンガー_グッズ偏重_V3,0.2112,unchanged
227,水_スターミー_グッズ偏重_V3,0.4442,unchanged
227,雷_ピカチュウ_究極_V6_アルティメット,0.5711,unchanged
227,龍悪_ギラダク_安定_V1,0.5593,unchanged
227,草_フシギバナ_グッズ偏重_V3,0.7309,unchanged
227,龍悪_ギラダク_グッズ偏重_V3,0.5685,unchanged
227,闘_ガブルカ_グッズ偏重_V3,0.3339,unchanged
227,炎_リザードンX_究極_V6_アルティメット,0.3947,unchanged
227,鋼_メルルギア_グッズ偏重_V3,0.3378,unchanged
227,草_フシギバナ_究極_V6_アルティメット,0.6052,unchanged
227,鋼_メルルギア_安定_V1,0.4073,Out: プリン / In: マオ (Parent: 31/50 -> Mutant: 38/50)
227,超_ミュウツー_安定_V1,0.4977,unchanged
227,雷_ピカチュウ_安定_V1,0.6495,unchanged
227,水_スターミー_究極_V6_アルティメット,0.6092,unchanged
227,炎_リザードンX_安定_V1,0.6130,unchanged
227,闘_ガブルカ_究極_V6_アルティメット,0.4153,Out: ギンガ団のしたっぱ / In: ドンファン (Parent: 10/50 -> Mutant: 16/50)
227,雷_ピカチュウ_グッズ偏重_V3,0.4986,Out: カツラ / In: ハイキングコース (Parent: 31/50 -> Mutant: 33/50)
227,超_ゲンガー_究極_V6_アルティメット,0.6875,Out: キルリア / In: フラージェス (Parent: 37/50 -> Mutant: 44/50)
228,鋼_メルルギア_グッズ偏重_V3,0.3385,unchanged
228,草_フシギバナ_究極_V6_アルティメット,0.6061,unchanged
228,水_スターミー_グッズ偏重_V3,0.4448,unchanged
228,草_フシギバナ_安定_V1,0.5663,Out: こうらの化石 / In: セキ (Parent: 35/50 -> Mutant: 38/50)
228,超_ゲンガー_安定_V1,0.3538,unchanged
228,龍悪_ギラダク_安定_V1,0.5602,unchanged
228,炎_リザードンX_究極_V6_アルティメット,0.3958,unchanged
228,闘_ガブルカ_安定_V1,0.5328,unchanged
228,炎_リザードンX_グッズ偏重_V3,0.5849,Out: ウインディex / In: ヒノヤコマ (Parent: 33/50 -> Mutant: 36/50)
228,雷_ピカチュウ_安定_V1,0.6490,unchanged
228,龍悪_ギラダク_究極_V6_アルティメット,0.6426,unchanged
228,超_ミュウツー_安定_V1,0.4979,unchanged
228,水_スターミー_究極_V6_アルティメット,0.6096,Out: アローラキュウコンex / In: レッド (Parent: 40/50 -> Mutant: 44/50)
228,水_スターミー_安定_V1,0.2819,Out: メモリーライト / In: メノクラゲ (Parent: 16/50 -> Mutant: 19/50)
228,鋼_メルルギア_安定_V1,0.4078,unchanged
228,闘_ガブルカ_究極_V6_アルティメット,0.4145,unchanged
228,草_フシギバナ_グッズ偏重_V3,0.7309,unchanged
228,鋼_メルルギア_究極_V6_アルティメット,0.5985,unchanged
228,雷_ピカチュウ_グッズ偏重_V3,0.4978,unchanged
228,超_ゲンガー_グッズ偏重_V3,0.2114,unchanged
228,龍悪_ギラダク_グッズ偏重_V3,0.5683,unchanged
228,雷_ピカチュウ_究極_V6_アルティメット,0.5700,unchanged
228,超_ゲンガー_究極_V6_アルティメット,0.6865,unchanged
228,超_ミュウツー_グッズ偏重_V3,0.2634,Out: ビーストウォール / In: ゲンガー (Parent: 18/50 -> Mutant: 21/50)
228,炎_リザードンX_安定_V1,0.6121,unchanged
228,闘_ガブルカ_グッズ偏重_V3,0.3335,unchanged
228,超_ミュウツー_究極_V6_アルティメット,0.5409,unchanged
229,炎_リザードンX_安定_V1,0.6122,unchanged
229,鋼_メルルギア_グッズ偏重_V3,0.3391,Out: ヌイコグマ / In: ミミロル (Parent: 28/50 -> Mutant: 32/50)
229,超_ゲンガー_安定_V1,0.3553,unchanged
229,水_スターミー_安定_V1,0.2822,Out: ケイコウオ / In: アイリス (Parent: 23/50 -> Mutant: 25/50)
229,炎_リザードンX_グッズ偏重_V3,0.5852,unchanged
229,雷_ピカチュウ_究極_V6_アルティメット,0.5701,Out: ゼブライカ / In: マルマイン (Parent: 23/50 -> Mutant: 33/50)
229,超_ミュウツー_グッズ偏重_V3,0.2633,unchanged
229,超_ミュウツー_究極_V6_アルティメット,0.5404,unchanged
229,雷_ピカチュウ_安定_V1,0.6484,unchanged
229,龍悪_ギラダク_究極_V6_アルティメット,0.6434,Out: ラッキーミトン / In: マオ (Parent: 40/50 -> Mutant: 47/50)
229,超_ゲンガー_グッズ偏重_V3,0.2122,Out: ネイティ / In: バネブー (Parent: 23/50 -> Mutant: 30/50)
229,闘_ガブルカ_安定_V1,0.5327,unchanged
229,超_ゲンガー_究極_V6_アルティメット,0.6862,Out: キルリア / In: エーフィ (Parent: 40/50 -> Mutant: 45/50)
229,闘_ガブルカ_グッズ偏重_V3,0.3337,Out: ワンリキー / In: メレシー (Parent: 21/50 -> Mutant: 26/50)
229,龍悪_ギラダク_グッズ偏重_V3,0.5685,unchanged
229,闘_ガブルカ_究極_V6_アルティメット,0.4137,Out: マーマネ / In: マーズ (Parent: 14/50 -> Mutant: 21/50)
229,草_フシギバナ_安定_V1,0.5660,unchanged
229,龍悪_ギラダク_安定_V1,0.5605,unchanged
229,水_スターミー_究極_V6_アルティメット,0.6099,Out: ウォーターボート / In: ラプラスex (Parent: 40/50 -> Mutant: 43/50)
229,草_フシギバナ_究極_V6_アルティメット,0.6057,unchanged
229,水_スターミー_グッズ偏重_V3,0.4448,unchanged
229,草_フシギバナ_グッズ偏重_V3,0.7304,unchanged
229,雷_ピカチュウ_グッズ偏重_V3,0.4965,unchanged
229,超_ミュウツー_安定_V1,0.4975,unchanged
229,鋼_メルルギア_究極_V6_アルティメット,0.5980,unchanged
229,鋼_メルルギア_安定_V1,0.4080,Out: バクオング / In: ブロロン (Parent: 23/50 -> Mutant: 27/50)
229,炎_リザードンX_究極_V6_アルティメット,0.3960,unchanged
230,雷_ピカチュウ_安定_V1,0.6482,unchanged
230,超_ゲンガー_究極_V6_アルティメット,0.6865,unchanged
230,超_ゲンガー_グッズ偏重_V3,0.2133,Out: ランプラー / In: エリカ (Parent: 15/50 -> Mutant: 19/50)
230,超_ミュウツー_安定_V1,0.4982,unchanged
230,超_ゲンガー_安定_V1,0.3566,unchanged
230,超_ミュウツー_究極_V6_アルティメット,0.5401,Out: メタルコアバリア / In: 当たりつきアイス (Parent: 24/50 -> Mutant: 27/50)
230,草_フシギバナ_究極_V6_アルティメット,0.6064,unchanged
230,炎_リザードンX_究極_V6_アルティメット,0.3970,unchanged
230,水_スターミー_究極_V6_アルティメット,0.6104,unchanged
230,炎_リザードンX_グッズ偏重_V3,0.5853,unchanged
230,闘_ガブルカ_安定_V1,0.5327,unchanged
230,鋼_メルルギア_グッズ偏重_V3,0.3394,unchanged
230,鋼_メルルギア_究極_V6_アルティメット,0.5980,unchanged
230,闘_ガブルカ_グッズ偏重_V3,0.3336,unchanged
230,闘_ガブルカ_究極_V6_アルティメット,0.4127,unchanged
230,水_スターミー_グッズ偏重_V3,0.4450,unchanged
230,龍悪_ギラダク_グッズ偏重_V3,0.5686,unchanged
230,龍悪_ギラダク_究極_V6_アルティメット,0.6435,unchanged
230,雷_ピカチュウ_グッズ偏重_V3,0.4956,Out: エレキコード / In: ふしぎな広場 (Parent: 28/50 -> Mutant: 31/50)
230,龍悪_ギラダク_安定_V1,0.5605,Out: 博士の研究 / In: モノマネむすめ (Parent: 41/50 -> Mutant: 46/50)
230,超_ミュウツー_グッズ偏重_V3,0.2628,Out: ネイティオ / In: フレフワン (Parent: 10/50 -> Mutant: 18/50)
230,雷_ピカチュウ_究極_V6_アルティメット,0.5692,unchanged
230,炎_リザードンX_安定_V1,0.6113,unchanged
230,鋼_メルルギア_安定_V1,0.4082,unchanged
230,草_フシギバナ_安定_V1,0.5654,Out: ビーストウォール / In: ナッシーex (Parent: 30/50 -> Mutant: 33/50)
230,水_スターミー_安定_V1,0.2816,Out: マーマネ / In: ポッタイシ (Parent: 19/50 -> Mutant: 21/50)
230,草_フシギバナ_グッズ偏重_V3,0.7299,unchanged
231,鋼_メルルギア_安定_V1,0.4091,unchanged
231,龍悪_ギラダク_グッズ偏重_V3,0.5694,unchanged
231,超_ミュウツー_安定_V1,0.4988,Out: ソーナンス / In: オーロット (Parent: 27/50 -> Mutant: 32/50)
231,草_フシギバナ_究極_V6_アルティメット,0.6072,unchanged
231,龍悪_ギラダク_究極_V6_アルティメット,0.6444,unchanged
231,闘_ガブルカ_安定_V1,0.5331,Out: カバルドン / In: ルガルガン (Parent: 33/50 -> Mutant: 35/50)
231,龍悪_ギラダク_安定_V1,0.5611,unchanged
231,超_ミュウツー_究極_V6_アルティメット,0.5398,Out: ボタン / In: ゲンガー (Parent: 28/50 -> Mutant: 33/50)
231,鋼_メルルギア_究極_V6_アルティメット,0.5981,unchanged
231,炎_リザードンX_安定_V1,0.6110,unchanged
231,超_ゲンガー_究極_V6_アルティメット,0.6861,unchanged
231,草_フシギバナ_グッズ偏重_V3,0.7298,unchanged
231,闘_ガブルカ_グッズ偏重_V3,0.3337,unchanged
231,超_ミュウツー_グッズ偏重_V3,0.2624,unchanged
231,水_スターミー_グッズ偏重_V3,0.4452,unchanged
231,超_ゲンガー_グッズ偏重_V3,0.2137,unchanged
231,鋼_メルルギア_グッズ偏重_V3,0.3395,Out: ハーデリア / In: ププリン (Parent: 26/50 -> Mutant: 31/50)
231,超_ゲンガー_安定_V1,0.3572,unchanged
231,雷_ピカチュウ_安定_V1,0.6472,unchanged
231,雷_ピカチュウ_究極_V6_アルティメット,0.5685,unchanged
231,水_スターミー_究極_V6_アルティメット,0.6105,Out: おおきいマラサダ / In: オリジンパルキア (Parent: 43/50 -> Mutant: 45/50)
231,闘_ガブルカ_究極_V6_アルティメット,0.4117,unchanged
231,炎_リザードンX_究極_V6_アルティメット,0.3974,Out: シズイ / In: バシャーモ (Parent: 28/50 -> Mutant: 34/50)
231,雷_ピカチュウ_グッズ偏重_V3,0.4942,Out: やまおとこ / In: パチリスex (Parent: 21/50 -> Mutant: 31/50)
231,炎_リザードンX_グッズ偏重_V3,0.5847,unchanged
231,草_フシギバナ_安定_V1,0.5647,unchanged
231,水_スターミー_安定_V1,0.2811,Out: ケロマツ / In: アローラキュウコン (Parent: 21/50 -> Mutant: 27/50)
232,草_フシギバナ_グッズ偏重_V3,0.7304,Out: アマージョ / In: カイロス (Parent: 40/50 -> Mutant: 42/50)
232,超_ミュウツー_究極_V6_アルティメット,0.5396,Out: ガラルサニーゴ / In: はじまりの平原 (Parent: 21/50 -> Mutant: 31/50)
232,闘_ガブルカ_究極_V6_アルティメット,0.4114,Out: ドロバンコ / In: ケケンカニ (Parent: 14/50 -> Mutant: 21/50)
232,水_スターミー_グッズ偏重_V3,0.4460,Out: かけだし調査員 / In: ママンボウ (Parent: 32/50 -> Mutant: 35/50)
232,鋼_メルルギア_グッズ偏重_V3,0.3399,unchanged
232,超_ミュウツー_安定_V1,0.4993,Out: ラルトス / In: コトネ (Parent: 27/50 -> Mutant: 33/50)
232,超_ゲンガー_安定_V1,0.3583,unchanged
232,鋼_メルルギア_究極_V6_アルティメット,0.5985,Out: コトネ / In: トリデプス (Parent: 36/50 -> Mutant: 40/50)
232,超_ゲンガー_グッズ偏重_V3,0.2146,Out: フーディン / In: ポケモン図鑑 (Parent: 17/50 -> Mutant: 26/50)
232,水_スターミー_究極_V6_アルティメット,0.6110,unchanged
232,炎_リザードンX_グッズ偏重_V3,0.5848,unchanged
232,炎_リザードンX_安定_V1,0.6105,Out: リザードン / In: カルネ (Parent: 33/50 -> Mutant: 39/50)
232,龍悪_ギラダク_究極_V6_アルティメット,0.6449,Out: アーゴヨン / In: カスミ (Parent: 39/50 -> Mutant: 43/50)
232,龍悪_ギラダク_安定_V1,0.5617,unchanged
232,草_フシギバナ_究極_V6_アルティメット,0.6071,unchanged
232,雷_ピカチュウ_安定_V1,0.6463,Out: スター団のしたっぱ / In: アイリス (Parent: 24/50 -> Mutant: 28/50)
232,炎_リザードンX_究極_V6_アルティメット,0.3980,unchanged
232,闘_ガブルカ_安定_V1,0.5328,unchanged
232,草_フシギバナ_安定_V1,0.5642,unchanged
232,水_スターミー_安定_V1,0.2810,unchanged
232,雷_ピカチュウ_究極_V6_アルティメット,0.5678,unchanged
232,雷_ピカチュウ_グッズ偏重_V3,0.4937,unchanged
232,超_ミュウツー_グッズ偏重_V3,0.2618,Out: キルリア / In: ムンナ (Parent: 10/50 -> Mutant: 17/50)
232,鋼_メルルギア_安定_V1,0.4091,Out: かいの化石 / In: イーブイ (Parent: 33/50 -> Mutant: 38/50)
232,超_ゲンガー_究極_V6_アルティメット,0.6852,unchanged
232,闘_ガブルカ_グッズ偏重_V3,0.3333,Out: ミノマダム / In: サンドパン (Parent: 18/50 -> Mutant: 24/50)
232,龍悪_ギラダク_グッズ偏重_V3,0.5688,unchanged
233,雷_ピカチュウ_究極_V6_アルティメット,0.5681,Out: サンダース / In: メンテナンス (Parent: 31/50 -> Mutant: 35/50)
233,水_スターミー_究極_V6_アルティメット,0.6116,unchanged
233,超_ミュウツー_安定_V1,0.5003,unchanged
233,草_フシギバナ_安定_V1,0.5645,unchanged
233,超_ゲンガー_安定_V1,0.3595,unchanged
233,超_ゲンガー_グッズ偏重_V3,0.2156,unchanged
233,闘_ガブルカ_グッズ偏重_V3,0.3337,Out: コジョフー / In: トロッゴン (Parent: 20/50 -> Mutant: 32/50)
233,雷_ピカチュウ_安定_V1,0.6461,Out: スピーダー / In: そうじゅくエキス (Parent: 27/50 -> Mutant: 31/50)
233,超_ミュウツー_究極_V6_アルティメット,0.5397,unchanged
233,超_ゲンガー_究極_V6_アルティメット,0.6849,unchanged
233,炎_リザードンX_グッズ偏重_V3,0.5848,unchanged
233,草_フシギバナ_究極_V6_アルティメット,0.6074,unchanged
233,龍悪_ギラダク_究極_V6_アルティメット,0.6454,Out: メガラティオスex / In: たべのこし (Parent: 39/50 -> Mutant: 41/50)
233,龍悪_ギラダク_グッズ偏重_V3,0.5689,unchanged
233,鋼_メルルギア_究極_V6_アルティメット,0.5983,unchanged
233,龍悪_ギラダク_安定_V1,0.5619,Out: レパルダス / In: ヌメルゴン (Parent: 34/50 -> Mutant: 39/50)
233,炎_リザードンX_安定_V1,0.6098,unchanged
233,闘_ガブルカ_安定_V1,0.5324,unchanged
233,鋼_メルルギア_グッズ偏重_V3,0.3396,unchanged
233,草_フシギバナ_グッズ偏重_V3,0.7296,unchanged
233,炎_リザードンX_究極_V6_アルティメット,0.3982,unchanged
233,超_ミュウツー_グッズ偏重_V3,0.2612,unchanged
233,雷_ピカチュウ_グッズ偏重_V3,0.4931,Out: カンナギタウンの長老 / In: ふたの化石 (Parent: 34/50 -> Mutant: 36/50)
233,鋼_メルルギア_安定_V1,0.4088,Out: デカヌチャン / In: イリマ (Parent: 22/50 -> Mutant: 29/50)
233,水_スターミー_安定_V1,0.2806,unchanged
233,闘_ガブルカ_究極_V6_アルティメット,0.4102,Out: エリカ / In: グラードン (Parent: 16/50 -> Mutant: 22/50)
233,水_スターミー_グッズ偏重_V3,0.4458,Out: ゴルダック / In: オーガポンいどのめん (Parent: 24/50 -> Mutant: 31/50)
234,超_ゲンガー_安定_V1,0.3609,Out: ムシャーナ / In: ユニラン (Parent: 31/50 -> Mutant: 35/50)
234,草_フシギバナ_グッズ偏重_V3,0.7296,unchanged
234,闘_ガブルカ_安定_V1,0.5329,unchanged
234,超_ミュウツー_グッズ偏重_V3,0.2612,unchanged
234,水_スターミー_グッズ偏重_V3,0.4463,Out: ゼニガメ / In: カマスジョー (Parent: 29/50 -> Mutant: 36/50)
234,超_ミュウツー_安定_V1,0.5010,Out: ムウマージ / In: スイレン (Parent: 33/50 -> Mutant: 38/50)
234,雷_ピカチュウ_安定_V1,0.6457,unchanged
234,鋼_メルルギア_安定_V1,0.4093,Out: ケンタロスex / In: モトトカゲ (Parent: 31/50 -> Mutant: 34/50)
234,闘_ガブルカ_究極_V6_アルティメット,0.4098,Out: チャーレム / In: パルデアケンタロス (Parent: 18/50 -> Mutant: 20/50)
234,水_スターミー_安定_V1,0.2808,unchanged
234,闘_ガブルカ_グッズ偏重_V3,0.3340,unchanged
234,鋼_メルルギア_グッズ偏重_V3,0.3397,Out: ミミロル / In: ハピナス (Parent: 23/50 -> Mutant: 27/50)
234,水_スターミー_究極_V6_アルティメット,0.6121,unchanged
234,草_フシギバナ_安定_V1,0.5646,unchanged
234,龍悪_ギラダク_安定_V1,0.5624,unchanged
234,炎_リザードンX_究極_V6_アルティメット,0.3989,Out: 幻の石板 / In: ふたの化石 (Parent: 29/50 -> Mutant: 35/50)
234,龍悪_ギラダク_グッズ偏重_V3,0.5689,unchanged
234,鋼_メルルギア_究極_V6_アルティメット,0.5983,unchanged
234,炎_リザードンX_安定_V1,0.6091,unchanged
234,龍悪_ギラダク_究極_V6_アルティメット,0.6454,unchanged
234,雷_ピカチュウ_究極_V6_アルティメット,0.5673,unchanged
234,雷_ピカチュウ_グッズ偏重_V3,0.4926,unchanged
234,超_ミュウツー_究極_V6_アルティメット,0.5388,unchanged
234,草_フシギバナ_究極_V6_アルティメット,0.6068,unchanged
234,炎_リザードンX_グッズ偏重_V3,0.5842,Out: エンニュート / In: エレメンタルつけかえ (Parent: 41/50 -> Mutant: 43/50)
234,超_ゲンガー_グッズ偏重_V3,0.2156,unchanged
234,超_ゲンガー_究極_V6_アルティメット,0.6838,unchanged
235,龍悪_ギラダク_安定_V1,0.5633,unchanged
235,超_ミュウツー_グッズ偏重_V3,0.2611,unchanged
235,超_ミュウツー_究極_V6_アルティメット,0.5393,unchanged
235,龍悪_ギラダク_究極_V6_アルティメット,0.6460,unchanged
235,草_フシギバナ_グッズ偏重_V3,0.7295,unchanged
235,水_スターミー_究極_V6_アルティメット,0.6126,unchanged
235,闘_ガブルカ_安定_V1,0.5331,Out: ネモ / In: むしよけスプレー (Parent: 33/50 -> Mutant: 36/50)
235,鋼_メルルギア_究極_V6_アルティメット,0.5986,unchanged
235,炎_リザードンX_安定_V1,0.6089,unchanged
235,雷_ピカチュウ_グッズ偏重_V3,0.4926,unchanged
235,草_フシギバナ_安定_V1,0.5647,Out: 旅の行商人 / In: ネモ (Parent: 26/50 -> Mutant: 35/50)
235,水_スターミー_グッズ偏重_V3,0.4466,unchanged
235,炎_リザードンX_グッズ偏重_V3,0.5841,unchanged
235,鋼_メルルギア_安定_V1,0.4093,unchanged
235,雷_ピカチュウ_安定_V1,0.6451,unchanged
235,超_ゲンガー_グッズ偏重_V3,0.2160,Out: トゲピー / In: シンボラー (Parent: 20/50 -> Mutant: 23/50)
235,草_フシギバナ_究極_V6_アルティメット,0.6068,unchanged
235,水_スターミー_安定_V1,0.2807,Out: マリルリ / In: ゲコガシラ (Parent: 20/50 -> Mutant: 27/50)
235,超_ゲンガー_安定_V1,0.3613,unchanged
235,超_ミュウツー_安定_V1,0.5013,unchanged
235,龍悪_ギラダク_グッズ偏重_V3,0.5686,unchanged
235,雷_ピカチュウ_究極_V6_アルティメット,0.5665,unchanged
235,超_ゲンガー_究極_V6_アルティメット,0.6828,unchanged
235,鋼_メルルギア_グッズ偏重_V3,0.3392,unchanged
235,闘_ガブルカ_究極_V6_アルティメット,0.4090,unchanged
235,炎_リザードンX_究極_V6_アルティメット,0.3991,Out: ニャヒート / In: アローラガラガラ (Parent: 35/50 -> Mutant: 37/50)
235,闘_ガブルカ_グッズ偏重_V3,0.3336,unchanged
236,超_ゲンガー_安定_V1,0.3625,Out: マチス / In: ハウ (Parent: 34/50 -> Mutant: 38/50)
236,炎_リザードンX_究極_V6_アルティメット,0.4003,unchanged
236,水_スターミー_グッズ偏重_V3,0.4473,unchanged
236,炎_リザードンX_グッズ偏重_V3,0.5845,Out: コトネ / In: シロナ (Parent: 39/50 -> Mutant: 46/50)
236,超_ミュウツー_究極_V6_アルティメット,0.5398,Out: ゲンガー / In: フワライド (Parent: 36/50 -> Mutant: 40/50)
236,雷_ピカチュウ_グッズ偏重_V3,0.4930,Out: ラムのみ / In: アセロラ (Parent: 31/50 -> Mutant: 33/50)
236,超_ミュウツー_安定_V1,0.5020,unchanged
236,超_ゲンガー_グッズ偏重_V3,0.2167,unchanged
236,雷_ピカチュウ_究極_V6_アルティメット,0.5662,unchanged
236,闘_ガブルカ_究極_V6_アルティメット,0.4086,unchanged
236,超_ミュウツー_グッズ偏重_V3,0.2610,unchanged
236,雷_ピカチュウ_安定_V1,0.6446,Out: ヘビーメット / In: ピチュー (Parent: 28/50 -> Mutant: 36/50)
236,草_フシギバナ_グッズ偏重_V3,0.7292,Out: アママイコ / In: ヒマナッツ (Parent: 37/50 -> Mutant: 41/50)
236,龍悪_ギラダク_安定_V1,0.5638,unchanged
236,鋼_メルルギア_グッズ偏重_V3,0.3394,unchanged
236,水_スターミー_安定_V1,0.2808,unchanged
236,水_スターミー_究極_V6_アルティメット,0.6129,unchanged
236,草_フシギバナ_安定_V1,0.5645,unchanged
236,龍悪_ギラダク_究極_V6_アルティメット,0.6458,unchanged
236,闘_ガブルカ_安定_V1,0.5325,unchanged
236,炎_リザードンX_安定_V1,0.6081,Out: ヒノヤコマ / In: ラウドボーン (Parent: 28/50 -> Mutant: 36/50)
236,鋼_メルルギア_究極_V6_アルティメット,0.5982,unchanged
236,草_フシギバナ_究極_V6_アルティメット,0.6062,Out: 博士の研究 / In: マーズ (Parent: 41/50 -> Mutant: 43/50)
236,超_ゲンガー_究極_V6_アルティメット,0.6821,unchanged
236,鋼_メルルギア_安定_V1,0.4088,unchanged
236,龍悪_ギラダク_グッズ偏重_V3,0.5680,Out: マタドガス / In: グリーン (Parent: 34/50 -> Mutant: 36/50)
236,闘_ガブルカ_グッズ偏重_V3,0.3331,Out: パルデアケンタロス / In: 当たりつきアイス (Parent: 21/50 -> Mutant: 23/50)
237,雷_ピカチュウ_安定_V1,0.6444,unchanged
237,炎_リザードンX_グッズ偏重_V3,0.5850,unchanged
237,龍悪_ギラダク_究極_V6_アルティメット,0.6465,unchanged
237,龍悪_ギラダク_グッズ偏重_V3,0.5687,unchanged
237,超_ミュウツー_究極_V6_アルティメット,0.5402,unchanged
237,雷_ピカチュウ_グッズ偏重_V3,0.4934,unchanged
237,草_フシギバナ_究極_V6_アルティメット,0.6067,Out: カツラ / In: 幻の石板 (Parent: 42/50 -> Mutant: 45/50)
237,龍悪_ギラダク_安定_V1,0.5644,unchanged
237,超_ゲンガー_安定_V1,0.3635,unchanged
237,水_スターミー_安定_V1,0.2809,unchanged
237,闘_ガブルカ_グッズ偏重_V3,0.3332,unchanged
237,炎_リザードンX_安定_V1,0.6076,unchanged
237,水_スターミー_究極_V6_アルティメット,0.6134,Out: カスミ / In: コイキング (Parent: 38/50 -> Mutant: 41/50)
237,水_スターミー_グッズ偏重_V3,0.4476,unchanged
237,闘_ガブルカ_安定_V1,0.5322,unchanged
237,超_ミュウツー_安定_V1,0.5023,unchanged
237,雷_ピカチュウ_究極_V6_アルティメット,0.5655,unchanged
237,鋼_メルルギア_グッズ偏重_V3,0.3394,unchanged
237,炎_リザードンX_究極_V6_アルティメット,0.4008,unchanged
237,超_ゲンガー_究極_V6_アルティメット,0.6814,unchanged
237,超_ミュウツー_グッズ偏重_V3,0.2605,unchanged
237,草_フシギバナ_グッズ偏重_V3,0.7283,unchanged
237,草_フシギバナ_安定_V1,0.5639,unchanged
237,闘_ガブルカ_究極_V6_アルティメット,0.4076,Out: イワンコ / In: イシズマイ (Parent: 17/50 -> Mutant: 22/50)
237,鋼_メルルギア_安定_V1,0.4085,Out: オオタチ / In: ロトム図鑑 (Parent: 23/50 -> Mutant: 28/50)
237,鋼_メルルギア_究極_V6_アルティメット,0.5977,unchanged
237,超_ゲンガー_グッズ偏重_V3,0.2166,Out: ゴビット / In: コスモウム (Parent: 23/50 -> Mutant: 26/50)
238,闘_ガブルカ_グッズ偏重_V3,0.3340,unchanged
238,龍悪_ギラダク_安定_V1,0.5654,unchanged
238,草_フシギバナ_究極_V6_アルティメット,0.6075,unchanged
238,鋼_メルルギア_究極_V6_アルティメット,0.5981,unchanged
238,雷_ピカチュウ_グッズ偏重_V3,0.4937,unchanged
238,水_スターミー_安定_V1,0.2813,unchanged
238,超_ゲンガー_安定_V1,0.3644,Out: ギラティナ / In: グズマ (Parent: 32/50 -> Mutant: 37/50)
238,水_スターミー_究極_V6_アルティメット,0.6135,unchanged
238,鋼_メルルギア_グッズ偏重_V3,0.3397,Out: アローラダグトリオex / In: ベロリンガ (Parent: 19/50 -> Mutant: 22/50)
238,草_フシギバナ_安定_V1,0.5641,Out: ナッシーex / In: レディバ (Parent: 25/50 -> Mutant: 34/50)
238,超_ゲンガー_究極_V6_アルティメット,0.6812,unchanged
238,鋼_メルルギア_安定_V1,0.4087,unchanged
238,龍悪_ギラダク_グッズ偏重_V3,0.5689,unchanged
238,超_ゲンガー_グッズ偏重_V3,0.2171,Out: ヤミラミ / In: ヤドキング (Parent: 23/50 -> Mutant: 28/50)
238,闘_ガブルカ_安定_V1,0.5320,unchanged
238,雷_ピカチュウ_安定_V1,0.6434,unchanged
238,超_ミュウツー_究極_V6_アルティメット,0.5397,Out: ミミッキュex / In: ココロモリ (Parent: 36/50 -> Mutant: 38/50)
238,炎_リザードンX_究極_V6_アルティメット,0.4013,Out: ブーバー / In: こうらの化石 (Parent: 37/50 -> Mutant: 41/50)
238,超_ミュウツー_安定_V1,0.5027,Out: オーロット / In: ミカン (Parent: 35/50 -> Mutant: 38/50)
238,草_フシギバナ_グッズ偏重_V3,0.7276,Out: コクーン / In: はねの化石 (Parent: 27/50 -> Mutant: 37/50)
238,水_スターミー_グッズ偏重_V3,0.4476,unchanged
238,炎_リザードンX_グッズ偏重_V3,0.5844,Out: セレナ / In: ラムのみ (Parent: 29/50 -> Mutant: 36/50)
238,超_ミュウツー_グッズ偏重_V3,0.2600,Out: バリヤード / In: ミュウ (Parent: 8/50 -> Mutant: 17/50)
238,炎_リザードンX_安定_V1,0.6068,Out: カツラ / In: ふたの化石 (Parent: 30/50 -> Mutant: 39/50)
238,雷_ピカチュウ_究極_V6_アルティメット,0.5645,Out: ジャグラー / In: メンテナンス (Parent: 33/50 -> Mutant: 36/50)
238,龍悪_ギラダク_究極_V6_アルティメット,0.6460,unchanged
238,闘_ガブルカ_究極_V6_アルティメット,0.4066,unchanged
239,超_ゲンガー_究極_V6_アルティメット,0.6816,unchanged
239,水_スターミー_究極_V6_アルティメット,0.6140,unchanged
239,草_フシギバナ_究極_V6_アルティメット,0.6084,unchanged
239,超_ミュウツー_安定_V1,0.5035,Out: ミミッキュex / In: メモリーライト (Parent: 34/50 -> Mutant: 38/50)
239,超_ミュウツー_グッズ偏重_V3,0.2601,Out: アブリボン / In: カツラ (Parent: 13/50 -> Mutant: 19/50)
239,闘_ガブルカ_安定_V1,0.5324,Out: ヘビーメット / In: マチス (Parent: 35/50 -> Mutant: 38/50)
239,炎_リザードンX_グッズ偏重_V3,0.5846,unchanged
239,鋼_メルルギア_安定_V1,0.4088,unchanged
239,炎_リザードンX_安定_V1,0.6066,Out: ウォーターボート / In: ヒトカゲ (Parent: 33/50 -> Mutant: 35/50)
239,水_スターミー_グッズ偏重_V3,0.4479,unchanged
239,炎_リザードンX_究極_V6_アルティメット,0.4023,unchanged
239,草_フシギバナ_安定_V1,0.5639,unchanged
239,雷_ピカチュウ_グッズ偏重_V3,0.4938,unchanged
239,超_ミュウツー_究極_V6_アルティメット,0.5393,unchanged
239,龍悪_ギラダク_グッズ偏重_V3,0.5689,Out: オノンド / In: メンテナンス (Parent: 42/50 -> Mutant: 46/50)
239,超_ゲンガー_グッズ偏重_V3,0.2176,unchanged
239,龍悪_ギラダク_安定_V1,0.5657,unchanged
239,水_スターミー_安定_V1,0.2812,unchanged
239,草_フシギバナ_グッズ偏重_V3,0.7268,unchanged
239,超_ゲンガー_安定_V1,0.3650,Out: グズマ / In: ジュン (Parent: 30/50 -> Mutant: 41/50)
239,闘_ガブルカ_究極_V6_アルティメット,0.4059,Out: イシズマイ / In: オコリザル (Parent: 15/50 -> Mutant: 25/50)
239,龍悪_ギラダク_究極_V6_アルティメット,0.6455,Out: メモリーライト / In: おおきいマラサダ (Parent: 39/50 -> Mutant: 43/50)
239,闘_ガブルカ_グッズ偏重_V3,0.3337,unchanged
239,鋼_メルルギア_グッズ偏重_V3,0.3393,Out: カビゴンex / In: デカグース (Parent: 24/50 -> Mutant: 27/50)
239,鋼_メルルギア_究極_V6_アルティメット,0.5978,unchanged
239,雷_ピカチュウ_安定_V1,0.6418,Out: エレザード / In: ヒットハンマー (Parent: 23/50 -> Mutant: 32/50)
239,雷_ピカチュウ_究極_V6_アルティメット,0.5635,unchanged
240,超_ゲンガー_グッズ偏重_V3,0.2189,unchanged
240,超_ゲンガー_究極_V6_アルティメット,0.6819,unchanged
240,鋼_メルルギア_究極_V6_アルティメット,0.5984,unchanged
240,炎_リザードンX_安定_V1,0.6062,Out: 大きなふうせん / In: まもりのポンチョ (Parent: 28/50 -> Mutant: 30/50)
240,水_スターミー_安定_V1,0.2819,Out: スターミーex / In: ナマコブシ (Parent: 20/50 -> Mutant: 22/50)
240,炎_リザードンX_究極_V6_アルティメット,0.4037,unchanged
240,草_フシギバナ_グッズ偏重_V3,0.7265,Out: はねの化石 / In: ダークペンダント (Parent: 38/50 -> Mutant: 40/50)
240,草_フシギバナ_究極_V6_アルティメット,0.6090,unchanged
240,雷_ピカチュウ_安定_V1,0.6412,Out: かけだし調査員 / In: ライボルト (Parent: 28/50 -> Mutant: 32/50)
240,超_ミュウツー_安定_V1,0.5039,unchanged
240,龍悪_ギラダク_究極_V6_アルティメット,0.6459,Out: ダストダス / In: アローラベトベトンex (Parent: 42/50 -> Mutant: 47/50)
240,鋼_メルルギア_安定_V1,0.4089,unchanged
240,鋼_メルルギア_グッズ偏重_V3,0.3393,unchanged
240,闘_ガブルカ_グッズ偏重_V3,0.3340,Out: トロッゴン / In: たての化石 (Parent: 21/50 -> Mutant: 25/50)
240,闘_ガブルカ_安定_V1,0.5323,unchanged
240,龍悪_ギラダク_安定_V1,0.5661,Out: アローラベトベトンex / In: オノンド (Parent: 39/50 -> Mutant: 43/50)
240,雷_ピカチュウ_究極_V6_アルティメット,0.5631,unchanged
240,龍悪_ギラダク_グッズ偏重_V3,0.5691,unchanged
240,超_ミュウツー_究極_V6_アルティメット,0.5383,Out: ミカン / In: ペロリーム (Parent: 30/50 -> Mutant: 33/50)
240,闘_ガブルカ_究極_V6_アルティメット,0.4053,Out: スイレン / In: マツバ (Parent: 23/50 -> Mutant: 28/50)
240,炎_リザードンX_グッズ偏重_V3,0.5842,Out: きずぐすり / In: メガリザードンYex (Parent: 35/50 -> Mutant: 41/50)
240,雷_ピカチュウ_グッズ偏重_V3,0.4933,unchanged
240,水_スターミー_究極_V6_アルティメット,0.6135,unchanged
240,超_ミュウツー_グッズ偏重_V3,0.2595,unchanged
240,超_ゲンガー_安定_V1,0.3651,unchanged
240,水_スターミー_グッズ偏重_V3,0.4478,unchanged
240,草_フシギバナ_安定_V1,0.5629,unchanged
241,超_ミュウツー_究極_V6_アルティメット,0.5387,Out: オボンのみ / In: シトロンのリュック (Parent: 31/50 -> Mutant: 33/50)
241,超_ゲンガー_究極_V6_アルティメット,0.6822,unchanged
241,鋼_メルルギア_安定_V1,0.4093,unchanged
241,草_フシギバナ_グッズ偏重_V3,0.7261,unchanged
241,龍悪_ギラダク_安定_V1,0.5669,unchanged
241,闘_ガブルカ_グッズ偏重_V3,0.3344,Out: マッシブーンex / In: サイドン (Parent: 22/50 -> Mutant: 27/50)
241,超_ゲンガー_グッズ偏重_V3,0.2198,unchanged
241,草_フシギバナ_安定_V1,0.5631,unchanged
241,超_ミュウツー_安定_V1,0.5044,unchanged
241,超_ミュウツー_グッズ偏重_V3,0.2592,unchanged
241,炎_リザードンX_安定_V1,0.6057,unchanged
241,炎_リザードンX_究極_V6_アルティメット,0.4047,Out: こうらの化石 / In: ファイアロー (Parent: 35/50 -> Mutant: 41/50)
241,雷_ピカチュウ_安定_V1,0.6404,unchanged
241,鋼_メルルギア_グッズ偏重_V3,0.3392,Out: ベロリンガ / In: エレキコード (Parent: 24/50 -> Mutant: 26/50)
241,闘_ガブルカ_安定_V1,0.5321,Out: メレシー / In: ポケモンセンターのお姉さん (Parent: 31/50 -> Mutant: 37/50)
241,雷_ピカチュウ_グッズ偏重_V3,0.4933,Out: ゴツゴツメット / In: ずがいの化石 (Parent: 27/50 -> Mutant: 35/50)
241,水_スターミー_究極_V6_アルティメット,0.6133,unchanged
241,闘_ガブルカ_究極_V6_アルティメット,0.4048,unchanged
241,草_フシギバナ_究極_V6_アルティメット,0.6088,unchanged
241,鋼_メルルギア_究極_V6_アルティメット,0.5982,unchanged
241,炎_リザードンX_グッズ偏重_V3,0.5848,Out: ラムのみ / In: やまおとこ (Parent: 37/50 -> Mutant: 43/50)
241,龍悪_ギラダク_究極_V6_アルティメット,0.6455,unchanged
241,超_ゲンガー_安定_V1,0.3653,unchanged
241,水_スターミー_安定_V1,0.2815,unchanged
241,雷_ピカチュウ_究極_V6_アルティメット,0.5622,unchanged
241,龍悪_ギラダク_グッズ偏重_V3,0.5686,unchanged
241,水_スターミー_グッズ偏重_V3,0.4475,unchanged
242,闘_ガブルカ_究極_V6_アルティメット,0.4048,unchanged
242,水_スターミー_安定_V1,0.2821,Out: ポッタイシ / In: メガカメックスex (Parent: 21/50 -> Mutant: 25/50)
242,炎_リザードンX_グッズ偏重_V3,0.5859,Out: きずぐすり / In: むしよけスプレー (Parent: 40/50 -> Mutant: 42/50)
242,鋼_メルルギア_グッズ偏重_V3,0.3394,Out: ハピナス / In: ブロロローム (Parent: 14/50 -> Mutant: 18/50)
242,雷_ピカチュウ_究極_V6_アルティメット,0.5623,unchanged
242,炎_リザードンX_究極_V6_アルティメット,0.4061,Out: おさかなネット / In: パルデアケンタロス (Parent: 35/50 -> Mutant: 39/50)
242,龍悪_ギラダク_グッズ偏重_V3,0.5691,unchanged
242,龍悪_ギラダク_安定_V1,0.5677,unchanged
242,炎_リザードンX_安定_V1,0.6052,unchanged
242,超_ゲンガー_グッズ偏重_V3,0.2205,Out: ハラ / In: バウッツェル (Parent: 24/50 -> Mutant: 26/50)
242,龍悪_ギラダク_究極_V6_アルティメット,0.6460,unchanged
242,草_フシギバナ_グッズ偏重_V3,0.7257,unchanged
242,鋼_メルルギア_究極_V6_アルティメット,0.5983,Out: オボンのみ / In: エテボース (Parent: 34/50 -> Mutant: 39/50)
242,水_スターミー_グッズ偏重_V3,0.4479,unchanged
242,超_ミュウツー_グッズ偏重_V3,0.2590,unchanged
242,超_ミュウツー_安定_V1,0.5047,unchanged
242,雷_ピカチュウ_安定_V1,0.6394,unchanged
242,鋼_メルルギア_安定_V1,0.4093,unchanged
242,草_フシギバナ_究極_V6_アルティメット,0.6086,unchanged
242,超_ゲンガー_究極_V6_アルティメット,0.6814,unchanged
242,超_ミュウツー_究極_V6_アルティメット,0.5374,Out: かけだし調査員 / In: メガチルタリスex (Parent: 33/50 -> Mutant: 37/50)
242,闘_ガブルカ_グッズ偏重_V3,0.3340,unchanged
242,闘_ガブルカ_安定_V1,0.5324,unchanged
242,雷_ピカチュウ_グッズ偏重_V3,0.4926,unchanged
242,超_ゲンガー_安定_V1,0.3653,unchanged
242,水_スターミー_究極_V6_アルティメット,0.6127,Out: レッドカード / In: フィオネ (Parent: 32/50 -> Mutant: 42/50)
242,草_フシギバナ_安定_V1,0.5623,unchanged
243,龍悪_ギラダク_グッズ偏重_V3,0.5698,unchanged
243,龍悪_ギラダク_究極_V6_アルティメット,0.6466,unchanged
243,雷_ピカチュウ_グッズ偏重_V3,0.4932,Out: ずがいの化石 / In: ハイキングコース (Parent: 31/50 -> Mutant: 33/50)
243,炎_リザードンX_安定_V1,0.6048,unchanged
243,炎_リザードンX_グッズ偏重_V3,0.5868,unchanged
243,超_ゲンガー_究極_V6_アルティメット,0.6814,unchanged
243,水_スターミー_究極_V6_アルティメット,0.6127,unchanged
243,龍悪_ギラダク_安定_V1,0.5684,Out: ダークライex / In: カイリュー (Parent: 40/50 -> Mutant: 42/50)
243,超_ゲンガー_安定_V1,0.3661,unchanged
243,闘_ガブルカ_グッズ偏重_V3,0.3340,unchanged
243,草_フシギバナ_グッズ偏重_V3,0.7251,unchanged
243,鋼_メルルギア_グッズ偏重_V3,0.3394,Out: カキ / In: ふたの化石 (Parent: 19/50 -> Mutant: 23/50)
243,超_ミュウツー_究極_V6_アルティメット,0.5378,unchanged
243,超_ゲンガー_グッズ偏重_V3,0.2210,Out: シンボラー / In: パピモッチ (Parent: 25/50 -> Mutant: 29/50)
243,超_ミュウツー_グッズ偏重_V3,0.2586,unchanged
243,闘_ガブルカ_究極_V6_アルティメット,0.4045,unchanged
243,鋼_メルルギア_究極_V6_アルティメット,0.5982,unchanged
243,雷_ピカチュウ_安定_V1,0.6383,unchanged
243,雷_ピカチュウ_究極_V6_アルティメット,0.5617,Out: デンヂムシ / In: レスキュースカーフ (Parent: 27/50 -> Mutant: 30/50)
243,鋼_メルルギア_安定_V1,0.4092,unchanged
243,水_スターミー_グッズ偏重_V3,0.4478,Out: ジャグラー / In: ルージュラ (Parent: 30/50 -> Mutant: 34/50)
243,草_フシギバナ_究極_V6_アルティメット,0.6080,unchanged
243,闘_ガブルカ_安定_V1,0.5324,unchanged
243,炎_リザードンX_究極_V6_アルティメット,0.4066,unchanged
243,水_スターミー_安定_V1,0.2821,Out: ハラ / In: ガラルバリコオル (Parent: 26/50 -> Mutant: 36/50)
243,超_ミュウツー_安定_V1,0.5042,unchanged
243,草_フシギバナ_安定_V1,0.5614,unchanged
244,闘_ガブルカ_究極_V6_アルティメット,0.4046,unchanged
244,超_ミュウツー_安定_V1,0.5049,unchanged
244,炎_リザードンX_グッズ偏重_V3,0.5878,unchanged
244,雷_ピカチュウ_究極_V6_アルティメット,0.5619,unchanged
244,鋼_メルルギア_グッズ偏重_V3,0.3396,Out: マチス / In: ドーミラー (Parent: 15/50 -> Mutant: 19/50)
244,草_フシギバナ_安定_V1,0.5615,Out: ポケモン図鑑 / In: アノクサ (Parent: 29/50 -> Mutant: 33/50)
244,水_スターミー_究極_V6_アルティメット,0.6127,unchanged
244,闘_ガブルカ_安定_V1,0.5331,unchanged
244,雷_ピカチュウ_グッズ偏重_V3,0.4933,unchanged
244,水_スターミー_安定_V1,0.2829,unchanged
244,超_ミュウツー_グッズ偏重_V3,0.2585,Out: ムンナ / In: フワライド (Parent: 10/50 -> Mutant: 18/50)
244,草_フシギバナ_究極_V6_アルティメット,0.6081,unchanged
244,鋼_メルルギア_安定_V1,0.4091,Out: ミルタンク / In: プテラ (Parent: 20/50 -> Mutant: 25/50)
244,炎_リザードンX_究極_V6_アルティメット,0.4075,unchanged
244,鋼_メルルギア_究極_V6_アルティメット,0.5981,Out: ペルシアン / In: アーマーガア (Parent: 27/50 -> Mutant: 31/50)
244,雷_ピカチュウ_安定_V1,0.6373,unchanged
244,水_スターミー_グッズ偏重_V3,0.4477,unchanged
244,超_ゲンガー_グッズ偏重_V3,0.2214,unchanged
244,超_ゲンガー_究極_V6_アルティメット,0.6808,unchanged
244,闘_ガブルカ_グッズ偏重_V3,0.3336,unchanged
244,超_ミュウツー_究極_V6_アルティメット,0.5379,unchanged
244,龍悪_ギラダク_究極_V6_アルティメット,0.6464,unchanged
244,超_ゲンガー_安定_V1,0.3662,unchanged
244,炎_リザードンX_安定_V1,0.6037,unchanged
244,龍悪_ギラダク_安定_V1,0.5681,unchanged
244,草_フシギバナ_グッズ偏重_V3,0.7239,unchanged
244,龍悪_ギラダク_グッズ偏重_V3,0.5693,unchanged
245,超_ゲンガー_安定_V1,0.3673,Out: 大きなふうせん / In: グズマ (Parent: 30/50 -> Mutant: 32/50)
245,炎_リザードンX_グッズ偏重_V3,0.5889,unchanged
245,水_スターミー_安定_V1,0.2838,Out: メノクラゲ / In: アマルス (Parent: 26/50 -> Mutant: 29/50)
245,龍悪_ギラダク_グッズ偏重_V3,0.5698,unchanged
245,鋼_メルルギア_究極_V6_アルティメット,0.5985,unchanged
245,龍悪_ギラダク_究極_V6_アルティメット,0.6468,unchanged
245,炎_リザードンX_安定_V1,0.6034,unchanged
245,超_ゲンガー_グッズ偏重_V3,0.2224,unchanged
245,闘_ガブルカ_安定_V1,0.5339,unchanged
245,水_スターミー_グッズ偏重_V3,0.4480,unchanged
245,超_ミュウツー_究極_V6_アルティメット,0.5386,Out: ポケモンセンターのお姉さん / In: ネイティオ (Parent: 42/50 -> Mutant: 45/50)
245,雷_ピカチュウ_安定_V1,0.6365,Out: エモンガ / In: パモット (Parent: 23/50 -> Mutant: 30/50)
245,草_フシギバナ_安定_V1,0.5612,Out: リーフ / In: ワナイダー (Parent: 23/50 -> Mutant: 33/50)
245,草_フシギバナ_究極_V6_アルティメット,0.6081,Out: ペパー / In: たべのこし (Parent: 40/50 -> Mutant: 44/50)
245,草_フシギバナ_グッズ偏重_V3,0.7232,Out: リーフィアex / In: フクスロー (Parent: 31/50 -> Mutant: 33/50)
245,超_ゲンガー_究極_V6_アルティメット,0.6802,unchanged
245,雷_ピカチュウ_究極_V6_アルティメット,0.5613,unchanged
245,雷_ピカチュウ_グッズ偏重_V3,0.4929,unchanged
245,鋼_メルルギア_グッズ偏重_V3,0.3391,unchanged
245,鋼_メルルギア_安定_V1,0.4088,Out: マオ / In: ツンデツンデ (Parent: 20/50 -> Mutant: 29/50)
245,闘_ガブルカ_グッズ偏重_V3,0.3332,unchanged
245,超_ミュウツー_グッズ偏重_V3,0.2579,unchanged
245,水_スターミー_究極_V6_アルティメット,0.6119,Out: ロケット団のしたっぱ / In: アマルス (Parent: 32/50 -> Mutant: 38/50)
245,闘_ガブルカ_究極_V6_アルティメット,0.4039,unchanged
245,炎_リザードンX_究極_V6_アルティメット,0.4080,unchanged
245,超_ミュウツー_安定_V1,0.5048,Out: マチス / In: キュワワー (Parent: 32/50 -> Mutant: 35/50)
245,龍悪_ギラダク_安定_V1,0.5677,unchanged
246,闘_ガブルカ_究極_V6_アルティメット,0.4038,Out: ダグトリオ / In: サワムラー (Parent: 18/50 -> Mutant: 22/50)
246,炎_リザードンX_グッズ偏重_V3,0.5899,unchanged
246,超_ゲンガー_安定_V1,0.3683,unchanged
246,雷_ピカチュウ_究極_V6_アルティメット,0.5615,Out: フレイムパッチ / In: アローラライチュウ (Parent: 30/50 -> Mutant: 33/50)
246,超_ミュウツー_グッズ偏重_V3,0.2581,Out: レッド / In: ルチア (Parent: 15/50 -> Mutant: 22/50)
246,闘_ガブルカ_グッズ偏重_V3,0.3333,unchanged
246,水_スターミー_グッズ偏重_V3,0.4484,unchanged
246,炎_リザードンX_究極_V6_アルティメット,0.4088,unchanged
246,鋼_メルルギア_グッズ偏重_V3,0.3391,unchanged
246,草_フシギバナ_グッズ偏重_V3,0.7228,unchanged
246,龍悪_ギラダク_安定_V1,0.5684,Out: オノンド / In: タギングル (Parent: 36/50 -> Mutant: 40/50)
246,水_スターミー_安定_V1,0.2845,unchanged
246,闘_ガブルカ_安定_V1,0.5343,unchanged
246,雷_ピカチュウ_安定_V1,0.6357,unchanged
246,超_ミュウツー_究極_V6_アルティメット,0.5390,unchanged
246,水_スターミー_究極_V6_アルティメット,0.6116,unchanged
246,鋼_メルルギア_安定_V1,0.4088,unchanged
246,龍悪_ギラダク_究極_V6_アルティメット,0.6467,unchanged
246,超_ミュウツー_安定_V1,0.5046,unchanged
246,超_ゲンガー_グッズ偏重_V3,0.2227,unchanged
246,草_フシギバナ_安定_V1,0.5605,unchanged
246,雷_ピカチュウ_グッズ偏重_V3,0.4924,unchanged
246,鋼_メルルギア_究極_V6_アルティメット,0.5982,unchanged
246,草_フシギバナ_究極_V6_アルティメット,0.6076,unchanged
246,超_ゲンガー_究極_V6_アルティメット,0.6795,unchanged
246,炎_リザードンX_安定_V1,0.6023,unchanged
246,龍悪_ギラダク_グッズ偏重_V3,0.5691,unchanged
247,鋼_メルルギア_安定_V1,0.4091,Out: アーマーガア / In: いたずらルーレット (Parent: 20/50 -> Mutant: 25/50)
247,水_スターミー_グッズ偏重_V3,0.4492,unchanged
247,闘_ガブルカ_究極_V6_アルティメット,0.4038,unchanged
247,闘_ガブルカ_安定_V1,0.5355,Out: シロデスナ / In: トロッゴン (Parent: 40/50 -> Mutant: 45/50)
247,炎_リザードンX_究極_V6_アルティメット,0.4100,unchanged
247,龍悪_ギラダク_グッズ偏重_V3,0.5697,unchanged
247,雷_ピカチュウ_グッズ偏重_V3,0.4925,unchanged
247,超_ミュウツー_究極_V6_アルティメット,0.5398,unchanged
247,水_スターミー_究極_V6_アルティメット,0.6116,unchanged
247,炎_リザードンX_グッズ偏重_V3,0.5907,unchanged
247,龍悪_ギラダク_究極_V6_アルティメット,0.6469,Out: オーロンゲ / In: ハクリュー (Parent: 36/50 -> Mutant: 44/50)
247,鋼_メルルギア_グッズ偏重_V3,0.3390,Out: チルット / In: キリキザン (Parent: 21/50 -> Mutant: 28/50)
247,超_ミュウツー_安定_V1,0.5044,unchanged
247,闘_ガブルカ_グッズ偏重_V3,0.3331,Out: マクノシタ / In: イリマ (Parent: 12/50 -> Mutant: 17/50)
247,草_フシギバナ_グッズ偏重_V3,0.7222,unchanged
247,炎_リザードンX_安定_V1,0.6015,unchanged
247,超_ゲンガー_グッズ偏重_V3,0.2231,unchanged
247,超_ゲンガー_究極_V6_アルティメット,0.6792,unchanged
247,龍悪_ギラダク_安定_V1,0.5684,unchanged
247,草_フシギバナ_安定_V1,0.5598,Out: セキ / In: ビークイン (Parent: 29/50 -> Mutant: 35/50)
247,草_フシギバナ_究極_V6_アルティメット,0.6071,unchanged
247,水_スターミー_安定_V1,0.2848,unchanged
247,雷_ピカチュウ_究極_V6_アルティメット,0.5609,unchanged
247,鋼_メルルギア_究極_V6_アルティメット,0.5977,unchanged
247,超_ゲンガー_安定_V1,0.3683,unchanged
247,超_ミュウツー_グッズ偏重_V3,0.2574,unchanged
247,雷_ピカチュウ_安定_V1,0.6343,Out: ピチュー / In: メリープ (Parent: 32/50 -> Mutant: 34/50)
248,水_スターミー_安定_V1,0.2859,Out: ナマコブシ / In: コイキング (Parent: 25/50 -> Mutant: 27/50)
248,超_ミュウツー_究極_V6_アルティメット,0.5406,unchanged
248,炎_リザードンX_安定_V1,0.6011,unchanged
248,超_ミュウツー_グッズ偏重_V3,0.2574,unchanged
248,鋼_メルルギア_究極_V6_アルティメット,0.5981,unchanged
248,水_スターミー_究極_V6_アルティメット,0.6116,unchanged
248,雷_ピカチュウ_究極_V6_アルティメット,0.5608,unchanged
248,超_ゲンガー_グッズ偏重_V3,0.2237,Out: レスキュースカーフ / In: カプテテフ (Parent: 21/50 -> Mutant: 24/50)
248,草_フシギバナ_安定_V1,0.5596,unchanged
248,炎_リザードンX_究極_V6_アルティメット,0.4109,Out: ファイヤーex / In: ブーバーン (Parent: 37/50 -> Mutant: 40/50)
248,水_スターミー_グッズ偏重_V3,0.4495,unchanged
248,鋼_メルルギア_安定_V1,0.4094,unchanged
248,炎_リザードンX_グッズ偏重_V3,0.5916,unchanged
248,超_ゲンガー_究極_V6_アルティメット,0.6790,unchanged
248,超_ゲンガー_安定_V1,0.3688,unchanged
248,闘_ガブルカ_グッズ偏重_V3,0.3328,Out: ふしぎな広場 / In: レッド (Parent: 17/50 -> Mutant: 24/50)
248,龍悪_ギラダク_究極_V6_アルティメット,0.6470,Out: おおきいマラサダ / In: カイリュー (Parent: 40/50 -> Mutant: 42/50)
248,草_フシギバナ_究極_V6_アルティメット,0.6070,unchanged
248,闘_ガブルカ_安定_V1,0.5357,unchanged
248,雷_ピカチュウ_グッズ偏重_V3,0.4922,Out: レントラー / In: ゼブライカ (Parent: 34/50 -> Mutant: 37/50)
248,超_ミュウツー_安定_V1,0.5041,unchanged
248,龍悪_ギラダク_グッズ偏重_V3,0.5695,unchanged
248,草_フシギバナ_グッズ偏重_V3,0.7213,unchanged
248,闘_ガブルカ_究極_V6_アルティメット,0.4031,unchanged
248,龍悪_ギラダク_安定_V1,0.5681,unchanged
248,雷_ピカチュウ_安定_V1,0.6332,Out: マルマイン / In: イリマ (Parent: 27/50 -> Mutant: 31/50)
248,鋼_メルルギア_グッズ偏重_V3,0.3382,unchanged
249,龍悪_ギラダク_安定_V1,0.5691,unchanged
249,雷_ピカチュウ_安定_V1,0.6332,unchanged
249,龍悪_ギラダク_究極_V6_アルティメット,0.6477,Out: ハウ / In: ドヒドイデ (Parent: 38/50 -> Mutant: 42/50)
249,闘_ガブルカ_究極_V6_アルティメット,0.4029,Out: ドンファン / In: テラキオン (Parent: 15/50 -> Mutant: 22/50)
249,超_ミュウツー_究極_V6_アルティメット,0.5412,unchanged
249,草_フシギバナ_グッズ偏重_V3,0.7210,Out: ヒマナッツ / In: ワタッコex (Parent: 33/50 -> Mutant: 36/50)
249,龍悪_ギラダク_グッズ偏重_V3,0.5699,Out: ラムのみ / In: ドクロッグ (Parent: 30/50 -> Mutant: 33/50)
249,鋼_メルルギア_究極_V6_アルティメット,0.5984,Out: ふしぎな広場 / In: イリマ (Parent: 32/50 -> Mutant: 35/50)
249,草_フシギバナ_安定_V1,0.5594,unchanged
249,超_ミュウツー_グッズ偏重_V3,0.2571,unchanged
249,炎_リザードンX_安定_V1,0.6007,unchanged
249,炎_リザードンX_グッズ偏重_V3,0.5922,unchanged
249,鋼_メルルギア_グッズ偏重_V3,0.3381,unchanged
249,鋼_メルルギア_安定_V1,0.4095,unchanged
249,闘_ガブルカ_グッズ偏重_V3,0.3327,Out: ダンゴロ / In: シトロンのリュック (Parent: 15/50 -> Mutant: 19/50)
249,水_スターミー_究極_V6_アルティメット,0.6111,unchanged
249,水_スターミー_グッズ偏重_V3,0.4496,unchanged
249,超_ゲンガー_グッズ偏重_V3,0.2243,unchanged
249,雷_ピカチュウ_究極_V6_アルティメット,0.5602,unchanged
249,雷_ピカチュウ_グッズ偏重_V3,0.4918,unchanged
249,超_ゲンガー_安定_V1,0.3690,Out: ヒラヒナ / In: コスモウム (Parent: 34/50 -> Mutant: 36/50)
249,超_ミュウツー_安定_V1,0.5038,unchanged
249,水_スターミー_安定_V1,0.2859,Out: コイキング / In: ミガルーサ (Parent: 29/50 -> Mutant: 34/50)
249,草_フシギバナ_究極_V6_アルティメット,0.6064,unchanged
249,超_ゲンガー_究極_V6_アルティメット,0.6781,Out: エーフィ / In: ふたの化石 (Parent: 38/50 -> Mutant: 41/50)
249,闘_ガブルカ_安定_V1,0.5356,unchanged
249,炎_リザードンX_究極_V6_アルティメット,0.4111,unchanged
250,炎_リザードンX_安定_V1,0.6004,unchanged
250,雷_ピカチュウ_安定_V1,0.6331,unchanged
250,鋼_メルルギア_究極_V6_アルティメット,0.5988,unchanged
250,鋼_メルルギア_安定_V1,0.4097,Out: リングマ / In: ビッパ (Parent: 21/50 -> Mutant: 25/50)
250,龍悪_ギラダク_グッズ偏重_V3,0.5706,unchanged
250,超_ミュウツー_グッズ偏重_V3,0.2571,unchanged
250,水_スターミー_安定_V1,0.2870,unchanged
250,草_フシギバナ_グッズ偏重_V3,0.7208,unchanged
250,雷_ピカチュウ_グッズ偏重_V3,0.4920,unchanged
250,鋼_メルルギア_グッズ偏重_V3,0.3383,unchanged
250,龍悪_ギラダク_安定_V1,0.5696,unchanged
250,草_フシギバナ_究極_V6_アルティメット,0.6066,unchanged
250,超_ゲンガー_安定_V1,0.3698,Out: バリヤード / In: イーブイのバッグ (Parent: 34/50 -> Mutant: 38/50)
250,草_フシギバナ_安定_V1,0.5589,unchanged
250,闘_ガブルカ_安定_V1,0.5360,unchanged
250,水_スターミー_究極_V6_アルティメット,0.6107,Out: パルキアex / In: カムカメ (Parent: 30/50 -> Mutant: 33/50)
250,超_ミュウツー_究極_V6_アルティメット,0.5413,unchanged
250,炎_リザードンX_グッズ偏重_V3,0.5925,Out: シロナ / In: ヒノヤコマ (Parent: 41/50 -> Mutant: 46/50)
250,水_スターミー_グッズ偏重_V3,0.4495,unchanged
250,龍悪_ギラダク_究極_V6_アルティメット,0.6474,Out: たべのこし / In: オボンのみ (Parent: 37/50 -> Mutant: 44/50)
250,闘_ガブルカ_究極_V6_アルティメット,0.4023,Out: ガバイト / In: はじまりの平原 (Parent: 18/50 -> Mutant: 24/50)
250,炎_リザードンX_究極_V6_アルティメット,0.4117,unchanged
250,雷_ピカチュウ_究極_V6_アルティメット,0.5593,unchanged
250,超_ゲンガー_究極_V6_アルティメット,0.6770,unchanged
250,超_ゲンガー_グッズ偏重_V3,0.2242,Out: ガラルギャロップ / In: ミミッキュex (Parent: 18/50 -> Mutant: 23/50)
250,闘_ガブルカ_グッズ偏重_V3,0.3322,Out: セキ / In: カスミ (Parent: 19/50 -> Mutant: 21/50)
250,超_ミュウツー_安定_V1,0.5031,Out: キュワワー / In: ケーシィ (Parent: 28/50 -> Mutant: 30/50)
251,龍悪_ギラダク_究極_V6_アルティメット,0.6479,unchanged
251,草_フシギバナ_究極_V6_アルティメット,0.6076,unchanged
251,超_ゲンガー_グッズ偏重_V3,0.2254,unchanged
251,水_スターミー_安定_V1,0.2881,unchanged
251,炎_リザードンX_グッズ偏重_V3,0.5933,unchanged
251,炎_リザードンX_安定_V1,0.5999,unchanged
251,闘_ガブルカ_グッズ偏重_V3,0.3320,unchanged
251,超_ミュウツー_グッズ偏重_V3,0.2569,Out: ラルトス / In: ジュペッタ (Parent: 12/50 -> Mutant: 17/50)
251,草_フシギバナ_グッズ偏重_V3,0.7206,Out: カイロス / In: ドレディア (Parent: 33/50 -> Mutant: 39/50)
251,龍悪_ギラダク_安定_V1,0.5700,unchanged
251,超_ゲンガー_安定_V1,0.3710,unchanged
251,龍悪_ギラダク_グッズ偏重_V3,0.5709,unchanged
251,炎_リザードンX_究極_V6_アルティメット,0.4123,Out: アローラガラガラ / In: ひみつのコハク (Parent: 30/50 -> Mutant: 35/50)
251,雷_ピカチュウ_グッズ偏重_V3,0.4921,unchanged
251,雷_ピカチュウ_安定_V1,0.6324,unchanged
251,鋼_メルルギア_安定_V1,0.4095,unchanged
251,超_ミュウツー_安定_V1,0.5028,unchanged
251,草_フシギバナ_安定_V1,0.5585,unchanged
251,闘_ガブルカ_安定_V1,0.5362,unchanged
251,水_スターミー_グッズ偏重_V3,0.4494,unchanged
251,超_ゲンガー_究極_V6_アルティメット,0.6763,unchanged
251,闘_ガブルカ_究極_V6_アルティメット,0.4017,unchanged
251,鋼_メルルギア_究極_V6_アルティメット,0.5983,unchanged
251,鋼_メルルギア_グッズ偏重_V3,0.3377,Out: エレキコード / In: ヤルキモノ (Parent: 17/50 -> Mutant: 21/50)
251,超_ミュウツー_究極_V6_アルティメット,0.5411,unchanged
251,水_スターミー_究極_V6_アルティメット,0.6098,Out: ガマゲロゲ / In: ロケット団のしたっぱ (Parent: 28/50 -> Mutant: 30/50)
251,雷_ピカチュウ_究極_V6_アルティメット,0.5582,unchanged
252,水_スターミー_グッズ偏重_V3,0.4500,unchanged
252,炎_リザードンX_安定_V1,0.5996,unchanged
252,雷_ピカチュウ_グッズ偏重_V3,0.4925,unchanged
252,鋼_メルルギア_グッズ偏重_V3,0.3378,unchanged
252,龍悪_ギラダク_グッズ偏重_V3,0.5713,unchanged
252,龍悪_ギラダク_究極_V6_アルティメット,0.6483,unchanged
252,草_フシギバナ_究極_V6_アルティメット,0.6083,unchanged
252,闘_ガブルカ_究極_V6_アルティメット,0.4015,unchanged
252,超_ミュウツー_究極_V6_アルティメット,0.5415,unchanged
252,鋼_メルルギア_究極_V6_アルティメット,0.5986,unchanged
252,超_ミュウツー_安定_V1,0.5027,Out: サカキ / In: そうじゅくエキス (Parent: 28/50 -> Mutant: 34/50)
252,超_ゲンガー_安定_V1,0.3719,Out: シルバー / In: セキ (Parent: 31/50 -> Mutant: 34/50)
252,雷_ピカチュウ_安定_V1,0.6319,unchanged
252,水_スターミー_究極_V6_アルティメット,0.6091,Out: アマルス / In: かんこうきゃく (Parent: 26/50 -> Mutant: 34/50)
252,闘_ガブルカ_グッズ偏重_V3,0.3318,unchanged
252,鋼_メルルギア_安定_V1,0.4092,unchanged
252,水_スターミー_安定_V1,0.2886,Out: ヌオー / In: メタルコアバリア (Parent: 30/50 -> Mutant: 34/50)
252,超_ミュウツー_グッズ偏重_V3,0.2564,Out: ミュウ / In: ゴースト (Parent: 21/50 -> Mutant: 23/50)
252,超_ゲンガー_グッズ偏重_V3,0.2259,Out: フレイムパッチ / In: ブルー (Parent: 31/50 -> Mutant: 35/50)
252,炎_リザードンX_グッズ偏重_V3,0.5937,unchanged
252,雷_ピカチュウ_究極_V6_アルティメット,0.5574,unchanged
252,闘_ガブルカ_安定_V1,0.5364,unchanged
252,草_フシギバナ_グッズ偏重_V3,0.7202,unchanged
252,超_ゲンガー_究極_V6_アルティメット,0.6756,unchanged
252,龍悪_ギラダク_安定_V1,0.5697,Out: ダストダス / In: ゴツゴツメット (Parent: 37/50 -> Mutant: 45/50)
252,草_フシギバナ_安定_V1,0.5576,Out: ポケモンの笛 / In: マラカッチ (Parent: 25/50 -> Mutant: 32/50)
252,炎_リザードンX_究極_V6_アルティメット,0.4124,unchanged
253,闘_ガブルカ_安定_V1,0.5375,unchanged
253,雷_ピカチュウ_安定_V1,0.6318,unchanged
253,闘_ガブルカ_究極_V6_アルティメット,0.4014,unchanged
253,草_フシギバナ_究極_V6_アルティメット,0.6091,unchanged
253,超_ゲンガー_グッズ偏重_V3,0.2268,unchanged
253,龍悪_ギラダク_安定_V1,0.5703,unchanged
253,龍悪_ギラダク_究極_V6_アルティメット,0.6485,unchanged
253,超_ミュウツー_究極_V6_アルティメット,0.5420,Out: はじまりの平原 / In: ペロリーム (Parent: 34/50 -> Mutant: 40/50)
253,超_ミュウツー_グッズ偏重_V3,0.2564,unchanged
253,雷_ピカチュウ_グッズ偏重_V3,0.4926,unchanged
253,鋼_メルルギア_グッズ偏重_V3,0.3377,unchanged
253,水_スターミー_究極_V6_アルティメット,0.6085,unchanged
253,炎_リザードンX_グッズ偏重_V3,0.5943,unchanged
253,超_ゲンガー_究極_V6_アルティメット,0.6752,unchanged
253,超_ミュウツー_安定_V1,0.5024,unchanged
253,水_スターミー_グッズ偏重_V3,0.4499,unchanged
253,草_フシギバナ_グッズ偏重_V3,0.7200,unchanged
253,超_ゲンガー_安定_V1,0.3727,Out: マオ / In: カルム (Parent: 34/50 -> Mutant: 40/50)
253,闘_ガブルカ_グッズ偏重_V3,0.3315,unchanged
253,炎_リザードンX_究極_V6_アルティメット,0.4128,unchanged
253,炎_リザードンX_安定_V1,0.5988,unchanged
253,雷_ピカチュウ_究極_V6_アルティメット,0.5565,unchanged
253,鋼_メルルギア_安定_V1,0.4089,Out: チルット / In: カンナギタウンの長老 (Parent: 23/50 -> Mutant: 28/50)
253,龍悪_ギラダク_グッズ偏重_V3,0.5708,Out: スカタンク / In: クロバット (Parent: 40/50 -> Mutant: 46/50)
253,草_フシギバナ_安定_V1,0.5567,Out: ウツボット / In: ゴツゴツメット (Parent: 26/50 -> Mutant: 31/50)
253,水_スターミー_安定_V1,0.2889,unchanged
253,鋼_メルルギア_究極_V6_アルティメット,0.5980,unchanged
254,水_スターミー_究極_V6_アルティメット,0.6083,Out: オリジンパルキア / In: スターミー (Parent: 31/50 -> Mutant: 33/50)
254,超_ゲンガー_安定_V1,0.3741,Out: コスモウム / In: ゴビット (Parent: 34/50 -> Mutant: 38/50)
254,龍悪_ギラダク_グッズ偏重_V3,0.5715,Out: ゴルバット / In: エリカ (Parent: 35/50 -> Mutant: 38/50)
254,炎_リザードンX_究極_V6_アルティメット,0.4138,unchanged
254,闘_ガブルカ_グッズ偏重_V3,0.3317,unchanged
254,超_ミュウツー_安定_V1,0.5025,Out: ゴツゴツメット / In: ハカドッグ (Parent: 23/50 -> Mutant: 27/50)
254,雷_ピカチュウ_究極_V6_アルティメット,0.5565,unchanged
254,超_ゲンガー_グッズ偏重_V3,0.2277,Out: トゲキッス / In: ピッピ (Parent: 26/50 -> Mutant: 29/50)
254,水_スターミー_安定_V1,0.2896,Out: メタルコアバリア / In: フィオネ (Parent: 22/50 -> Mutant: 27/50)
254,雷_ピカチュウ_グッズ偏重_V3,0.4926,unchanged
254,水_スターミー_グッズ偏重_V3,0.4500,unchanged
254,鋼_メルルギア_究極_V6_アルティメット,0.5981,unchanged
254,雷_ピカチュウ_安定_V1,0.6312,Out: メガライボルトex / In: カルム (Parent: 27/50 -> Mutant: 30/50)
254,超_ミュウツー_グッズ偏重_V3,0.2561,Out: イーブイのバッグ / In: いたずらルーレット (Parent: 17/50 -> Mutant: 21/50)
254,草_フシギバナ_グッズ偏重_V3,0.7201,unchanged
254,鋼_メルルギア_グッズ偏重_V3,0.3374,Out: ブロロローム / In: アゴの化石 (Parent: 19/50 -> Mutant: 22/50)
254,闘_ガブルカ_安定_V1,0.5379,unchanged
254,炎_リザードンX_安定_V1,0.5980,unchanged
254,龍悪_ギラダク_究極_V6_アルティメット,0.6485,unchanged
254,草_フシギバナ_究極_V6_アルティメット,0.6087,unchanged
254,超_ミュウツー_究極_V6_アルティメット,0.5418,Out: メリッサ / In: やまおとこ (Parent: 34/50 -> Mutant: 39/50)
254,炎_リザードンX_グッズ偏重_V3,0.5945,Out: むしよけスプレー / In: カエンジシ (Parent: 40/50 -> Mutant: 43/50)
254,龍悪_ギラダク_安定_V1,0.5701,unchanged
254,闘_ガブルカ_究極_V6_アルティメット,0.4007,unchanged
254,鋼_メルルギア_安定_V1,0.4086,Out: カンナギタウンの長老 / In: ギンガ団のしたっぱ (Parent: 20/50 -> Mutant: 25/50)
254,草_フシギバナ_安定_V1,0.5558,Out: マラカッチ / In: エレキコード (Parent: 25/50 -> Mutant: 32/50)
254,超_ゲンガー_究極_V6_アルティメット,0.6741,Out: マーズ / In: シルバー (Parent: 34/50 -> Mutant: 42/50)
255,鋼_メルルギア_究極_V6_アルティメット,0.5986,unchanged
255,水_スターミー_グッズ偏重_V3,0.4505,Out: ふしぎなアメ / In: はじまりの平原 (Parent: 26/50 -> Mutant: 33/50)
255,草_フシギバナ_安定_V1,0.5559,unchanged
255,龍悪_ギラダク_安定_V1,0.5709,Out: ゴルバット / In: ドンカラス (Parent: 38/50 -> Mutant: 44/50)
255,闘_ガブルカ_究極_V6_アルティメット,0.4007,unchanged
255,水_スターミー_安定_V1,0.2905,unchanged
255,超_ミュウツー_究極_V6_アルティメット,0.5426,unchanged
255,炎_リザードンX_グッズ偏重_V3,0.5953,unchanged
255,水_スターミー_究極_V6_アルティメット,0.6080,Out: レッド / In: スイクン (Parent: 21/50 -> Mutant: 26/50)
255,雷_ピカチュウ_究極_V6_アルティメット,0.5564,unchanged
255,闘_ガブルカ_グッズ偏重_V3,0.3316,Out: シトロンのリュック / In: ルカリオ (Parent: 20/50 -> Mutant: 22/50)
255,炎_リザードンX_究極_V6_アルティメット,0.4146,Out: メガバシャーモex / In: メガリザードンYex (Parent: 31/50 -> Mutant: 36/50)
255,草_フシギバナ_究極_V6_アルティメット,0.6088,unchanged
255,龍悪_ギラダク_究極_V6_アルティメット,0.6486,unchanged
255,炎_リザードンX_安定_V1,0.5971,unchanged
255,鋼_メルルギア_グッズ偏重_V3,0.3372,unchanged
255,超_ゲンガー_安定_V1,0.3748,Out: エーフィex / In: ロトム図鑑 (Parent: 32/50 -> Mutant: 38/50)
255,超_ゲンガー_グッズ偏重_V3,0.2279,unchanged
255,闘_ガブルカ_安定_V1,0.5380,unchanged
255,雷_ピカチュウ_安定_V1,0.6297,unchanged
255,鋼_メルルギア_安定_V1,0.4085,unchanged
255,草_フシギバナ_グッズ偏重_V3,0.7198,unchanged
255,超_ミュウツー_グッズ偏重_V3,0.2557,Out: いじわるレター / In: ボクレー (Parent: 14/50 -> Mutant: 17/50)
255,雷_ピカチュウ_グッズ偏重_V3,0.4921,Out: ふたの化石 / In: ゴツゴツメット (Parent: 31/50 -> Mutant: 34/50)
255,龍悪_ギラダク_グッズ偏重_V3,0.5711,unchanged
255,超_ゲンガー_究極_V6_アルティメット,0.6732,unchanged
255,超_ミュウツー_安定_V1,0.5018,Out: スイレン / In: ガラルサニゴーン (Parent: 25/50 -> Mutant: 27/50)
256,炎_リザードンX_究極_V6_アルティメット,0.4159,unchanged
256,鋼_メルルギア_グッズ偏重_V3,0.3374,unchanged
256,草_フシギバナ_グッズ偏重_V3,0.7202,unchanged
256,超_ゲンガー_安定_V1,0.3760,unchanged
256,鋼_メルルギア_究極_V6_アルティメット,0.5989,unchanged
256,闘_ガブルカ_グッズ偏重_V3,0.3317,unchanged
256,炎_リザードンX_安定_V1,0.5968,unchanged
256,闘_ガブルカ_安定_V1,0.5389,unchanged
256,超_ミュウツー_究極_V6_アルティメット,0.5429,Out: おさかなネット / In: ビーストナイト (Parent: 45/50 -> Mutant: 47/50)
256,超_ゲンガー_究極_V6_アルティメット,0.6731,unchanged
256,雷_ピカチュウ_究極_V6_アルティメット,0.5561,unchanged
256,草_フシギバナ_安定_V1,0.5557,unchanged
256,炎_リザードンX_グッズ偏重_V3,0.5959,Out: 大きなマント / In: マグカルゴ (Parent: 39/50 -> Mutant: 44/50)
256,水_スターミー_グッズ偏重_V3,0.4507,Out: はじまりの平原 / In: ユキワラシ (Parent: 24/50 -> Mutant: 28/50)
256,雷_ピカチュウ_安定_V1,0.6285,unchanged
256,雷_ピカチュウ_グッズ偏重_V3,0.4917,Out: ひみつのコハク / In: ルクシオ (Parent: 34/50 -> Mutant: 36/50)
256,鋼_メルルギア_安定_V1,0.4085,unchanged
256,闘_ガブルカ_究極_V6_アルティメット,0.4001,Out: パルデアケンタロス / In: チャーレム (Parent: 18/50 -> Mutant: 21/50)
256,龍悪_ギラダク_究極_V6_アルティメット,0.6486,Out: カスミ / In: スカタンク (Parent: 39/50 -> Mutant: 42/50)
256,水_スターミー_究極_V6_アルティメット,0.6073,Out: ウミトリオ / In: エンペルト (Parent: 28/50 -> Mutant: 30/50)
256,龍悪_ギラダク_安定_V1,0.5709,unchanged
256,草_フシギバナ_究極_V6_アルティメット,0.6085,unchanged
256,超_ミュウツー_安定_V1,0.5013,Out: ポケモン図鑑 / In: トゲチック (Parent: 29/50 -> Mutant: 33/50)
256,水_スターミー_安定_V1,0.2907,Out: ハイキングコース / In: ドククラゲ (Parent: 26/50 -> Mutant: 31/50)
256,超_ゲンガー_グッズ偏重_V3,0.2280,Out: ハンドスコープ / In: ペパー (Parent: 27/50 -> Mutant: 31/50)
256,超_ミュウツー_グッズ偏重_V3,0.2551,unchanged
256,龍悪_ギラダク_グッズ偏重_V3,0.5706,unchanged
257,炎_リザードンX_安定_V1,0.5966,unchanged
257,草_フシギバナ_グッズ偏重_V3,0.7205,unchanged
257,鋼_メルルギア_究極_V6_アルティメット,0.5993,unchanged
257,炎_リザードンX_グッズ偏重_V3,0.5968,unchanged
257,鋼_メルルギア_安定_V1,0.4088,Out: カイ / In: いたずらルーレット (Parent: 22/50 -> Mutant: 30/50)
257,龍悪_ギラダク_グッズ偏重_V3,0.5709,unchanged
257,炎_リザードンX_究極_V6_アルティメット,0.4167,unchanged
257,超_ミュウツー_グッズ偏重_V3,0.2552,unchanged
257,鋼_メルルギア_グッズ偏重_V3,0.3377,Out: 当たりつきアイス / In: アーマーガア (Parent: 22/50 -> Mutant: 28/50)
257,超_ゲンガー_安定_V1,0.3770,Out: ムウマージ / In: ハンドスコープ (Parent: 37/50 -> Mutant: 41/50)
257,雷_ピカチュウ_グッズ偏重_V3,0.4918,unchanged
257,超_ゲンガー_究極_V6_アルティメット,0.6730,unchanged
257,超_ミュウツー_究極_V6_アルティメット,0.5433,unchanged
257,龍悪_ギラダク_究極_V6_アルティメット,0.6487,unchanged
257,水_スターミー_究極_V6_アルティメット,0.6068,unchanged
257,龍悪_ギラダク_安定_V1,0.5709,Out: ナンジャモ / In: 幻の石板 (Parent: 39/50 -> Mutant: 41/50)
257,闘_ガブルカ_グッズ偏重_V3,0.3315,unchanged
257,闘_ガブルカ_究極_V6_アルティメット,0.3997,Out: チャーレム / In: ウソッキー (Parent: 25/50 -> Mutant: 27/50)
257,水_スターミー_安定_V1,0.2911,unchanged
257,超_ミュウツー_安定_V1,0.5009,unchanged
257,雷_ピカチュウ_安定_V1,0.6272,unchanged
257,草_フシギバナ_安定_V1,0.5549,Out: ビーストウォール / In: キレイハナ (Parent: 26/50 -> Mutant: 30/50)
257,雷_ピカチュウ_究極_V6_アルティメット,0.5555,unchanged
257,草_フシギバナ_究極_V6_アルティメット,0.6078,unchanged
257,超_ゲンガー_グッズ偏重_V3,0.2281,Out: ペパー / In: ヒレの化石 (Parent: 24/50 -> Mutant: 27/50)
257,闘_ガブルカ_安定_V1,0.5389,Out: トレーニングエリア / In: レッド (Parent: 40/50 -> Mutant: 45/50)
257,水_スターミー_グッズ偏重_V3,0.4501,unchanged
258,水_スターミー_グッズ偏重_V3,0.4507,Out: カメックスex / In: ミロカロス (Parent: 25/50 -> Mutant: 27/50)
258,草_フシギバナ_安定_V1,0.5550,unchanged
258,超_ミュウツー_安定_V1,0.5011,unchanged
258,雷_ピカチュウ_安定_V1,0.6265,Out: カルム / In: どくバリ (Parent: 21/50 -> Mutant: 25/50)
258,鋼_メルルギア_安定_V1,0.4091,Out: ボタン / In: プクリン (Parent: 20/50 -> Mutant: 24/50)
258,炎_リザードンX_安定_V1,0.5961,unchanged
258,闘_ガブルカ_グッズ偏重_V3,0.3316,unchanged
258,超_ミュウツー_究極_V6_アルティメット,0.5439,unchanged
258,草_フシギバナ_究極_V6_アルティメット,0.6084,unchanged
258,雷_ピカチュウ_グッズ偏重_V3,0.4919,Out: ふしぎな広場 / In: メガデンリュウex (Parent: 31/50 -> Mutant: 39/50)
258,龍悪_ギラダク_究極_V6_アルティメット,0.6490,unchanged
258,超_ゲンガー_グッズ偏重_V3,0.2288,Out: ペロリーム / In: ルナアーラex (Parent: 25/50 -> Mutant: 28/50)
258,雷_ピカチュウ_究極_V6_アルティメット,0.5551,Out: マーズ / In: パチリスex (Parent: 25/50 -> Mutant: 28/50)
258,龍悪_ギラダク_安定_V1,0.5711,unchanged
258,龍悪_ギラダク_グッズ偏重_V3,0.5710,Out: エリカ / In: グズマ (Parent: 37/50 -> Mutant: 44/50)
258,鋼_メルルギア_グッズ偏重_V3,0.3373,unchanged
258,炎_リザードンX_グッズ偏重_V3,0.5970,unchanged
258,炎_リザードンX_究極_V6_アルティメット,0.4172,Out: ファイアロー / In: マグマラシ (Parent: 31/50 -> Mutant: 35/50)
258,超_ゲンガー_究極_V6_アルティメット,0.6725,Out: モノマネむすめ / In: グリーン (Parent: 34/50 -> Mutant: 38/50)
258,水_スターミー_安定_V1,0.2913,unchanged
258,鋼_メルルギア_究極_V6_アルティメット,0.5991,Out: メルメタルex / In: コトネ (Parent: 31/50 -> Mutant: 36/50)
258,闘_ガブルカ_安定_V1,0.5389,unchanged
258,闘_ガブルカ_究極_V6_アルティメット,0.3992,Out: メリッサ / In: カキ (Parent: 14/50 -> Mutant: 17/50)
258,超_ミュウツー_グッズ偏重_V3,0.2548,Out: ルージュラ / In: まもりのポンチョ (Parent: 17/50 -> Mutant: 26/50)
258,水_スターミー_究極_V6_アルティメット,0.6059,unchanged
258,草_フシギバナ_グッズ偏重_V3,0.7202,unchanged
258,超_ゲンガー_安定_V1,0.3772,unchanged
259,超_ミュウツー_究極_V6_アルティメット,0.5448,Out: 当たりつきアイス / In: ムシャーナ (Parent: 36/50 -> Mutant: 43/50)
259,鋼_メルルギア_究極_V6_アルティメット,0.5995,unchanged
259,炎_リザードンX_究極_V6_アルティメット,0.4181,Out: ブーバーン / In: はじまりの平原 (Parent: 32/50 -> Mutant: 37/50)
259,雷_ピカチュウ_究極_V6_アルティメット,0.5553,unchanged
259,草_フシギバナ_安定_V1,0.5549,unchanged
259,炎_リザードンX_安定_V1,0.5958,unchanged
259,水_スターミー_グッズ偏重_V3,0.4510,unchanged
259,超_ミュウツー_グッズ偏重_V3,0.2549,Out: マオ / In: ギラティナex (Parent: 16/50 -> Mutant: 22/50)
259,闘_ガブルカ_グッズ偏重_V3,0.3316,unchanged
259,闘_ガブルカ_究極_V6_アルティメット,0.3990,unchanged
259,龍悪_ギラダク_グッズ偏重_V3,0.5713,unchanged
259,龍悪_ギラダク_安定_V1,0.5717,unchanged
259,鋼_メルルギア_安定_V1,0.4092,Out: ブロロローム / In: カヌチャン (Parent: 28/50 -> Mutant: 31/50)
259,草_フシギバナ_究極_V6_アルティメット,0.6085,unchanged
259,雷_ピカチュウ_グッズ偏重_V3,0.4922,Out: パチリスex / In: アローラゴローン (Parent: 37/50 -> Mutant: 44/50)
259,超_ゲンガー_グッズ偏重_V3,0.2292,unchanged
259,龍悪_ギラダク_究極_V6_アルティメット,0.6491,Out: オボンのみ / In: ポケモン図鑑 (Parent: 41/50 -> Mutant: 47/50)
259,炎_リザードンX_グッズ偏重_V3,0.5973,unchanged
259,超_ゲンガー_安定_V1,0.3778,unchanged
259,水_スターミー_究極_V6_アルティメット,0.6050,unchanged
259,雷_ピカチュウ_安定_V1,0.6249,Out: マルマイン / In: イリマ (Parent: 20/50 -> Mutant: 24/50)
259,超_ゲンガー_究極_V6_アルティメット,0.6717,unchanged
259,闘_ガブルカ_安定_V1,0.5389,unchanged
259,草_フシギバナ_グッズ偏重_V3,0.7197,unchanged
259,水_スターミー_安定_V1,0.2914,unchanged
259,超_ミュウツー_安定_V1,0.5005,Out: グランブル / In: はじまりの平原 (Parent: 26/50 -> Mutant: 28/50)
259,鋼_メルルギア_グッズ偏重_V3,0.3366,unchanged
260,草_フシギバナ_究極_V6_アルティメット,0.6095,Out: マツバ / In: コノハナ (Parent: 42/50 -> Mutant: 45/50)
260,超_ミュウツー_究極_V6_アルティメット,0.5456,Out: ネイティオ / In: ユンゲラー (Parent: 31/50 -> Mutant: 34/50)
260,龍悪_ギラダク_究極_V6_アルティメット,0.6496,unchanged
260,水_スターミー_グッズ偏重_V3,0.4513,unchanged
260,炎_リザードンX_究極_V6_アルティメット,0.4192,unchanged
260,超_ゲンガー_究極_V6_アルティメット,0.6717,unchanged
260,雷_ピカチュウ_グッズ偏重_V3,0.4929,unchanged
260,鋼_メルルギア_安定_V1,0.4092,Out: いたずらルーレット / In: カルネ (Parent: 22/50 -> Mutant: 26/50)
260,闘_ガブルカ_究極_V6_アルティメット,0.3988,unchanged
260,鋼_メルルギア_グッズ偏重_V3,0.3366,unchanged
260,超_ゲンガー_安定_V1,0.3786,Out: ゴビット / In: サマヨール (Parent: 34/50 -> Mutant: 37/50)
260,草_フシギバナ_安定_V1,0.5546,unchanged
260,鋼_メルルギア_究極_V6_アルティメット,0.5995,unchanged
260,草_フシギバナ_グッズ偏重_V3,0.7196,Out: グズマ / In: カキ (Parent: 39/50 -> Mutant: 41/50)
260,雷_ピカチュウ_究極_V6_アルティメット,0.5550,Out: レスキュースカーフ / In: カプコケコex (Parent: 27/50 -> Mutant: 29/50)
260,雷_ピカチュウ_安定_V1,0.6237,unchanged
260,龍悪_ギラダク_グッズ偏重_V3,0.5712,Out: ガラルタチフサグマ / In: マーマネ (Parent: 37/50 -> Mutant: 40/50)
260,超_ゲンガー_グッズ偏重_V3,0.2294,unchanged
260,龍悪_ギラダク_安定_V1,0.5717,unchanged
260,闘_ガブルカ_安定_V1,0.5390,unchanged
260,超_ミュウツー_グッズ偏重_V3,0.2546,Out: ペロッパフ / In: パンプジン (Parent: 22/50 -> Mutant: 26/50)
260,闘_ガブルカ_グッズ偏重_V3,0.3312,unchanged
260,炎_リザードンX_安定_V1,0.5947,unchanged
260,水_スターミー_安定_V1,0.2915,Out: ハンドスコープ / In: ヘイラッシャ (Parent: 29/50 -> Mutant: 31/50)
260,超_ミュウツー_安定_V1,0.4997,Out: メモリーライト / In: カイ (Parent: 22/50 -> Mutant: 33/50)
260,炎_リザードンX_グッズ偏重_V3,0.5974,unchanged
260,水_スターミー_究極_V6_アルティメット,0.6041,Out: ドククラゲ / In: ビーストウォール (Parent: 22/50 -> Mutant: 28/50)
261,鋼_メルルギア_安定_V1,0.4094,Out: カヌチャン / In: ドーブル (Parent: 23/50 -> Mutant: 28/50)
261,鋼_メルルギア_究極_V6_アルティメット,0.5999,unchanged
261,龍悪_ギラダク_究極_V6_アルティメット,0.6502,unchanged
261,闘_ガブルカ_グッズ偏重_V3,0.3315,unchanged
261,草_フシギバナ_安定_V1,0.5546,unchanged
261,超_ゲンガー_安定_V1,0.3797,unchanged
261,雷_ピカチュウ_安定_V1,0.6229,unchanged
261,雷_ピカチュウ_究極_V6_アルティメット,0.5553,unchanged
261,超_ミュウツー_グッズ偏重_V3,0.2553,unchanged
261,闘_ガブルカ_究極_V6_アルティメット,0.3985,unchanged
261,草_フシギバナ_究極_V6_アルティメット,0.6098,unchanged
261,超_ミュウツー_安定_V1,0.4997,unchanged
261,龍悪_ギラダク_安定_V1,0.5719,unchanged
261,水_スターミー_グッズ偏重_V3,0.4513,Out: ママンボウ / In: 鋼鉄のまえかけ (Parent: 29/50 -> Mutant: 32/50)
261,炎_リザードンX_究極_V6_アルティメット,0.4198,unchanged
261,超_ゲンガー_究極_V6_アルティメット,0.6712,unchanged
261,龍悪_ギラダク_グッズ偏重_V3,0.5710,unchanged
261,雷_ピカチュウ_グッズ偏重_V3,0.4931,unchanged
261,炎_リザードンX_グッズ偏重_V3,0.5976,unchanged
261,草_フシギバナ_グッズ偏重_V3,0.7193,unchanged
261,超_ゲンガー_グッズ偏重_V3,0.2295,unchanged
261,鋼_メルルギア_グッズ偏重_V3,0.3360,unchanged
261,闘_ガブルカ_安定_V1,0.5389,unchanged
261,水_スターミー_究極_V6_アルティメット,0.6032,unchanged
261,超_ミュウツー_究極_V6_アルティメット,0.5453,unchanged
261,炎_リザードンX_安定_V1,0.5936,unchanged
261,水_スターミー_安定_V1,0.2916,unchanged
262,闘_ガブルカ_究極_V6_アルティメット,0.3984,unchanged
262,草_フシギバナ_グッズ偏重_V3,0.7197,Out: ジャローダ / In: ダーテング (Parent: 39/50 -> Mutant: 43/50)
262,龍悪_ギラダク_グッズ偏重_V3,0.5716,unchanged
262,龍悪_ギラダク_安定_V1,0.5726,Out: カイリュー / In: ハクリュー (Parent: 37/50 -> Mutant: 39/50)
262,雷_ピカチュウ_グッズ偏重_V3,0.4938,unchanged
262,水_スターミー_グッズ偏重_V3,0.4517,Out: オーガポンいどのめん / In: ウパー (Parent: 25/50 -> Mutant: 29/50)
262,超_ミュウツー_グッズ偏重_V3,0.2561,unchanged
262,鋼_メルルギア_グッズ偏重_V3,0.3360,unchanged
262,闘_ガブルカ_安定_V1,0.5396,Out: トロッゴン / In: エリカ (Parent: 41/50 -> Mutant: 45/50)
262,龍悪_ギラダク_究極_V6_アルティメット,0.6503,unchanged
262,炎_リザードンX_安定_V1,0.5929,unchanged
262,水_スターミー_安定_V1,0.2923,unchanged
262,雷_ピカチュウ_究極_V6_アルティメット,0.5553,unchanged
262,炎_リザードンX_究極_V6_アルティメット,0.4203,unchanged
262,鋼_メルルギア_安定_V1,0.4091,Out: ラッキーミトン / In: レッド (Parent: 23/50 -> Mutant: 29/50)
262,超_ミュウツー_安定_V1,0.4993,unchanged
262,超_ゲンガー_安定_V1,0.3806,unchanged
262,水_スターミー_究極_V6_アルティメット,0.6025,unchanged
262,超_ミュウツー_究極_V6_アルティメット,0.5452,Out: やまおとこ / In: ジュペッタ (Parent: 34/50 -> Mutant: 41/50)
262,超_ゲンガー_グッズ偏重_V3,0.2297,unchanged
262,超_ゲンガー_究極_V6_アルティメット,0.6707,unchanged
262,鋼_メルルギア_究極_V6_アルティメット,0.5996,unchanged
262,草_フシギバナ_究極_V6_アルティメット,0.6092,unchanged
262,雷_ピカチュウ_安定_V1,0.6213,Out: セキ / In: マオ (Parent: 25/50 -> Mutant: 30/50)
262,炎_リザードンX_グッズ偏重_V3,0.5977,Out: ヘルガー / In: ポケモンセンターのお姉さん (Parent: 44/50 -> Mutant: 47/50)
262,闘_ガブルカ_グッズ偏重_V3,0.3310,Out: ヒカリ / In: マオ (Parent: 21/50 -> Mutant: 23/50)
262,草_フシギバナ_安定_V1,0.5536,Out: レディバ / In: クヌギダマ (Parent: 29/50 -> Mutant: 34/50)
263,龍悪_ギラダク_グッズ偏重_V3,0.5722,unchanged
263,草_フシギバナ_究極_V6_アルティメット,0.6100,unchanged
263,草_フシギバナ_グッズ偏重_V3,0.7199,unchanged
263,超_ゲンガー_究極_V6_アルティメット,0.6708,unchanged
263,雷_ピカチュウ_グッズ偏重_V3,0.4945,Out: シロナ / In: いたずらルーレット (Parent: 34/50 -> Mutant: 37/50)
263,闘_ガブルカ_安定_V1,0.5404,unchanged
263,闘_ガブルカ_グッズ偏重_V3,0.3310,unchanged
263,鋼_メルルギア_安定_V1,0.4092,unchanged
263,超_ミュウツー_究極_V6_アルティメット,0.5457,unchanged
263,炎_リザードンX_安定_V1,0.5924,Out: エレメンタルつけかえ / In: シトロン (Parent: 23/50 -> Mutant: 29/50)
263,鋼_メルルギア_究極_V6_アルティメット,0.5996,unchanged
263,超_ゲンガー_グッズ偏重_V3,0.2300,unchanged
263,雷_ピカチュウ_安定_V1,0.6201,Out: セレナ / In: シロナ (Parent: 16/50 -> Mutant: 29/50)
263,鋼_メルルギア_グッズ偏重_V3,0.3357,unchanged
263,炎_リザードンX_究極_V6_アルティメット,0.4207,unchanged
263,龍悪_ギラダク_安定_V1,0.5728,Out: ベトベトン / In: ドンカラス (Parent: 40/50 -> Mutant: 43/50)
263,炎_リザードンX_グッズ偏重_V3,0.5980,unchanged
263,水_スターミー_グッズ偏重_V3,0.4515,unchanged
263,水_スターミー_安定_V1,0.2927,unchanged
263,龍悪_ギラダク_究極_V6_アルティメット,0.6501,unchanged
263,雷_ピカチュウ_究極_V6_アルティメット,0.5551,unchanged
263,闘_ガブルカ_究極_V6_アルティメット,0.3978,Out: エビワラー / In: チャーレム (Parent: 13/50 -> Mutant: 21/50)
263,超_ミュウツー_グッズ偏重_V3,0.2561,unchanged
263,草_フシギバナ_安定_V1,0.5527,unchanged
263,水_スターミー_究極_V6_アルティメット,0.6015,unchanged
263,超_ミュウツー_安定_V1,0.4986,unchanged
263,超_ゲンガー_安定_V1,0.3810,Out: メガチルタリスex / In: ギラティナex (Parent: 35/50 -> Mutant: 40/50)
264,龍悪_ギラダク_安定_V1,0.5736,Out: ドンカラス / In: グズマ (Parent: 41/50 -> Mutant: 43/50)
264,闘_ガブルカ_グッズ偏重_V3,0.3312,Out: サンドパン / In: ルカリオ (Parent: 20/50 -> Mutant: 23/50)
264,超_ゲンガー_究極_V6_アルティメット,0.6709,Out: ルナアーラex / In: ポットデス (Parent: 35/50 -> Mutant: 37/50)
264,雷_ピカチュウ_究極_V6_アルティメット,0.5556,unchanged
264,龍悪_ギラダク_究極_V6_アルティメット,0.6505,Out: ポケモン図鑑 / In: ガラルマッスグマ (Parent: 36/50 -> Mutant: 40/50)
264,闘_ガブルカ_安定_V1,0.5411,Out: エリカ / In: オコリザル (Parent: 33/50 -> Mutant: 38/50)
264,超_ミュウツー_究極_V6_アルティメット,0.5462,unchanged
264,炎_リザードンX_究極_V6_アルティメット,0.4215,unchanged
264,炎_リザードンX_安定_V1,0.5917,Out: シトロン / In: そうじゅくエキス (Parent: 23/50 -> Mutant: 28/50)
264,水_スターミー_グッズ偏重_V3,0.4517,Out: ユキワラシ / In: バニプッチ (Parent: 24/50 -> Mutant: 28/50)
264,草_フシギバナ_安定_V1,0.5523,Out: メタルコアバリア / In: ニャローテ (Parent: 29/50 -> Mutant: 33/50)
264,鋼_メルルギア_究極_V6_アルティメット,0.5996,unchanged
264,超_ゲンガー_グッズ偏重_V3,0.2304,unchanged
264,草_フシギバナ_グッズ偏重_V3,0.7198,Out: ドレディア / In: ペパー (Parent: 38/50 -> Mutant: 43/50)
264,超_ゲンガー_安定_V1,0.3817,unchanged
264,雷_ピカチュウ_グッズ偏重_V3,0.4946,unchanged
264,超_ミュウツー_安定_V1,0.4984,unchanged
264,水_スターミー_究極_V6_アルティメット,0.6008,Out: シザリガー / In: ナマコブシ (Parent: 27/50 -> Mutant: 31/50)
264,雷_ピカチュウ_安定_V1,0.6186,Out: ヒットハンマー / In: サカキ (Parent: 24/50 -> Mutant: 27/50)
264,鋼_メルルギア_安定_V1,0.4089,unchanged
264,水_スターミー_安定_V1,0.2930,unchanged
264,草_フシギバナ_究極_V6_アルティメット,0.6095,unchanged
264,超_ミュウツー_グッズ偏重_V3,0.2562,unchanged
264,龍悪_ギラダク_グッズ偏重_V3,0.5716,unchanged
264,炎_リザードンX_グッズ偏重_V3,0.5981,unchanged
264,鋼_メルルギア_グッズ偏重_V3,0.3351,Out: エレメンタルつけかえ / In: オオスバメ (Parent: 20/50 -> Mutant: 25/50)
264,闘_ガブルカ_究極_V6_アルティメット,0.3971,unchanged
265,鋼_メルルギア_究極_V6_アルティメット,0.6000,unchanged
265,超_ミュウツー_究極_V6_アルティメット,0.5468,unchanged
265,鋼_メルルギア_グッズ偏重_V3,0.3354,unchanged
265,雷_ピカチュウ_グッズ偏重_V3,0.4954,unchanged
265,超_ゲンガー_グッズ偏重_V3,0.2311,unchanged
265,超_ゲンガー_究極_V6_アルティメット,0.6710,Out: ムウマージ / In: キルリア (Parent: 34/50 -> Mutant: 40/50)
265,草_フシギバナ_究極_V6_アルティメット,0.6100,Out: フシギソウ / In: アイリス (Parent: 45/50 -> Mutant: 47/50)
265,鋼_メルルギア_安定_V1,0.4089,Out: ブロロローム / In: ミルホッグ (Parent: 20/50 -> Mutant: 22/50)
265,水_スターミー_安定_V1,0.2937,unchanged
265,雷_ピカチュウ_究極_V6_アルティメット,0.5558,unchanged
265,水_スターミー_究極_V6_アルティメット,0.6002,unchanged
265,水_スターミー_グッズ偏重_V3,0.4518,unchanged
265,草_フシギバナ_グッズ偏重_V3,0.7197,unchanged
265,炎_リザードンX_グッズ偏重_V3,0.5986,unchanged
265,龍悪_ギラダク_グッズ偏重_V3,0.5716,unchanged
265,超_ミュウツー_安定_V1,0.4981,unchanged
265,闘_ガブルカ_安定_V1,0.5413,unchanged
265,草_フシギバナ_安定_V1,0.5518,unchanged
265,雷_ピカチュウ_安定_V1,0.6172,unchanged
265,闘_ガブルカ_グッズ偏重_V3,0.3309,unchanged
265,闘_ガブルカ_究極_V6_アルティメット,0.3965,Out: チャーレム / In: オボンのみ (Parent: 21/50 -> Mutant: 24/50)
265,炎_リザードンX_究極_V6_アルティメット,0.4218,unchanged
265,龍悪_ギラダク_安定_V1,0.5735,unchanged
265,超_ゲンガー_安定_V1,0.3820,unchanged
265,炎_リザードンX_安定_V1,0.5906,Out: ラビフット / In: マーズ (Parent: 26/50 -> Mutant: 30/50)
265,龍悪_ギラダク_究極_V6_アルティメット,0.6502,unchanged
265,超_ミュウツー_グッズ偏重_V3,0.2559,Out: いたずらルーレット / In: ミュウex (Parent: 28/50 -> Mutant: 34/50)
266,草_フシギバナ_究極_V6_アルティメット,0.6109,Out: グズマ / In: ビークイン (Parent: 43/50 -> Mutant: 45/50)
266,水_スターミー_グッズ偏重_V3,0.4521,unchanged
266,鋼_メルルギア_安定_V1,0.4090,unchanged
266,超_ミュウツー_グッズ偏重_V3,0.2573,unchanged
266,龍悪_ギラダク_グッズ偏重_V3,0.5720,unchanged
266,闘_ガブルカ_安定_V1,0.5422,unchanged
266,鋼_メルルギア_グッズ偏重_V3,0.3356,unchanged
266,草_フシギバナ_グッズ偏重_V3,0.7198,Out: ワナイダー / In: キノガッサ (Parent: 38/50 -> Mutant: 42/50)
266,水_スターミー_究極_V6_アルティメット,0.5997,unchanged
266,鋼_メルルギア_究極_V6_アルティメット,0.6001,unchanged
266,超_ゲンガー_グッズ偏重_V3,0.2316,unchanged
266,超_ミュウツー_究極_V6_アルティメット,0.5470,unchanged
266,炎_リザードンX_究極_V6_アルティメット,0.4223,unchanged
266,水_スターミー_安定_V1,0.2942,unchanged
266,闘_ガブルカ_グッズ偏重_V3,0.3308,unchanged
266,炎_リザードンX_グッズ偏重_V3,0.5990,unchanged
266,草_フシギバナ_安定_V1,0.5512,unchanged
266,超_ゲンガー_安定_V1,0.3825,Out: ヨノワール / In: ランプラー (Parent: 29/50 -> Mutant: 31/50)
266,炎_リザードンX_安定_V1,0.5896,Out: ファイヤー / In: ポニータ (Parent: 27/50 -> Mutant: 31/50)
266,超_ミュウツー_安定_V1,0.4978,unchanged
266,雷_ピカチュウ_グッズ偏重_V3,0.4955,Out: エレザード / In: パチリス (Parent: 32/50 -> Mutant: 34/50)
266,超_ゲンガー_究極_V6_アルティメット,0.6703,Out: ヒカリ / In: ビーストナイト (Parent: 40/50 -> Mutant: 42/50)
266,闘_ガブルカ_究極_V6_アルティメット,0.3959,unchanged
266,雷_ピカチュウ_究極_V6_アルティメット,0.5553,Out: はねの化石 / In: ゼブライカ (Parent: 35/50 -> Mutant: 40/50)
266,雷_ピカチュウ_安定_V1,0.6156,Out: ハラバリー / In: ふしぎなアメ (Parent: 30/50 -> Mutant: 32/50)
266,龍悪_ギラダク_安定_V1,0.5731,unchanged
266,龍悪_ギラダク_究極_V6_アルティメット,0.6498,unchanged
267,超_ミュウツー_グッズ偏重_V3,0.2590,unchanged
267,闘_ガブルカ_安定_V1,0.5431,Out: セキタンザン / In: モンスターボール (Parent: 43/50 -> Mutant: 45/50)
267,炎_リザードンX_安定_V1,0.5892,unchanged
267,鋼_メルルギア_安定_V1,0.4091,unchanged
267,鋼_メルルギア_グッズ偏重_V3,0.3357,unchanged
267,闘_ガブルカ_グッズ偏重_V3,0.3309,unchanged
267,草_フシギバナ_究極_V6_アルティメット,0.6113,unchanged
267,超_ゲンガー_グッズ偏重_V3,0.2322,unchanged
267,炎_リザードンX_グッズ偏重_V3,0.5996,unchanged
267,龍悪_ギラダク_グッズ偏重_V3,0.5722,unchanged
267,龍悪_ギラダク_安定_V1,0.5733,unchanged
267,鋼_メルルギア_究極_V6_アルティメット,0.6000,unchanged
267,炎_リザードンX_究極_V6_アルティメット,0.4229,unchanged
267,雷_ピカチュウ_究極_V6_アルティメット,0.5554,unchanged
267,草_フシギバナ_安定_V1,0.5508,Out: ドレディア / In: ワタシラガ (Parent: 28/50 -> Mutant: 32/50)
267,超_ミュウツー_安定_V1,0.4976,Out: レッド / In: フワンテ (Parent: 20/50 -> Mutant: 26/50)
267,雷_ピカチュウ_安定_V1,0.6144,unchanged
267,水_スターミー_究極_V6_アルティメット,0.5989,unchanged
267,超_ミュウツー_究極_V6_アルティメット,0.5469,unchanged
267,草_フシギバナ_グッズ偏重_V3,0.7196,unchanged
267,水_スターミー_グッズ偏重_V3,0.4517,unchanged
267,水_スターミー_安定_V1,0.2946,Out: アマルス / In: どくバリ (Parent: 22/50 -> Mutant: 25/50)
267,龍悪_ギラダク_究極_V6_アルティメット,0.6493,unchanged
267,雷_ピカチュウ_グッズ偏重_V3,0.4949,unchanged
267,超_ゲンガー_究極_V6_アルティメット,0.6695,unchanged
267,超_ゲンガー_安定_V1,0.3826,Out: カルム / In: 大きなマント (Parent: 32/50 -> Mutant: 35/50)
267,闘_ガブルカ_究極_V6_アルティメット,0.3952,unchanged
268,鋼_メルルギア_グッズ偏重_V3,0.3361,unchanged
268,炎_リザードンX_グッズ偏重_V3,0.6006,Out: エレメンタルつけかえ / In: シャンデラ (Parent: 40/50 -> Mutant: 46/50)
268,水_スターミー_安定_V1,0.2955,Out: アイリス / In: タケシ (Parent: 23/50 -> Mutant: 35/50)
268,超_ゲンガー_安定_V1,0.3836,unchanged
268,龍悪_ギラダク_グッズ偏重_V3,0.5727,unchanged
268,水_スターミー_グッズ偏重_V3,0.4520,unchanged
268,炎_リザードンX_安定_V1,0.5887,unchanged
268,闘_ガブルカ_究極_V6_アルティメット,0.3949,unchanged
268,龍悪_ギラダク_究極_V6_アルティメット,0.6496,unchanged
268,闘_ガブルカ_安定_V1,0.5437,Out: モンスターボール / In: メタルコアバリア (Parent: 42/50 -> Mutant: 45/50)
268,龍悪_ギラダク_安定_V1,0.5735,unchanged
268,草_フシギバナ_安定_V1,0.5505,Out: ネモ / In: たべのこし (Parent: 21/50 -> Mutant: 23/50)
268,超_ゲンガー_究極_V6_アルティメット,0.6692,unchanged
268,超_ミュウツー_究極_V6_アルティメット,0.5472,unchanged
268,鋼_メルルギア_安定_V1,0.4090,unchanged
268,超_ゲンガー_グッズ偏重_V3,0.2325,unchanged
268,超_ミュウツー_グッズ偏重_V3,0.2600,Out: グランブル / In: ハルカ (Parent: 29/50 -> Mutant: 32/50)
268,草_フシギバナ_究極_V6_アルティメット,0.6111,unchanged
268,炎_リザードンX_究極_V6_アルティメット,0.4232,unchanged
268,闘_ガブルカ_グッズ偏重_V3,0.3306,Out: ポケモンの笛 / In: 鋼鉄のまえかけ (Parent: 14/50 -> Mutant: 22/50)
268,雷_ピカチュウ_安定_V1,0.6131,unchanged
268,雷_ピカチュウ_究極_V6_アルティメット,0.5550,unchanged
268,超_ミュウツー_安定_V1,0.4970,Out: カンナギタウンの長老 / In: おさかなネット (Parent: 24/50 -> Mutant: 33/50)
268,雷_ピカチュウ_グッズ偏重_V3,0.4942,unchanged
268,水_スターミー_究極_V6_アルティメット,0.5979,Out: ビーストウォール / In: スワンナ (Parent: 30/50 -> Mutant: 37/50)
268,草_フシギバナ_グッズ偏重_V3,0.7191,unchanged
268,鋼_メルルギア_究極_V6_アルティメット,0.5995,unchanged
269,闘_ガブルカ_究極_V6_アルティメット,0.3949,unchanged
269,鋼_メルルギア_安定_V1,0.4092,unchanged
269,龍悪_ギラダク_グッズ偏重_V3,0.5732,unchanged
269,超_ゲンガー_究極_V6_アルティメット,0.6694,unchanged
269,雷_ピカチュウ_安定_V1,0.6123,Out: マチス / In: ピカチュウex (Parent: 21/50 -> Mutant: 26/50)
269,龍悪_ギラダク_究極_V6_アルティメット,0.6499,unchanged
269,雷_ピカチュウ_究極_V6_アルティメット,0.5554,unchanged
269,草_フシギバナ_グッズ偏重_V3,0.7193,unchanged
269,闘_ガブルカ_グッズ偏重_V3,0.3307,Out: 大きなマント / In: ガラガラ (Parent: 13/50 -> Mutant: 26/50)
269,炎_リザードンX_安定_V1,0.5880,Out: ポニータ / In: シズイ (Parent: 15/50 -> Mutant: 28/50)
269,超_ゲンガー_安定_V1,0.3843,unchanged
269,水_スターミー_安定_V1,0.2962,unchanged
269,草_フシギバナ_安定_V1,0.5501,unchanged
269,炎_リザードンX_究極_V6_アルティメット,0.4238,unchanged
269,闘_ガブルカ_安定_V1,0.5442,unchanged
269,鋼_メルルギア_グッズ偏重_V3,0.3359,Out: エレキコード / In: ギルガルド (Parent: 14/50 -> Mutant: 20/50)
269,水_スターミー_究極_V6_アルティメット,0.5972,Out: カムカメ / In: ユキカブリ (Parent: 23/50 -> Mutant: 29/50)
269,草_フシギバナ_究極_V6_アルティメット,0.6108,unchanged
269,超_ミュウツー_安定_V1,0.4964,Out: ロトム図鑑 / In: タケシ (Parent: 31/50 -> Mutant: 33/50)
269,龍悪_ギラダク_安定_V1,0.5736,unchanged
269,鋼_メルルギア_究極_V6_アルティメット,0.5992,unchanged
269,超_ゲンガー_グッズ偏重_V3,0.2326,unchanged
269,炎_リザードンX_グッズ偏重_V3,0.6007,Out: ウルガモス / In: ウインディex (Parent: 39/50 -> Mutant: 41/50)
269,超_ミュウツー_究極_V6_アルティメット,0.5470,Out: ムシャーナ / In: トゲキッス (Parent: 31/50 -> Mutant: 34/50)
269,雷_ピカチュウ_グッズ偏重_V3,0.4936,unchanged
269,超_ミュウツー_グッズ偏重_V3,0.2605,unchanged
269,水_スターミー_グッズ偏重_V3,0.4515,Out: ミロカロス / In: カメックスex (Parent: 24/50 -> Mutant: 34/50)
270,龍悪_ギラダク_安定_V1,0.5745,Out: 博士の研究 / In: カルム (Parent: 38/50 -> Mutant: 45/50)
270,超_ミュウツー_究極_V6_アルティメット,0.5476,Out: ゴツゴツメット / In: ギンガ団のしたっぱ (Parent: 34/50 -> Mutant: 38/50)
270,水_スターミー_グッズ偏重_V3,0.4519,unchanged
270,炎_リザードンX_究極_V6_アルティメット,0.4246,Out: キュウコン / In: ダークペンダント (Parent: 26/50 -> Mutant: 30/50)
270,水_スターミー_究極_V6_アルティメット,0.5971,unchanged
270,超_ゲンガー_グッズ偏重_V3,0.2333,Out: ピッピ / In: デスマス (Parent: 24/50 -> Mutant: 26/50)
270,草_フシギバナ_グッズ偏重_V3,0.7195,unchanged
270,超_ミュウツー_安定_V1,0.4963,unchanged
270,闘_ガブルカ_安定_V1,0.5448,unchanged
270,鋼_メルルギア_究極_V6_アルティメット,0.5994,unchanged
270,水_スターミー_安定_V1,0.2967,Out: メガカメックスex / In: フローゼル (Parent: 29/50 -> Mutant: 32/50)
270,草_フシギバナ_安定_V1,0.5497,unchanged
270,雷_ピカチュウ_安定_V1,0.6116,unchanged
270,超_ミュウツー_グッズ偏重_V3,0.2615,unchanged
270,闘_ガブルカ_グッズ偏重_V3,0.3306,unchanged
270,龍悪_ギラダク_究極_V6_アルティメット,0.6498,unchanged
270,鋼_メルルギア_安定_V1,0.4090,unchanged
270,超_ゲンガー_究極_V6_アルティメット,0.6688,Out: ポットデス / In: エーフィ (Parent: 36/50 -> Mutant: 39/50)
270,雷_ピカチュウ_究極_V6_アルティメット,0.5552,Out: マチス / In: ピカチュウex (Parent: 31/50 -> Mutant: 35/50)
270,雷_ピカチュウ_グッズ偏重_V3,0.4932,unchanged
270,闘_ガブルカ_究極_V6_アルティメット,0.3944,unchanged
270,超_ゲンガー_安定_V1,0.3846,unchanged
270,炎_リザードンX_グッズ偏重_V3,0.6009,unchanged
270,龍悪_ギラダク_グッズ偏重_V3,0.5730,Out: グズマ / In: テーブルシティ (Parent: 35/50 -> Mutant: 37/50)
270,草_フシギバナ_究極_V6_アルティメット,0.6099,unchanged
270,鋼_メルルギア_グッズ偏重_V3,0.3352,unchanged
270,炎_リザードンX_安定_V1,0.5870,Out: カルネ / In: ギンガ団のしたっぱ (Parent: 18/50 -> Mutant: 34/50)
271,超_ミュウツー_究極_V6_アルティメット,0.5484,unchanged
271,水_スターミー_グッズ偏重_V3,0.4523,Out: カイ / In: ガラルバリヤード (Parent: 24/50 -> Mutant: 28/50)
271,闘_ガブルカ_安定_V1,0.5458,Out: むしよけスプレー / In: オコリザル (Parent: 42/50 -> Mutant: 44/50)
271,闘_ガブルカ_究極_V6_アルティメット,0.3943,unchanged
271,鋼_メルルギア_グッズ偏重_V3,0.3351,unchanged
271,龍悪_ギラダク_グッズ偏重_V3,0.5736,unchanged
271,鋼_メルルギア_安定_V1,0.4091,Out: イーブイ / In: トリミアン (Parent: 19/50 -> Mutant: 21/50)
271,草_フシギバナ_安定_V1,0.5497,unchanged
271,水_スターミー_究極_V6_アルティメット,0.5967,unchanged
271,雷_ピカチュウ_グッズ偏重_V3,0.4932,unchanged
271,炎_リザードンX_安定_V1,0.5865,Out: デンジ / In: ブビィ (Parent: 26/50 -> Mutant: 28/50)
271,龍悪_ギラダク_究極_V6_アルティメット,0.6499,unchanged
271,草_フシギバナ_究極_V6_アルティメット,0.6099,unchanged
271,水_スターミー_安定_V1,0.2968,unchanged
271,龍悪_ギラダク_安定_V1,0.5746,unchanged
271,雷_ピカチュウ_安定_V1,0.6107,Out: イリマ / In: カツラ (Parent: 26/50 -> Mutant: 31/50)
271,超_ミュウツー_グッズ偏重_V3,0.2624,unchanged
271,超_ゲンガー_グッズ偏重_V3,0.2333,Out: パピモッチ / In: コロモリ (Parent: 21/50 -> Mutant: 24/50)
271,鋼_メルルギア_究極_V6_アルティメット,0.5991,unchanged
271,草_フシギバナ_グッズ偏重_V3,0.7191,unchanged
271,超_ゲンガー_究極_V6_アルティメット,0.6681,unchanged
271,超_ゲンガー_安定_V1,0.3849,unchanged
271,炎_リザードンX_究極_V6_アルティメット,0.4248,Out: シャンデラ / In: ビーストウォール (Parent: 35/50 -> Mutant: 41/50)
271,闘_ガブルカ_グッズ偏重_V3,0.3302,Out: イリマ / In: 旅の行商人 (Parent: 17/50 -> Mutant: 22/50)
271,雷_ピカチュウ_究極_V6_アルティメット,0.5551,Out: パモット / In: ビーストウォール (Parent: 34/50 -> Mutant: 41/50)
271,超_ミュウツー_安定_V1,0.4956,unchanged
271,炎_リザードンX_グッズ偏重_V3,0.6009,unchanged
272,炎_リザードンX_安定_V1,0.5863,Out: シズイ / In: ガーディ (Parent: 21/50 -> Mutant: 28/50)
272,龍悪_ギラダク_グッズ偏重_V3,0.5741,unchanged
272,炎_リザードンX_グッズ偏重_V3,0.6018,unchanged
272,水_スターミー_グッズ偏重_V3,0.4526,Out: カメックスex / In: マリルリ (Parent: 28/50 -> Mutant: 30/50)
272,草_フシギバナ_安定_V1,0.5497,unchanged
272,雷_ピカチュウ_グッズ偏重_V3,0.4934,unchanged
272,鋼_メルルギア_究極_V6_アルティメット,0.5992,unchanged
272,雷_ピカチュウ_安定_V1,0.6102,unchanged
272,龍悪_ギラダク_安定_V1,0.5750,unchanged
272,闘_ガブルカ_究極_V6_アルティメット,0.3940,unchanged
272,超_ミュウツー_グッズ偏重_V3,0.2636,unchanged
272,鋼_メルルギア_安定_V1,0.4090,unchanged
272,水_スターミー_究極_V6_アルティメット,0.5963,unchanged
272,草_フシギバナ_究極_V6_アルティメット,0.6099,Out: ハウ / In: スター団のしたっぱ (Parent: 37/50 -> Mutant: 39/50)
272,超_ゲンガー_安定_V1,0.3854,unchanged
272,炎_リザードンX_究極_V6_アルティメット,0.4253,unchanged
272,超_ゲンガー_グッズ偏重_V3,0.2335,unchanged
272,超_ミュウツー_安定_V1,0.4951,unchanged
272,水_スターミー_安定_V1,0.2968,unchanged
272,龍悪_ギラダク_究極_V6_アルティメット,0.6496,unchanged
272,草_フシギバナ_グッズ偏重_V3,0.7187,unchanged
272,闘_ガブルカ_グッズ偏重_V3,0.3298,unchanged
272,超_ゲンガー_究極_V6_アルティメット,0.6673,unchanged
272,超_ミュウツー_究極_V6_アルティメット,0.5480,unchanged
272,鋼_メルルギア_グッズ偏重_V3,0.3345,unchanged
272,雷_ピカチュウ_究極_V6_アルティメット,0.5550,Out: ピカチュウex / In: エリカ (Parent: 33/50 -> Mutant: 37/50)
272,闘_ガブルカ_安定_V1,0.5456,Out: ルガルガン / In: かいの化石 (Parent: 40/50 -> Mutant: 43/50)
273,鋼_メルルギア_安定_V1,0.4094,unchanged
273,雷_ピカチュウ_安定_V1,0.6100,unchanged
273,炎_リザードンX_究極_V6_アルティメット,0.4262,unchanged
273,炎_リザードンX_グッズ偏重_V3,0.6026,unchanged
273,雷_ピカチュウ_究極_V6_アルティメット,0.5554,unchanged
273,超_ミュウツー_グッズ偏重_V3,0.2650,unchanged
273,龍悪_ギラダク_安定_V1,0.5756,unchanged
273,草_フシギバナ_究極_V6_アルティメット,0.6103,unchanged
273,超_ミュウツー_究極_V6_アルティメット,0.5485,unchanged
273,水_スターミー_究極_V6_アルティメット,0.5959,Out: スイクン / In: ブルンゲル (Parent: 25/50 -> Mutant: 28/50)
273,鋼_メルルギア_究極_V6_アルティメット,0.5993,Out: エテボース / In: メルメタル (Parent: 38/50 -> Mutant: 40/50)
273,闘_ガブルカ_安定_V1,0.5460,unchanged
273,鋼_メルルギア_グッズ偏重_V3,0.3344,unchanged
273,龍悪_ギラダク_グッズ偏重_V3,0.5740,unchanged
273,炎_リザードンX_安定_V1,0.5852,unchanged
273,水_スターミー_グッズ偏重_V3,0.4524,Out: ずがいの化石 / In: アゴの化石 (Parent: 29/50 -> Mutant: 36/50)
273,草_フシギバナ_安定_V1,0.5492,unchanged
273,雷_ピカチュウ_グッズ偏重_V3,0.4931,unchanged
273,闘_ガブルカ_究極_V6_アルティメット,0.3936,unchanged
273,龍悪_ギラダク_究極_V6_アルティメット,0.6493,unchanged
273,超_ゲンガー_安定_V1,0.3857,Out: 大きなマント / In: ハンドスコープ (Parent: 36/50 -> Mutant: 40/50)
273,超_ゲンガー_グッズ偏重_V3,0.2336,Out: コロモリ / In: ビーストウォール (Parent: 22/50 -> Mutant: 24/50)
273,超_ミュウツー_安定_V1,0.4944,Out: ケーシィ / In: セキ (Parent: 27/50 -> Mutant: 33/50)
273,水_スターミー_安定_V1,0.2967,unchanged
273,闘_ガブルカ_グッズ偏重_V3,0.3293,Out: マオ / In: イワンコ (Parent: 13/50 -> Mutant: 17/50)
273,超_ゲンガー_究極_V6_アルティメット,0.6666,unchanged
273,草_フシギバナ_グッズ偏重_V3,0.7182,unchanged
274,龍悪_ギラダク_グッズ偏重_V3,0.5747,Out: エリカ / In: ジャラランガ (Parent: 35/50 -> Mutant: 37/50)
274,炎_リザードンX_究極_V6_アルティメット,0.4271,unchanged
274,草_フシギバナ_安定_V1,0.5492,Out: ジャノビー / In: オーガポンみどりのめんex (Parent: 28/50 -> Mutant: 37/50)
274,水_スターミー_究極_V6_アルティメット,0.5959,unchanged
274,超_ミュウツー_安定_V1,0.4945,unchanged
274,炎_リザードンX_グッズ偏重_V3,0.6034,Out: リザード / In: カキ (Parent: 39/50 -> Mutant: 43/50)
274,超_ゲンガー_安定_V1,0.3865,unchanged
274,闘_ガブルカ_グッズ偏重_V3,0.3293,unchanged
274,雷_ピカチュウ_グッズ偏重_V3,0.4931,Out: パモット / In: ライコウ (Parent: 27/50 -> Mutant: 33/50)
274,炎_リザードンX_安定_V1,0.5846,Out: ブビィ / In: アローラガラガラ (Parent: 27/50 -> Mutant: 31/50)
274,闘_ガブルカ_究極_V6_アルティメット,0.3934,unchanged
274,鋼_メルルギア_究極_V6_アルティメット,0.5994,unchanged
274,超_ミュウツー_グッズ偏重_V3,0.2661,Out: ボクレー / In: ポケモン通信 (Parent: 34/50 -> Mutant: 38/50)
274,雷_ピカチュウ_安定_V1,0.6093,unchanged
274,闘_ガブルカ_安定_V1,0.5464,unchanged
274,超_ゲンガー_グッズ偏重_V3,0.2340,unchanged
274,龍悪_ギラダク_究極_V6_アルティメット,0.6492,unchanged
274,超_ミュウツー_究極_V6_アルティメット,0.5485,unchanged
274,水_スターミー_安定_V1,0.2966,unchanged
274,草_フシギバナ_究極_V6_アルティメット,0.6098,Out: アイリス / In: レスキュースカーフ (Parent: 40/50 -> Mutant: 43/50)
274,水_スターミー_グッズ偏重_V3,0.4522,unchanged
274,龍悪_ギラダク_安定_V1,0.5753,unchanged
274,雷_ピカチュウ_究極_V6_アルティメット,0.5551,unchanged
274,草_フシギバナ_グッズ偏重_V3,0.7179,unchanged
274,超_ゲンガー_究極_V6_アルティメット,0.6658,unchanged
274,鋼_メルルギア_グッズ偏重_V3,0.3338,unchanged
274,鋼_メルルギア_安定_V1,0.4088,unchanged
275,鋼_メルルギア_究極_V6_アルティメット,0.5998,Out: トリデプス / In: まもりのポンチョ (Parent: 35/50 -> Mutant: 38/50)
275,龍悪_ギラダク_安定_V1,0.5761,unchanged
275,雷_ピカチュウ_安定_V1,0.6090,Out: アカギ / In: ビーストナイト (Parent: 22/50 -> Mutant: 25/50)
275,草_フシギバナ_安定_V1,0.5494,unchanged
275,雷_ピカチュウ_究極_V6_アルティメット,0.5554,unchanged
275,雷_ピカチュウ_グッズ偏重_V3,0.4931,unchanged
275,水_スターミー_究極_V6_アルティメット,0.5955,unchanged
275,超_ミュウツー_安定_V1,0.4945,unchanged
275,闘_ガブルカ_究極_V6_アルティメット,0.3931,Out: チャーレム / In: カイ (Parent: 19/50 -> Mutant: 21/50)
275,超_ゲンガー_安定_V1,0.3872,unchanged
275,超_ミュウツー_グッズ偏重_V3,0.2676,Out: カツラ / In: ピクシー (Parent: 40/50 -> Mutant: 42/50)
275,鋼_メルルギア_安定_V1,0.4089,unchanged
275,超_ミュウツー_究極_V6_アルティメット,0.5487,Out: ギンガ団のしたっぱ / In: ピクシー (Parent: 35/50 -> Mutant: 38/50)
275,闘_ガブルカ_グッズ偏重_V3,0.3290,Out: ゴツゴツメット / In: セキタンザン (Parent: 15/50 -> Mutant: 24/50)
275,草_フシギバナ_究極_V6_アルティメット,0.6098,unchanged
275,超_ゲンガー_究極_V6_アルティメット,0.6656,unchanged
275,龍悪_ギラダク_究極_V6_アルティメット,0.6490,unchanged
275,鋼_メルルギア_グッズ偏重_V3,0.3333,unchanged
275,超_ゲンガー_グッズ偏重_V3,0.2343,unchanged
275,龍悪_ギラダク_グッズ偏重_V3,0.5745,Out: カスミ / In: ラッキーミトン (Parent: 35/50 -> Mutant: 39/50)
275,水_スターミー_グッズ偏重_V3,0.4517,unchanged
275,闘_ガブルカ_安定_V1,0.5464,unchanged
275,草_フシギバナ_グッズ偏重_V3,0.7175,Out: フクスロー / In: フシギバナex (Parent: 37/50 -> Mutant: 41/50)
275,水_スターミー_安定_V1,0.2964,unchanged
275,炎_リザードンX_グッズ偏重_V3,0.6035,Out: モウカザル / In: シトロン (Parent: 40/50 -> Mutant: 44/50)
275,炎_リザードンX_究極_V6_アルティメット,0.4272,Out: メガリザードンYex / In: ロトム図鑑 (Parent: 28/50 -> Mutant: 31/50)
275,炎_リザードンX_安定_V1,0.5833,unchanged
276,超_ミュウツー_究極_V6_アルティメット,0.5494,unchanged
276,草_フシギバナ_安定_V1,0.5496,unchanged
276,草_フシギバナ_グッズ偏重_V3,0.7179,unchanged
276,鋼_メルルギア_究極_V6_アルティメット,0.6001,unchanged
276,超_ゲンガー_安定_V1,0.3881,Out: ギラティナex / In: ブルー (Parent: 26/50 -> Mutant: 31/50)
276,超_ミュウツー_グッズ偏重_V3,0.2693,unchanged
276,龍悪_ギラダク_安定_V1,0.5766,Out: レパルダス / In: タケシ (Parent: 42/50 -> Mutant: 44/50)
276,超_ゲンガー_究極_V6_アルティメット,0.6654,Out: グランブル / In: ピクシー (Parent: 33/50 -> Mutant: 39/50)
276,闘_ガブルカ_安定_V1,0.5472,unchanged
276,水_スターミー_安定_V1,0.2967,unchanged
276,鋼_メルルギア_安定_V1,0.4089,unchanged
276,龍悪_ギラダク_グッズ偏重_V3,0.5745,Out: オーロンゲ / In: レパルダス (Parent: 29/50 -> Mutant: 37/50)
276,鋼_メルルギア_グッズ偏重_V3,0.3332,Out: ププリン / In: バイウールー (Parent: 24/50 -> Mutant: 26/50)
276,水_スターミー_グッズ偏重_V3,0.4517,unchanged
276,雷_ピカチュウ_グッズ偏重_V3,0.4929,Out: ライコウ / In: コイル (Parent: 30/50 -> Mutant: 33/50)
276,超_ゲンガー_グッズ偏重_V3,0.2348,Out: ギラティナex / In: サーナイト (Parent: 28/50 -> Mutant: 30/50)
276,超_ミュウツー_安定_V1,0.4942,unchanged
276,水_スターミー_究極_V6_アルティメット,0.5946,unchanged
276,草_フシギバナ_究極_V6_アルティメット,0.6094,unchanged
276,雷_ピカチュウ_究極_V6_アルティメット,0.5552,unchanged
276,炎_リザードンX_究極_V6_アルティメット,0.4271,unchanged
276,雷_ピカチュウ_安定_V1,0.6079,Out: シロナ / In: カルネ (Parent: 28/50 -> Mutant: 31/50)
276,炎_リザードンX_グッズ偏重_V3,0.6037,Out: ルザミーネ / In: たべのこし (Parent: 40/50 -> Mutant: 42/50)
276,闘_ガブルカ_グッズ偏重_V3,0.3285,unchanged
276,闘_ガブルカ_究極_V6_アルティメット,0.3925,unchanged
276,炎_リザードンX_安定_V1,0.5823,unchanged
276,龍悪_ギラダク_究極_V6_アルティメット,0.6483,unchanged
277,超_ミュウツー_安定_V1,0.4946,Out: フワンテ / In: フーディン (Parent: 29/50 -> Mutant: 37/50)
277,雷_ピカチュウ_究極_V6_アルティメット,0.5558,unchanged
277,雷_ピカチュウ_安定_V1,0.6076,unchanged
277,超_ミュウツー_グッズ偏重_V3,0.2710,unchanged
277,草_フシギバナ_グッズ偏重_V3,0.7182,unchanged
277,龍悪_ギラダク_安定_V1,0.5772,unchanged
277,草_フシギバナ_究極_V6_アルティメット,0.6098,unchanged
277,超_ゲンガー_安定_V1,0.3886,unchanged
277,草_フシギバナ_安定_V1,0.5497,unchanged
277,炎_リザードンX_究極_V6_アルティメット,0.4273,Out: ビーストウォール / In: アローラガラガラ (Parent: 25/50 -> Mutant: 29/50)
277,闘_ガブルカ_究極_V6_アルティメット,0.3923,Out: モンスターボール / In: ビーストナイト (Parent: 21/50 -> Mutant: 25/50)
277,超_ゲンガー_究極_V6_アルティメット,0.6652,unchanged
277,鋼_メルルギア_安定_V1,0.4088,unchanged
277,闘_ガブルカ_安定_V1,0.5475,unchanged
277,超_ゲンガー_グッズ偏重_V3,0.2352,unchanged
277,超_ミュウツー_究極_V6_アルティメット,0.5495,Out: シトロンのリュック / In: いたずらルーレット (Parent: 38/50 -> Mutant: 44/50)
277,龍悪_ギラダク_グッズ偏重_V3,0.5744,unchanged
277,水_スターミー_安定_V1,0.2967,unchanged
277,炎_リザードンX_安定_V1,0.5813,Out: ラビフット / In: ポケモン通信 (Parent: 25/50 -> Mutant: 30/50)
277,龍悪_ギラダク_究極_V6_アルティメット,0.6480,unchanged
277,闘_ガブルカ_グッズ偏重_V3,0.3280,Out: レッド / In: ゴローン (Parent: 14/50 -> Mutant: 25/50)
277,水_スターミー_究極_V6_アルティメット,0.5938,unchanged
277,水_スターミー_グッズ偏重_V3,0.4512,Out: ブイゼル / In: ヘビーメット (Parent: 25/50 -> Mutant: 27/50)
277,鋼_メルルギア_グッズ偏重_V3,0.3327,unchanged
277,鋼_メルルギア_究極_V6_アルティメット,0.5998,unchanged
277,炎_リザードンX_グッズ偏重_V3,0.6036,Out: シャンデラ / In: ギャロップex (Parent: 43/50 -> Mutant: 45/50)
277,雷_ピカチュウ_グッズ偏重_V3,0.4920,Out: テーブルシティ / In: マルマイン (Parent: 25/50 -> Mutant: 33/50)
278,超_ミュウツー_安定_V1,0.4952,unchanged
278,闘_ガブルカ_究極_V6_アルティメット,0.3923,unchanged
278,龍悪_ギラダク_グッズ偏重_V3,0.5749,unchanged
278,超_ミュウツー_グッズ偏重_V3,0.2728,unchanged
278,炎_リザードンX_グッズ偏重_V3,0.6044,unchanged
278,雷_ピカチュウ_究極_V6_アルティメット,0.5562,unchanged
278,超_ゲンガー_グッズ偏重_V3,0.2357,Out: デスマス / In: アカネ (Parent: 17/50 -> Mutant: 23/50)
278,超_ゲンガー_究極_V6_アルティメット,0.6651,unchanged
278,超_ゲンガー_安定_V1,0.3890,unchanged
278,超_ミュウツー_究極_V6_アルティメット,0.5500,unchanged
278,水_スターミー_究極_V6_アルティメット,0.5933,unchanged
278,炎_リザードンX_安定_V1,0.5808,unchanged
278,雷_ピカチュウ_グッズ偏重_V3,0.4917,unchanged
278,雷_ピカチュウ_安定_V1,0.6069,unchanged
278,闘_ガブルカ_グッズ偏重_V3,0.3278,unchanged
278,水_スターミー_グッズ偏重_V3,0.4513,unchanged
278,水_スターミー_安定_V1,0.2969,Out: エンペルト / In: パルシェン (Parent: 18/50 -> Mutant: 24/50)
278,鋼_メルルギア_究極_V6_アルティメット,0.5996,unchanged
278,龍悪_ギラダク_安定_V1,0.5772,unchanged
278,草_フシギバナ_グッズ偏重_V3,0.7180,unchanged
278,炎_リザードンX_究極_V6_アルティメット,0.4272,unchanged
278,龍悪_ギラダク_究極_V6_アルティメット,0.6475,unchanged
278,草_フシギバナ_安定_V1,0.5491,unchanged
278,草_フシギバナ_究極_V6_アルティメット,0.6091,unchanged
278,鋼_メルルギア_グッズ偏重_V3,0.3323,unchanged
278,鋼_メルルギア_安定_V1,0.4084,unchanged
278,闘_ガブルカ_安定_V1,0.5472,Out: マーズ / In: ルチア (Parent: 40/50 -> Mutant: 45/50)
279,草_フシギバナ_究極_V6_アルティメット,0.6100,Out: コノハナ / In: アママイコ (Parent: 41/50 -> Mutant: 47/50)
279,闘_ガブルカ_究極_V6_アルティメット,0.3922,Out: テラキオン / In: レッド (Parent: 22/50 -> Mutant: 25/50)
279,雷_ピカチュウ_安定_V1,0.6066,Out: どくバリ / In: セレナ (Parent: 31/50 -> Mutant: 33/50)
279,超_ゲンガー_究極_V6_アルティメット,0.6653,unchanged
279,鋼_メルルギア_究極_V6_アルティメット,0.6000,unchanged
279,闘_ガブルカ_グッズ偏重_V3,0.3278,unchanged
279,龍悪_ギラダク_究極_V6_アルティメット,0.6478,Out: おおきいマラサダ / In: マタドガス (Parent: 38/50 -> Mutant: 42/50)
279,雷_ピカチュウ_グッズ偏重_V3,0.4914,Out: アセロラ / In: オボンのみ (Parent: 24/50 -> Mutant: 29/50)
279,水_スターミー_グッズ偏重_V3,0.4515,Out: バスラオ / In: ネズ (Parent: 29/50 -> Mutant: 38/50)
279,龍悪_ギラダク_グッズ偏重_V3,0.5751,unchanged
279,雷_ピカチュウ_究極_V6_アルティメット,0.5564,unchanged
279,龍悪_ギラダク_安定_V1,0.5774,unchanged
279,草_フシギバナ_グッズ偏重_V3,0.7179,unchanged
279,炎_リザードンX_究極_V6_アルティメット,0.4275,unchanged
279,水_スターミー_安定_V1,0.2971,Out: タケシ / In: カジリガメ (Parent: 21/50 -> Mutant: 30/50)
279,水_スターミー_究極_V6_アルティメット,0.5926,Out: スターミー / In: ポッチャマ (Parent: 25/50 -> Mutant: 27/50)
279,闘_ガブルカ_安定_V1,0.5474,unchanged
279,超_ミュウツー_グッズ偏重_V3,0.2740,Out: ポケモン図鑑 / In: ゴチルゼル (Parent: 42/50 -> Mutant: 44/50)
279,鋼_メルルギア_グッズ偏重_V3,0.3321,unchanged
279,超_ゲンガー_安定_V1,0.3889,Out: イーブイのバッグ / In: ふたの化石 (Parent: 28/50 -> Mutant: 31/50)
279,草_フシギバナ_安定_V1,0.5486,Out: ワタシラガ / In: おさかなネット (Parent: 27/50 -> Mutant: 31/50)
279,超_ゲンガー_グッズ偏重_V3,0.2358,unchanged
279,超_ミュウツー_安定_V1,0.4951,unchanged
279,鋼_メルルギア_安定_V1,0.4080,Out: ミルホッグ / In: リングマ (Parent: 23/50 -> Mutant: 29/50)
279,炎_リザードンX_グッズ偏重_V3,0.6045,unchanged
279,炎_リザードンX_安定_V1,0.5795,unchanged
279,超_ミュウツー_究極_V6_アルティメット,0.5495,unchanged
280,超_ミュウツー_安定_V1,0.4957,unchanged
280,水_スターミー_安定_V1,0.2975,unchanged
280,闘_ガブルカ_究極_V6_アルティメット,0.3921,Out: マーズ / In: アサナン (Parent: 16/50 -> Mutant: 18/50)
280,草_フシギバナ_グッズ偏重_V3,0.7184,unchanged
280,超_ゲンガー_安定_V1,0.3895,Out: テーブルシティ / In: ラムのみ (Parent: 29/50 -> Mutant: 43/50)
280,雷_ピカチュウ_グッズ偏重_V3,0.4913,unchanged
280,草_フシギバナ_安定_V1,0.5488,unchanged
280,鋼_メルルギア_グッズ偏重_V3,0.3323,Out: ムーランド / In: ポリゴンZ (Parent: 23/50 -> Mutant: 26/50)
280,鋼_メルルギア_安定_V1,0.4080,unchanged
280,龍悪_ギラダク_究極_V6_アルティメット,0.6480,Out: レパルダス / In: マーズ (Parent: 39/50 -> Mutant: 41/50)
280,炎_リザードンX_安定_V1,0.5789,Out: ガオガエンex / In: シトロンのリュック (Parent: 21/50 -> Mutant: 25/50)
280,雷_ピカチュウ_安定_V1,0.6060,unchanged
280,草_フシギバナ_究極_V6_アルティメット,0.6100,Out: ジャローダ / In: ラムのみ (Parent: 37/50 -> Mutant: 41/50)
280,超_ゲンガー_究極_V6_アルティメット,0.6650,unchanged
280,鋼_メルルギア_究極_V6_アルティメット,0.5999,unchanged
280,龍悪_ギラダク_安定_V1,0.5774,unchanged
280,超_ゲンガー_グッズ偏重_V3,0.2360,unchanged
280,水_スターミー_究極_V6_アルティメット,0.5917,unchanged
280,雷_ピカチュウ_究極_V6_アルティメット,0.5563,Out: ライチュウ / In: チョンチー (Parent: 24/50 -> Mutant: 29/50)
280,炎_リザードンX_グッズ偏重_V3,0.6047,Out: マーズ / In: ブースター (Parent: 41/50 -> Mutant: 48/50)
280,龍悪_ギラダク_グッズ偏重_V3,0.5748,Out: マーマネ / In: スカタンク (Parent: 38/50 -> Mutant: 42/50)
280,闘_ガブルカ_グッズ偏重_V3,0.3274,unchanged
280,超_ミュウツー_グッズ偏重_V3,0.2751,unchanged
280,超_ミュウツー_究極_V6_アルティメット,0.5493,unchanged
280,水_スターミー_グッズ偏重_V3,0.4511,unchanged
280,炎_リザードンX_究極_V6_アルティメット,0.4272,unchanged
280,闘_ガブルカ_安定_V1,0.5473,unchanged
281,闘_ガブルカ_究極_V6_アルティメット,0.3921,Out: カキ / In: サワムラー (Parent: 19/50 -> Mutant: 21/50)
281,水_スターミー_グッズ偏重_V3,0.4516,Out: ミロカロス / In: トリトドン (Parent: 28/50 -> Mutant: 35/50)
281,雷_ピカチュウ_究極_V6_アルティメット,0.5565,unchanged
281,鋼_メルルギア_安定_V1,0.4082,unchanged
281,龍悪_ギラダク_安定_V1,0.5780,unchanged
281,炎_リザードンX_グッズ偏重_V3,0.6054,unchanged
281,龍悪_ギラダク_グッズ偏重_V3,0.5750,unchanged
281,雷_ピカチュウ_安定_V1,0.6058,unchanged
281,草_フシギバナ_グッズ偏重_V3,0.7186,unchanged
281,闘_ガブルカ_グッズ偏重_V3,0.3273,unchanged
281,炎_リザードンX_安定_V1,0.5783,Out: オボンのみ / In: おおきいマラサダ (Parent: 28/50 -> Mutant: 32/50)
281,超_ミュウツー_究極_V6_アルティメット,0.5496,Out: ピクシー / In: ピクシー (Parent: 32/50 -> Mutant: 37/50)
281,超_ゲンガー_究極_V6_アルティメット,0.6647,Out: ナツメ / In: エレメンタルつけかえ (Parent: 30/50 -> Mutant: 35/50)
281,超_ゲンガー_安定_V1,0.3897,unchanged
281,草_フシギバナ_安定_V1,0.5486,Out: クヌギダマ / In: ヒットハンマー (Parent: 30/50 -> Mutant: 33/50)
281,超_ゲンガー_グッズ偏重_V3,0.2363,unchanged
281,超_ミュウツー_安定_V1,0.4959,unchanged
281,水_スターミー_安定_V1,0.2976,unchanged
281,草_フシギバナ_究極_V6_アルティメット,0.6097,unchanged
281,闘_ガブルカ_安定_V1,0.5475,unchanged
281,鋼_メルルギア_究極_V6_アルティメット,0.5996,Out: ムクホーク / In: ヤングース (Parent: 36/50 -> Mutant: 38/50)
281,炎_リザードンX_究極_V6_アルティメット,0.4272,unchanged
281,龍悪_ギラダク_究極_V6_アルティメット,0.6477,unchanged
281,水_スターミー_究極_V6_アルティメット,0.5907,unchanged
281,雷_ピカチュウ_グッズ偏重_V3,0.4905,Out: アローラゴローン / In: アローラゴローン (Parent: 21/50 -> Mutant: 31/50)
281,鋼_メルルギア_グッズ偏重_V3,0.3319,unchanged
281,超_ミュウツー_グッズ偏重_V3,0.2759,unchanged
282,炎_リザードンX_究極_V6_アルティメット,0.4279,unchanged
282,水_スターミー_究極_V6_アルティメット,0.5906,unchanged
282,草_フシギバナ_グッズ偏重_V3,0.7190,unchanged
282,超_ミュウツー_グッズ偏重_V3,0.2776,unchanged
282,草_フシギバナ_安定_V1,0.5489,Out: ダダリンex / In: ヘビーメット (Parent: 29/50 -> Mutant: 34/50)
282,炎_リザードンX_グッズ偏重_V3,0.6062,unchanged
282,超_ミュウツー_究極_V6_アルティメット,0.5502,unchanged
282,龍悪_ギラダク_グッズ偏重_V3,0.5753,Out: グリーン / In: モノマネむすめ (Parent: 40/50 -> Mutant: 43/50)
282,超_ゲンガー_グッズ偏重_V3,0.2368,Out: こうらの化石 / In: グランブル (Parent: 22/50 -> Mutant: 30/50)
282,龍悪_ギラダク_究極_V6_アルティメット,0.6479,Out: ヒットハンマー / In: ハンドスコープ (Parent: 37/50 -> Mutant: 46/50)
282,超_ミュウツー_安定_V1,0.4962,Out: はじまりの平原 / In: ネイティ (Parent: 28/50 -> Mutant: 35/50)
282,水_スターミー_安定_V1,0.2978,Out: ポッタイシ / In: ウェルカモ (Parent: 27/50 -> Mutant: 33/50)
282,龍悪_ギラダク_安定_V1,0.5782,unchanged
282,鋼_メルルギア_究極_V6_アルティメット,0.5992,Out: ルギアex / In: メガハガネールex (Parent: 29/50 -> Mutant: 32/50)
282,草_フシギバナ_究極_V6_アルティメット,0.6096,unchanged
282,闘_ガブルカ_安定_V1,0.5478,unchanged
282,闘_ガブルカ_グッズ偏重_V3,0.3270,unchanged
282,闘_ガブルカ_究極_V6_アルティメット,0.3916,Out: サワムラー / In: カスミ (Parent: 15/50 -> Mutant: 17/50)
282,炎_リザードンX_安定_V1,0.5775,unchanged
282,雷_ピカチュウ_グッズ偏重_V3,0.4899,unchanged
282,鋼_メルルギア_グッズ偏重_V3,0.3318,Out: アゴの化石 / In: ドデカバシ (Parent: 27/50 -> Mutant: 31/50)
282,超_ゲンガー_安定_V1,0.3895,unchanged
282,雷_ピカチュウ_究極_V6_アルティメット,0.5559,unchanged
282,鋼_メルルギア_安定_V1,0.4080,Out: レッド / In: ブロロン (Parent: 20/50 -> Mutant: 28/50)
282,水_スターミー_グッズ偏重_V3,0.4514,Out: アゴの化石 / In: マンムー (Parent: 30/50 -> Mutant: 33/50)
282,超_ゲンガー_究極_V6_アルティメット,0.6638,unchanged
282,雷_ピカチュウ_安定_V1,0.6046,Out: ゼブライカ / In: レアコイル (Parent: 20/50 -> Mutant: 27/50)
283,超_ゲンガー_グッズ偏重_V3,0.2378,unchanged
283,草_フシギバナ_究極_V6_アルティメット,0.6104,unchanged
283,雷_ピカチュウ_グッズ偏重_V3,0.4900,unchanged
283,水_スターミー_グッズ偏重_V3,0.4516,unchanged
283,龍悪_ギラダク_安定_V1,0.5788,unchanged
283,闘_ガブルカ_究極_V6_アルティメット,0.3915,unchanged
283,炎_リザードンX_グッズ偏重_V3,0.6068,unchanged
283,超_ゲンガー_安定_V1,0.3899,Out: ふたの化石 / In: マツバ (Parent: 28/50 -> Mutant: 30/50)
283,闘_ガブルカ_グッズ偏重_V3,0.3270,unchanged
283,鋼_メルルギア_安定_V1,0.4080,unchanged
283,炎_リザードンX_究極_V6_アルティメット,0.4284,unchanged
283,闘_ガブルカ_安定_V1,0.5482,unchanged
283,雷_ピカチュウ_究極_V6_アルティメット,0.5558,Out: メンテナンス / In: はじまりの平原 (Parent: 25/50 -> Mutant: 34/50)
283,超_ゲンガー_究極_V6_アルティメット,0.6635,Out: エレメンタルつけかえ / In: ラムのみ (Parent: 31/50 -> Mutant: 37/50)
283,超_ミュウツー_安定_V1,0.4961,Out: おさかなネット / In: エレメンタルつけかえ (Parent: 29/50 -> Mutant: 34/50)
283,草_フシギバナ_グッズ偏重_V3,0.7190,unchanged
283,草_フシギバナ_安定_V1,0.5485,Out: オーガポンみどりのめんex / In: リーリエ (Parent: 31/50 -> Mutant: 34/50)
283,龍悪_ギラダク_グッズ偏重_V3,0.5752,unchanged
283,超_ミュウツー_グッズ偏重_V3,0.2788,unchanged
283,超_ミュウツー_究極_V6_アルティメット,0.5500,unchanged
283,鋼_メルルギア_究極_V6_アルティメット,0.5987,Out: イリマ / In: イーブイ (Parent: 30/50 -> Mutant: 33/50)
283,水_スターミー_安定_V1,0.2978,unchanged
283,鋼_メルルギア_グッズ偏重_V3,0.3315,unchanged
283,龍悪_ギラダク_究極_V6_アルティメット,0.6475,Out: スピーダー / In: ガバイト (Parent: 40/50 -> Mutant: 44/50)
283,炎_リザードンX_安定_V1,0.5765,unchanged
283,雷_ピカチュウ_安定_V1,0.6034,unchanged
283,水_スターミー_究極_V6_アルティメット,0.5894,Out: ジュン / In: オタマロ (Parent: 29/50 -> Mutant: 31/50)
284,炎_リザードンX_グッズ偏重_V3,0.6078,unchanged
284,水_スターミー_安定_V1,0.2984,Out: アマルス / In: マリルリ (Parent: 19/50 -> Mutant: 26/50)
284,超_ミュウツー_安定_V1,0.4964,unchanged
284,龍悪_ギラダク_グッズ偏重_V3,0.5757,unchanged
284,炎_リザードンX_安定_V1,0.5762,unchanged
284,闘_ガブルカ_グッズ偏重_V3,0.3272,unchanged
284,草_フシギバナ_究極_V6_アルティメット,0.6108,unchanged
284,超_ミュウツー_グッズ偏重_V3,0.2805,unchanged
284,鋼_メルルギア_安定_V1,0.4079,Out: ミミズズ / In: ブロロローム (Parent: 10/50 -> Mutant: 22/50)
284,鋼_メルルギア_究極_V6_アルティメット,0.5983,unchanged
284,鋼_メルルギア_グッズ偏重_V3,0.3318,Out: カイ / In: ルザミーネ (Parent: 17/50 -> Mutant: 20/50)
284,龍悪_ギラダク_安定_V1,0.5790,unchanged
284,闘_ガブルカ_究極_V6_アルティメット,0.3911,Out: グラードン / In: ジーランス (Parent: 14/50 -> Mutant: 17/50)
284,超_ゲンガー_グッズ偏重_V3,0.2383,unchanged
284,水_スターミー_究極_V6_アルティメット,0.5889,Out: スワンナ / In: マンタイン (Parent: 24/50 -> Mutant: 27/50)
284,超_ミュウツー_究極_V6_アルティメット,0.5502,unchanged
284,炎_リザードンX_究極_V6_アルティメット,0.4285,Out: シロナ / In: カツラ (Parent: 34/50 -> Mutant: 39/50)
284,雷_ピカチュウ_安定_V1,0.6026,Out: サンダース / In: やまおとこ (Parent: 24/50 -> Mutant: 28/50)
284,草_フシギバナ_安定_V1,0.5480,unchanged
284,龍悪_ギラダク_究極_V6_アルティメット,0.6473,unchanged
284,闘_ガブルカ_安定_V1,0.5483,unchanged
284,超_ゲンガー_究極_V6_アルティメット,0.6629,unchanged
284,草_フシギバナ_グッズ偏重_V3,0.7186,Out: アイリス / In: ラムのみ (Parent: 39/50 -> Mutant: 43/50)
284,雷_ピカチュウ_グッズ偏重_V3,0.4892,unchanged
284,水_スターミー_グッズ偏重_V3,0.4513,unchanged
284,超_ゲンガー_安定_V1,0.3896,Out: ユニラン / In: そうじゅくエキス (Parent: 20/50 -> Mutant: 30/50)
284,雷_ピカチュウ_究極_V6_アルティメット,0.5550,unchanged
285,超_ミュウツー_安定_V1,0.4969,Out: タケシ / In: かけだし調査員 (Parent: 31/50 -> Mutant: 33/50)
285,龍悪_ギラダク_安定_V1,0.5799,Out: 幻の石板 / In: オノンド (Parent: 38/50 -> Mutant: 40/50)
285,超_ゲンガー_グッズ偏重_V3,0.2390,Out: コスモウム / In: ムチュール (Parent: 21/50 -> Mutant: 24/50)
285,闘_ガブルカ_グッズ偏重_V3,0.3274,unchanged
285,鋼_メルルギア_究極_V6_アルティメット,0.5983,Out: アーマーガア / In: ビーストウォール (Parent: 22/50 -> Mutant: 27/50)
285,水_スターミー_究極_V6_アルティメット,0.5886,Out: ユキカブリ / In: ミズゴロウ (Parent: 26/50 -> Mutant: 30/50)
285,闘_ガブルカ_安定_V1,0.5490,unchanged
285,水_スターミー_安定_V1,0.2988,unchanged
285,雷_ピカチュウ_安定_V1,0.6022,unchanged
285,鋼_メルルギア_安定_V1,0.4080,unchanged
285,龍悪_ギラダク_グッズ偏重_V3,0.5759,unchanged
285,草_フシギバナ_究極_V6_アルティメット,0.6109,unchanged
285,闘_ガブルカ_究極_V6_アルティメット,0.3908,unchanged
285,草_フシギバナ_安定_V1,0.5476,Out: ヒットハンマー / In: スピーダー (Parent: 26/50 -> Mutant: 29/50)
285,炎_リザードンX_究極_V6_アルティメット,0.4287,unchanged
285,水_スターミー_グッズ偏重_V3,0.4515,unchanged
285,超_ミュウツー_グッズ偏重_V3,0.2818,unchanged
285,雷_ピカチュウ_究極_V6_アルティメット,0.5545,unchanged
285,超_ゲンガー_安定_V1,0.3900,unchanged
285,超_ミュウツー_究極_V6_アルティメット,0.5503,unchanged
285,龍悪_ギラダク_究極_V6_アルティメット,0.6470,unchanged
285,雷_ピカチュウ_グッズ偏重_V3,0.4885,unchanged
285,炎_リザードンX_安定_V1,0.5753,unchanged
285,鋼_メルルギア_グッズ偏重_V3,0.3314,unchanged
285,草_フシギバナ_グッズ偏重_V3,0.7182,unchanged
285,超_ゲンガー_究極_V6_アルティメット,0.6620,unchanged
285,炎_リザードンX_グッズ偏重_V3,0.6077,unchanged
286,闘_ガブルカ_究極_V6_アルティメット,0.3907,Out: ウソッキー / In: ゼニガメじょうろ (Parent: 12/50 -> Mutant: 21/50)
286,鋼_メルルギア_安定_V1,0.4082,unchanged
286,草_フシギバナ_グッズ偏重_V3,0.7187,unchanged
286,鋼_メルルギア_究極_V6_アルティメット,0.5983,Out: モノマネむすめ / In: ナットレイ (Parent: 30/50 -> Mutant: 34/50)
286,龍悪_ギラダク_究極_V6_アルティメット,0.6475,unchanged
286,超_ミュウツー_究極_V6_アルティメット,0.5510,unchanged
286,超_ゲンガー_安定_V1,0.3907,Out: リーフマント / In: グリーン (Parent: 34/50 -> Mutant: 37/50)
286,闘_ガブルカ_安定_V1,0.5497,unchanged
286,雷_ピカチュウ_グッズ偏重_V3,0.4883,Out: ハイキングコース / In: エレザード (Parent: 24/50 -> Mutant: 29/50)
286,雷_ピカチュウ_究極_V6_アルティメット,0.5545,unchanged
286,炎_リザードンX_究極_V6_アルティメット,0.4289,Out: バシャーモ / In: セレナ (Parent: 31/50 -> Mutant: 37/50)
286,超_ミュウツー_グッズ偏重_V3,0.2832,Out: ピクシー / In: ガラルサニゴーン (Parent: 38/50 -> Mutant: 44/50)
286,水_スターミー_安定_V1,0.2991,unchanged
286,龍悪_ギラダク_グッズ偏重_V3,0.5760,Out: テーブルシティ / In: テーブルシティ (Parent: 34/50 -> Mutant: 43/50)
286,雷_ピカチュウ_安定_V1,0.6015,Out: イリマ / In: グラジオ (Parent: 22/50 -> Mutant: 31/50)
286,草_フシギバナ_安定_V1,0.5473,Out: エレキコード / In: キョウ (Parent: 20/50 -> Mutant: 25/50)
286,草_フシギバナ_究極_V6_アルティメット,0.6107,unchanged
286,龍悪_ギラダク_安定_V1,0.5797,unchanged
286,超_ゲンガー_究極_V6_アルティメット,0.6616,Out: シルバー / In: ヘビーメット (Parent: 40/50 -> Mutant: 43/50)
286,闘_ガブルカ_グッズ偏重_V3,0.3272,Out: オーガポンいしずえのめん / In: イワーク (Parent: 20/50 -> Mutant: 22/50)
286,超_ミュウツー_安定_V1,0.4965,unchanged
286,鋼_メルルギア_グッズ偏重_V3,0.3313,unchanged
286,炎_リザードンX_グッズ偏重_V3,0.6078,unchanged
286,炎_リザードンX_安定_V1,0.5743,Out: まもりのポンチョ / In: モウカザル (Parent: 20/50 -> Mutant: 24/50)
286,超_ゲンガー_グッズ偏重_V3,0.2388,Out: ヤドキング / In: デスカーン (Parent: 18/50 -> Mutant: 24/50)
286,水_スターミー_究極_V6_アルティメット,0.5874,unchanged
286,水_スターミー_グッズ偏重_V3,0.4513,unchanged
287,草_フシギバナ_グッズ偏重_V3,0.7192,unchanged
287,炎_リザードンX_安定_V1,0.5741,unchanged
287,龍悪_ギラダク_グッズ偏重_V3,0.5766,unchanged
287,超_ゲンガー_究極_V6_アルティメット,0.6619,unchanged
287,水_スターミー_究極_V6_アルティメット,0.5870,Out: フィオネ / In: カメックス (Parent: 23/50 -> Mutant: 28/50)
287,水_スターミー_安定_V1,0.2996,Out: カジリガメ / In: カマスジョー (Parent: 17/50 -> Mutant: 20/50)
287,炎_リザードンX_グッズ偏重_V3,0.6085,Out: アカギ / In: ハラ (Parent: 40/50 -> Mutant: 46/50)
287,闘_ガブルカ_グッズ偏重_V3,0.3273,unchanged
287,炎_リザードンX_究極_V6_アルティメット,0.4292,Out: パルデアケンタロス / In: ヒートロトム (Parent: 19/50 -> Mutant: 30/50)
287,鋼_メルルギア_グッズ偏重_V3,0.3316,unchanged
287,超_ミュウツー_グッズ偏重_V3,0.2846,unchanged
287,闘_ガブルカ_安定_V1,0.5503,unchanged
287,超_ゲンガー_安定_V1,0.3912,unchanged
287,雷_ピカチュウ_安定_V1,0.6009,unchanged
287,龍悪_ギラダク_安定_V1,0.5798,unchanged
287,超_ミュウツー_安定_V1,0.4964,unchanged
287,雷_ピカチュウ_究極_V6_アルティメット,0.5542,unchanged
287,闘_ガブルカ_究極_V6_アルティメット,0.3901,unchanged
287,鋼_メルルギア_安定_V1,0.4080,Out: モトトカゲ / In: エレキジェネレーター (Parent: 21/50 -> Mutant: 26/50)
287,龍悪_ギラダク_究極_V6_アルティメット,0.6473,Out: サカキ / In: カイリュー (Parent: 41/50 -> Mutant: 45/50)
287,草_フシギバナ_究極_V6_アルティメット,0.6101,unchanged
287,鋼_メルルギア_究極_V6_アルティメット,0.5976,unchanged
287,雷_ピカチュウ_グッズ偏重_V3,0.4876,unchanged
287,水_スターミー_グッズ偏重_V3,0.4510,Out: カマスジョー / In: シトロンのリュック (Parent: 31/50 -> Mutant: 34/50)
287,超_ゲンガー_グッズ偏重_V3,0.2388,unchanged
287,超_ミュウツー_究極_V6_アルティメット,0.5507,unchanged
287,草_フシギバナ_安定_V1,0.5462,Out: たべのこし / In: ワナイダー (Parent: 23/50 -> Mutant: 27/50)
288,水_スターミー_究極_V6_アルティメット,0.5868,unchanged
288,鋼_メルルギア_究極_V6_アルティメット,0.5977,unchanged
288,草_フシギバナ_安定_V1,0.5461,unchanged
288,闘_ガブルカ_グッズ偏重_V3,0.3276,Out: ゴローン / In: ダグトリオ (Parent: 19/50 -> Mutant: 24/50)
288,鋼_メルルギア_安定_V1,0.4081,Out: リングマ / In: マツバ (Parent: 29/50 -> Mutant: 33/50)
288,龍悪_ギラダク_安定_V1,0.5805,unchanged
288,闘_ガブルカ_安定_V1,0.5510,unchanged
288,超_ゲンガー_グッズ偏重_V3,0.2395,Out: ギラティナex / In: ミュウex (Parent: 21/50 -> Mutant: 28/50)
288,龍悪_ギラダク_究極_V6_アルティメット,0.6474,unchanged
288,超_ミュウツー_グッズ偏重_V3,0.2863,unchanged
288,超_ゲンガー_究極_V6_アルティメット,0.6618,unchanged
288,鋼_メルルギア_グッズ偏重_V3,0.3318,unchanged
288,雷_ピカチュウ_グッズ偏重_V3,0.4872,unchanged
288,超_ミュウツー_安定_V1,0.4962,Out: ミカン / In: オーベム (Parent: 31/50 -> Mutant: 33/50)
288,草_フシギバナ_究極_V6_アルティメット,0.6100,unchanged
288,水_スターミー_グッズ偏重_V3,0.4511,Out: メガヤドランex / In: ヘイガニ (Parent: 24/50 -> Mutant: 26/50)
288,龍悪_ギラダク_グッズ偏重_V3,0.5765,unchanged
288,超_ゲンガー_安定_V1,0.3915,unchanged
288,雷_ピカチュウ_究極_V6_アルティメット,0.5539,unchanged
288,炎_リザードンX_グッズ偏重_V3,0.6086,unchanged
288,草_フシギバナ_グッズ偏重_V3,0.7189,unchanged
288,雷_ピカチュウ_安定_V1,0.6000,Out: そうじゅくエキス / In: ナツメ (Parent: 29/50 -> Mutant: 32/50)
288,炎_リザードンX_究極_V6_アルティメット,0.4290,unchanged
288,超_ミュウツー_究極_V6_アルティメット,0.5505,unchanged
288,闘_ガブルカ_究極_V6_アルティメット,0.3894,unchanged
288,水_スターミー_安定_V1,0.2994,Out: ドククラゲ / In: おさかなネット (Parent: 15/50 -> Mutant: 22/50)
288,炎_リザードンX_安定_V1,0.5731,unchanged
289,闘_ガブルカ_グッズ偏重_V3,0.3277,unchanged
289,水_スターミー_グッズ偏重_V3,0.4512,unchanged
289,雷_ピカチュウ_究極_V6_アルティメット,0.5541,unchanged
289,雷_ピカチュウ_安定_V1,0.5998,Out: セレナ / In: セキ (Parent: 23/50 -> Mutant: 28/50)
289,炎_リザードンX_究極_V6_アルティメット,0.4294,unchanged
289,草_フシギバナ_安定_V1,0.5460,Out: カイロス / In: マツバ (Parent: 26/50 -> Mutant: 35/50)
289,炎_リザードンX_グッズ偏重_V3,0.6094,Out: デンジ / In: ウルガモス (Parent: 46/50 -> Mutant: 49/50)
289,水_スターミー_安定_V1,0.2997,unchanged
289,草_フシギバナ_究極_V6_アルティメット,0.6104,unchanged
289,雷_ピカチュウ_グッズ偏重_V3,0.4870,unchanged
289,草_フシギバナ_グッズ偏重_V3,0.7191,unchanged
289,龍悪_ギラダク_安定_V1,0.5808,unchanged
289,闘_ガブルカ_安定_V1,0.5514,unchanged
289,鋼_メルルギア_安定_V1,0.4079,unchanged
289,超_ゲンガー_究極_V6_アルティメット,0.6615,Out: カンナギタウンの長老 / In: ココロモリ (Parent: 34/50 -> Mutant: 37/50)
289,鋼_メルルギア_究極_V6_アルティメット,0.5972,Out: スイレン / In: ケッキング (Parent: 32/50 -> Mutant: 37/50)
289,超_ミュウツー_安定_V1,0.4960,Out: セキ / In: イエッサンex (Parent: 33/50 -> Mutant: 40/50)
289,鋼_メルルギア_グッズ偏重_V3,0.3319,unchanged
289,超_ゲンガー_安定_V1,0.3919,Out: ラムのみ / In: カルネ (Parent: 27/50 -> Mutant: 33/50)
289,龍悪_ギラダク_グッズ偏重_V3,0.5764,unchanged
289,炎_リザードンX_安定_V1,0.5722,unchanged
289,闘_ガブルカ_究極_V6_アルティメット,0.3888,unchanged
289,超_ミュウツー_グッズ偏重_V3,0.2873,Out: パンプジン / In: ニンフィア (Parent: 41/50 -> Mutant: 44/50)
289,龍悪_ギラダク_究極_V6_アルティメット,0.6471,unchanged
289,超_ゲンガー_グッズ偏重_V3,0.2396,Out: サーナイト / In: フーディン (Parent: 20/50 -> Mutant: 26/50)
289,超_ミュウツー_究極_V6_アルティメット,0.5503,unchanged
289,水_スターミー_究極_V6_アルティメット,0.5858,Out: ゲッコウガ / In: ヒヤップ (Parent: 22/50 -> Mutant: 28/50)
290,水_スターミー_安定_V1,0.3004,Out: カムカメ / In: モスノウ (Parent: 27/50 -> Mutant: 33/50)
290,炎_リザードンX_究極_V6_アルティメット,0.4299,Out: ロコン / In: ナツメ (Parent: 31/50 -> Mutant: 33/50)
290,炎_リザードンX_グッズ偏重_V3,0.6102,unchanged
290,龍悪_ギラダク_グッズ偏重_V3,0.5769,unchanged
290,闘_ガブルカ_グッズ偏重_V3,0.3279,unchanged
290,超_ミュウツー_安定_V1,0.4965,Out: カイ / In: シトロン (Parent: 30/50 -> Mutant: 34/50)
290,龍悪_ギラダク_安定_V1,0.5814,unchanged
290,鋼_メルルギア_究極_V6_アルティメット,0.5970,unchanged
290,超_ミュウツー_究極_V6_アルティメット,0.5508,unchanged
290,闘_ガブルカ_究極_V6_アルティメット,0.3884,Out: ヨーギラス / In: アセロラ (Parent: 18/50 -> Mutant: 20/50)
290,炎_リザードンX_安定_V1,0.5719,Out: セキ / In: どくバリ (Parent: 27/50 -> Mutant: 29/50)
290,雷_ピカチュウ_安定_V1,0.5992,unchanged
290,水_スターミー_究極_V6_アルティメット,0.5853,Out: ラプラスex / In: ポッタイシ (Parent: 27/50 -> Mutant: 29/50)
290,闘_ガブルカ_安定_V1,0.5518,unchanged
290,草_フシギバナ_安定_V1,0.5455,Out: ギンガ団のしたっぱ / In: ヒカリ (Parent: 24/50 -> Mutant: 28/50)
290,雷_ピカチュウ_グッズ偏重_V3,0.4865,unchanged
290,水_スターミー_グッズ偏重_V3,0.4509,Out: トリトドン / In: まもりのポンチョ (Parent: 25/50 -> Mutant: 27/50)
290,草_フシギバナ_グッズ偏重_V3,0.7191,unchanged
290,龍悪_ギラダク_究極_V6_アルティメット,0.6469,Out: ルザミーネ / In: ニドクイン (Parent: 38/50 -> Mutant: 41/50)
290,鋼_メルルギア_安定_V1,0.4077,unchanged
290,超_ゲンガー_安定_V1,0.3920,unchanged
290,超_ゲンガー_グッズ偏重_V3,0.2398,unchanged
290,雷_ピカチュウ_究極_V6_アルティメット,0.5536,unchanged
290,鋼_メルルギア_グッズ偏重_V3,0.3317,unchanged
290,超_ゲンガー_究極_V6_アルティメット,0.6607,unchanged
290,草_フシギバナ_究極_V6_アルティメット,0.6097,unchanged
290,超_ミュウツー_グッズ偏重_V3,0.2883,unchanged
291,水_スターミー_究極_V6_アルティメット,0.5850,unchanged
291,龍悪_ギラダク_究極_V6_アルティメット,0.6475,unchanged
291,龍悪_ギラダク_安定_V1,0.5820,unchanged
291,草_フシギバナ_究極_V6_アルティメット,0.6102,Out: レスキュースカーフ / In: ジュン (Parent: 40/50 -> Mutant: 44/50)
291,炎_リザードンX_グッズ偏重_V3,0.6108,Out: リザード / In: 旅の行商人 (Parent: 41/50 -> Mutant: 44/50)
291,龍悪_ギラダク_グッズ偏重_V3,0.5772,unchanged
291,超_ミュウツー_グッズ偏重_V3,0.2899,Out: ポケモン通信 / In: カイ (Parent: 40/50 -> Mutant: 42/50)
291,炎_リザードンX_安定_V1,0.5716,unchanged
291,雷_ピカチュウ_安定_V1,0.5989,Out: マオ / In: ライチュウ (Parent: 21/50 -> Mutant: 24/50)
291,闘_ガブルカ_究極_V6_アルティメット,0.3882,unchanged
291,闘_ガブルカ_グッズ偏重_V3,0.3279,Out: 旅の行商人 / In: スター団のしたっぱ (Parent: 23/50 -> Mutant: 29/50)
291,鋼_メルルギア_安定_V1,0.4077,unchanged
291,超_ゲンガー_安定_V1,0.3924,unchanged
291,超_ミュウツー_究極_V6_アルティメット,0.5510,unchanged
291,闘_ガブルカ_安定_V1,0.5521,unchanged
291,炎_リザードンX_究極_V6_アルティメット,0.4301,unchanged
291,超_ミュウツー_安定_V1,0.4964,unchanged
291,鋼_メルルギア_グッズ偏重_V3,0.3317,unchanged
291,草_フシギバナ_安定_V1,0.5450,unchanged
291,水_スターミー_グッズ偏重_V3,0.4505,unchanged
291,雷_ピカチュウ_グッズ偏重_V3,0.4859,Out: いたずらルーレット / In: トレーニングエリア (Parent: 26/50 -> Mutant: 28/50)
291,草_フシギバナ_グッズ偏重_V3,0.7188,unchanged
291,鋼_メルルギア_究極_V6_アルティメット,0.5963,Out: ポケモン図鑑 / In: カミツルギ (Parent: 30/50 -> Mutant: 32/50)
291,超_ゲンガー_グッズ偏重_V3,0.2400,Out: ビーストウォール / In: ピッピ (Parent: 16/50 -> Mutant: 23/50)
291,超_ゲンガー_究極_V6_アルティメット,0.6599,Out: フラージェス / In: シルバー (Parent: 36/50 -> Mutant: 39/50)
291,雷_ピカチュウ_究極_V6_アルティメット,0.5529,Out: マルマイン / In: ゼラオラ (Parent: 31/50 -> Mutant: 38/50)
291,水_スターミー_安定_V1,0.3001,unchanged
292,龍悪_ギラダク_究極_V6_アルティメット,0.6480,unchanged
292,超_ミュウツー_グッズ偏重_V3,0.2917,Out: ミュウex / In: ふしぎなアメ (Parent: 37/50 -> Mutant: 39/50)
292,超_ゲンガー_安定_V1,0.3932,Out: カルネ / In: フワライド (Parent: 34/50 -> Mutant: 37/50)
292,炎_リザードンX_グッズ偏重_V3,0.6115,unchanged
292,闘_ガブルカ_究極_V6_アルティメット,0.3880,Out: マツバ / In: セレナ (Parent: 16/50 -> Mutant: 18/50)
292,鋼_メルルギア_究極_V6_アルティメット,0.5961,unchanged
292,龍悪_ギラダク_グッズ偏重_V3,0.5775,unchanged
292,草_フシギバナ_究極_V6_アルティメット,0.6106,unchanged
292,鋼_メルルギア_安定_V1,0.4078,Out: ブロロン / In: カルネ (Parent: 24/50 -> Mutant: 28/50)
292,水_スターミー_グッズ偏重_V3,0.4504,unchanged
292,龍悪_ギラダク_安定_V1,0.5823,unchanged
292,鋼_メルルギア_グッズ偏重_V3,0.3320,Out: ドーミラー / In: ディアルガex (Parent: 24/50 -> Mutant: 35/50)
292,雷_ピカチュウ_グッズ偏重_V3,0.4856,unchanged
292,闘_ガブルカ_グッズ偏重_V3,0.3280,Out: ルカリオ / In: チゴラス (Parent: 17/50 -> Mutant: 20/50)
292,超_ミュウツー_究極_V6_アルティメット,0.5511,unchanged
292,炎_リザードンX_究極_V6_アルティメット,0.4304,unchanged
292,雷_ピカチュウ_究極_V6_アルティメット,0.5525,Out: メンテナンス / In: おさかなネット (Parent: 34/50 -> Mutant: 36/50)
292,炎_リザードンX_安定_V1,0.5709,unchanged
292,雷_ピカチュウ_安定_V1,0.5981,Out: サカキ / In: ライコウex (Parent: 19/50 -> Mutant: 34/50)
292,闘_ガブルカ_安定_V1,0.5523,unchanged
292,水_スターミー_安定_V1,0.3001,unchanged
292,草_フシギバナ_安定_V1,0.5442,Out: デンジ / In: ボクレー (Parent: 28/50 -> Mutant: 31/50)
292,草_フシギバナ_グッズ偏重_V3,0.7185,unchanged
292,超_ゲンガー_究極_V6_アルティメット,0.6593,unchanged
292,水_スターミー_究極_V6_アルティメット,0.5839,Out: セレナ / In: ハギギシリ (Parent: 24/50 -> Mutant: 28/50)
292,超_ミュウツー_安定_V1,0.4962,unchanged
292,超_ゲンガー_グッズ偏重_V3,0.2398,unchanged
293,超_ミュウツー_安定_V1,0.4968,unchanged
293,龍悪_ギラダク_安定_V1,0.5830,unchanged
293,超_ゲンガー_究極_V6_アルティメット,0.6594,unchanged
293,超_ゲンガー_安定_V1,0.3941,unchanged
293,超_ミュウツー_グッズ偏重_V3,0.2928,unchanged
293,龍悪_ギラダク_究極_V6_アルティメット,0.6483,unchanged
293,鋼_メルルギア_安定_V1,0.4079,unchanged
293,雷_ピカチュウ_究極_V6_アルティメット,0.5525,unchanged
293,闘_ガブルカ_安定_V1,0.5529,unchanged
293,闘_ガブルカ_グッズ偏重_V3,0.3281,unchanged
293,水_スターミー_究極_V6_アルティメット,0.5832,unchanged
293,超_ゲンガー_グッズ偏重_V3,0.2403,Out: フーディン / In: ミミッキュex (Parent: 23/50 -> Mutant: 29/50)
293,炎_リザードンX_安定_V1,0.5704,unchanged
293,龍悪_ギラダク_グッズ偏重_V3,0.5775,unchanged
293,超_ミュウツー_究極_V6_アルティメット,0.5513,unchanged
293,鋼_メルルギア_グッズ偏重_V3,0.3327,Out: プテラ / In: ミミロップ (Parent: 35/50 -> Mutant: 38/50)
293,炎_リザードンX_グッズ偏重_V3,0.6119,Out: ウルガモス / In: キュウコン (Parent: 43/50 -> Mutant: 46/50)
293,鋼_メルルギア_究極_V6_アルティメット,0.5954,Out: ケッキング / In: サカキ (Parent: 28/50 -> Mutant: 31/50)
293,草_フシギバナ_安定_V1,0.5436,unchanged
293,水_スターミー_グッズ偏重_V3,0.4500,Out: ヘイガニ / In: ゲコガシラ (Parent: 20/50 -> Mutant: 28/50)
293,草_フシギバナ_究極_V6_アルティメット,0.6101,unchanged
293,雷_ピカチュウ_グッズ偏重_V3,0.4850,unchanged
293,炎_リザードンX_究極_V6_アルティメット,0.4304,unchanged
293,草_フシギバナ_グッズ偏重_V3,0.7180,Out: チェリム / In: シトロン (Parent: 39/50 -> Mutant: 42/50)
293,闘_ガブルカ_究極_V6_アルティメット,0.3873,unchanged
293,水_スターミー_安定_V1,0.2998,Out: どくバリ / In: きずぐすり (Parent: 21/50 -> Mutant: 23/50)
293,雷_ピカチュウ_安定_V1,0.5973,unchanged
294,雷_ピカチュウ_グッズ偏重_V3,0.4851,Out: ハイキングコース / In: テーブルシティ (Parent: 22/50 -> Mutant: 24/50)
294,超_ミュウツー_安定_V1,0.4973,unchanged
294,鋼_メルルギア_究極_V6_アルティメット,0.5952,Out: ハラ / In: オオタチ (Parent: 29/50 -> Mutant: 34/50)
294,龍悪_ギラダク_グッズ偏重_V3,0.5781,Out: ラッキーミトン / In: ボタン (Parent: 36/50 -> Mutant: 38/50)
294,超_ゲンガー_究極_V6_アルティメット,0.6596,unchanged
294,龍悪_ギラダク_究極_V6_アルティメット,0.6488,Out: ナツメ / In: まもりのポンチョ (Parent: 35/50 -> Mutant: 39/50)
294,超_ミュウツー_グッズ偏重_V3,0.2939,unchanged
294,草_フシギバナ_グッズ偏重_V3,0.7182,Out: フシギソウ / In: オーロット (Parent: 41/50 -> Mutant: 43/50)
294,水_スターミー_グッズ偏重_V3,0.4500,Out: バニプッチ / In: デリバード (Parent: 23/50 -> Mutant: 26/50)
294,水_スターミー_究極_V6_アルティメット,0.5825,unchanged
294,雷_ピカチュウ_安定_V1,0.5971,unchanged
294,水_スターミー_安定_V1,0.3000,unchanged
294,鋼_メルルギア_安定_V1,0.4080,Out: プテラ / In: シェイミ (Parent: 18/50 -> Mutant: 26/50)
294,龍悪_ギラダク_安定_V1,0.5831,unchanged
294,鋼_メルルギア_グッズ偏重_V3,0.3334,unchanged
294,炎_リザードンX_究極_V6_アルティメット,0.4307,unchanged
294,草_フシギバナ_安定_V1,0.5430,Out: ワナイダー / In: ルザミーネ (Parent: 27/50 -> Mutant: 31/50)
294,闘_ガブルカ_グッズ偏重_V3,0.3280,unchanged
294,炎_リザードンX_グッズ偏重_V3,0.6123,unchanged
294,闘_ガブルカ_安定_V1,0.5530,unchanged
294,炎_リザードンX_安定_V1,0.5696,unchanged
294,闘_ガブルカ_究極_V6_アルティメット,0.3866,unchanged
294,超_ゲンガー_グッズ偏重_V3,0.2403,unchanged
294,超_ミュウツー_究極_V6_アルティメット,0.5512,unchanged
294,雷_ピカチュウ_究極_V6_アルティメット,0.5518,Out: アローラライチュウ / In: ラクライ (Parent: 31/50 -> Mutant: 33/50)
294,超_ゲンガー_安定_V1,0.3941,unchanged
294,草_フシギバナ_究極_V6_アルティメット,0.6093,unchanged
295,雷_ピカチュウ_グッズ偏重_V3,0.4852,unchanged
295,水_スターミー_安定_V1,0.3004,unchanged
295,鋼_メルルギア_グッズ偏重_V3,0.3346,unchanged
295,闘_ガブルカ_究極_V6_アルティメット,0.3865,unchanged
295,龍悪_ギラダク_究極_V6_アルティメット,0.6493,unchanged
295,炎_リザードンX_安定_V1,0.5694,unchanged
295,水_スターミー_究極_V6_アルティメット,0.5820,unchanged
295,炎_リザードンX_グッズ偏重_V3,0.6130,unchanged
295,超_ゲンガー_安定_V1,0.3948,unchanged
295,龍悪_ギラダク_安定_V1,0.5834,unchanged
295,鋼_メルルギア_安定_V1,0.4080,unchanged
295,雷_ピカチュウ_究極_V6_アルティメット,0.5515,unchanged
295,龍悪_ギラダク_グッズ偏重_V3,0.5782,unchanged
295,草_フシギバナ_グッズ偏重_V3,0.7184,unchanged
295,鋼_メルルギア_究極_V6_アルティメット,0.5946,unchanged
295,超_ミュウツー_安定_V1,0.4974,unchanged
295,超_ゲンガー_グッズ偏重_V3,0.2409,unchanged
295,超_ミュウツー_グッズ偏重_V3,0.2944,unchanged
295,草_フシギバナ_安定_V1,0.5423,Out: ビークイン / In: カブルモ (Parent: 22/50 -> Mutant: 26/50)
295,草_フシギバナ_究極_V6_アルティメット,0.6090,Out: ラムのみ / In: エルフーンex (Parent: 38/50 -> Mutant: 44/50)
295,超_ミュウツー_究極_V6_アルティメット,0.5510,unchanged
295,闘_ガブルカ_安定_V1,0.5530,unchanged
295,超_ゲンガー_究極_V6_アルティメット,0.6590,Out: グリーン / In: ネモ (Parent: 31/50 -> Mutant: 33/50)
295,雷_ピカチュウ_安定_V1,0.5963,Out: カツラ / In: リーフ (Parent: 29/50 -> Mutant: 39/50)
295,闘_ガブルカ_グッズ偏重_V3,0.3276,unchanged
295,炎_リザードンX_究極_V6_アルティメット,0.4306,Out: こうらの化石 / In: メガバシャーモex (Parent: 30/50 -> Mutant: 38/50)
295,水_スターミー_グッズ偏重_V3,0.4495,unchanged
296,超_ゲンガー_安定_V1,0.3957,Out: そうじゅくエキス / In: カルム (Parent: 31/50 -> Mutant: 39/50)
296,雷_ピカチュウ_安定_V1,0.5963,unchanged
296,闘_ガブルカ_安定_V1,0.5538,unchanged
296,龍悪_ギラダク_グッズ偏重_V3,0.5787,unchanged
296,鋼_メルルギア_安定_V1,0.4080,unchanged
296,龍悪_ギラダク_究極_V6_アルティメット,0.6496,Out: 幻の石板 / In: レッド (Parent: 37/50 -> Mutant: 42/50)
296,草_フシギバナ_究極_V6_アルティメット,0.6094,unchanged
296,炎_リザードンX_グッズ偏重_V3,0.6136,unchanged
296,鋼_メルルギア_グッズ偏重_V3,0.3354,unchanged
296,超_ミュウツー_安定_V1,0.4977,unchanged
296,超_ミュウツー_究極_V6_アルティメット,0.5514,unchanged
296,超_ミュウツー_グッズ偏重_V3,0.2952,Out: トゲチック / In: ユンゲラー (Parent: 33/50 -> Mutant: 36/50)
296,超_ゲンガー_グッズ偏重_V3,0.2413,unchanged
296,雷_ピカチュウ_究極_V6_アルティメット,0.5510,unchanged
296,草_フシギバナ_グッズ偏重_V3,0.7182,Out: ワタッコex / In: ゴーゴート (Parent: 37/50 -> Mutant: 41/50)
296,水_スターミー_安定_V1,0.3005,Out: モノマネむすめ / In: ひみつのコハク (Parent: 23/50 -> Mutant: 28/50)
296,闘_ガブルカ_グッズ偏重_V3,0.3274,Out: ガラガラ / In: 釣り人 (Parent: 23/50 -> Mutant: 26/50)
296,水_スターミー_究極_V6_アルティメット,0.5810,unchanged
296,闘_ガブルカ_究極_V6_アルティメット,0.3860,unchanged
296,炎_リザードンX_安定_V1,0.5686,Out: シトロン / In: ナツメ (Parent: 24/50 -> Mutant: 26/50)
296,草_フシギバナ_安定_V1,0.5415,Out: ヘビーメット / In: ストライク (Parent: 21/50 -> Mutant: 26/50)
296,水_スターミー_グッズ偏重_V3,0.4491,Out: ドククラゲ / In: ハウ (Parent: 28/50 -> Mutant: 32/50)
296,超_ゲンガー_究極_V6_アルティメット,0.6585,unchanged
296,炎_リザードンX_究極_V6_アルティメット,0.4309,unchanged
296,鋼_メルルギア_究極_V6_アルティメット,0.5937,Out: メルメタル / In: ミミロップ (Parent: 29/50 -> Mutant: 33/50)
296,龍悪_ギラダク_安定_V1,0.5830,Out: ホイーガ / In: アセロラ (Parent: 43/50 -> Mutant: 47/50)
296,雷_ピカチュウ_グッズ偏重_V3,0.4844,Out: パチリス / In: ジバコイル (Parent: 26/50 -> Mutant: 28/50)
297,闘_ガブルカ_究極_V6_アルティメット,0.3857,Out: カイ / In: ハラ (Parent: 15/50 -> Mutant: 22/50)
297,龍悪_ギラダク_グッズ偏重_V3,0.5793,unchanged
297,雷_ピカチュウ_安定_V1,0.5964,unchanged
297,超_ゲンガー_グッズ偏重_V3,0.2422,unchanged
297,超_ミュウツー_安定_V1,0.4982,unchanged
297,雷_ピカチュウ_究極_V6_アルティメット,0.5509,unchanged
297,超_ミュウツー_グッズ偏重_V3,0.2963,unchanged
297,草_フシギバナ_グッズ偏重_V3,0.7184,Out: ゴーゴート / In: アゴの化石 (Parent: 40/50 -> Mutant: 42/50)
297,闘_ガブルカ_安定_V1,0.5544,unchanged
297,草_フシギバナ_究極_V6_アルティメット,0.6095,unchanged
297,水_スターミー_グッズ偏重_V3,0.4490,unchanged
297,闘_ガブルカ_グッズ偏重_V3,0.3275,Out: どくバリ / In: ペパー (Parent: 22/50 -> Mutant: 25/50)
297,超_ゲンガー_安定_V1,0.3961,Out: 博士の研究 / In: ヤミラミ (Parent: 29/50 -> Mutant: 33/50)
297,草_フシギバナ_安定_V1,0.5408,unchanged
297,炎_リザードンX_究極_V6_アルティメット,0.4315,unchanged
297,水_スターミー_究極_V6_アルティメット,0.5801,unchanged
297,鋼_メルルギア_グッズ偏重_V3,0.3360,unchanged
297,鋼_メルルギア_安定_V1,0.4077,unchanged
297,炎_リザードンX_グッズ偏重_V3,0.6140,unchanged
297,炎_リザードンX_安定_V1,0.5678,unchanged
297,水_スターミー_安定_V1,0.3005,unchanged
297,超_ミュウツー_究極_V6_アルティメット,0.5514,unchanged
297,雷_ピカチュウ_グッズ偏重_V3,0.4840,Out: オボンのみ / In: マルマイン (Parent: 23/50 -> Mutant: 25/50)
297,超_ゲンガー_究極_V6_アルティメット,0.6579,Out: クレセリアex / In: ヨノワール (Parent: 34/50 -> Mutant: 37/50)
297,龍悪_ギラダク_究極_V6_アルティメット,0.6493,unchanged
297,鋼_メルルギア_究極_V6_アルティメット,0.5927,Out: ナットレイ / In: プリン (Parent: 28/50 -> Mutant: 31/50)
297,龍悪_ギラダク_安定_V1,0.5824,unchanged
298,炎_リザードンX_安定_V1,0.5675,Out: おおきいマラサダ / In: モノマネむすめ (Parent: 22/50 -> Mutant: 24/50)
298,龍悪_ギラダク_安定_V1,0.5831,unchanged
298,闘_ガブルカ_究極_V6_アルティメット,0.3856,unchanged
298,水_スターミー_究極_V6_アルティメット,0.5798,Out: ロケット団のしたっぱ / In: カツラ (Parent: 26/50 -> Mutant: 29/50)
298,龍悪_ギラダク_究極_V6_アルティメット,0.6498,Out: ゾロアーク / In: ヒットハンマー (Parent: 36/50 -> Mutant: 38/50)
298,雷_ピカチュウ_究極_V6_アルティメット,0.5508,unchanged
298,闘_ガブルカ_グッズ偏重_V3,0.3276,unchanged
298,鋼_メルルギア_グッズ偏重_V3,0.3371,Out: ヤルキモノ / In: オオタチ (Parent: 37/50 -> Mutant: 39/50)
298,超_ゲンガー_安定_V1,0.3965,Out: エレキコード / In: フラベベ (Parent: 21/50 -> Mutant: 31/50)
298,闘_ガブルカ_安定_V1,0.5551,unchanged
298,水_スターミー_安定_V1,0.3008,unchanged
298,雷_ピカチュウ_グッズ偏重_V3,0.4839,Out: ジバコイル / In: やまおとこ (Parent: 28/50 -> Mutant: 31/50)
298,炎_リザードンX_グッズ偏重_V3,0.6144,unchanged
298,鋼_メルルギア_安定_V1,0.4076,Out: いたずらルーレット / In: ペルシアン (Parent: 23/50 -> Mutant: 26/50)
298,雷_ピカチュウ_安定_V1,0.5960,unchanged
298,超_ゲンガー_グッズ偏重_V3,0.2426,unchanged
298,水_スターミー_グッズ偏重_V3,0.4489,unchanged
298,草_フシギバナ_究極_V6_アルティメット,0.6094,unchanged
298,超_ゲンガー_究極_V6_アルティメット,0.6570,Out: フラージェス / In: メモリーライト (Parent: 38/50 -> Mutant: 40/50)
298,炎_リザードンX_究極_V6_アルティメット,0.4320,Out: ひみつのコハク / In: グレンアルマex (Parent: 31/50 -> Mutant: 37/50)
298,超_ミュウツー_安定_V1,0.4982,unchanged
298,草_フシギバナ_安定_V1,0.5401,unchanged
298,草_フシギバナ_グッズ偏重_V3,0.7181,unchanged
298,超_ミュウツー_究極_V6_アルティメット,0.5512,unchanged
298,超_ミュウツー_グッズ偏重_V3,0.2965,unchanged
298,鋼_メルルギア_究極_V6_アルティメット,0.5917,unchanged
298,龍悪_ギラダク_グッズ偏重_V3,0.5787,unchanged
299,雷_ピカチュウ_グッズ偏重_V3,0.4842,Out: エレザード / In: ヒレの化石 (Parent: 23/50 -> Mutant: 28/50)
299,炎_リザードンX_グッズ偏重_V3,0.6152,unchanged
299,鋼_メルルギア_グッズ偏重_V3,0.3384,unchanged
299,草_フシギバナ_グッズ偏重_V3,0.7185,unchanged
299,闘_ガブルカ_グッズ偏重_V3,0.3279,Out: ペパー / In: ドテッコツ (Parent: 18/50 -> Mutant: 21/50)
299,超_ミュウツー_安定_V1,0.4986,unchanged
299,水_スターミー_究極_V6_アルティメット,0.5792,unchanged
299,龍悪_ギラダク_究極_V6_アルティメット,0.6503,unchanged
299,鋼_メルルギア_安定_V1,0.4076,unchanged
299,超_ゲンガー_安定_V1,0.3968,unchanged
299,水_スターミー_グッズ偏重_V3,0.4489,unchanged
299,超_ゲンガー_究極_V6_アルティメット,0.6567,unchanged
299,雷_ピカチュウ_究極_V6_アルティメット,0.5504,unchanged
299,闘_ガブルカ_安定_V1,0.5554,unchanged
299,龍悪_ギラダク_安定_V1,0.5833,unchanged
299,超_ゲンガー_グッズ偏重_V3,0.2430,unchanged
299,超_ミュウツー_グッズ偏重_V3,0.2974,unchanged
299,鋼_メルルギア_究極_V6_アルティメット,0.5908,unchanged
299,水_スターミー_安定_V1,0.3011,unchanged
299,草_フシギバナ_究極_V6_アルティメット,0.6089,unchanged
299,炎_リザードンX_安定_V1,0.5667,unchanged
299,闘_ガブルカ_究極_V6_アルティメット,0.3850,unchanged
299,超_ミュウツー_究極_V6_アルティメット,0.5511,unchanged
299,雷_ピカチュウ_安定_V1,0.5954,Out: カルネ / In: エレザード (Parent: 36/50 -> Mutant: 39/50)
299,草_フシギバナ_安定_V1,0.5392,unchanged
299,龍悪_ギラダク_グッズ偏重_V3,0.5782,unchanged
299,炎_リザードンX_究極_V6_アルティメット,0.4320,Out: はじまりの平原 / In: エンニュート (Parent: 29/50 -> Mutant: 36/50)
300,水_スターミー_究極_V6_アルティメット,0.5789,unchanged
300,超_ゲンガー_安定_V1,0.3973,unchanged
300,雷_ピカチュウ_安定_V1,0.5954,unchanged
300,龍悪_ギラダク_安定_V1,0.5839,Out: ヌメルゴン / In: アセロラ (Parent: 41/50 -> Mutant: 45/50)
300,草_フシギバナ_安定_V1,0.5389,unchanged
300,炎_リザードンX_究極_V6_アルティメット,0.4330,unchanged
300,闘_ガブルカ_グッズ偏重_V3,0.3281,Out: オコリザル / In: ワンリキー (Parent: 17/50 -> Mutant: 20/50)
300,鋼_メルルギア_安定_V1,0.4077,Out: イリマ / In: イリマ (Parent: 24/50 -> Mutant: 26/50)
300,超_ミュウツー_グッズ偏重_V3,0.2984,Out: レッド / In: サカキ (Parent: 39/50 -> Mutant: 41/50)
300,炎_リザードンX_安定_V1,0.5663,unchanged
300,草_フシギバナ_グッズ偏重_V3,0.7186,Out: ポケモンの笛 / In: オーロット (Parent: 38/50 -> Mutant: 44/50)
300,炎_リザードンX_グッズ偏重_V3,0.6158,unchanged
300,龍悪_ギラダク_グッズ偏重_V3,0.5783,unchanged
300,超_ミュウツー_安定_V1,0.4988,unchanged
300,雷_ピカチュウ_グッズ偏重_V3,0.4840,unchanged
300,超_ゲンガー_究極_V6_アルティメット,0.6560,unchanged
300,鋼_メルルギア_究極_V6_アルティメット,0.5902,unchanged
300,闘_ガブルカ_究極_V6_アルティメット,0.3845,unchanged
300,水_スターミー_グッズ偏重_V3,0.4485,unchanged
300,鋼_メルルギア_グッズ偏重_V3,0.3389,unchanged
300,超_ゲンガー_グッズ偏重_V3,0.2433,Out: ピッピ / In: ギンガ団のしたっぱ (Parent: 27/50 -> Mutant: 34/50)
300,草_フシギバナ_究極_V6_アルティメット,0.6086,unchanged
300,闘_ガブルカ_安定_V1,0.5554,unchanged
300,雷_ピカチュウ_究極_V6_アルティメット,0.5497,unchanged
300,龍悪_ギラダク_究極_V6_アルティメット,0.6498,unchanged
300,水_スターミー_安定_V1,0.3009,unchanged
300,超_ミュウツー_究極_V6_アルティメット,0.5508,unchanged
