gen,arch,wr,mutation
1,雷_ピカチュウ_グッズ偏重_V3,0.6846,unchanged
1,超_ゲンガー_安定_V1,0.5865,unchanged
1,超_ミュウツー_究極_V6_アルティメット,0.7538,unchanged
1,草_フシギバナ_グッズ偏重_V3,0.6500,unchanged
1,超_ゲンガー_究極_V6_アルティメット,0.6385,unchanged
1,龍悪_ギラダク_グッズ偏重_V3,0.7500,Out: おさかなネット / In: ゴルバット (Parent: 37/50 -> Mutant: 40/50)
1,炎_リザードンX_安定_V1,0.5654,unchanged
1,雷_ピカチュウ_究極_V6_アルティメット,0.6404,unchanged
1,草_フシギバナ_究極_V6_アルティメット,0.5981,Out: メンテナンス / In: マッシブーンex (Parent: 36/50 -> Mutant: 41/50)
1,水_スターミー_グッズ偏重_V3,0.5000,unchanged
1,龍悪_ギラダク_安定_V1,0.6231,unchanged
1,鋼_メルルギア_安定_V1,0.4750,unchanged
1,闘_ガブルカ_グッズ偏重_V3,0.3096,Out: ウォーターボート / In: シトロンのリュック (Parent: 11/50 -> Mutant: 22/50)
1,炎_リザードンX_究極_V6_アルティメット,0.6558,unchanged
1,超_ミュウツー_グッズ偏重_V3,0.6173,unchanged
1,雷_ピカチュウ_安定_V1,0.4904,unchanged
1,水_スターミー_究極_V6_アルティメット,0.4000,unchanged
1,鋼_メルルギア_究極_V6_アルティメット,0.3577,unchanged
1,草_フシギバナ_安定_V1,0.4788,unchanged
1,超_ゲンガー_グッズ偏重_V3,0.1192,unchanged
1,闘_ガブルカ_安定_V1,0.3231,unchanged
1,超_ミュウツー_安定_V1,0.3327,unchanged
1,龍悪_ギラダク_究極_V6_アルティメット,0.5327,unchanged
1,鋼_メルルギア_グッズ偏重_V3,0.4923,unchanged
1,炎_リザードンX_グッズ偏重_V3,0.2462,Out: アセロラ / In: リザード (Parent: 15/50 -> Mutant: 23/50)
1,闘_ガブルカ_究極_V6_アルティメット,0.1865,Out: サイドン / In: ガメノデス (Parent: 20/50 -> Mutant: 26/50)
1,水_スターミー_安定_V1,0.4923,Out: カマスジョー / In: アローラサンドパン (Parent: 38/50 -> Mutant: 41/50)
2,草_フシギバナ_安定_V1,0.5452,unchanged
2,超_ゲンガー_安定_V1,0.5971,Out: 旅の行商人 / In: ビーストウォール (Parent: 18/50 -> Mutant: 22/50)
2,雷_ピカチュウ_究極_V6_アルティメット,0.6529,Out: ライチュウex / In: テーブルシティ (Parent: 32/50 -> Mutant: 35/50)
2,超_ゲンガー_グッズ偏重_V3,0.1365,unchanged
2,超_ミュウツー_安定_V1,0.4231,Out: ブーピッグ / In: スピーダー (Parent: 25/50 -> Mutant: 29/50)
2,闘_ガブルカ_安定_V1,0.4298,unchanged
2,水_スターミー_究極_V6_アルティメット,0.4538,unchanged
2,超_ミュウツー_グッズ偏重_V3,0.6558,Out: ラルトス / In: ペパー (Parent: 37/50 -> Mutant: 47/50)
2,闘_ガブルカ_グッズ偏重_V3,0.3413,Out: ルカリオex / In: アイリス (Parent: 24/50 -> Mutant: 28/50)
2,龍悪_ギラダク_究極_V6_アルティメット,0.6183,Out: アゴの化石 / In: ダストダス (Parent: 33/50 -> Mutant: 37/50)
2,炎_リザードンX_究極_V6_アルティメット,0.6452,Out: アカギ / In: コータス (Parent: 33/50 -> Mutant: 39/50)
2,草_フシギバナ_グッズ偏重_V3,0.6154,Out: ヒマナッツ / In: ラフレシア (Parent: 31/50 -> Mutant: 37/50)
2,超_ミュウツー_究極_V6_アルティメット,0.6971,unchanged
2,龍悪_ギラダク_安定_V1,0.6010,unchanged
2,鋼_メルルギア_安定_V1,0.4442,unchanged
2,雷_ピカチュウ_安定_V1,0.5269,unchanged
2,水_スターミー_グッズ偏重_V3,0.4538,Out: カスミ / In: シルバー (Parent: 28/50 -> Mutant: 30/50)
2,炎_リザードンX_安定_V1,0.5356,Out: ダークペンダント / In: ガーディ (Parent: 35/50 -> Mutant: 38/50)
2,超_ゲンガー_究極_V6_アルティメット,0.6038,unchanged
2,草_フシギバナ_究極_V6_アルティメット,0.5519,Out: デンジ / In: フシギバナ (Parent: 38/50 -> Mutant: 40/50)
2,鋼_メルルギア_グッズ偏重_V3,0.5221,unchanged
2,雷_ピカチュウ_グッズ偏重_V3,0.5635,unchanged
2,鋼_メルルギア_究極_V6_アルティメット,0.3317,Out: ヌイコグマ / In: カビゴンex (Parent: 26/50 -> Mutant: 36/50)
2,水_スターミー_安定_V1,0.5192,Out: スターミーex / In: ナマコブシ (Parent: 35/50 -> Mutant: 38/50)
2,龍悪_ギラダク_グッズ偏重_V3,0.6192,unchanged
2,闘_ガブルカ_究極_V6_アルティメット,0.1702,unchanged
2,炎_リザードンX_グッズ偏重_V3,0.2452,unchanged
3,龍悪_ギラダク_グッズ偏重_V3,0.6731,Out: ダークライex / In: ゴロンダ (Parent: 36/50 -> Mutant: 39/50)
3,龍悪_ギラダク_安定_V1,0.6314,unchanged
3,闘_ガブルカ_究極_V6_アルティメット,0.2385,unchanged
3,雷_ピカチュウ_安定_V1,0.5583,unchanged
3,炎_リザードンX_究極_V6_アルティメット,0.6590,Out: グズマ / In: ウインディ (Parent: 33/50 -> Mutant: 40/50)
3,超_ミュウツー_グッズ偏重_V3,0.7160,Out: カスミ / In: ココロモリ (Parent: 42/50 -> Mutant: 44/50)
3,水_スターミー_究極_V6_アルティメット,0.4564,Out: アリゲイツ / In: ラプラス (Parent: 29/50 -> Mutant: 33/50)
3,鋼_メルルギア_グッズ偏重_V3,0.5776,Out: きずぐすり / In: カスミ (Parent: 36/50 -> Mutant: 39/50)
3,超_ミュウツー_安定_V1,0.4353,unchanged
3,龍悪_ギラダク_究極_V6_アルティメット,0.6276,unchanged
3,超_ミュウツー_究極_V6_アルティメット,0.6897,unchanged
3,草_フシギバナ_グッズ偏重_V3,0.6276,Out: おさかなネット / In: リーフィア (Parent: 32/50 -> Mutant: 39/50)
3,雷_ピカチュウ_グッズ偏重_V3,0.5417,unchanged
3,草_フシギバナ_究極_V6_アルティメット,0.5731,Out: エリカ / In: オーロット (Parent: 35/50 -> Mutant: 41/50)
3,水_スターミー_グッズ偏重_V3,0.4397,Out: フィオネ / In: グレイシアex (Parent: 25/50 -> Mutant: 31/50)
3,雷_ピカチュウ_究極_V6_アルティメット,0.6071,unchanged
3,鋼_メルルギア_安定_V1,0.4160,unchanged
3,闘_ガブルカ_グッズ偏重_V3,0.3128,Out: オボンのみ / In: オボンのみ (Parent: 13/50 -> Mutant: 17/50)
3,闘_ガブルカ_安定_V1,0.3962,unchanged
3,草_フシギバナ_安定_V1,0.5115,Out: アセロラ / In: モンジャラ (Parent: 27/50 -> Mutant: 31/50)
3,鋼_メルルギア_究極_V6_アルティメット,0.3603,unchanged
3,炎_リザードンX_グッズ偏重_V3,0.2442,unchanged
3,超_ゲンガー_グッズ偏重_V3,0.1128,unchanged
3,超_ゲンガー_究極_V6_アルティメット,0.5686,unchanged
3,水_スターミー_安定_V1,0.5096,unchanged
3,炎_リザードンX_安定_V1,0.4878,unchanged
3,超_ゲンガー_安定_V1,0.5282,unchanged
4,闘_ガブルカ_安定_V1,0.4433,unchanged
4,龍悪_ギラダク_安定_V1,0.6428,Out: おさかなネット / In: ハルカ (Parent: 29/50 -> Mutant: 31/50)
4,闘_ガブルカ_グッズ偏重_V3,0.3293,unchanged
4,鋼_メルルギア_究極_V6_アルティメット,0.4279,unchanged
4,超_ミュウツー_究極_V6_アルティメット,0.7072,Out: リーフマント / In: ユンゲラー (Parent: 37/50 -> Mutant: 41/50)
4,雷_ピカチュウ_究極_V6_アルティメット,0.6091,Out: サンダーex / In: エレキジェネレーター (Parent: 26/50 -> Mutant: 32/50)
4,鋼_メルルギア_グッズ偏重_V3,0.6053,Out: ココドラ / In: ハーデリア (Parent: 33/50 -> Mutant: 47/50)
4,水_スターミー_安定_V1,0.5519,unchanged
4,雷_ピカチュウ_安定_V1,0.5678,unchanged
4,水_スターミー_究極_V6_アルティメット,0.4543,unchanged
4,草_フシギバナ_究極_V6_アルティメット,0.5793,unchanged
4,龍悪_ギラダク_究極_V6_アルティメット,0.6226,unchanged
4,超_ミュウツー_グッズ偏重_V3,0.7240,unchanged
4,超_ゲンガー_究極_V6_アルティメット,0.5764,unchanged
4,草_フシギバナ_安定_V1,0.5043,Out: タマンチュラ / In: パラセクト (Parent: 28/50 -> Mutant: 32/50)
4,鋼_メルルギア_安定_V1,0.4154,unchanged
4,超_ミュウツー_安定_V1,0.4058,Out: ゴース / In: シトロンのリュック (Parent: 13/50 -> Mutant: 22/50)
4,超_ゲンガー_グッズ偏重_V3,0.1077,unchanged
4,炎_リザードンX_究極_V6_アルティメット,0.6404,Out: ふしぎな広場 / In: コータス (Parent: 28/50 -> Mutant: 35/50)
4,炎_リザードンX_安定_V1,0.4764,Out: ガーディ / In: ヒードラン (Parent: 29/50 -> Mutant: 35/50)
4,草_フシギバナ_グッズ偏重_V3,0.6197,unchanged
4,雷_ピカチュウ_グッズ偏重_V3,0.5038,Out: アローラライチュウex / In: ピカチュウ (Parent: 32/50 -> Mutant: 34/50)
4,龍悪_ギラダク_グッズ偏重_V3,0.6087,unchanged
4,炎_リザードンX_グッズ偏重_V3,0.2442,Out: ヒノアラシ / In: きずぐすり (Parent: 23/50 -> Mutant: 29/50)
4,超_ゲンガー_安定_V1,0.4933,unchanged
4,水_スターミー_グッズ偏重_V3,0.4183,Out: スターミーex / In: ニョロボン (Parent: 26/50 -> Mutant: 39/50)
4,闘_ガブルカ_究極_V6_アルティメット,0.2207,unchanged
5,闘_ガブルカ_安定_V1,0.4615,unchanged
5,炎_リザードンX_グッズ偏重_V3,0.2862,Out: ダークペンダント / In: カイ (Parent: 26/50 -> Mutant: 28/50)
5,超_ミュウツー_グッズ偏重_V3,0.7546,Out: シルバー / In: ポケモン図鑑 (Parent: 37/50 -> Mutant: 42/50)
5,草_フシギバナ_安定_V1,0.5246,unchanged
5,龍悪_ギラダク_究極_V6_アルティメット,0.6431,Out: いじわるレター / In: ジャラランガ (Parent: 38/50 -> Mutant: 45/50)
5,鋼_メルルギア_グッズ偏重_V3,0.6492,Out: メガハッサムex / In: オボンのみ (Parent: 42/50 -> Mutant: 44/50)
5,草_フシギバナ_究極_V6_アルティメット,0.5973,unchanged
5,龍悪_ギラダク_グッズ偏重_V3,0.6169,unchanged
5,水_スターミー_究極_V6_アルティメット,0.4596,Out: トリトドン / In: メリッサ (Parent: 23/50 -> Mutant: 29/50)
5,水_スターミー_グッズ偏重_V3,0.4392,unchanged
5,闘_ガブルカ_究極_V6_アルティメット,0.2354,unchanged
5,龍悪_ギラダク_安定_V1,0.6246,unchanged
5,炎_リザードンX_安定_V1,0.4796,unchanged
5,水_スターミー_安定_V1,0.5631,unchanged
5,雷_ピカチュウ_グッズ偏重_V3,0.4923,unchanged
5,超_ミュウツー_究極_V6_アルティメット,0.6827,unchanged
5,雷_ピカチュウ_安定_V1,0.5573,unchanged
5,超_ゲンガー_グッズ偏重_V3,0.1081,unchanged
5,超_ゲンガー_究極_V6_アルティメット,0.5727,unchanged
5,雷_ピカチュウ_究極_V6_アルティメット,0.5604,unchanged
5,炎_リザードンX_究極_V6_アルティメット,0.6204,unchanged
5,鋼_メルルギア_究極_V6_アルティメット,0.4308,Out: ルギアex / In: フレイムパッチ (Parent: 34/50 -> Mutant: 36/50)
5,超_ゲンガー_安定_V1,0.4700,unchanged
5,闘_ガブルカ_グッズ偏重_V3,0.3058,Out: ルカリオex / In: カブトプス (Parent: 20/50 -> Mutant: 24/50)
5,鋼_メルルギア_安定_V1,0.3892,unchanged
5,超_ミュウツー_安定_V1,0.3669,unchanged
5,草_フシギバナ_グッズ偏重_V3,0.6085,unchanged
6,超_ゲンガー_究極_V6_アルティメット,0.5901,unchanged
6,雷_ピカチュウ_究極_V6_アルティメット,0.5667,unchanged
6,超_ミュウツー_安定_V1,0.3962,unchanged
6,草_フシギバナ_グッズ偏重_V3,0.6231,unchanged
6,超_ミュウツー_グッズ偏重_V3,0.7756,unchanged
6,炎_リザードンX_究極_V6_アルティメット,0.6397,unchanged
6,鋼_メルルギア_グッズ偏重_V3,0.6644,Out: マツバ / In: カツラ (Parent: 40/50 -> Mutant: 46/50)
6,鋼_メルルギア_安定_V1,0.4058,unchanged
6,雷_ピカチュウ_グッズ偏重_V3,0.4955,unchanged
6,龍悪_ギラダク_安定_V1,0.6170,unchanged
6,超_ミュウツー_究極_V6_アルティメット,0.6795,unchanged
6,炎_リザードンX_グッズ偏重_V3,0.2962,unchanged
6,闘_ガブルカ_安定_V1,0.4545,unchanged
6,龍悪_ギラダク_究極_V6_アルティメット,0.6401,Out: ふしぎなアメ / In: リーフ (Parent: 38/50 -> Mutant: 41/50)
6,闘_ガブルカ_究極_V6_アルティメット,0.2433,Out: ガメノデス / In: ルカリオex (Parent: 9/50 -> Mutant: 19/50)
6,草_フシギバナ_安定_V1,0.5244,unchanged
6,水_スターミー_究極_V6_アルティメット,0.4429,unchanged
6,龍悪_ギラダク_グッズ偏重_V3,0.6022,unchanged
6,鋼_メルルギア_究極_V6_アルティメット,0.4244,unchanged
6,水_スターミー_グッズ偏重_V3,0.4253,unchanged
6,炎_リザードンX_安定_V1,0.4766,unchanged
6,水_スターミー_安定_V1,0.5577,unchanged
6,超_ゲンガー_グッズ偏重_V3,0.1032,Out: まもりのポンチョ / In: ロトム (Parent: 6/50 -> Mutant: 11/50)
6,雷_ピカチュウ_安定_V1,0.5340,unchanged
6,闘_ガブルカ_グッズ偏重_V3,0.2840,unchanged
6,超_ゲンガー_安定_V1,0.4545,unchanged
6,草_フシギバナ_究極_V6_アルティメット,0.5833,Out: キャタピー / In: エリカ (Parent: 36/50 -> Mutant: 40/50)
7,水_スターミー_グッズ偏重_V3,0.4615,unchanged
7,龍悪_ギラダク_グッズ偏重_V3,0.6085,unchanged
7,超_ゲンガー_究極_V6_アルティメット,0.6030,unchanged
7,雷_ピカチュウ_グッズ偏重_V3,0.5085,unchanged
7,鋼_メルルギア_安定_V1,0.4239,Out: メルメタルex / In: デンジ (Parent: 27/50 -> Mutant: 36/50)
7,炎_リザードンX_究極_V6_アルティメット,0.6437,unchanged
7,鋼_メルルギア_究極_V6_アルティメット,0.4368,unchanged
7,水_スターミー_安定_V1,0.5728,unchanged
7,炎_リザードンX_グッズ偏重_V3,0.3126,unchanged
7,超_ゲンガー_グッズ偏重_V3,0.1074,Out: ゲンガーex / In: ガラルサニゴーン (Parent: 11/50 -> Mutant: 13/50)
7,闘_ガブルカ_安定_V1,0.4558,Out: 釣り人 / In: アサナン (Parent: 27/50 -> Mutant: 30/50)
7,鋼_メルルギア_グッズ偏重_V3,0.6632,unchanged
7,闘_ガブルカ_グッズ偏重_V3,0.2854,unchanged
7,水_スターミー_究極_V6_アルティメット,0.4313,unchanged
7,超_ゲンガー_安定_V1,0.4599,unchanged
7,雷_ピカチュウ_安定_V1,0.5349,unchanged
7,草_フシギバナ_究極_V6_アルティメット,0.5934,unchanged
7,草_フシギバナ_グッズ偏重_V3,0.6231,unchanged
7,超_ミュウツー_グッズ偏重_V3,0.7670,unchanged
7,龍悪_ギラダク_安定_V1,0.6025,unchanged
7,草_フシギバナ_安定_V1,0.5143,Out: ミノムッチ / In: アローラナッシー (Parent: 27/50 -> Mutant: 30/50)
7,超_ミュウツー_安定_V1,0.3794,unchanged
7,雷_ピカチュウ_究極_V6_アルティメット,0.5360,Out: レッドカード / In: ルクシオ (Parent: 28/50 -> Mutant: 31/50)
7,超_ミュウツー_究極_V6_アルティメット,0.6591,Out: たべのこし / In: キョウ (Parent: 37/50 -> Mutant: 41/50)
7,炎_リザードンX_安定_V1,0.4676,Out: ヒトカゲ / In: ビーストウォール (Parent: 29/50 -> Mutant: 39/50)
7,龍悪_ギラダク_究極_V6_アルティメット,0.6214,unchanged
7,闘_ガブルカ_究極_V6_アルティメット,0.2269,unchanged
8,炎_リザードンX_安定_V1,0.4952,unchanged
8,闘_ガブルカ_グッズ偏重_V3,0.2998,Out: ポケモン図鑑 / In: ルガルガン (Parent: 16/50 -> Mutant: 23/50)
8,草_フシギバナ_安定_V1,0.5288,unchanged
8,草_フシギバナ_究極_V6_アルティメット,0.6120,unchanged
8,龍悪_ギラダク_究極_V6_アルティメット,0.6373,unchanged
8,超_ゲンガー_グッズ偏重_V3,0.1154,unchanged
8,炎_リザードンX_究極_V6_アルティメット,0.6430,Out: どくバリ / In: キョウ (Parent: 35/50 -> Mutant: 40/50)
8,超_ミュウツー_安定_V1,0.3925,Out: こうらの化石 / In: フレフワン (Parent: 24/50 -> Mutant: 29/50)
8,雷_ピカチュウ_安定_V1,0.5442,unchanged
8,鋼_メルルギア_究極_V6_アルティメット,0.4493,unchanged
8,雷_ピカチュウ_究極_V6_アルティメット,0.5276,unchanged
8,超_ミュウツー_究極_V6_アルティメット,0.6613,unchanged
8,龍悪_ギラダク_グッズ偏重_V3,0.6048,unchanged
8,超_ゲンガー_究極_V6_アルティメット,0.5986,Out: ラティアス / In: ゴビット (Parent: 24/50 -> Mutant: 33/50)
8,鋼_メルルギア_安定_V1,0.4274,Out: レスキュースカーフ / In: ハンドスコープ (Parent: 26/50 -> Mutant: 28/50)
8,雷_ピカチュウ_グッズ偏重_V3,0.4971,unchanged
8,水_スターミー_究極_V6_アルティメット,0.4274,unchanged
8,水_スターミー_グッズ偏重_V3,0.4550,Out: かいの化石 / In: バイバニラ (Parent: 32/50 -> Mutant: 36/50)
8,闘_ガブルカ_安定_V1,0.4399,unchanged
8,龍悪_ギラダク_安定_V1,0.5861,unchanged
8,炎_リザードンX_グッズ偏重_V3,0.3101,Out: ガオガエンex / In: はじまりの平原 (Parent: 25/50 -> Mutant: 28/50)
8,鋼_メルルギア_グッズ偏重_V3,0.6454,unchanged
8,草_フシギバナ_グッズ偏重_V3,0.6207,unchanged
8,闘_ガブルカ_究極_V6_アルティメット,0.2197,Out: ラムのみ / In: ウリムー (Parent: 18/50 -> Mutant: 20/50)
8,超_ゲンガー_安定_V1,0.4488,unchanged
8,超_ミュウツー_グッズ偏重_V3,0.7517,Out: ペパー / In: ヨノワール (Parent: 42/50 -> Mutant: 45/50)
8,水_スターミー_安定_V1,0.5608,unchanged
9,超_ミュウツー_安定_V1,0.4088,Out: ラルトス / In: ハンドスコープ (Parent: 25/50 -> Mutant: 30/50)
9,闘_ガブルカ_究極_V6_アルティメット,0.2385,unchanged
9,闘_ガブルカ_安定_V1,0.4466,unchanged
9,龍悪_ギラダク_グッズ偏重_V3,0.6143,unchanged
9,炎_リザードンX_安定_V1,0.5060,unchanged
9,超_ミュウツー_グッズ偏重_V3,0.7613,unchanged
9,超_ゲンガー_究極_V6_アルティメット,0.6026,Out: たべのこし / In: ロケット団のしたっぱ (Parent: 26/50 -> Mutant: 31/50)
9,炎_リザードンX_究極_V6_アルティメット,0.6415,unchanged
9,水_スターミー_グッズ偏重_V3,0.4622,Out: メモリーライト / In: ゲコガシラ (Parent: 24/50 -> Mutant: 33/50)
9,水_スターミー_究極_V6_アルティメット,0.4291,Out: ハラ / In: ケイコウオ (Parent: 29/50 -> Mutant: 31/50)
9,雷_ピカチュウ_究極_V6_アルティメット,0.5244,Out: ヘビーメット / In: イーブイのバッグ (Parent: 27/50 -> Mutant: 30/50)
9,草_フシギバナ_安定_V1,0.5284,Out: たべのこし / In: スコヴィラン (Parent: 23/50 -> Mutant: 36/50)
9,草_フシギバナ_究極_V6_アルティメット,0.6274,unchanged
9,超_ゲンガー_グッズ偏重_V3,0.1137,unchanged
9,鋼_メルルギア_安定_V1,0.4256,unchanged
9,雷_ピカチュウ_グッズ偏重_V3,0.4855,unchanged
9,雷_ピカチュウ_安定_V1,0.5421,Out: イーブイのバッグ / In: マッギョ (Parent: 42/50 -> Mutant: 45/50)
9,炎_リザードンX_グッズ偏重_V3,0.3124,unchanged
9,鋼_メルルギア_グッズ偏重_V3,0.6391,unchanged
9,草_フシギバナ_グッズ偏重_V3,0.6207,unchanged
9,水_スターミー_安定_V1,0.5566,unchanged
9,闘_ガブルカ_グッズ偏重_V3,0.2925,Out: コジョンド / In: ナゲツケサルex (Parent: 16/50 -> Mutant: 27/50)
9,鋼_メルルギア_究極_V6_アルティメット,0.4382,Out: ポケモンセンターのお姉さん / In: ムクホーク (Parent: 24/50 -> Mutant: 29/50)
9,超_ゲンガー_安定_V1,0.4442,unchanged
9,龍悪_ギラダク_究極_V6_アルティメット,0.6216,unchanged
9,超_ミュウツー_究極_V6_アルティメット,0.6468,unchanged
9,龍悪_ギラダク_安定_V1,0.5701,unchanged
10,水_スターミー_究極_V6_アルティメット,0.4394,unchanged
10,鋼_メルルギア_安定_V1,0.4360,unchanged
10,炎_リザードンX_グッズ偏重_V3,0.3244,unchanged
10,超_ゲンガー_究極_V6_アルティメット,0.6073,Out: タケシ / In: シルバー (Parent: 29/50 -> Mutant: 39/50)
10,雷_ピカチュウ_安定_V1,0.5544,unchanged
10,闘_ガブルカ_究極_V6_アルティメット,0.2513,Out: ガブリアスex / In: スナバァ (Parent: 12/50 -> Mutant: 26/50)
10,闘_ガブルカ_グッズ偏重_V3,0.3079,Out: イシツブテ / In: レッド (Parent: 22/50 -> Mutant: 27/50)
10,草_フシギバナ_安定_V1,0.5337,Out: ドレディア / In: ジャノビー (Parent: 28/50 -> Mutant: 32/50)
10,雷_ピカチュウ_究極_V6_アルティメット,0.5206,unchanged
10,超_ミュウツー_究極_V6_アルティメット,0.6519,unchanged
10,炎_リザードンX_究極_V6_アルティメット,0.6415,Out: ヘビーメット / In: かいの化石 (Parent: 29/50 -> Mutant: 41/50)
10,水_スターミー_安定_V1,0.5681,Out: パルキアex / In: シャワーズ (Parent: 39/50 -> Mutant: 41/50)
10,超_ミュウツー_安定_V1,0.4121,unchanged
10,鋼_メルルギア_グッズ偏重_V3,0.6367,unchanged
10,龍悪_ギラダク_究極_V6_アルティメット,0.6177,unchanged
10,雷_ピカチュウ_グッズ偏重_V3,0.4808,unchanged
10,草_フシギバナ_究極_V6_アルティメット,0.6287,unchanged
10,炎_リザードンX_安定_V1,0.5050,unchanged
10,鋼_メルルギア_究極_V6_アルティメット,0.4354,Out: イーブイ / In: シュバルゴ (Parent: 31/50 -> Mutant: 39/50)
10,水_スターミー_グッズ偏重_V3,0.4548,unchanged
10,龍悪_ギラダク_グッズ偏重_V3,0.5962,unchanged
10,超_ゲンガー_安定_V1,0.4400,unchanged
10,超_ゲンガー_グッズ偏重_V3,0.1113,unchanged
10,草_フシギバナ_グッズ偏重_V3,0.6185,unchanged
10,超_ミュウツー_グッズ偏重_V3,0.7527,Out: シロナ / In: アゴの化石 (Parent: 42/50 -> Mutant: 46/50)
10,闘_ガブルカ_安定_V1,0.4265,Out: トロッゴン / In: まもりのポンチョ (Parent: 24/50 -> Mutant: 31/50)
10,龍悪_ギラダク_安定_V1,0.5471,unchanged
11,鋼_メルルギア_安定_V1,0.4449,Out: コトネ / In: はねの化石 (Parent: 30/50 -> Mutant: 35/50)
11,雷_ピカチュウ_究極_V6_アルティメット,0.5278,unchanged
11,闘_ガブルカ_究極_V6_アルティメット,0.2624,unchanged
11,水_スターミー_安定_V1,0.5769,Out: アローラサンドパン / In: ホエルオー (Parent: 31/50 -> Mutant: 33/50)
11,鋼_メルルギア_グッズ偏重_V3,0.6472,unchanged
11,雷_ピカチュウ_安定_V1,0.5608,unchanged
11,超_ゲンガー_究極_V6_アルティメット,0.6091,Out: かんこうきゃく / In: ポットデス (Parent: 31/50 -> Mutant: 43/50)
11,草_フシギバナ_究極_V6_アルティメット,0.6383,unchanged
11,超_ゲンガー_安定_V1,0.4474,unchanged
11,超_ミュウツー_グッズ偏重_V3,0.7582,unchanged
11,炎_リザードンX_グッズ偏重_V3,0.3295,unchanged
11,龍悪_ギラダク_究極_V6_アルティメット,0.6182,unchanged
11,超_ミュウツー_究極_V6_アルティメット,0.6479,unchanged
11,鋼_メルルギア_究極_V6_アルティメット,0.4531,Out: ナツメ / In: チラチーノ (Parent: 37/50 -> Mutant: 40/50)
11,炎_リザードンX_究極_V6_アルティメット,0.6376,unchanged
11,雷_ピカチュウ_グッズ偏重_V3,0.4755,Out: ずがいの化石 / In: セキ (Parent: 30/50 -> Mutant: 33/50)
11,炎_リザードンX_安定_V1,0.5059,unchanged
11,草_フシギバナ_安定_V1,0.5285,unchanged
11,水_スターミー_究極_V6_アルティメット,0.4311,unchanged
11,龍悪_ギラダク_グッズ偏重_V3,0.5841,unchanged
11,超_ミュウツー_安定_V1,0.3981,Out: カルネ / In: ヨノワール (Parent: 29/50 -> Mutant: 31/50)
11,龍悪_ギラダク_安定_V1,0.5399,unchanged
11,超_ゲンガー_グッズ偏重_V3,0.1070,unchanged
11,水_スターミー_グッズ偏重_V3,0.4460,Out: ゲコガシラ / In: ニョロボン (Parent: 29/50 -> Mutant: 34/50)
11,闘_ガブルカ_グッズ偏重_V3,0.3037,unchanged
11,闘_ガブルカ_安定_V1,0.4082,unchanged
11,草_フシギバナ_グッズ偏重_V3,0.6126,unchanged
12,雷_ピカチュウ_安定_V1,0.5721,Out: リーリエ / In: こうらの化石 (Parent: 29/50 -> Mutant: 33/50)
12,超_ミュウツー_グッズ偏重_V3,0.7678,unchanged
12,鋼_メルルギア_グッズ偏重_V3,0.6585,unchanged
12,龍悪_ギラダク_安定_V1,0.5473,Out: ナツメ / In: きずぐすり (Parent: 28/50 -> Mutant: 33/50)
12,闘_ガブルカ_グッズ偏重_V3,0.3173,unchanged
12,超_ミュウツー_安定_V1,0.4077,unchanged
12,龍悪_ギラダク_グッズ偏重_V3,0.5857,unchanged
12,草_フシギバナ_グッズ偏重_V3,0.6186,unchanged
12,超_ゲンガー_グッズ偏重_V3,0.1098,Out: ボタン / In: ゴビット (Parent: 3/50 -> Mutant: 7/50)
12,闘_ガブルカ_究極_V6_アルティメット,0.2667,unchanged
12,闘_ガブルカ_安定_V1,0.4064,unchanged
12,龍悪_ギラダク_究極_V6_アルティメット,0.6215,unchanged
12,水_スターミー_安定_V1,0.5755,unchanged
12,雷_ピカチュウ_グッズ偏重_V3,0.4745,unchanged
12,鋼_メルルギア_安定_V1,0.4397,unchanged
12,草_フシギバナ_究極_V6_アルティメット,0.6399,unchanged
12,超_ミュウツー_究極_V6_アルティメット,0.6447,unchanged
12,雷_ピカチュウ_究極_V6_アルティメット,0.5151,Out: エレキジェネレーター / In: ハラバリーex (Parent: 32/50 -> Mutant: 37/50)
12,炎_リザードンX_グッズ偏重_V3,0.3260,Out: リザードンex / In: ギャロップex (Parent: 22/50 -> Mutant: 28/50)
12,炎_リザードンX_安定_V1,0.5011,Out: リザードンex / In: ヒトモシ (Parent: 34/50 -> Mutant: 36/50)
12,水_スターミー_グッズ偏重_V3,0.4394,unchanged
12,草_フシギバナ_安定_V1,0.5215,unchanged
12,超_ゲンガー_究極_V6_アルティメット,0.6010,unchanged
12,水_スターミー_究極_V6_アルティメット,0.4194,unchanged
12,鋼_メルルギア_究極_V6_アルティメット,0.4529,unchanged
12,炎_リザードンX_究極_V6_アルティメット,0.6295,unchanged
12,超_ゲンガー_安定_V1,0.4405,unchanged
13,草_フシギバナ_安定_V1,0.5280,unchanged
13,超_ゲンガー_究極_V6_アルティメット,0.6081,Out: ナツメ / In: ポケモン通信 (Parent: 30/50 -> Mutant: 37/50)
13,水_スターミー_グッズ偏重_V3,0.4524,unchanged
13,鋼_メルルギア_究極_V6_アルティメット,0.4790,unchanged
13,超_ミュウツー_安定_V1,0.4145,Out: ココロモリ / In: グリーン (Parent: 24/50 -> Mutant: 27/50)
13,雷_ピカチュウ_安定_V1,0.5759,Out: メリープ / In: グラジオ (Parent: 36/50 -> Mutant: 41/50)
13,水_スターミー_究極_V6_アルティメット,0.4247,Out: パルシェン / In: バイバニラ (Parent: 23/50 -> Mutant: 26/50)
13,闘_ガブルカ_安定_V1,0.4114,unchanged
13,鋼_メルルギア_グッズ偏重_V3,0.6614,unchanged
13,超_ゲンガー_グッズ偏重_V3,0.1129,unchanged
13,闘_ガブルカ_グッズ偏重_V3,0.3281,unchanged
13,雷_ピカチュウ_グッズ偏重_V3,0.4749,unchanged
13,超_ゲンガー_安定_V1,0.4433,unchanged
13,水_スターミー_安定_V1,0.5720,unchanged
13,草_フシギバナ_グッズ偏重_V3,0.6179,unchanged
13,闘_ガブルカ_究極_V6_アルティメット,0.2643,unchanged
13,雷_ピカチュウ_究極_V6_アルティメット,0.5040,unchanged
13,炎_リザードンX_安定_V1,0.4987,Out: デンジ / In: バオップ (Parent: 25/50 -> Mutant: 32/50)
13,龍悪_ギラダク_究極_V6_アルティメット,0.6152,Out: リーフ / In: グラジオ (Parent: 35/50 -> Mutant: 37/50)
13,超_ミュウツー_究極_V6_アルティメット,0.6357,unchanged
13,鋼_メルルギア_安定_V1,0.4318,unchanged
13,炎_リザードンX_グッズ偏重_V3,0.3212,Out: きずぐすり / In: マーズ (Parent: 22/50 -> Mutant: 28/50)
13,草_フシギバナ_究極_V6_アルティメット,0.6393,unchanged
13,龍悪_ギラダク_安定_V1,0.5382,unchanged
13,超_ミュウツー_グッズ偏重_V3,0.7577,Out: ボタン / In: ココロモリ (Parent: 42/50 -> Mutant: 44/50)
13,龍悪_ギラダク_グッズ偏重_V3,0.5695,unchanged
13,炎_リザードンX_究極_V6_アルティメット,0.6200,unchanged
14,龍悪_ギラダク_安定_V1,0.5486,unchanged
14,炎_リザードンX_究極_V6_アルティメット,0.6264,unchanged
14,超_ミュウツー_究極_V6_アルティメット,0.6431,unchanged
14,草_フシギバナ_究極_V6_アルティメット,0.6471,unchanged
14,水_スターミー_究極_V6_アルティメット,0.4269,unchanged
14,草_フシギバナ_安定_V1,0.5328,unchanged
14,超_ゲンガー_安定_V1,0.4492,unchanged
14,闘_ガブルカ_グッズ偏重_V3,0.3397,Out: マケンカニ / In: マンキー (Parent: 26/50 -> Mutant: 32/50)
14,闘_ガブルカ_究極_V6_アルティメット,0.2684,unchanged
14,闘_ガブルカ_安定_V1,0.4114,unchanged
14,鋼_メルルギア_グッズ偏重_V3,0.6659,unchanged
14,超_ミュウツー_グッズ偏重_V3,0.7581,unchanged
14,水_スターミー_安定_V1,0.5732,unchanged
14,炎_リザードンX_グッズ偏重_V3,0.3221,Out: リザードンex / In: ブーバーン (Parent: 18/50 -> Mutant: 29/50)
14,水_スターミー_グッズ偏重_V3,0.4518,Out: ラッキーミトン / In: ポッタイシ (Parent: 28/50 -> Mutant: 30/50)
14,雷_ピカチュウ_グッズ偏重_V3,0.4710,Out: セキ / In: デンジ (Parent: 26/50 -> Mutant: 32/50)
14,龍悪_ギラダク_究極_V6_アルティメット,0.6125,unchanged
14,雷_ピカチュウ_究極_V6_アルティメット,0.4963,Out: ふたの化石 / In: デンリュウ (Parent: 25/50 -> Mutant: 31/50)
14,超_ゲンガー_グッズ偏重_V3,0.1133,unchanged
14,鋼_メルルギア_究極_V6_アルティメット,0.4835,unchanged
14,雷_ピカチュウ_安定_V1,0.5690,Out: ピカチュウex / In: ワンパチ (Parent: 33/50 -> Mutant: 39/50)
14,炎_リザードンX_安定_V1,0.4935,Out: イーブイのバッグ / In: ポケモン通信 (Parent: 31/50 -> Mutant: 37/50)
14,草_フシギバナ_グッズ偏重_V3,0.6163,Out: たての化石 / In: モクロー (Parent: 30/50 -> Mutant: 36/50)
14,龍悪_ギラダク_グッズ偏重_V3,0.5592,unchanged
14,超_ミュウツー_安定_V1,0.4008,unchanged
14,超_ゲンガー_究極_V6_アルティメット,0.5970,unchanged
14,鋼_メルルギア_安定_V1,0.4227,unchanged
15,超_ゲンガー_グッズ偏重_V3,0.1164,Out: エーフィ / In: ルージュラ (Parent: 9/50 -> Mutant: 13/50)
15,闘_ガブルカ_グッズ偏重_V3,0.3527,unchanged
15,鋼_メルルギア_グッズ偏重_V3,0.6754,unchanged
15,炎_リザードンX_グッズ偏重_V3,0.3297,Out: リザード / In: かいの化石 (Parent: 19/50 -> Mutant: 25/50)
15,水_スターミー_安定_V1,0.5794,unchanged
15,雷_ピカチュウ_グッズ偏重_V3,0.4751,unchanged
15,超_ゲンガー_安定_V1,0.4588,Out: ゴース / In: ガラルギャロップ (Parent: 20/50 -> Mutant: 30/50)
15,炎_リザードンX_究極_V6_アルティメット,0.6277,unchanged
15,水_スターミー_究極_V6_アルティメット,0.4274,Out: カスミ / In: ジュン (Parent: 25/50 -> Mutant: 29/50)
15,鋼_メルルギア_安定_V1,0.4276,unchanged
15,雷_ピカチュウ_安定_V1,0.5644,unchanged
15,鋼_メルルギア_究極_V6_アルティメット,0.4951,Out: シュバルゴ / In: ブロロローム (Parent: 33/50 -> Mutant: 39/50)
15,草_フシギバナ_グッズ偏重_V3,0.6138,unchanged
15,超_ミュウツー_究極_V6_アルティメット,0.6419,Out: ウォーターボート / In: メモリーライト (Parent: 39/50 -> Mutant: 43/50)
15,超_ミュウツー_安定_V1,0.3987,unchanged
15,龍悪_ギラダク_安定_V1,0.5487,unchanged
15,龍悪_ギラダク_究極_V6_アルティメット,0.6094,unchanged
15,草_フシギバナ_究極_V6_アルティメット,0.6491,unchanged
15,水_スターミー_グッズ偏重_V3,0.4518,Out: オボンのみ / In: ラムのみ (Parent: 35/50 -> Mutant: 37/50)
15,闘_ガブルカ_究極_V6_アルティメット,0.2681,Out: スナバァ / In: ネズ (Parent: 20/50 -> Mutant: 22/50)
15,龍悪_ギラダク_グッズ偏重_V3,0.5518,unchanged
15,草_フシギバナ_安定_V1,0.5283,Out: オボンのみ / In: ジュナイパー (Parent: 27/50 -> Mutant: 35/50)
15,闘_ガブルカ_安定_V1,0.4008,unchanged
15,超_ゲンガー_究極_V6_アルティメット,0.5912,Out: ゴースト / In: メロエッタ (Parent: 31/50 -> Mutant: 36/50)
15,超_ミュウツー_グッズ偏重_V3,0.7517,unchanged
15,雷_ピカチュウ_究極_V6_アルティメット,0.4819,Out: メリッサ / In: ピカチュウex (Parent: 34/50 -> Mutant: 41/50)
15,炎_リザードンX_安定_V1,0.4831,unchanged
16,超_ミュウツー_安定_V1,0.4093,unchanged
16,龍悪_ギラダク_グッズ偏重_V3,0.5608,unchanged
16,炎_リザードンX_グッズ偏重_V3,0.3359,unchanged
16,水_スターミー_グッズ偏重_V3,0.4621,unchanged
16,龍悪_ギラダク_安定_V1,0.5534,unchanged
16,龍悪_ギラダク_究極_V6_アルティメット,0.6143,unchanged
16,超_ミュウツー_究極_V6_アルティメット,0.6463,unchanged
16,鋼_メルルギア_グッズ偏重_V3,0.6773,unchanged
16,雷_ピカチュウ_安定_V1,0.5631,unchanged
16,炎_リザードンX_究極_V6_アルティメット,0.6299,Out: ブビィ / In: マオ (Parent: 42/50 -> Mutant: 46/50)
16,超_ゲンガー_安定_V1,0.4626,unchanged
16,水_スターミー_究極_V6_アルティメット,0.4269,unchanged
16,草_フシギバナ_究極_V6_アルティメット,0.6498,unchanged
16,炎_リザードンX_安定_V1,0.4841,unchanged
16,闘_ガブルカ_グッズ偏重_V3,0.3525,unchanged
16,鋼_メルルギア_究極_V6_アルティメット,0.4994,Out: レッドカード / In: おおきいマラサダ (Parent: 32/50 -> Mutant: 36/50)
16,闘_ガブルカ_安定_V1,0.3959,unchanged
16,超_ゲンガー_究極_V6_アルティメット,0.5853,unchanged
16,超_ミュウツー_グッズ偏重_V3,0.7493,unchanged
16,草_フシギバナ_グッズ偏重_V3,0.6084,unchanged
16,雷_ピカチュウ_グッズ偏重_V3,0.4678,unchanged
16,闘_ガブルカ_究極_V6_アルティメット,0.2636,unchanged
16,草_フシギバナ_安定_V1,0.5230,unchanged
16,水_スターミー_安定_V1,0.5708,unchanged
16,超_ゲンガー_グッズ偏重_V3,0.1174,unchanged
16,鋼_メルルギア_安定_V1,0.4180,Out: デンジ / In: トルネロス (Parent: 25/50 -> Mutant: 28/50)
16,雷_ピカチュウ_究極_V6_アルティメット,0.4727,unchanged
17,闘_ガブルカ_安定_V1,0.4035,Out: ドテッコツ / In: サンド (Parent: 18/50 -> Mutant: 21/50)
17,炎_リザードンX_安定_V1,0.4915,unchanged
17,龍悪_ギラダク_グッズ偏重_V3,0.5676,unchanged
17,水_スターミー_究極_V6_アルティメット,0.4316,unchanged
17,超_ゲンガー_グッズ偏重_V3,0.1229,Out: ゲンガーex / In: キルリア (Parent: 6/50 -> Mutant: 8/50)
17,水_スターミー_安定_V1,0.5748,Out: ナマコブシ / In: ナマコブシ (Parent: 34/50 -> Mutant: 37/50)
17,超_ミュウツー_究極_V6_アルティメット,0.6503,unchanged
17,龍悪_ギラダク_究極_V6_アルティメット,0.6158,unchanged
17,水_スターミー_グッズ偏重_V3,0.4640,unchanged
17,炎_リザードンX_究極_V6_アルティメット,0.6357,unchanged
17,雷_ピカチュウ_究極_V6_アルティメット,0.4778,Out: ラッキーミトン / In: 鋼鉄のまえかけ (Parent: 31/50 -> Mutant: 36/50)
17,鋼_メルルギア_グッズ偏重_V3,0.6733,unchanged
17,闘_ガブルカ_究極_V6_アルティメット,0.2640,Out: ネズ / In: スナバァ (Parent: 21/50 -> Mutant: 26/50)
17,雷_ピカチュウ_グッズ偏重_V3,0.4671,unchanged
17,炎_リザードンX_グッズ偏重_V3,0.3357,unchanged
17,闘_ガブルカ_グッズ偏重_V3,0.3531,unchanged
17,鋼_メルルギア_究極_V6_アルティメット,0.5025,unchanged
17,超_ゲンガー_安定_V1,0.4622,Out: スリープ / In: ミミッキュ (Parent: 32/50 -> Mutant: 35/50)
17,超_ゲンガー_究極_V6_アルティメット,0.5808,unchanged
17,超_ミュウツー_安定_V1,0.4017,unchanged
17,雷_ピカチュウ_安定_V1,0.5545,unchanged
17,草_フシギバナ_グッズ偏重_V3,0.6038,Out: エリカ / In: メモリーライト (Parent: 34/50 -> Mutant: 37/50)
17,超_ミュウツー_グッズ偏重_V3,0.7439,unchanged
17,草_フシギバナ_安定_V1,0.5184,unchanged
17,草_フシギバナ_究極_V6_アルティメット,0.6463,Out: スピーダー / In: マーマネ (Parent: 37/50 -> Mutant: 40/50)
17,鋼_メルルギア_安定_V1,0.4113,unchanged
17,龍悪_ギラダク_安定_V1,0.5457,unchanged
18,雷_ピカチュウ_安定_V1,0.5587,Out: ワンパチ / In: ギンガ団のしたっぱ (Parent: 33/50 -> Mutant: 38/50)
18,闘_ガブルカ_グッズ偏重_V3,0.3650,unchanged
18,水_スターミー_究極_V6_アルティメット,0.4355,unchanged
18,闘_ガブルカ_安定_V1,0.4065,unchanged
18,鋼_メルルギア_安定_V1,0.4169,Out: メルメタルex / In: イーブイ (Parent: 18/50 -> Mutant: 28/50)
18,草_フシギバナ_究極_V6_アルティメット,0.6512,unchanged
18,水_スターミー_安定_V1,0.5777,unchanged
18,炎_リザードンX_安定_V1,0.4939,unchanged
18,草_フシギバナ_安定_V1,0.5213,Out: ミノムッチ / In: ナエトル (Parent: 27/50 -> Mutant: 38/50)
18,超_ゲンガー_グッズ偏重_V3,0.1249,Out: ゴビット / In: ココロモリ (Parent: 11/50 -> Mutant: 14/50)
18,炎_リザードンX_究極_V6_アルティメット,0.6399,Out: ビーストウォール / In: 旅の行商人 (Parent: 35/50 -> Mutant: 38/50)
18,超_ミュウツー_グッズ偏重_V3,0.7465,Out: ヨノワール / In: トゲキッス (Parent: 44/50 -> Mutant: 47/50)
18,炎_リザードンX_グッズ偏重_V3,0.3364,unchanged
18,雷_ピカチュウ_究極_V6_アルティメット,0.4794,unchanged
18,鋼_メルルギア_究極_V6_アルティメット,0.5092,unchanged
18,超_ミュウツー_安定_V1,0.4004,Out: ネモ / In: ヤミラミ (Parent: 27/50 -> Mutant: 33/50)
18,水_スターミー_グッズ偏重_V3,0.4625,unchanged
18,龍悪_ギラダク_究極_V6_アルティメット,0.6114,unchanged
18,龍悪_ギラダク_グッズ偏重_V3,0.5635,unchanged
18,超_ミュウツー_究極_V6_アルティメット,0.6436,Out: ユンゲラー / In: ゲンガーex (Parent: 35/50 -> Mutant: 42/50)
18,闘_ガブルカ_究極_V6_アルティメット,0.2615,unchanged
18,超_ゲンガー_究極_V6_アルティメット,0.5756,Out: ポケモン通信 / In: ラルトス (Parent: 28/50 -> Mutant: 32/50)
18,雷_ピカチュウ_グッズ偏重_V3,0.4585,Out: ハウ / In: ピカチュウex (Parent: 33/50 -> Mutant: 45/50)
18,鋼_メルルギア_グッズ偏重_V3,0.6621,Out: 鋼鉄のまえかけ / In: ハイキングコース (Parent: 38/50 -> Mutant: 40/50)
18,龍悪_ギラダク_安定_V1,0.5406,Out: ワルビル / In: モンスターボール (Parent: 35/50 -> Mutant: 37/50)
18,超_ゲンガー_安定_V1,0.4595,unchanged
18,草_フシギバナ_グッズ偏重_V3,0.5980,unchanged
19,鋼_メルルギア_グッズ偏重_V3,0.6703,unchanged
19,超_ゲンガー_安定_V1,0.4673,unchanged
19,炎_リザードンX_グッズ偏重_V3,0.3421,Out: エンニュート / In: ハイキングコース (Parent: 24/50 -> Mutant: 31/50)
19,龍悪_ギラダク_グッズ偏重_V3,0.5700,unchanged
19,雷_ピカチュウ_安定_V1,0.5607,unchanged
19,雷_ピカチュウ_究極_V6_アルティメット,0.4859,unchanged
19,龍悪_ギラダク_究極_V6_アルティメット,0.6149,unchanged
19,草_フシギバナ_グッズ偏重_V3,0.5973,Out: ドレディア / In: ガーメイル (Parent: 29/50 -> Mutant: 32/50)
19,水_スターミー_究極_V6_アルティメット,0.4340,Out: タッツー / In: グレイシア (Parent: 16/50 -> Mutant: 26/50)
19,龍悪_ギラダク_安定_V1,0.5438,unchanged
19,草_フシギバナ_究極_V6_アルティメット,0.6549,unchanged
19,闘_ガブルカ_グッズ偏重_V3,0.3667,unchanged
19,炎_リザードンX_安定_V1,0.4933,Out: はじまりの平原 / In: リザード (Parent: 25/50 -> Mutant: 37/50)
19,超_ゲンガー_グッズ偏重_V3,0.1246,unchanged
19,闘_ガブルカ_究極_V6_アルティメット,0.2619,unchanged
19,闘_ガブルカ_安定_V1,0.4016,unchanged
19,超_ミュウツー_究極_V6_アルティメット,0.6412,unchanged
19,超_ミュウツー_グッズ偏重_V3,0.7449,unchanged
19,水_スターミー_グッズ偏重_V3,0.4610,Out: シャワーズ / In: ウミディグダ (Parent: 30/50 -> Mutant: 35/50)
19,草_フシギバナ_安定_V1,0.5216,unchanged
19,水_スターミー_安定_V1,0.5715,unchanged
19,雷_ピカチュウ_グッズ偏重_V3,0.4568,Out: 幻の石板 / In: ライチュウ (Parent: 28/50 -> Mutant: 35/50)
19,鋼_メルルギア_究極_V6_アルティメット,0.5060,unchanged
19,超_ゲンガー_究極_V6_アルティメット,0.5672,Out: ラルトス / In: グリーン (Parent: 27/50 -> Mutant: 30/50)
19,炎_リザードンX_究極_V6_アルティメット,0.6389,unchanged
19,鋼_メルルギア_安定_V1,0.4112,Out: ルギアex / In: ビーダルex (Parent: 23/50 -> Mutant: 28/50)
19,超_ミュウツー_安定_V1,0.3903,unchanged
20,超_ミュウツー_グッズ偏重_V3,0.7510,Out: ミュウツーex / In: グラジオ (Parent: 41/50 -> Mutant: 43/50)
20,炎_リザードンX_究極_V6_アルティメット,0.6444,unchanged
20,雷_ピカチュウ_安定_V1,0.5648,Out: アローラライチュウex / In: ロトム図鑑 (Parent: 34/50 -> Mutant: 39/50)
20,龍悪_ギラダク_安定_V1,0.5496,unchanged
20,超_ゲンガー_グッズ偏重_V3,0.1264,unchanged
20,水_スターミー_安定_V1,0.5766,unchanged
20,雷_ピカチュウ_グッズ偏重_V3,0.4637,unchanged
20,闘_ガブルカ_安定_V1,0.4024,unchanged
20,炎_リザードンX_安定_V1,0.4957,unchanged
20,水_スターミー_究極_V6_アルティメット,0.4334,unchanged
20,超_ミュウツー_究極_V6_アルティメット,0.6433,unchanged
20,闘_ガブルカ_グッズ偏重_V3,0.3683,Out: ナツメ / In: メガミミロップex (Parent: 31/50 -> Mutant: 33/50)
20,超_ミュウツー_安定_V1,0.3919,unchanged
20,闘_ガブルカ_究極_V6_アルティメット,0.2624,unchanged
20,龍悪_ギラダク_グッズ偏重_V3,0.5685,Out: ゴルバット / In: ジャグラー (Parent: 35/50 -> Mutant: 37/50)
20,超_ゲンガー_安定_V1,0.4693,Out: ムウマージ / In: フーディン (Parent: 23/50 -> Mutant: 30/50)
20,龍悪_ギラダク_究極_V6_アルティメット,0.6144,unchanged
20,鋼_メルルギア_グッズ偏重_V3,0.6644,unchanged
20,鋼_メルルギア_究極_V6_アルティメット,0.5073,Out: ナツメ / In: ポリゴン2 (Parent: 37/50 -> Mutant: 39/50)
20,炎_リザードンX_グッズ偏重_V3,0.3386,Out: ルチア / In: シルバー (Parent: 15/50 -> Mutant: 24/50)
20,鋼_メルルギア_安定_V1,0.4047,unchanged
20,草_フシギバナ_究極_V6_アルティメット,0.6532,unchanged
20,草_フシギバナ_グッズ偏重_V3,0.5923,Out: キレイハナ / In: ツタージャ (Parent: 33/50 -> Mutant: 38/50)
20,超_ゲンガー_究極_V6_アルティメット,0.5624,Out: アカネ / In: ブルー (Parent: 25/50 -> Mutant: 27/50)
20,水_スターミー_グッズ偏重_V3,0.4534,unchanged
20,草_フシギバナ_安定_V1,0.5165,unchanged
20,雷_ピカチュウ_究極_V6_アルティメット,0.4812,unchanged
21,超_ミュウツー_グッズ偏重_V3,0.7573,unchanged
21,鋼_メルルギア_グッズ偏重_V3,0.6695,unchanged
21,水_スターミー_グッズ偏重_V3,0.4565,unchanged
21,雷_ピカチュウ_究極_V6_アルティメット,0.4873,unchanged
21,雷_ピカチュウ_グッズ偏重_V3,0.4711,unchanged
21,炎_リザードンX_グッズ偏重_V3,0.3419,unchanged
21,闘_ガブルカ_安定_V1,0.4022,unchanged
21,龍悪_ギラダク_究極_V6_アルティメット,0.6161,unchanged
21,超_ゲンガー_究極_V6_アルティメット,0.5615,unchanged
21,龍悪_ギラダク_安定_V1,0.5501,unchanged
21,超_ミュウツー_究極_V6_アルティメット,0.6440,Out: キルリア / In: ギラティナex (Parent: 37/50 -> Mutant: 44/50)
21,草_フシギバナ_究極_V6_アルティメット,0.6543,Out: ハルカ / In: ペパー (Parent: 37/50 -> Mutant: 45/50)
21,炎_リザードンX_安定_V1,0.4963,unchanged
21,水_スターミー_究極_V6_アルティメット,0.4310,unchanged
21,鋼_メルルギア_安定_V1,0.4006,unchanged
21,草_フシギバナ_グッズ偏重_V3,0.5884,unchanged
21,龍悪_ギラダク_グッズ偏重_V3,0.5664,Out: ギラティナex / In: ワルビアル (Parent: 29/50 -> Mutant: 34/50)
21,水_スターミー_安定_V1,0.5730,unchanged
21,炎_リザードンX_究極_V6_アルティメット,0.6448,Out: リザードンex / In: ヒノヤコマ (Parent: 36/50 -> Mutant: 40/50)
21,超_ミュウツー_安定_V1,0.3891,Out: グリーン / In: フラエッテ (Parent: 26/50 -> Mutant: 28/50)
21,草_フシギバナ_安定_V1,0.5155,unchanged
21,超_ゲンガー_安定_V1,0.4676,unchanged
21,鋼_メルルギア_究極_V6_アルティメット,0.5059,unchanged
21,闘_ガブルカ_グッズ偏重_V3,0.3701,unchanged
21,雷_ピカチュウ_安定_V1,0.5561,unchanged
21,超_ゲンガー_グッズ偏重_V3,0.1240,Out: ルージュラ / In: ミミッキュex (Parent: 5/50 -> Mutant: 15/50)
21,闘_ガブルカ_究極_V6_アルティメット,0.2593,unchanged
22,水_スターミー_安定_V1,0.5787,unchanged
22,龍悪_ギラダク_グッズ偏重_V3,0.5697,unchanged
22,闘_ガブルカ_グッズ偏重_V3,0.3827,Out: カブトプス / In: マンキー (Parent: 33/50 -> Mutant: 39/50)
22,炎_リザードンX_究極_V6_アルティメット,0.6482,unchanged
22,超_ミュウツー_安定_V1,0.3932,unchanged
22,草_フシギバナ_グッズ偏重_V3,0.5865,unchanged
22,雷_ピカチュウ_安定_V1,0.5568,Out: ギンガ団のしたっぱ / In: まもりのポンチョ (Parent: 32/50 -> Mutant: 34/50)
22,超_ゲンガー_安定_V1,0.4719,unchanged
22,鋼_メルルギア_究極_V6_アルティメット,0.5146,unchanged
22,超_ゲンガー_グッズ偏重_V3,0.1309,unchanged
22,超_ミュウツー_グッズ偏重_V3,0.7580,unchanged
22,鋼_メルルギア_グッズ偏重_V3,0.6684,unchanged
22,闘_ガブルカ_究極_V6_アルティメット,0.2600,unchanged
22,草_フシギバナ_究極_V6_アルティメット,0.6555,unchanged
22,超_ミュウツー_究極_V6_アルティメット,0.6450,unchanged
22,雷_ピカチュウ_グッズ偏重_V3,0.4721,Out: シビシラス / In: シルバー (Parent: 41/50 -> Mutant: 43/50)
22,超_ゲンガー_究極_V6_アルティメット,0.5563,Out: ナツメ / In: ネズ (Parent: 24/50 -> Mutant: 28/50)
22,炎_リザードンX_安定_V1,0.4939,unchanged
22,草_フシギバナ_安定_V1,0.5126,unchanged
22,龍悪_ギラダク_安定_V1,0.5466,unchanged
22,鋼_メルルギア_安定_V1,0.3970,Out: エイパム / In: エレキジェネレーター (Parent: 26/50 -> Mutant: 31/50)
22,水_スターミー_究極_V6_アルティメット,0.4280,unchanged
22,闘_ガブルカ_安定_V1,0.3963,unchanged
22,雷_ピカチュウ_究極_V6_アルティメット,0.4830,unchanged
22,水_スターミー_グッズ偏重_V3,0.4496,Out: シャリタツ / In: ヒットハンマー (Parent: 29/50 -> Mutant: 31/50)
22,炎_リザードンX_グッズ偏重_V3,0.3349,unchanged
22,龍悪_ギラダク_究極_V6_アルティメット,0.6097,unchanged
23,超_ミュウツー_安定_V1,0.3989,Out: ハンドスコープ / In: オボンのみ (Parent: 26/50 -> Mutant: 32/50)
23,闘_ガブルカ_究極_V6_アルティメット,0.2644,unchanged
23,超_ゲンガー_安定_V1,0.4773,Out: ビーストウォール / In: ハンサム (Parent: 28/50 -> Mutant: 37/50)
23,超_ゲンガー_グッズ偏重_V3,0.1375,unchanged
23,水_スターミー_安定_V1,0.5819,Out: コイキング / In: サカキ (Parent: 33/50 -> Mutant: 36/50)
23,超_ミュウツー_グッズ偏重_V3,0.7605,unchanged
23,水_スターミー_究極_V6_アルティメット,0.4307,unchanged
23,炎_リザードンX_安定_V1,0.4954,unchanged
23,炎_リザードンX_究極_V6_アルティメット,0.6509,unchanged
23,草_フシギバナ_グッズ偏重_V3,0.5857,Out: アセロラ / In: ロトム図鑑 (Parent: 23/50 -> Mutant: 36/50)
23,水_スターミー_グッズ偏重_V3,0.4519,unchanged
23,龍悪_ギラダク_究極_V6_アルティメット,0.6120,unchanged
23,超_ゲンガー_究極_V6_アルティメット,0.5544,Out: ポットデス / In: カスミ (Parent: 24/50 -> Mutant: 27/50)
23,雷_ピカチュウ_グッズ偏重_V3,0.4786,unchanged
23,雷_ピカチュウ_安定_V1,0.5547,unchanged
23,闘_ガブルカ_安定_V1,0.3936,unchanged
23,草_フシギバナ_安定_V1,0.5131,Out: ジャノビー / In: キノガッサ (Parent: 30/50 -> Mutant: 32/50)
23,鋼_メルルギア_グッズ偏重_V3,0.6643,unchanged
23,龍悪_ギラダク_グッズ偏重_V3,0.5635,Out: ワルビアル / In: アリアドス (Parent: 29/50 -> Mutant: 34/50)
23,龍悪_ギラダク_安定_V1,0.5437,unchanged
23,雷_ピカチュウ_究極_V6_アルティメット,0.4804,unchanged
23,炎_リザードンX_グッズ偏重_V3,0.3309,unchanged
23,鋼_メルルギア_安定_V1,0.3913,unchanged
23,闘_ガブルカ_グッズ偏重_V3,0.3797,unchanged
23,鋼_メルルギア_究極_V6_アルティメット,0.5103,unchanged
23,草_フシギバナ_究極_V6_アルティメット,0.6528,unchanged
23,超_ミュウツー_究極_V6_アルティメット,0.6414,unchanged
24,超_ゲンガー_究極_V6_アルティメット,0.5554,unchanged
24,超_ゲンガー_グッズ偏重_V3,0.1457,unchanged
24,龍悪_ギラダク_究極_V6_アルティメット,0.6163,Out: タギングル / In: クリムガン (Parent: 31/50 -> Mutant: 35/50)
24,草_フシギバナ_究極_V6_アルティメット,0.6575,unchanged
24,炎_リザードンX_安定_V1,0.4986,unchanged
24,鋼_メルルギア_安定_V1,0.3929,Out: エレキジェネレーター / In: トレーニングエリア (Parent: 17/50 -> Mutant: 21/50)
24,草_フシギバナ_グッズ偏重_V3,0.5847,Out: リーフィア / In: ツボツボex (Parent: 28/50 -> Mutant: 33/50)
24,雷_ピカチュウ_安定_V1,0.5567,Out: アローラライチュウex / In: エレザード (Parent: 25/50 -> Mutant: 27/50)
24,草_フシギバナ_安定_V1,0.5154,unchanged
24,水_スターミー_グッズ偏重_V3,0.4554,Out: リーフマント / In: ハギギシリ (Parent: 26/50 -> Mutant: 29/50)
24,超_ミュウツー_グッズ偏重_V3,0.7614,Out: ポケモン図鑑 / In: モノマネむすめ (Parent: 42/50 -> Mutant: 46/50)
24,超_ミュウツー_安定_V1,0.3989,unchanged
24,水_スターミー_安定_V1,0.5826,unchanged
24,龍悪_ギラダク_安定_V1,0.5438,unchanged
24,鋼_メルルギア_グッズ偏重_V3,0.6623,unchanged
24,超_ミュウツー_究極_V6_アルティメット,0.6413,unchanged
24,超_ゲンガー_安定_V1,0.4772,Out: スリープ / In: ムウマージ (Parent: 24/50 -> Mutant: 29/50)
24,雷_ピカチュウ_グッズ偏重_V3,0.4811,unchanged
24,水_スターミー_究極_V6_アルティメット,0.4288,unchanged
24,雷_ピカチュウ_究極_V6_アルティメット,0.4793,unchanged
24,鋼_メルルギア_究極_V6_アルティメット,0.5106,Out: おおきいマラサダ / In: ペパー (Parent: 38/50 -> Mutant: 41/50)
24,闘_ガブルカ_安定_V1,0.3862,unchanged
24,炎_リザードンX_グッズ偏重_V3,0.3265,Out: アカネ / In: ヘルガー (Parent: 21/50 -> Mutant: 29/50)
24,闘_ガブルカ_究極_V6_アルティメット,0.2615,unchanged
24,闘_ガブルカ_グッズ偏重_V3,0.3776,Out: ナツメ / In: グライガー (Parent: 25/50 -> Mutant: 32/50)
24,龍悪_ギラダク_グッズ偏重_V3,0.5522,unchanged
24,炎_リザードンX_究極_V6_アルティメット,0.6502,unchanged
25,草_フシギバナ_究極_V6_アルティメット,0.6618,unchanged
25,水_スターミー_グッズ偏重_V3,0.4620,unchanged
25,炎_リザードンX_安定_V1,0.5017,unchanged
25,超_ミュウツー_安定_V1,0.4032,unchanged
25,水_スターミー_安定_V1,0.5878,Out: ナマコブシ / In: オリジンパルキア (Parent: 34/50 -> Mutant: 37/50)
25,炎_リザードンX_究極_V6_アルティメット,0.6538,Out: ウインディ / In: アチゲータ (Parent: 36/50 -> Mutant: 38/50)
25,雷_ピカチュウ_安定_V1,0.5587,Out: ロトム図鑑 / In: パチリスex (Parent: 31/50 -> Mutant: 35/50)
25,超_ミュウツー_グッズ偏重_V3,0.7624,unchanged
25,闘_ガブルカ_グッズ偏重_V3,0.3832,Out: シトロンのリュック / In: グライガー (Parent: 27/50 -> Mutant: 30/50)
25,草_フシギバナ_グッズ偏重_V3,0.5847,unchanged
25,超_ゲンガー_グッズ偏重_V3,0.1495,Out: フワライド / In: スピーダー (Parent: 13/50 -> Mutant: 17/50)
25,鋼_メルルギア_安定_V1,0.3919,unchanged
25,闘_ガブルカ_安定_V1,0.3835,unchanged
25,超_ゲンガー_安定_V1,0.4786,unchanged
25,草_フシギバナ_安定_V1,0.5162,unchanged
25,闘_ガブルカ_究極_V6_アルティメット,0.2596,unchanged
25,炎_リザードンX_グッズ偏重_V3,0.3264,unchanged
25,龍悪_ギラダク_グッズ偏重_V3,0.5465,unchanged
25,雷_ピカチュウ_グッズ偏重_V3,0.4844,unchanged
25,雷_ピカチュウ_究極_V6_アルティメット,0.4793,Out: モンスターボール / In: レントラー (Parent: 31/50 -> Mutant: 39/50)
25,鋼_メルルギア_究極_V6_アルティメット,0.5107,unchanged
25,鋼_メルルギア_グッズ偏重_V3,0.6561,unchanged
25,龍悪_ギラダク_安定_V1,0.5397,unchanged
25,水_スターミー_究極_V6_アルティメット,0.4233,unchanged
25,超_ミュウツー_究極_V6_アルティメット,0.6386,Out: キョウ / In: まもりのポンチョ (Parent: 38/50 -> Mutant: 41/50)
25,龍悪_ギラダク_究極_V6_アルティメット,0.6089,Out: シロナ / In: ゴースト (Parent: 35/50 -> Mutant: 45/50)
25,超_ゲンガー_究極_V6_アルティメット,0.5476,unchanged
26,水_スターミー_安定_V1,0.5939,Out: シズイ / In: ゴルダック (Parent: 32/50 -> Mutant: 36/50)
26,雷_ピカチュウ_究極_V6_アルティメット,0.4852,unchanged
26,草_フシギバナ_安定_V1,0.5192,unchanged
26,龍悪_ギラダク_究極_V6_アルティメット,0.6127,unchanged
26,超_ゲンガー_究極_V6_アルティメット,0.5481,unchanged
26,草_フシギバナ_究極_V6_アルティメット,0.6635,unchanged
26,鋼_メルルギア_安定_V1,0.3929,Out: ヒレの化石 / In: ボタン (Parent: 21/50 -> Mutant: 25/50)
26,雷_ピカチュウ_安定_V1,0.5620,unchanged
26,龍悪_ギラダク_グッズ偏重_V3,0.5461,Out: ふしぎなアメ / In: ブラッキー (Parent: 23/50 -> Mutant: 30/50)
26,闘_ガブルカ_グッズ偏重_V3,0.3876,unchanged
26,鋼_メルルギア_グッズ偏重_V3,0.6564,Out: きずぐすり / In: やまおとこ (Parent: 39/50 -> Mutant: 42/50)
26,鋼_メルルギア_究極_V6_アルティメット,0.5146,unchanged
26,草_フシギバナ_グッズ偏重_V3,0.5837,unchanged
26,超_ゲンガー_安定_V1,0.4803,unchanged
26,龍悪_ギラダク_安定_V1,0.5391,unchanged
26,闘_ガブルカ_安定_V1,0.3814,Out: ディグダ / In: トレーニングエリア (Parent: 21/50 -> Mutant: 29/50)
26,超_ミュウツー_安定_V1,0.4007,Out: マオ / In: カンナギタウンの長老 (Parent: 19/50 -> Mutant: 21/50)
26,炎_リザードンX_究極_V6_アルティメット,0.6538,unchanged
26,炎_リザードンX_安定_V1,0.4982,unchanged
26,闘_ガブルカ_究極_V6_アルティメット,0.2570,Out: ドンファン / In: チゴラス (Parent: 21/50 -> Mutant: 23/50)
26,雷_ピカチュウ_グッズ偏重_V3,0.4845,unchanged
26,超_ミュウツー_究極_V6_アルティメット,0.6366,unchanged
26,超_ゲンガー_グッズ偏重_V3,0.1486,unchanged
26,超_ミュウツー_グッズ偏重_V3,0.7570,unchanged
26,炎_リザードンX_グッズ偏重_V3,0.3231,unchanged
26,水_スターミー_究極_V6_アルティメット,0.4179,unchanged
26,水_スターミー_グッズ偏重_V3,0.4558,unchanged
27,闘_ガブルカ_究極_V6_アルティメット,0.2614,Out: ウリムー / In: サンドパン (Parent: 13/50 -> Mutant: 18/50)
27,龍悪_ギラダク_究極_V6_アルティメット,0.6151,unchanged
27,超_ミュウツー_究極_V6_アルティメット,0.6408,Out: ふしぎなアメ / In: フレフワン (Parent: 38/50 -> Mutant: 43/50)
27,水_スターミー_グッズ偏重_V3,0.4584,unchanged
27,草_フシギバナ_グッズ偏重_V3,0.5861,unchanged
27,炎_リザードンX_究極_V6_アルティメット,0.6573,unchanged
27,鋼_メルルギア_究極_V6_アルティメット,0.5217,unchanged
27,闘_ガブルカ_グッズ偏重_V3,0.3914,Out: ウミディグダ / In: シルバー (Parent: 25/50 -> Mutant: 30/50)
27,雷_ピカチュウ_究極_V6_アルティメット,0.4879,Out: ピカチュウ / In: メガライボルトex (Parent: 38/50 -> Mutant: 45/50)
27,草_フシギバナ_安定_V1,0.5206,Out: はじまりの平原 / In: グラジオ (Parent: 26/50 -> Mutant: 32/50)
27,龍悪_ギラダク_安定_V1,0.5404,Out: ふしぎなアメ / In: ナツメ (Parent: 33/50 -> Mutant: 37/50)
27,水_スターミー_究極_V6_アルティメット,0.4174,Out: ミカン / In: エリカ (Parent: 33/50 -> Mutant: 37/50)
27,水_スターミー_安定_V1,0.5946,unchanged
27,闘_ガブルカ_安定_V1,0.3817,unchanged
27,炎_リザードンX_グッズ偏重_V3,0.3225,unchanged
27,草_フシギバナ_究極_V6_アルティメット,0.6650,Out: そうじゅくエキス / In: ノクタス (Parent: 33/50 -> Mutant: 41/50)
27,鋼_メルルギア_安定_V1,0.3905,unchanged
27,超_ゲンガー_安定_V1,0.4810,unchanged
27,雷_ピカチュウ_安定_V1,0.5617,unchanged
27,鋼_メルルギア_グッズ偏重_V3,0.6521,unchanged
27,超_ミュウツー_グッズ偏重_V3,0.7530,unchanged
27,超_ゲンガー_グッズ偏重_V3,0.1486,unchanged
27,龍悪_ギラダク_グッズ偏重_V3,0.5375,unchanged
27,炎_リザードンX_安定_V1,0.4938,Out: ヒトモシ / In: エレキコード (Parent: 30/50 -> Mutant: 33/50)
27,雷_ピカチュウ_グッズ偏重_V3,0.4840,unchanged
27,超_ゲンガー_究極_V6_アルティメット,0.5411,Out: グリーン / In: デスマス (Parent: 28/50 -> Mutant: 32/50)
27,超_ミュウツー_安定_V1,0.3944,unchanged
28,水_スターミー_究極_V6_アルティメット,0.4221,Out: カスミ / In: サカキ (Parent: 27/50 -> Mutant: 29/50)
28,超_ミュウツー_安定_V1,0.3966,Out: ラルトス / In: ラルトス (Parent: 22/50 -> Mutant: 24/50)
28,闘_ガブルカ_究極_V6_アルティメット,0.2643,unchanged
28,雷_ピカチュウ_安定_V1,0.5644,unchanged
28,超_ゲンガー_グッズ偏重_V3,0.1525,unchanged
28,雷_ピカチュウ_究極_V6_アルティメット,0.5019,Out: 鋼鉄のまえかけ / In: ピカチュウex (Parent: 41/50 -> Mutant: 49/50)
28,水_スターミー_安定_V1,0.5983,unchanged
28,草_フシギバナ_安定_V1,0.5221,unchanged
28,草_フシギバナ_究極_V6_アルティメット,0.6656,unchanged
28,炎_リザードンX_グッズ偏重_V3,0.3238,unchanged
28,超_ミュウツー_グッズ偏重_V3,0.7525,unchanged
28,雷_ピカチュウ_グッズ偏重_V3,0.4887,Out: ヒカリ / In: ミカン (Parent: 35/50 -> Mutant: 39/50)
28,超_ゲンガー_究極_V6_アルティメット,0.5396,unchanged
28,鋼_メルルギア_グッズ偏重_V3,0.6507,unchanged
28,鋼_メルルギア_安定_V1,0.3872,unchanged
28,闘_ガブルカ_安定_V1,0.3794,unchanged
28,龍悪_ギラダク_安定_V1,0.5380,Out: 釣り人 / In: アーボック (Parent: 27/50 -> Mutant: 36/50)
28,炎_リザードンX_究極_V6_アルティメット,0.6565,unchanged
28,闘_ガブルカ_グッズ偏重_V3,0.3920,unchanged
28,鋼_メルルギア_究極_V6_アルティメット,0.5219,unchanged
28,龍悪_ギラダク_究極_V6_アルティメット,0.6100,Out: ドクロッグ / In: メガアブソルex (Parent: 35/50 -> Mutant: 40/50)
28,龍悪_ギラダク_グッズ偏重_V3,0.5312,unchanged
28,超_ミュウツー_究極_V6_アルティメット,0.6375,unchanged
28,水_スターミー_グッズ偏重_V3,0.4536,unchanged
28,草_フシギバナ_グッズ偏重_V3,0.5816,unchanged
28,超_ゲンガー_安定_V1,0.4784,unchanged
28,炎_リザードンX_安定_V1,0.4897,Out: ヒードラン / In: ファイヤー (Parent: 34/50 -> Mutant: 38/50)
29,炎_リザードンX_究極_V6_アルティメット,0.6588,unchanged
29,超_ゲンガー_究極_V6_アルティメット,0.5404,unchanged
29,雷_ピカチュウ_究極_V6_アルティメット,0.5145,unchanged
29,水_スターミー_グッズ偏重_V3,0.4568,unchanged
29,超_ミュウツー_グッズ偏重_V3,0.7551,unchanged
29,草_フシギバナ_究極_V6_アルティメット,0.6681,unchanged
29,龍悪_ギラダク_究極_V6_アルティメット,0.6125,unchanged
29,超_ゲンガー_グッズ偏重_V3,0.1557,unchanged
29,雷_ピカチュウ_グッズ偏重_V3,0.4942,unchanged
29,草_フシギバナ_安定_V1,0.5221,Out: グラジオ / In: オーロット (Parent: 26/50 -> Mutant: 30/50)
29,水_スターミー_安定_V1,0.6008,Out: フリーザーex / In: メガギャラドスex (Parent: 36/50 -> Mutant: 43/50)
29,龍悪_ギラダク_安定_V1,0.5389,unchanged
29,炎_リザードンX_安定_V1,0.4889,Out: 当たりつきアイス / In: いじわるレター (Parent: 29/50 -> Mutant: 31/50)
29,闘_ガブルカ_安定_V1,0.3786,Out: ルカリオex / In: グリーン (Parent: 21/50 -> Mutant: 26/50)
29,炎_リザードンX_グッズ偏重_V3,0.3228,unchanged
29,鋼_メルルギア_グッズ偏重_V3,0.6489,unchanged
29,草_フシギバナ_グッズ偏重_V3,0.5789,Out: エリカ / In: アマージョ (Parent: 29/50 -> Mutant: 31/50)
29,龍悪_ギラダク_グッズ偏重_V3,0.5271,unchanged
29,闘_ガブルカ_究極_V6_アルティメット,0.2620,unchanged
29,水_スターミー_究極_V6_アルティメット,0.4201,unchanged
29,鋼_メルルギア_究極_V6_アルティメット,0.5216,unchanged
29,超_ゲンガー_安定_V1,0.4771,Out: ふたの化石 / In: ボクレー (Parent: 21/50 -> Mutant: 31/50)
29,超_ミュウツー_究極_V6_アルティメット,0.6347,Out: フレフワン / In: ヤバチャ (Parent: 32/50 -> Mutant: 35/50)
29,鋼_メルルギア_安定_V1,0.3827,Out: ワッカネズミ / In: トリデプス (Parent: 15/50 -> Mutant: 25/50)
29,雷_ピカチュウ_安定_V1,0.5600,unchanged
29,闘_ガブルカ_グッズ偏重_V3,0.3901,unchanged
29,超_ミュウツー_安定_V1,0.3889,unchanged
30,雷_ピカチュウ_究極_V6_アルティメット,0.5271,unchanged
30,龍悪_ギラダク_安定_V1,0.5417,Out: ナツメ / In: オラチフ (Parent: 30/50 -> Mutant: 32/50)
30,水_スターミー_究極_V6_アルティメット,0.4229,unchanged
30,闘_ガブルカ_グッズ偏重_V3,0.3948,unchanged
30,闘_ガブルカ_究極_V6_アルティメット,0.2644,unchanged
30,炎_リザードンX_グッズ偏重_V3,0.3259,Out: リーフ / In: ポニータ (Parent: 19/50 -> Mutant: 25/50)
30,雷_ピカチュウ_安定_V1,0.5626,unchanged
30,超_ゲンガー_グッズ偏重_V3,0.1599,Out: ふたの化石 / In: ハラ (Parent: 10/50 -> Mutant: 12/50)
30,草_フシギバナ_究極_V6_アルティメット,0.6687,unchanged
30,炎_リザードンX_究極_V6_アルティメット,0.6594,unchanged
30,超_ミュウツー_グッズ偏重_V3,0.7550,unchanged
30,水_スターミー_安定_V1,0.6037,unchanged
30,草_フシギバナ_グッズ偏重_V3,0.5784,Out: 旅の行商人 / In: チェリム (Parent: 32/50 -> Mutant: 36/50)
30,水_スターミー_グッズ偏重_V3,0.4558,unchanged
30,龍悪_ギラダク_究極_V6_アルティメット,0.6134,Out: カイ / In: アローラペルシアン (Parent: 38/50 -> Mutant: 42/50)
30,雷_ピカチュウ_グッズ偏重_V3,0.4958,Out: ライチュウ / In: マイナン (Parent: 24/50 -> Mutant: 30/50)
30,鋼_メルルギア_究極_V6_アルティメット,0.5236,unchanged
30,龍悪_ギラダク_グッズ偏重_V3,0.5217,Out: アブソル / In: アゴの化石 (Parent: 30/50 -> Mutant: 39/50)
30,超_ミュウツー_安定_V1,0.3864,unchanged
30,草_フシギバナ_安定_V1,0.5206,unchanged
30,闘_ガブルカ_安定_V1,0.3747,unchanged
30,炎_リザードンX_安定_V1,0.4878,unchanged
30,超_ミュウツー_究極_V6_アルティメット,0.6279,unchanged
30,鋼_メルルギア_安定_V1,0.3792,unchanged
30,超_ゲンガー_究極_V6_アルティメット,0.5337,Out: どくバリ / In: ブーピッグ (Parent: 25/50 -> Mutant: 33/50)
30,超_ゲンガー_安定_V1,0.4734,Out: ミミッキュ / In: おおきいマラサダ (Parent: 28/50 -> Mutant: 35/50)
30,鋼_メルルギア_グッズ偏重_V3,0.6416,Out: はじまりの平原 / In: ゼニガメじょうろ (Parent: 33/50 -> Mutant: 36/50)
31,炎_リザードンX_安定_V1,0.4916,unchanged
31,闘_ガブルカ_安定_V1,0.3770,Out: ルカリオex / In: サンド (Parent: 25/50 -> Mutant: 34/50)
31,水_スターミー_究極_V6_アルティメット,0.4243,unchanged
31,鋼_メルルギア_グッズ偏重_V3,0.6447,unchanged
31,草_フシギバナ_究極_V6_アルティメット,0.6705,unchanged
31,草_フシギバナ_グッズ偏重_V3,0.5795,unchanged
31,超_ミュウツー_グッズ偏重_V3,0.7560,unchanged
31,鋼_メルルギア_安定_V1,0.3811,Out: ヌイコグマ / In: ブロロン (Parent: 23/50 -> Mutant: 26/50)
31,超_ミュウツー_安定_V1,0.3862,unchanged
31,龍悪_ギラダク_グッズ偏重_V3,0.5254,unchanged
31,炎_リザードンX_究極_V6_アルティメット,0.6606,unchanged
31,鋼_メルルギア_究極_V6_アルティメット,0.5272,unchanged
31,龍悪_ギラダク_安定_V1,0.5404,unchanged
31,雷_ピカチュウ_グッズ偏重_V3,0.4956,Out: ミカン / In: 幻の石板 (Parent: 33/50 -> Mutant: 36/50)
31,超_ゲンガー_安定_V1,0.4733,unchanged
31,闘_ガブルカ_究極_V6_アルティメット,0.2636,unchanged
31,草_フシギバナ_安定_V1,0.5192,unchanged
31,龍悪_ギラダク_究極_V6_アルティメット,0.6134,unchanged
31,炎_リザードンX_グッズ偏重_V3,0.3229,unchanged
31,雷_ピカチュウ_安定_V1,0.5601,unchanged
31,水_スターミー_グッズ偏重_V3,0.4514,unchanged
31,超_ゲンガー_グッズ偏重_V3,0.1590,Out: ナツメ / In: マオ (Parent: 8/50 -> Mutant: 13/50)
31,雷_ピカチュウ_究極_V6_アルティメット,0.5313,unchanged
31,超_ゲンガー_究極_V6_アルティメット,0.5283,unchanged
31,闘_ガブルカ_グッズ偏重_V3,0.3922,Out: グライガー / In: ウリムー (Parent: 25/50 -> Mutant: 27/50)
31,超_ミュウツー_究極_V6_アルティメット,0.6217,Out: テーブルシティ / In: クレセリアex (Parent: 38/50 -> Mutant: 41/50)
31,水_スターミー_安定_V1,0.6031,unchanged
32,闘_ガブルカ_安定_V1,0.3800,Out: トレーニングエリア / In: トレーニングエリア (Parent: 15/50 -> Mutant: 21/50)
32,龍悪_ギラダク_究極_V6_アルティメット,0.6172,unchanged
32,闘_ガブルカ_グッズ偏重_V3,0.3974,Out: シルバー / In: マクノシタ (Parent: 27/50 -> Mutant: 33/50)
32,超_ゲンガー_グッズ偏重_V3,0.1630,unchanged
32,鋼_メルルギア_究極_V6_アルティメット,0.5326,unchanged
32,炎_リザードンX_グッズ偏重_V3,0.3228,Out: グズマ / In: メガリザードンYex (Parent: 13/50 -> Mutant: 29/50)
32,超_ゲンガー_究極_V6_アルティメット,0.5282,unchanged
32,水_スターミー_安定_V1,0.6074,unchanged
32,超_ゲンガー_安定_V1,0.4758,unchanged
32,雷_ピカチュウ_究極_V6_アルティメット,0.5391,unchanged
32,炎_リザードンX_安定_V1,0.4931,unchanged
32,超_ミュウツー_グッズ偏重_V3,0.7561,unchanged
32,龍悪_ギラダク_グッズ偏重_V3,0.5271,unchanged
32,雷_ピカチュウ_安定_V1,0.5585,Out: ビリリダマ / In: 鋼鉄のまえかけ (Parent: 30/50 -> Mutant: 38/50)
32,草_フシギバナ_グッズ偏重_V3,0.5788,unchanged
32,鋼_メルルギア_グッズ偏重_V3,0.6424,Out: ブロロローム / In: ダークペンダント (Parent: 33/50 -> Mutant: 39/50)
32,超_ミュウツー_安定_V1,0.3837,Out: 釣り人 / In: ルージュラ (Parent: 19/50 -> Mutant: 21/50)
32,草_フシギバナ_安定_V1,0.5174,unchanged
32,超_ミュウツー_究極_V6_アルティメット,0.6197,Out: サーナイト / In: ムウマ (Parent: 39/50 -> Mutant: 42/50)
32,鋼_メルルギア_安定_V1,0.3782,Out: オボンのみ / In: ディアルガex (Parent: 22/50 -> Mutant: 24/50)
32,水_スターミー_究極_V6_アルティメット,0.4215,Out: スターミーex / In: グリーン (Parent: 25/50 -> Mutant: 31/50)
32,炎_リザードンX_究極_V6_アルティメット,0.6585,Out: ヒノヤコマ / In: エースバーン (Parent: 33/50 -> Mutant: 44/50)
32,雷_ピカチュウ_グッズ偏重_V3,0.4928,unchanged
32,水_スターミー_グッズ偏重_V3,0.4472,Out: ニョロボン / In: まもりのポンチョ (Parent: 30/50 -> Mutant: 34/50)
32,龍悪_ギラダク_安定_V1,0.5345,unchanged
32,草_フシギバナ_究極_V6_アルティメット,0.6669,unchanged
32,闘_ガブルカ_究極_V6_アルティメット,0.2600,unchanged
33,炎_リザードンX_グッズ偏重_V3,0.3300,Out: ポニータ / In: 旅の行商人 (Parent: 33/50 -> Mutant: 37/50)
33,龍悪_ギラダク_究極_V6_アルティメット,0.6217,unchanged
33,闘_ガブルカ_グッズ偏重_V3,0.4002,unchanged
33,鋼_メルルギア_究極_V6_アルティメット,0.5389,Out: どくバリ / In: イーブイex (Parent: 29/50 -> Mutant: 37/50)
33,草_フシギバナ_グッズ偏重_V3,0.5796,unchanged
33,超_ミュウツー_安定_V1,0.3841,Out: ルージュラ / In: ピクシー (Parent: 21/50 -> Mutant: 25/50)
33,水_スターミー_安定_V1,0.6105,unchanged
33,超_ミュウツー_究極_V6_アルティメット,0.6196,Out: フワンテ / In: アブリボン (Parent: 35/50 -> Mutant: 41/50)
33,闘_ガブルカ_究極_V6_アルティメット,0.2607,unchanged
33,龍悪_ギラダク_安定_V1,0.5344,unchanged
33,超_ゲンガー_グッズ偏重_V3,0.1646,unchanged
33,超_ゲンガー_安定_V1,0.4752,unchanged
33,水_スターミー_究極_V6_アルティメット,0.4205,unchanged
33,闘_ガブルカ_安定_V1,0.3771,Out: おさかなネット / In: サイドン (Parent: 22/50 -> Mutant: 33/50)
33,雷_ピカチュウ_安定_V1,0.5602,unchanged
33,超_ミュウツー_グッズ偏重_V3,0.7526,unchanged
33,龍悪_ギラダク_グッズ偏重_V3,0.5282,unchanged
33,草_フシギバナ_安定_V1,0.5166,unchanged
33,雷_ピカチュウ_究極_V6_アルティメット,0.5442,unchanged
33,炎_リザードンX_究極_V6_アルティメット,0.6574,unchanged
33,鋼_メルルギア_安定_V1,0.3777,unchanged
33,水_スターミー_グッズ偏重_V3,0.4440,unchanged
33,雷_ピカチュウ_グッズ偏重_V3,0.4889,unchanged
33,炎_リザードンX_安定_V1,0.4903,Out: ホゲータ / In: エリカ (Parent: 25/50 -> Mutant: 30/50)
33,超_ゲンガー_究極_V6_アルティメット,0.5230,unchanged
33,鋼_メルルギア_グッズ偏重_V3,0.6361,unchanged
33,草_フシギバナ_究極_V6_アルティメット,0.6637,unchanged
34,鋼_メルルギア_安定_V1,0.3827,Out: ハンドスコープ / In: コバルオン (Parent: 23/50 -> Mutant: 26/50)
34,雷_ピカチュウ_究極_V6_アルティメット,0.5541,unchanged
34,龍悪_ギラダク_グッズ偏重_V3,0.5334,unchanged
34,超_ミュウツー_グッズ偏重_V3,0.7537,Out: サカキ / In: 旅の行商人 (Parent: 40/50 -> Mutant: 42/50)
34,龍悪_ギラダク_究極_V6_アルティメット,0.6245,unchanged
34,炎_リザードンX_安定_V1,0.4921,unchanged
34,水_スターミー_安定_V1,0.6133,unchanged
34,超_ゲンガー_究極_V6_アルティメット,0.5212,Out: ゴースト / In: ゴチム (Parent: 26/50 -> Mutant: 31/50)
34,鋼_メルルギア_究極_V6_アルティメット,0.5425,Out: アセロラ / In: アイリス (Parent: 34/50 -> Mutant: 40/50)
34,草_フシギバナ_グッズ偏重_V3,0.5802,Out: ガーメイル / In: バルビート (Parent: 32/50 -> Mutant: 34/50)
34,水_スターミー_グッズ偏重_V3,0.4438,unchanged
34,炎_リザードンX_究極_V6_アルティメット,0.6571,unchanged
34,雷_ピカチュウ_安定_V1,0.5611,unchanged
34,超_ミュウツー_安定_V1,0.3821,Out: ヤミラミ / In: ジュン (Parent: 22/50 -> Mutant: 24/50)
34,水_スターミー_究極_V6_アルティメット,0.4188,Out: ブイゼル / In: ゴルダック (Parent: 25/50 -> Mutant: 28/50)
34,雷_ピカチュウ_グッズ偏重_V3,0.4877,unchanged
34,闘_ガブルカ_安定_V1,0.3740,unchanged
34,草_フシギバナ_安定_V1,0.5158,Out: ルザミーネ / In: カイロス (Parent: 29/50 -> Mutant: 35/50)
34,闘_ガブルカ_究極_V6_アルティメット,0.2591,unchanged
34,超_ゲンガー_安定_V1,0.4735,unchanged
34,炎_リザードンX_グッズ偏重_V3,0.3322,unchanged
34,龍悪_ギラダク_安定_V1,0.5303,unchanged
34,鋼_メルルギア_グッズ偏重_V3,0.6303,unchanged
34,草_フシギバナ_究極_V6_アルティメット,0.6609,unchanged
34,闘_ガブルカ_グッズ偏重_V3,0.3976,unchanged
34,超_ミュウツー_究極_V6_アルティメット,0.6149,Out: ゲンガーex / In: マシェード (Parent: 32/50 -> Mutant: 37/50)
34,超_ゲンガー_グッズ偏重_V3,0.1630,Out: マオ / In: スナバァ (Parent: 12/50 -> Mutant: 18/50)
35,龍悪_ギラダク_究極_V6_アルティメット,0.6282,unchanged
35,草_フシギバナ_安定_V1,0.5180,Out: ドレディア / In: ベイリーフ (Parent: 25/50 -> Mutant: 32/50)
35,炎_リザードンX_究極_V6_アルティメット,0.6587,Out: リザードンex / In: ヒヒダルマ (Parent: 34/50 -> Mutant: 40/50)
35,炎_リザードンX_グッズ偏重_V3,0.3385,unchanged
35,炎_リザードンX_安定_V1,0.4957,unchanged
35,雷_ピカチュウ_安定_V1,0.5632,unchanged
35,闘_ガブルカ_グッズ偏重_V3,0.4002,unchanged
35,雷_ピカチュウ_グッズ偏重_V3,0.4902,unchanged
35,鋼_メルルギア_究極_V6_アルティメット,0.5461,unchanged
35,超_ゲンガー_究極_V6_アルティメット,0.5182,Out: ブルー / In: かけだし調査員 (Parent: 24/50 -> Mutant: 31/50)
35,草_フシギバナ_グッズ偏重_V3,0.5795,Out: チェリム / In: エレキコード (Parent: 25/50 -> Mutant: 33/50)
35,超_ミュウツー_グッズ偏重_V3,0.7523,Out: 旅の行商人 / In: 釣り人 (Parent: 38/50 -> Mutant: 41/50)
35,龍悪_ギラダク_グッズ偏重_V3,0.5338,unchanged
35,龍悪_ギラダク_安定_V1,0.5281,Out: ドンカラス / In: ネズ (Parent: 31/50 -> Mutant: 34/50)
35,超_ゲンガー_安定_V1,0.4731,unchanged
35,鋼_メルルギア_グッズ偏重_V3,0.6281,unchanged
35,超_ミュウツー_究極_V6_アルティメット,0.6135,unchanged
35,雷_ピカチュウ_究極_V6_アルティメット,0.5584,unchanged
35,超_ミュウツー_安定_V1,0.3802,Out: シトロンのリュック / In: ガラルポニータ (Parent: 24/50 -> Mutant: 27/50)
35,水_スターミー_究極_V6_アルティメット,0.4160,unchanged
35,水_スターミー_安定_V1,0.6135,unchanged
35,草_フシギバナ_究極_V6_アルティメット,0.6587,Out: フシギバナ / In: ナンジャモ (Parent: 36/50 -> Mutant: 40/50)
35,闘_ガブルカ_究極_V6_アルティメット,0.2568,Out: ふたの化石 / In: バルキー (Parent: 11/50 -> Mutant: 14/50)
35,闘_ガブルカ_安定_V1,0.3687,unchanged
35,水_スターミー_グッズ偏重_V3,0.4396,Out: バイバニラ / In: カイ (Parent: 29/50 -> Mutant: 32/50)
35,超_ゲンガー_グッズ偏重_V3,0.1615,Out: キルリア / In: トゲチック (Parent: 12/50 -> Mutant: 21/50)
35,鋼_メルルギア_安定_V1,0.3812,Out: トリデプス / In: オリジンディアルガ (Parent: 23/50 -> Mutant: 34/50)
36,雷_ピカチュウ_グッズ偏重_V3,0.4947,unchanged
36,鋼_メルルギア_究極_V6_アルティメット,0.5512,unchanged
36,超_ゲンガー_究極_V6_アルティメット,0.5185,unchanged
36,水_スターミー_安定_V1,0.6173,unchanged
36,草_フシギバナ_究極_V6_アルティメット,0.6605,unchanged
36,龍悪_ギラダク_安定_V1,0.5292,unchanged
36,超_ミュウツー_安定_V1,0.3800,unchanged
36,超_ミュウツー_グッズ偏重_V3,0.7524,unchanged
36,雷_ピカチュウ_究極_V6_アルティメット,0.5649,unchanged
36,超_ミュウツー_究極_V6_アルティメット,0.6137,unchanged
36,炎_リザードンX_グッズ偏重_V3,0.3432,unchanged
36,鋼_メルルギア_グッズ偏重_V3,0.6276,unchanged
36,超_ゲンガー_安定_V1,0.4737,Out: ガラルギャロップ / In: クレセリアex (Parent: 33/50 -> Mutant: 37/50)
36,闘_ガブルカ_グッズ偏重_V3,0.4013,unchanged
36,草_フシギバナ_安定_V1,0.5176,Out: オーロット / In: マユルド (Parent: 29/50 -> Mutant: 32/50)
36,闘_ガブルカ_安定_V1,0.3667,Out: カイリキー / In: エルレイドex (Parent: 22/50 -> Mutant: 26/50)
36,雷_ピカチュウ_安定_V1,0.5631,Out: メモリーライト / In: ゼブライカ (Parent: 35/50 -> Mutant: 37/50)
36,龍悪_ギラダク_グッズ偏重_V3,0.5321,unchanged
36,炎_リザードンX_安定_V1,0.4938,unchanged
36,龍悪_ギラダク_究極_V6_アルティメット,0.6259,unchanged
36,鋼_メルルギア_安定_V1,0.3810,unchanged
36,水_スターミー_究極_V6_アルティメット,0.4127,unchanged
36,草_フシギバナ_グッズ偏重_V3,0.5752,Out: バルビート / In: シトロン (Parent: 29/50 -> Mutant: 33/50)
36,炎_リザードンX_究極_V6_アルティメット,0.6555,unchanged
36,超_ゲンガー_グッズ偏重_V3,0.1605,unchanged
36,水_スターミー_グッズ偏重_V3,0.4351,Out: ハギギシリ / In: メモリーライト (Parent: 25/50 -> Mutant: 29/50)
36,闘_ガブルカ_究極_V6_アルティメット,0.2528,Out: スナバァ / In: ヒットハンマー (Parent: 12/50 -> Mutant: 19/50)
37,水_スターミー_グッズ偏重_V3,0.4396,unchanged
37,闘_ガブルカ_究極_V6_アルティメット,0.2539,unchanged
37,鋼_メルルギア_グッズ偏重_V3,0.6305,unchanged
37,雷_ピカチュウ_安定_V1,0.5670,Out: レッド / In: アゴの化石 (Parent: 32/50 -> Mutant: 35/50)
37,草_フシギバナ_安定_V1,0.5183,unchanged
37,超_ゲンガー_究極_V6_アルティメット,0.5186,unchanged
37,超_ミュウツー_究極_V6_アルティメット,0.6146,unchanged
37,龍悪_ギラダク_安定_V1,0.5294,unchanged
37,草_フシギバナ_グッズ偏重_V3,0.5746,Out: アマージョ / In: マチス (Parent: 31/50 -> Mutant: 35/50)
37,闘_ガブルカ_安定_V1,0.3670,Out: トレーニングエリア / In: サナギラス (Parent: 21/50 -> Mutant: 23/50)
37,雷_ピカチュウ_究極_V6_アルティメット,0.5700,unchanged
37,超_ゲンガー_グッズ偏重_V3,0.1618,unchanged
37,水_スターミー_安定_V1,0.6191,unchanged
37,草_フシギバナ_究極_V6_アルティメット,0.6594,unchanged
37,炎_リザードンX_グッズ偏重_V3,0.3474,unchanged
37,鋼_メルルギア_究極_V6_アルティメット,0.5514,unchanged
37,超_ゲンガー_安定_V1,0.4741,unchanged
37,龍悪_ギラダク_究極_V6_アルティメット,0.6244,unchanged
37,鋼_メルルギア_安定_V1,0.3803,Out: オリジンディアルガ / In: ピジョン (Parent: 21/50 -> Mutant: 26/50)
37,炎_リザードンX_安定_V1,0.4919,unchanged
37,闘_ガブルカ_グッズ偏重_V3,0.4005,Out: マンキー / In: マチス (Parent: 25/50 -> Mutant: 30/50)
37,雷_ピカチュウ_グッズ偏重_V3,0.4929,Out: サンダーex / In: ライチュウ (Parent: 28/50 -> Mutant: 30/50)
37,炎_リザードンX_究極_V6_アルティメット,0.6531,unchanged
37,超_ミュウツー_グッズ偏重_V3,0.7473,unchanged
37,龍悪_ギラダク_グッズ偏重_V3,0.5286,unchanged
37,超_ミュウツー_安定_V1,0.3752,unchanged
37,水_スターミー_究極_V6_アルティメット,0.4089,Out: グリーン / In: ウォーターボート (Parent: 26/50 -> Mutant: 28/50)
38,闘_ガブルカ_安定_V1,0.3692,unchanged
38,炎_リザードンX_究極_V6_アルティメット,0.6557,unchanged
38,草_フシギバナ_グッズ偏重_V3,0.5766,unchanged
38,草_フシギバナ_安定_V1,0.5197,Out: ナエトル / In: フシギソウ (Parent: 27/50 -> Mutant: 33/50)
38,龍悪_ギラダク_グッズ偏重_V3,0.5321,unchanged
38,超_ミュウツー_グッズ偏重_V3,0.7478,unchanged
38,超_ゲンガー_グッズ偏重_V3,0.1644,unchanged
38,闘_ガブルカ_グッズ偏重_V3,0.4030,unchanged
38,超_ゲンガー_安定_V1,0.4771,unchanged
38,水_スターミー_究極_V6_アルティメット,0.4105,unchanged
38,超_ミュウツー_究極_V6_アルティメット,0.6153,unchanged
38,炎_リザードンX_安定_V1,0.4915,unchanged
38,雷_ピカチュウ_究極_V6_アルティメット,0.5747,unchanged
38,超_ミュウツー_安定_V1,0.3737,unchanged
38,鋼_メルルギア_安定_V1,0.3815,Out: トレーニングエリア / In: チラーミィ (Parent: 21/50 -> Mutant: 27/50)
38,炎_リザードンX_グッズ偏重_V3,0.3507,unchanged
38,龍悪_ギラダク_安定_V1,0.5280,unchanged
38,鋼_メルルギア_究極_V6_アルティメット,0.5516,Out: アイリス / In: ハンサム (Parent: 33/50 -> Mutant: 44/50)
38,鋼_メルルギア_グッズ偏重_V3,0.6271,Out: カツラ / In: ギルガルド (Parent: 37/50 -> Mutant: 40/50)
38,闘_ガブルカ_究極_V6_アルティメット,0.2513,unchanged
38,雷_ピカチュウ_安定_V1,0.5646,unchanged
38,水_スターミー_グッズ偏重_V3,0.4360,unchanged
38,雷_ピカチュウ_グッズ偏重_V3,0.4890,Out: 旅の行商人 / In: ネモ (Parent: 30/50 -> Mutant: 32/50)
38,超_ゲンガー_究極_V6_アルティメット,0.5145,unchanged
38,水_スターミー_安定_V1,0.6182,Out: レスキュースカーフ / In: ヤドン (Parent: 29/50 -> Mutant: 37/50)
38,草_フシギバナ_究極_V6_アルティメット,0.6562,unchanged
38,龍悪_ギラダク_究極_V6_アルティメット,0.6201,Out: クリムガン / In: スター団のしたっぱ (Parent: 39/50 -> Mutant: 43/50)
39,雷_ピカチュウ_グッズ偏重_V3,0.4914,unchanged
39,超_ミュウツー_グッズ偏重_V3,0.7493,unchanged
39,鋼_メルルギア_グッズ偏重_V3,0.6286,Out: ギンガ団のしたっぱ / In: ムクホーク (Parent: 37/50 -> Mutant: 39/50)
39,炎_リザードンX_グッズ偏重_V3,0.3560,Out: ガーディ / In: ポケモンセンターのお姉さん (Parent: 30/50 -> Mutant: 33/50)
39,超_ゲンガー_究極_V6_アルティメット,0.5146,Out: バウッツェル / In: ウォーターボート (Parent: 21/50 -> Mutant: 27/50)
39,闘_ガブルカ_安定_V1,0.3700,Out: グリーン / In: ガバイト (Parent: 22/50 -> Mutant: 27/50)
39,超_ミュウツー_究極_V6_アルティメット,0.6169,Out: マシェード / In: ケーシィ (Parent: 39/50 -> Mutant: 41/50)
39,鋼_メルルギア_安定_V1,0.3830,unchanged
39,鋼_メルルギア_究極_V6_アルティメット,0.5546,Out: ポリゴン2 / In: アイリス (Parent: 33/50 -> Mutant: 42/50)
39,超_ゲンガー_グッズ偏重_V3,0.1652,unchanged
39,草_フシギバナ_安定_V1,0.5210,unchanged
39,超_ゲンガー_安定_V1,0.4788,unchanged
39,龍悪_ギラダク_究極_V6_アルティメット,0.6214,unchanged
39,草_フシギバナ_グッズ偏重_V3,0.5763,unchanged
39,雷_ピカチュウ_究極_V6_アルティメット,0.5795,unchanged
39,超_ミュウツー_安定_V1,0.3713,unchanged
39,水_スターミー_グッズ偏重_V3,0.4355,Out: まもりのポンチョ / In: アリゲイツ (Parent: 30/50 -> Mutant: 32/50)
39,雷_ピカチュウ_安定_V1,0.5629,unchanged
39,龍悪_ギラダク_グッズ偏重_V3,0.5302,unchanged
39,龍悪_ギラダク_安定_V1,0.5245,unchanged
39,闘_ガブルカ_グッズ偏重_V3,0.4022,Out: ガブリアスex / In: タタッコ (Parent: 29/50 -> Mutant: 32/50)
39,炎_リザードンX_究極_V6_アルティメット,0.6547,unchanged
39,闘_ガブルカ_究極_V6_アルティメット,0.2483,unchanged
39,草_フシギバナ_究極_V6_アルティメット,0.6535,unchanged
39,水_スターミー_安定_V1,0.6154,unchanged
39,炎_リザードンX_安定_V1,0.4877,unchanged
39,水_スターミー_究極_V6_アルティメット,0.4071,unchanged
40,雷_ピカチュウ_グッズ偏重_V3,0.4945,unchanged
40,水_スターミー_安定_V1,0.6186,unchanged
40,鋼_メルルギア_グッズ偏重_V3,0.6308,unchanged
40,水_スターミー_グッズ偏重_V3,0.4378,unchanged
40,龍悪_ギラダク_グッズ偏重_V3,0.5328,unchanged
40,超_ゲンガー_安定_V1,0.4821,unchanged
40,炎_リザードンX_究極_V6_アルティメット,0.6556,Out: キョウ / In: ガオガエンex (Parent: 37/50 -> Mutant: 41/50)
40,闘_ガブルカ_究極_V6_アルティメット,0.2485,unchanged
40,鋼_メルルギア_究極_V6_アルティメット,0.5562,unchanged
40,水_スターミー_究極_V6_アルティメット,0.4082,unchanged
40,龍悪_ギラダク_安定_V1,0.5239,unchanged
40,龍悪_ギラダク_究極_V6_アルティメット,0.6227,Out: ゴースト / In: イーブイのバッグ (Parent: 38/50 -> Mutant: 40/50)
40,草_フシギバナ_グッズ偏重_V3,0.5761,unchanged
40,超_ミュウツー_究極_V6_アルティメット,0.6151,unchanged
40,鋼_メルルギア_安定_V1,0.3829,Out: トリミアン / In: ナットレイ (Parent: 27/50 -> Mutant: 30/50)
40,超_ゲンガー_究極_V6_アルティメット,0.5128,unchanged
40,雷_ピカチュウ_究極_V6_アルティメット,0.5814,unchanged
40,闘_ガブルカ_グッズ偏重_V3,0.4014,Out: カブト / In: グラードン (Parent: 24/50 -> Mutant: 31/50)
40,雷_ピカチュウ_安定_V1,0.5618,unchanged
40,炎_リザードンX_安定_V1,0.4863,Out: リザードンex / In: メガリザードンYex (Parent: 30/50 -> Mutant: 34/50)
40,超_ミュウツー_グッズ偏重_V3,0.7461,unchanged
40,超_ミュウツー_安定_V1,0.3670,Out: キルリア / In: クレセリア (Parent: 26/50 -> Mutant: 29/50)
40,草_フシギバナ_究極_V6_アルティメット,0.6510,Out: 大きなマント / In: シズイ (Parent: 37/50 -> Mutant: 39/50)
40,草_フシギバナ_安定_V1,0.5191,unchanged
40,超_ゲンガー_グッズ偏重_V3,0.1642,unchanged
40,闘_ガブルカ_安定_V1,0.3653,unchanged
40,炎_リザードンX_グッズ偏重_V3,0.3578,unchanged
41,超_ミュウツー_安定_V1,0.3697,Out: スピーダー / In: パンプジン (Parent: 16/50 -> Mutant: 23/50)
41,超_ミュウツー_グッズ偏重_V3,0.7474,unchanged
41,闘_ガブルカ_グッズ偏重_V3,0.4042,unchanged
41,水_スターミー_安定_V1,0.6205,Out: フリーザーex / In: カメール (Parent: 34/50 -> Mutant: 38/50)
41,水_スターミー_グッズ偏重_V3,0.4394,unchanged
41,闘_ガブルカ_安定_V1,0.3655,unchanged
41,鋼_メルルギア_究極_V6_アルティメット,0.5594,unchanged
41,鋼_メルルギア_安定_V1,0.3848,Out: はねの化石 / In: プリン (Parent: 25/50 -> Mutant: 27/50)
41,超_ゲンガー_安定_V1,0.4856,Out: ムシャーナ / In: トゲピー (Parent: 32/50 -> Mutant: 34/50)
41,炎_リザードンX_究極_V6_アルティメット,0.6567,unchanged
41,草_フシギバナ_安定_V1,0.5196,Out: 当たりつきアイス / In: チュリネ (Parent: 28/50 -> Mutant: 33/50)
41,草_フシギバナ_グッズ偏重_V3,0.5749,Out: ツボツボex / In: ラランテス (Parent: 26/50 -> Mutant: 31/50)
41,超_ゲンガー_究極_V6_アルティメット,0.5114,unchanged
41,雷_ピカチュウ_究極_V6_アルティメット,0.5856,unchanged
41,雷_ピカチュウ_安定_V1,0.5614,unchanged
41,龍悪_ギラダク_グッズ偏重_V3,0.5327,Out: シトロン / In: アイリス (Parent: 35/50 -> Mutant: 40/50)
41,草_フシギバナ_究極_V6_アルティメット,0.6499,Out: ラッキーミトン / In: レディアン (Parent: 35/50 -> Mutant: 39/50)
41,雷_ピカチュウ_グッズ偏重_V3,0.4912,Out: ハンドスコープ / In: ハイキングコース (Parent: 29/50 -> Mutant: 35/50)
41,鋼_メルルギア_グッズ偏重_V3,0.6274,unchanged
41,炎_リザードンX_安定_V1,0.4873,unchanged
41,闘_ガブルカ_究極_V6_アルティメット,0.2463,Out: リオル / In: コノヨザル (Parent: 16/50 -> Mutant: 22/50)
41,龍悪_ギラダク_究極_V6_アルティメット,0.6203,unchanged
41,龍悪_ギラダク_安定_V1,0.5203,unchanged
41,超_ゲンガー_グッズ偏重_V3,0.1632,Out: スピーダー / In: アカネ (Parent: 11/50 -> Mutant: 13/50)
41,超_ミュウツー_究極_V6_アルティメット,0.6102,Out: ブーピッグ / In: バネブー (Parent: 35/50 -> Mutant: 37/50)
41,炎_リザードンX_グッズ偏重_V3,0.3602,unchanged
41,水_スターミー_究極_V6_アルティメット,0.4050,unchanged
42,雷_ピカチュウ_安定_V1,0.5646,unchanged
42,雷_ピカチュウ_究極_V6_アルティメット,0.5915,unchanged
42,龍悪_ギラダク_究極_V6_アルティメット,0.6234,unchanged
42,水_スターミー_グッズ偏重_V3,0.4413,unchanged
42,炎_リザードンX_究極_V6_アルティメット,0.6577,Out: スイレン / In: アゴの化石 (Parent: 39/50 -> Mutant: 43/50)
42,龍悪_ギラダク_グッズ偏重_V3,0.5363,unchanged
42,超_ゲンガー_安定_V1,0.4878,Out: ボクレー / In: クレッフィ (Parent: 21/50 -> Mutant: 35/50)
42,闘_ガブルカ_グッズ偏重_V3,0.4057,unchanged
42,草_フシギバナ_グッズ偏重_V3,0.5747,unchanged
42,水_スターミー_安定_V1,0.6199,unchanged
42,超_ゲンガー_究極_V6_アルティメット,0.5101,unchanged
42,鋼_メルルギア_グッズ偏重_V3,0.6266,Out: カスミ / In: ポケモンの笛 (Parent: 33/50 -> Mutant: 40/50)
42,炎_リザードンX_安定_V1,0.4891,Out: ファイヤーex / In: イリマ (Parent: 30/50 -> Mutant: 35/50)
42,超_ミュウツー_安定_V1,0.3691,unchanged
42,闘_ガブルカ_究極_V6_アルティメット,0.2456,unchanged
42,炎_リザードンX_グッズ偏重_V3,0.3649,unchanged
42,草_フシギバナ_安定_V1,0.5187,unchanged
42,超_ミュウツー_究極_V6_アルティメット,0.6069,unchanged
42,草_フシギバナ_究極_V6_アルティメット,0.6492,unchanged
42,龍悪_ギラダク_安定_V1,0.5175,unchanged
42,超_ゲンガー_グッズ偏重_V3,0.1626,Out: ゴースト / In: ランクルス (Parent: 15/50 -> Mutant: 20/50)
42,闘_ガブルカ_安定_V1,0.3630,Out: モンスターボール / In: タタッコ (Parent: 23/50 -> Mutant: 29/50)
42,超_ミュウツー_グッズ偏重_V3,0.7433,unchanged
42,鋼_メルルギア_究極_V6_アルティメット,0.5581,unchanged
42,水_スターミー_究極_V6_アルティメット,0.4029,unchanged
42,雷_ピカチュウ_グッズ偏重_V3,0.4870,unchanged
42,鋼_メルルギア_安定_V1,0.3825,unchanged
43,超_ゲンガー_安定_V1,0.4903,unchanged
43,草_フシギバナ_グッズ偏重_V3,0.5748,Out: エリカ / In: ミニーブ (Parent: 29/50 -> Mutant: 31/50)
43,草_フシギバナ_安定_V1,0.5203,unchanged
43,炎_リザードンX_究極_V6_アルティメット,0.6594,unchanged
43,鋼_メルルギア_安定_V1,0.3850,Out: ブロロン / In: オタチ (Parent: 24/50 -> Mutant: 28/50)
43,雷_ピカチュウ_グッズ偏重_V3,0.4879,Out: ピカチュウ / In: セキ (Parent: 24/50 -> Mutant: 30/50)
43,雷_ピカチュウ_究極_V6_アルティメット,0.5970,unchanged
43,超_ミュウツー_グッズ偏重_V3,0.7439,unchanged
43,鋼_メルルギア_グッズ偏重_V3,0.6277,unchanged
43,超_ゲンガー_グッズ偏重_V3,0.1642,Out: ココロモリ / In: ルチア (Parent: 15/50 -> Mutant: 19/50)
43,龍悪_ギラダク_安定_V1,0.5173,Out: アブソル / In: タケシ (Parent: 32/50 -> Mutant: 36/50)
43,水_スターミー_グッズ偏重_V3,0.4418,unchanged
43,龍悪_ギラダク_グッズ偏重_V3,0.5380,Out: カルム / In: カイリュー (Parent: 35/50 -> Mutant: 40/50)
43,炎_リザードンX_安定_V1,0.4897,unchanged
43,闘_ガブルカ_究極_V6_アルティメット,0.2445,unchanged
43,闘_ガブルカ_安定_V1,0.3608,Out: モノマネむすめ / In: ふしぎな広場 (Parent: 17/50 -> Mutant: 23/50)
43,龍悪_ギラダク_究極_V6_アルティメット,0.6235,unchanged
43,雷_ピカチュウ_安定_V1,0.5639,unchanged
43,闘_ガブルカ_グッズ偏重_V3,0.4050,unchanged
43,水_スターミー_究極_V6_アルティメット,0.4021,unchanged
43,鋼_メルルギア_究極_V6_アルティメット,0.5575,Out: フレイムパッチ / In: 博士の研究 (Parent: 41/50 -> Mutant: 47/50)
43,炎_リザードンX_グッズ偏重_V3,0.3670,unchanged
43,超_ゲンガー_究極_V6_アルティメット,0.5067,unchanged
43,超_ミュウツー_究極_V6_アルティメット,0.6021,Out: メモリーライト / In: トゲキッス (Parent: 33/50 -> Mutant: 39/50)
43,草_フシギバナ_究極_V6_アルティメット,0.6466,unchanged
43,超_ミュウツー_安定_V1,0.3662,unchanged
43,水_スターミー_安定_V1,0.6167,Out: ホエルオー / In: シャリタツ (Parent: 34/50 -> Mutant: 36/50)
44,超_ミュウツー_究極_V6_アルティメット,0.6042,unchanged
44,雷_ピカチュウ_安定_V1,0.5673,Out: サンダーex / In: ハンサム (Parent: 33/50 -> Mutant: 36/50)
44,水_スターミー_グッズ偏重_V3,0.4448,unchanged
44,闘_ガブルカ_究極_V6_アルティメット,0.2455,unchanged
44,龍悪_ギラダク_グッズ偏重_V3,0.5404,unchanged
44,超_ゲンガー_グッズ偏重_V3,0.1668,unchanged
44,超_ミュウツー_グッズ偏重_V3,0.7450,unchanged
44,水_スターミー_究極_V6_アルティメット,0.4038,unchanged
44,炎_リザードンX_グッズ偏重_V3,0.3733,unchanged
44,炎_リザードンX_安定_V1,0.4921,unchanged
44,超_ゲンガー_安定_V1,0.4899,unchanged
44,鋼_メルルギア_グッズ偏重_V3,0.6265,unchanged
44,龍悪_ギラダク_安定_V1,0.5177,Out: ダークライex / In: ドヒドイデ (Parent: 30/50 -> Mutant: 34/50)
44,鋼_メルルギア_究極_V6_アルティメット,0.5584,unchanged
44,水_スターミー_安定_V1,0.6146,Out: カメール / In: カスミ (Parent: 24/50 -> Mutant: 33/50)
44,超_ミュウツー_安定_V1,0.3649,unchanged
44,雷_ピカチュウ_グッズ偏重_V3,0.4868,unchanged
44,草_フシギバナ_究極_V6_アルティメット,0.6460,unchanged
44,草_フシギバナ_安定_V1,0.5184,unchanged
44,炎_リザードンX_究極_V6_アルティメット,0.6581,Out: 旅の行商人 / In: ナンジャモ (Parent: 40/50 -> Mutant: 43/50)
44,闘_ガブルカ_安定_V1,0.3572,Out: ガブリアスex / In: ギガイアスex (Parent: 25/50 -> Mutant: 33/50)
44,鋼_メルルギア_安定_V1,0.3832,unchanged
44,超_ゲンガー_究極_V6_アルティメット,0.5027,unchanged
44,草_フシギバナ_グッズ偏重_V3,0.5707,unchanged
44,雷_ピカチュウ_究極_V6_アルティメット,0.5986,Out: シビビール / In: サンダーex (Parent: 45/50 -> Mutant: 47/50)
44,龍悪_ギラダク_究極_V6_アルティメット,0.6212,unchanged
44,闘_ガブルカ_グッズ偏重_V3,0.4020,unchanged
45,水_スターミー_安定_V1,0.6158,unchanged
45,闘_ガブルカ_安定_V1,0.3595,unchanged
45,草_フシギバナ_究極_V6_アルティメット,0.6481,unchanged
45,龍悪_ギラダク_究極_V6_アルティメット,0.6247,unchanged
45,水_スターミー_グッズ偏重_V3,0.4468,unchanged
45,超_ミュウツー_安定_V1,0.3659,unchanged
45,闘_ガブルカ_グッズ偏重_V3,0.4049,unchanged
45,闘_ガブルカ_究極_V6_アルティメット,0.2457,unchanged
45,超_ゲンガー_グッズ偏重_V3,0.1683,Out: ユニラン / In: アカネ (Parent: 8/50 -> Mutant: 15/50)
45,鋼_メルルギア_安定_V1,0.3840,unchanged
45,草_フシギバナ_安定_V1,0.5181,unchanged
45,超_ゲンガー_究極_V6_アルティメット,0.5018,unchanged
45,水_スターミー_究極_V6_アルティメット,0.4048,unchanged
45,雷_ピカチュウ_安定_V1,0.5660,unchanged
45,超_ミュウツー_究極_V6_アルティメット,0.6025,unchanged
45,超_ミュウツー_グッズ偏重_V3,0.7436,unchanged
45,草_フシギバナ_グッズ偏重_V3,0.5678,Out: シトロン / In: ハネッコ (Parent: 27/50 -> Mutant: 30/50)
45,龍悪_ギラダク_グッズ偏重_V3,0.5397,unchanged
45,雷_ピカチュウ_究極_V6_アルティメット,0.6022,Out: マルマイン / In: 大きなマント (Parent: 39/50 -> Mutant: 41/50)
45,炎_リザードンX_安定_V1,0.4926,Out: ランプラー / In: コトネ (Parent: 35/50 -> Mutant: 38/50)
45,鋼_メルルギア_究極_V6_アルティメット,0.5574,unchanged
45,雷_ピカチュウ_グッズ偏重_V3,0.4850,Out: ライチュウex / In: エレキジェネレーター (Parent: 32/50 -> Mutant: 39/50)
45,超_ゲンガー_安定_V1,0.4878,unchanged
45,鋼_メルルギア_グッズ偏重_V3,0.6218,unchanged
45,龍悪_ギラダク_安定_V1,0.5144,Out: オラチフ / In: ドガース (Parent: 27/50 -> Mutant: 36/50)
45,炎_リザードンX_究極_V6_アルティメット,0.6559,unchanged
45,炎_リザードンX_グッズ偏重_V3,0.3751,unchanged
46,鋼_メルルギア_安定_V1,0.3859,unchanged
46,草_フシギバナ_グッズ偏重_V3,0.5677,Out: マチス / In: マーマネ (Parent: 22/50 -> Mutant: 27/50)
46,炎_リザードンX_グッズ偏重_V3,0.3821,unchanged
46,闘_ガブルカ_グッズ偏重_V3,0.4087,unchanged
46,龍悪_ギラダク_グッズ偏重_V3,0.5428,unchanged
46,草_フシギバナ_究極_V6_アルティメット,0.6500,Out: キョウ / In: ふしぎな広場 (Parent: 35/50 -> Mutant: 41/50)
46,超_ゲンガー_グッズ偏重_V3,0.1693,unchanged
46,草_フシギバナ_安定_V1,0.5182,unchanged
46,鋼_メルルギア_究極_V6_アルティメット,0.5592,unchanged
46,闘_ガブルカ_究極_V6_アルティメット,0.2449,Out: ポケモンセンターのお姉さん / In: ハリテヤマ (Parent: 14/50 -> Mutant: 19/50)
46,炎_リザードンX_究極_V6_アルティメット,0.6567,unchanged
46,闘_ガブルカ_安定_V1,0.3593,Out: きずぐすり / In: オコリザル (Parent: 26/50 -> Mutant: 29/50)
46,水_スターミー_グッズ偏重_V3,0.4477,unchanged
46,超_ミュウツー_安定_V1,0.3659,unchanged
46,雷_ピカチュウ_安定_V1,0.5652,Out: アゴの化石 / In: タイカイデン (Parent: 33/50 -> Mutant: 38/50)
46,雷_ピカチュウ_グッズ偏重_V3,0.4857,Out: クワガノン / In: メモリーライト (Parent: 28/50 -> Mutant: 31/50)
46,龍悪_ギラダク_究極_V6_アルティメット,0.6240,unchanged
46,水_スターミー_究極_V6_アルティメット,0.4041,Out: ゴルダック / In: ジュン (Parent: 25/50 -> Mutant: 27/50)
46,炎_リザードンX_安定_V1,0.4925,Out: コトネ / In: グリーン (Parent: 27/50 -> Mutant: 36/50)
46,龍悪_ギラダク_安定_V1,0.5121,unchanged
46,超_ゲンガー_究極_V6_アルティメット,0.4994,unchanged
46,雷_ピカチュウ_究極_V6_アルティメット,0.6047,Out: ピカチュウex / In: ボタン (Parent: 41/50 -> Mutant: 43/50)
46,水_スターミー_安定_V1,0.6129,Out: まもりのポンチョ / In: ミズゴロウ (Parent: 31/50 -> Mutant: 37/50)
46,超_ゲンガー_安定_V1,0.4860,unchanged
46,超_ミュウツー_グッズ偏重_V3,0.7405,unchanged
46,鋼_メルルギア_グッズ偏重_V3,0.6169,Out: シズイ / In: スイレン (Parent: 30/50 -> Mutant: 36/50)
46,超_ミュウツー_究極_V6_アルティメット,0.5978,unchanged
47,草_フシギバナ_究極_V6_アルティメット,0.6514,unchanged
47,龍悪_ギラダク_安定_V1,0.5133,unchanged
47,炎_リザードンX_グッズ偏重_V3,0.3883,unchanged
47,闘_ガブルカ_究極_V6_アルティメット,0.2461,Out: アゴの化石 / In: アサナン (Parent: 16/50 -> Mutant: 20/50)
47,鋼_メルルギア_グッズ偏重_V3,0.6198,unchanged
47,雷_ピカチュウ_安定_V1,0.5659,unchanged
47,鋼_メルルギア_究極_V6_アルティメット,0.5620,unchanged
47,炎_リザードンX_安定_V1,0.4953,unchanged
47,龍悪_ギラダク_究極_V6_アルティメット,0.6257,unchanged
47,水_スターミー_究極_V6_アルティメット,0.4050,unchanged
47,超_ミュウツー_グッズ偏重_V3,0.7412,unchanged
47,水_スターミー_グッズ偏重_V3,0.4485,unchanged
47,超_ゲンガー_グッズ偏重_V3,0.1703,unchanged
47,超_ゲンガー_安定_V1,0.4868,Out: かんこうきゃく / In: ナツメ (Parent: 29/50 -> Mutant: 31/50)
47,超_ゲンガー_究極_V6_アルティメット,0.4973,unchanged
47,炎_リザードンX_究極_V6_アルティメット,0.6570,unchanged
47,超_ミュウツー_究極_V6_アルティメット,0.5952,unchanged
47,草_フシギバナ_グッズ偏重_V3,0.5640,unchanged
47,闘_ガブルカ_安定_V1,0.3568,unchanged
47,雷_ピカチュウ_グッズ偏重_V3,0.4843,unchanged
47,雷_ピカチュウ_究極_V6_アルティメット,0.6063,Out: テーブルシティ / In: おおきいマラサダ (Parent: 42/50 -> Mutant: 46/50)
47,水_スターミー_安定_V1,0.6093,Out: ゴルダック / In: サメハダー (Parent: 30/50 -> Mutant: 41/50)
47,鋼_メルルギア_安定_V1,0.3844,Out: プクリン / In: ポリゴン2 (Parent: 21/50 -> Mutant: 23/50)
47,草_フシギバナ_安定_V1,0.5155,Out: エリカ / In: ダダリンex (Parent: 30/50 -> Mutant: 32/50)
47,闘_ガブルカ_グッズ偏重_V3,0.4069,unchanged
47,超_ミュウツー_安定_V1,0.3642,unchanged
47,龍悪_ギラダク_グッズ偏重_V3,0.5389,unchanged
48,鋼_メルルギア_グッズ偏重_V3,0.6222,unchanged
48,鋼_メルルギア_究極_V6_アルティメット,0.5659,unchanged
48,炎_リザードンX_究極_V6_アルティメット,0.6592,unchanged
48,水_スターミー_グッズ偏重_V3,0.4506,unchanged
48,鋼_メルルギア_安定_V1,0.3862,unchanged
48,超_ゲンガー_グッズ偏重_V3,0.1726,Out: ナツメ / In: ネモ (Parent: 11/50 -> Mutant: 17/50)
48,雷_ピカチュウ_安定_V1,0.5663,unchanged
48,超_ミュウツー_究極_V6_アルティメット,0.5956,unchanged
48,草_フシギバナ_グッズ偏重_V3,0.5617,unchanged
48,炎_リザードンX_安定_V1,0.4975,unchanged
48,超_ゲンガー_究極_V6_アルティメット,0.4959,unchanged
48,龍悪_ギラダク_究極_V6_アルティメット,0.6264,Out: ふしぎなアメ / In: そうじゅくエキス (Parent: 38/50 -> Mutant: 41/50)
48,超_ゲンガー_安定_V1,0.4876,unchanged
48,草_フシギバナ_安定_V1,0.5154,unchanged
48,超_ミュウツー_安定_V1,0.3631,unchanged
48,闘_ガブルカ_安定_V1,0.3566,unchanged
48,水_スターミー_究極_V6_アルティメット,0.4050,Out: ラプラス / In: ヒットハンマー (Parent: 21/50 -> Mutant: 33/50)
48,龍悪_ギラダク_安定_V1,0.5111,unchanged
48,草_フシギバナ_究極_V6_アルティメット,0.6511,Out: コンパン / In: ラッキーミトン (Parent: 36/50 -> Mutant: 40/50)
48,雷_ピカチュウ_グッズ偏重_V3,0.4831,unchanged
48,水_スターミー_安定_V1,0.6065,unchanged
48,炎_リザードンX_グッズ偏重_V3,0.3911,unchanged
48,超_ミュウツー_グッズ偏重_V3,0.7383,Out: レッド / In: イリマ (Parent: 37/50 -> Mutant: 42/50)
48,闘_ガブルカ_グッズ偏重_V3,0.4052,unchanged
48,闘_ガブルカ_究極_V6_アルティメット,0.2425,unchanged
48,雷_ピカチュウ_究極_V6_アルティメット,0.6079,unchanged
48,龍悪_ギラダク_グッズ偏重_V3,0.5355,unchanged
49,闘_ガブルカ_グッズ偏重_V3,0.4080,Out: ウリムー / In: アーケオス (Parent: 26/50 -> Mutant: 29/50)
49,炎_リザードンX_安定_V1,0.5007,unchanged
49,炎_リザードンX_究極_V6_アルティメット,0.6604,unchanged
49,草_フシギバナ_グッズ偏重_V3,0.5604,Out: キマワリ / In: マメバッタ (Parent: 24/50 -> Mutant: 27/50)
49,龍悪_ギラダク_グッズ偏重_V3,0.5389,Out: 大きなふうせん / In: ハンサム (Parent: 35/50 -> Mutant: 42/50)
49,水_スターミー_究極_V6_アルティメット,0.4077,unchanged
49,龍悪_ギラダク_安定_V1,0.5115,unchanged
49,超_ミュウツー_安定_V1,0.3637,Out: ジュン / In: ヤドキング (Parent: 16/50 -> Mutant: 23/50)
49,雷_ピカチュウ_安定_V1,0.5670,unchanged
49,水_スターミー_安定_V1,0.6058,Out: パルキアex / In: ウリムー (Parent: 28/50 -> Mutant: 34/50)
49,闘_ガブルカ_究極_V6_アルティメット,0.2423,Out: バルキー / In: ハルカ (Parent: 18/50 -> Mutant: 20/50)
49,炎_リザードンX_グッズ偏重_V3,0.3956,Out: レスキュースカーフ / In: ファイアロー (Parent: 28/50 -> Mutant: 34/50)
49,超_ミュウツー_究極_V6_アルティメット,0.5949,Out: クレセリアex / In: キルリア (Parent: 34/50 -> Mutant: 40/50)
49,草_フシギバナ_究極_V6_アルティメット,0.6549,unchanged
49,草_フシギバナ_安定_V1,0.5160,unchanged
49,闘_ガブルカ_安定_V1,0.3552,Out: ガバイト / In: カラカラ (Parent: 18/50 -> Mutant: 27/50)
49,鋼_メルルギア_グッズ偏重_V3,0.6203,Out: ポケモンの笛 / In: カキ (Parent: 39/50 -> Mutant: 42/50)
49,龍悪_ギラダク_究極_V6_アルティメット,0.6250,unchanged
49,超_ゲンガー_安定_V1,0.4858,unchanged
49,水_スターミー_グッズ偏重_V3,0.4484,unchanged
49,鋼_メルルギア_安定_V1,0.3854,unchanged
49,超_ミュウツー_グッズ偏重_V3,0.7357,Out: 旅の行商人 / In: メガチルタリスex (Parent: 40/50 -> Mutant: 45/50)
49,鋼_メルルギア_究極_V6_アルティメット,0.5649,unchanged
49,超_ゲンガー_グッズ偏重_V3,0.1715,unchanged
49,超_ゲンガー_究極_V6_アルティメット,0.4924,unchanged
49,雷_ピカチュウ_究極_V6_アルティメット,0.6075,unchanged
49,雷_ピカチュウ_グッズ偏重_V3,0.4800,unchanged
50,超_ミュウツー_グッズ偏重_V3,0.7391,unchanged
50,超_ゲンガー_グッズ偏重_V3,0.1739,unchanged
50,雷_ピカチュウ_安定_V1,0.5691,Out: デンジ / In: デンヂムシ (Parent: 35/50 -> Mutant: 38/50)
50,水_スターミー_安定_V1,0.6036,Out: オリジンパルキア / In: アローラキュウコン (Parent: 25/50 -> Mutant: 35/50)
50,龍悪_ギラダク_グッズ偏重_V3,0.5418,unchanged
50,鋼_メルルギア_グッズ偏重_V3,0.6221,unchanged
50,超_ゲンガー_安定_V1,0.4873,unchanged
50,超_ミュウツー_究極_V6_アルティメット,0.5942,Out: ムウマ / In: デスマス (Parent: 29/50 -> Mutant: 32/50)
50,雷_ピカチュウ_究極_V6_アルティメット,0.6111,unchanged
50,超_ゲンガー_究極_V6_アルティメット,0.4917,Out: ウォーターボート / In: ペロリーム (Parent: 22/50 -> Mutant: 27/50)
50,闘_ガブルカ_グッズ偏重_V3,0.4092,unchanged
50,鋼_メルルギア_究極_V6_アルティメット,0.5667,unchanged
50,超_ミュウツー_安定_V1,0.3637,unchanged
50,炎_リザードンX_グッズ偏重_V3,0.3986,Out: ギャロップex / In: アセロラ (Parent: 28/50 -> Mutant: 32/50)
50,闘_ガブルカ_安定_V1,0.3540,unchanged
50,草_フシギバナ_安定_V1,0.5163,unchanged
50,水_スターミー_究極_V6_アルティメット,0.4074,unchanged
50,草_フシギバナ_究極_V6_アルティメット,0.6573,Out: ナンジャモ / In: ドレディア (Parent: 41/50 -> Mutant: 43/50)
50,龍悪_ギラダク_安定_V1,0.5088,Out: ドガース / In: マーイーカ (Parent: 30/50 -> Mutant: 35/50)
50,闘_ガブルカ_究極_V6_アルティメット,0.2406,Out: ハルカ / In: ヒポポタス (Parent: 16/50 -> Mutant: 19/50)
50,水_スターミー_グッズ偏重_V3,0.4462,Out: ニョロゾ / In: パルシェン (Parent: 32/50 -> Mutant: 39/50)
50,炎_リザードンX_究極_V6_アルティメット,0.6590,Out: コータス / In: ガオガエンex (Parent: 35/50 -> Mutant: 42/50)
50,鋼_メルルギア_安定_V1,0.3834,Out: カキ / In: ハルカ (Parent: 27/50 -> Mutant: 35/50)
50,龍悪_ギラダク_究極_V6_アルティメット,0.6230,unchanged
50,草_フシギバナ_グッズ偏重_V3,0.5556,unchanged
50,雷_ピカチュウ_グッズ偏重_V3,0.4768,Out: マイナン / In: カスミ (Parent: 32/50 -> Mutant: 42/50)
50,炎_リザードンX_安定_V1,0.4996,Out: リザードンex / In: タケシ (Parent: 35/50 -> Mutant: 38/50)
51,草_フシギバナ_グッズ偏重_V3,0.5545,unchanged
51,水_スターミー_グッズ偏重_V3,0.4485,unchanged
51,龍悪_ギラダク_グッズ偏重_V3,0.5455,unchanged
51,炎_リザードンX_安定_V1,0.5018,unchanged
51,闘_ガブルカ_グッズ偏重_V3,0.4120,unchanged
51,超_ミュウツー_安定_V1,0.3642,Out: ヨノワール / In: コトネ (Parent: 21/50 -> Mutant: 23/50)
51,炎_リザードンX_究極_V6_アルティメット,0.6604,unchanged
51,雷_ピカチュウ_安定_V1,0.5692,unchanged
51,超_ゲンガー_安定_V1,0.4880,Out: クレッフィ / In: ムウマ (Parent: 24/50 -> Mutant: 33/50)
51,雷_ピカチュウ_グッズ偏重_V3,0.4804,unchanged
51,龍悪_ギラダク_究極_V6_アルティメット,0.6241,Out: ギラティナex / In: モノマネむすめ (Parent: 38/50 -> Mutant: 42/50)
51,超_ゲンガー_グッズ偏重_V3,0.1745,unchanged
51,水_スターミー_安定_V1,0.6011,unchanged
51,龍悪_ギラダク_安定_V1,0.5070,unchanged
51,鋼_メルルギア_究極_V6_アルティメット,0.5665,unchanged
51,超_ミュウツー_究極_V6_アルティメット,0.5917,unchanged
51,草_フシギバナ_究極_V6_アルティメット,0.6599,unchanged
51,鋼_メルルギア_安定_V1,0.3833,unchanged
51,闘_ガブルカ_安定_V1,0.3521,unchanged
51,雷_ピカチュウ_究極_V6_アルティメット,0.6125,unchanged
51,超_ミュウツー_グッズ偏重_V3,0.7383,unchanged
51,水_スターミー_究極_V6_アルティメット,0.4062,Out: リーフ / In: ハンドスコープ (Parent: 28/50 -> Mutant: 32/50)
51,炎_リザードンX_グッズ偏重_V3,0.3995,Out: カイ / In: ウインディ (Parent: 28/50 -> Mutant: 32/50)
51,闘_ガブルカ_究極_V6_アルティメット,0.2386,unchanged
51,超_ゲンガー_究極_V6_アルティメット,0.4883,unchanged
51,鋼_メルルギア_グッズ偏重_V3,0.6182,unchanged
51,草_フシギバナ_安定_V1,0.5137,unchanged
52,鋼_メルルギア_究極_V6_アルティメット,0.5705,unchanged
52,草_フシギバナ_安定_V1,0.5161,unchanged
52,水_スターミー_グッズ偏重_V3,0.4506,unchanged
52,鋼_メルルギア_安定_V1,0.3852,unchanged
52,龍悪_ギラダク_究極_V6_アルティメット,0.6251,Out: スター団のしたっぱ / In: ハイキングコース (Parent: 31/50 -> Mutant: 34/50)
52,超_ミュウツー_グッズ偏重_V3,0.7401,unchanged
52,炎_リザードンX_究極_V6_アルティメット,0.6610,unchanged
52,闘_ガブルカ_究極_V6_アルティメット,0.2386,unchanged
52,雷_ピカチュウ_グッズ偏重_V3,0.4835,unchanged
52,炎_リザードンX_グッズ偏重_V3,0.4040,Out: ファイヤー / In: リザードン (Parent: 32/50 -> Mutant: 43/50)
52,超_ミュウツー_究極_V6_アルティメット,0.5903,unchanged
52,超_ゲンガー_究極_V6_アルティメット,0.4872,unchanged
52,超_ゲンガー_安定_V1,0.4886,unchanged
52,龍悪_ギラダク_安定_V1,0.5059,unchanged
52,龍悪_ギラダク_グッズ偏重_V3,0.5452,Out: オノンド / In: メガゲンガーex (Parent: 35/50 -> Mutant: 42/50)
52,水_スターミー_安定_V1,0.5984,Out: パルシェン / In: ずがいの化石 (Parent: 24/50 -> Mutant: 26/50)
52,雷_ピカチュウ_究極_V6_アルティメット,0.6149,unchanged
52,闘_ガブルカ_安定_V1,0.3504,Out: タタッコ / In: コトネ (Parent: 17/50 -> Mutant: 22/50)
52,草_フシギバナ_グッズ偏重_V3,0.5503,unchanged
52,炎_リザードンX_安定_V1,0.5014,unchanged
52,超_ミュウツー_安定_V1,0.3625,unchanged
52,鋼_メルルギア_グッズ偏重_V3,0.6150,unchanged
52,闘_ガブルカ_グッズ偏重_V3,0.4113,unchanged
52,草_フシギバナ_究極_V6_アルティメット,0.6608,unchanged
52,雷_ピカチュウ_安定_V1,0.5663,unchanged
52,超_ゲンガー_グッズ偏重_V3,0.1736,unchanged
52,水_スターミー_究極_V6_アルティメット,0.4032,unchanged
53,鋼_メルルギア_グッズ偏重_V3,0.6173,unchanged
53,超_ミュウツー_究極_V6_アルティメット,0.5913,unchanged
53,超_ミュウツー_安定_V1,0.3644,unchanged
53,水_スターミー_安定_V1,0.5969,unchanged
53,鋼_メルルギア_究極_V6_アルティメット,0.5726,unchanged
53,水_スターミー_究極_V6_アルティメット,0.4050,unchanged
53,炎_リザードンX_安定_V1,0.5031,unchanged
53,龍悪_ギラダク_安定_V1,0.5053,Out: ハルカ / In: ルザミーネ (Parent: 27/50 -> Mutant: 30/50)
53,超_ミュウツー_グッズ偏重_V3,0.7414,unchanged
53,超_ゲンガー_グッズ偏重_V3,0.1746,Out: ヒレの化石 / In: ミミッキュex (Parent: 12/50 -> Mutant: 17/50)
53,超_ゲンガー_究極_V6_アルティメット,0.4861,Out: ロケット団のしたっぱ / In: きずぐすり (Parent: 25/50 -> Mutant: 29/50)
53,雷_ピカチュウ_究極_V6_アルティメット,0.6171,unchanged
53,草_フシギバナ_グッズ偏重_V3,0.5476,Out: ロトム図鑑 / In: コフキムシ (Parent: 16/50 -> Mutant: 19/50)
53,炎_リザードンX_究極_V6_アルティメット,0.6610,Out: アゴの化石 / In: セレナ (Parent: 39/50 -> Mutant: 46/50)
53,水_スターミー_グッズ偏重_V3,0.4494,unchanged
53,超_ゲンガー_安定_V1,0.4881,Out: ダブラン / In: バリヤード (Parent: 21/50 -> Mutant: 26/50)
53,草_フシギバナ_安定_V1,0.5152,Out: ジュナイパーex / In: サルノリ (Parent: 27/50 -> Mutant: 31/50)
53,草_フシギバナ_究極_V6_アルティメット,0.6628,unchanged
53,炎_リザードンX_グッズ偏重_V3,0.4079,unchanged
53,龍悪_ギラダク_グッズ偏重_V3,0.5467,unchanged
53,雷_ピカチュウ_安定_V1,0.5642,unchanged
53,龍悪_ギラダク_究極_V6_アルティメット,0.6220,unchanged
53,闘_ガブルカ_グッズ偏重_V3,0.4103,unchanged
53,闘_ガブルカ_安定_V1,0.3472,unchanged
53,鋼_メルルギア_安定_V1,0.3829,unchanged
53,闘_ガブルカ_究極_V6_アルティメット,0.2364,unchanged
53,雷_ピカチュウ_グッズ偏重_V3,0.4829,unchanged
54,超_ミュウツー_究極_V6_アルティメット,0.5920,unchanged
54,超_ゲンガー_究極_V6_アルティメット,0.4868,unchanged
54,龍悪_ギラダク_グッズ偏重_V3,0.5518,Out: ルザミーネ / In: ふたの化石 (Parent: 41/50 -> Mutant: 43/50)
54,鋼_メルルギア_安定_V1,0.3843,Out: ルギアex / In: トリデプス (Parent: 21/50 -> Mutant: 24/50)
54,鋼_メルルギア_グッズ偏重_V3,0.6183,Out: シロナ / In: ずがいの化石 (Parent: 34/50 -> Mutant: 37/50)
54,闘_ガブルカ_グッズ偏重_V3,0.4127,Out: ルカリオex / In: カキ (Parent: 23/50 -> Mutant: 27/50)
54,超_ミュウツー_グッズ偏重_V3,0.7424,unchanged
54,草_フシギバナ_究極_V6_アルティメット,0.6663,Out: ペパー / In: レディアン (Parent: 39/50 -> Mutant: 43/50)
54,闘_ガブルカ_究極_V6_アルティメット,0.2364,Out: ガブリアスex / In: ナゲツケサルex (Parent: 11/50 -> Mutant: 26/50)
54,龍悪_ギラダク_安定_V1,0.5048,Out: トレーニングエリア / In: チョロネコ (Parent: 28/50 -> Mutant: 34/50)
54,超_ミュウツー_安定_V1,0.3642,unchanged
54,草_フシギバナ_安定_V1,0.5147,unchanged
54,雷_ピカチュウ_究極_V6_アルティメット,0.6196,unchanged
54,鋼_メルルギア_究極_V6_アルティメット,0.5733,unchanged
54,炎_リザードンX_安定_V1,0.5037,Out: ポニータ / In: リーリエ (Parent: 28/50 -> Mutant: 35/50)
54,龍悪_ギラダク_究極_V6_アルティメット,0.6205,unchanged
54,水_スターミー_究極_V6_アルティメット,0.4048,unchanged
54,水_スターミー_安定_V1,0.5927,Out: アローラキュウコン / In: イーブイのバッグ (Parent: 32/50 -> Mutant: 35/50)
54,水_スターミー_グッズ偏重_V3,0.4475,unchanged
54,雷_ピカチュウ_安定_V1,0.5621,unchanged
54,草_フシギバナ_グッズ偏重_V3,0.5436,unchanged
54,超_ゲンガー_グッズ偏重_V3,0.1754,Out: ゴース / In: ウォーターボート (Parent: 13/50 -> Mutant: 17/50)
54,超_ゲンガー_安定_V1,0.4863,unchanged
54,雷_ピカチュウ_グッズ偏重_V3,0.4824,unchanged
54,炎_リザードンX_グッズ偏重_V3,0.4096,Out: ウインディ / In: ギャロップ (Parent: 39/50 -> Mutant: 42/50)
54,炎_リザードンX_究極_V6_アルティメット,0.6599,unchanged
54,闘_ガブルカ_安定_V1,0.3437,unchanged
55,闘_ガブルカ_グッズ偏重_V3,0.4158,unchanged
55,超_ミュウツー_グッズ偏重_V3,0.7447,unchanged
55,龍悪_ギラダク_グッズ偏重_V3,0.5558,unchanged
55,鋼_メルルギア_究極_V6_アルティメット,0.5756,unchanged
55,雷_ピカチュウ_安定_V1,0.5626,unchanged
55,雷_ピカチュウ_究極_V6_アルティメット,0.6227,unchanged
55,草_フシギバナ_安定_V1,0.5147,Out: マユルド / In: かいの化石 (Parent: 29/50 -> Mutant: 33/50)
55,龍悪_ギラダク_安定_V1,0.5037,unchanged
55,草_フシギバナ_グッズ偏重_V3,0.5413,unchanged
55,雷_ピカチュウ_グッズ偏重_V3,0.4853,unchanged
55,草_フシギバナ_究極_V6_アルティメット,0.6687,unchanged
55,鋼_メルルギア_グッズ偏重_V3,0.6177,unchanged
55,水_スターミー_安定_V1,0.5898,Out: ヤドン / In: ゼニガメ (Parent: 22/50 -> Mutant: 26/50)
55,超_ゲンガー_究極_V6_アルティメット,0.4849,unchanged
55,超_ミュウツー_究極_V6_アルティメット,0.5896,Out: エレキジェネレーター / In: ヨマワル (Parent: 33/50 -> Mutant: 40/50)
55,超_ゲンガー_安定_V1,0.4860,unchanged
55,炎_リザードンX_安定_V1,0.5048,unchanged
55,炎_リザードンX_グッズ偏重_V3,0.4132,unchanged
55,龍悪_ギラダク_究極_V6_アルティメット,0.6191,unchanged
55,鋼_メルルギア_安定_V1,0.3822,unchanged
55,超_ゲンガー_グッズ偏重_V3,0.1763,Out: ガラルサニーゴ / In: トレーニングエリア (Parent: 24/50 -> Mutant: 28/50)
55,水_スターミー_グッズ偏重_V3,0.4455,Out: ヒットハンマー / In: 大きなマント (Parent: 28/50 -> Mutant: 31/50)
55,闘_ガブルカ_安定_V1,0.3409,unchanged
55,闘_ガブルカ_究極_V6_アルティメット,0.2365,unchanged
55,炎_リザードンX_究極_V6_アルティメット,0.6587,Out: マオ / In: カルボウ (Parent: 35/50 -> Mutant: 37/50)
55,超_ミュウツー_安定_V1,0.3614,unchanged
55,水_スターミー_究極_V6_アルティメット,0.4025,unchanged
56,雷_ピカチュウ_安定_V1,0.5642,unchanged
56,炎_リザードンX_グッズ偏重_V3,0.4201,unchanged
56,雷_ピカチュウ_究極_V6_アルティメット,0.6265,unchanged
56,雷_ピカチュウ_グッズ偏重_V3,0.4892,unchanged
56,水_スターミー_安定_V1,0.5880,Out: 釣り人 / In: ニョロモ (Parent: 21/50 -> Mutant: 25/50)
56,超_ゲンガー_安定_V1,0.4880,unchanged
56,鋼_メルルギア_安定_V1,0.3825,unchanged
56,超_ミュウツー_究極_V6_アルティメット,0.5884,unchanged
56,水_スターミー_グッズ偏重_V3,0.4463,unchanged
56,闘_ガブルカ_グッズ偏重_V3,0.4174,unchanged
56,超_ゲンガー_究極_V6_アルティメット,0.4840,unchanged
56,炎_リザードンX_究極_V6_アルティメット,0.6569,unchanged
56,水_スターミー_究極_V6_アルティメット,0.4032,unchanged
56,超_ミュウツー_グッズ偏重_V3,0.7449,unchanged
56,鋼_メルルギア_究極_V6_アルティメット,0.5754,unchanged
56,闘_ガブルカ_究極_V6_アルティメット,0.2373,unchanged
56,草_フシギバナ_安定_V1,0.5140,unchanged
56,龍悪_ギラダク_グッズ偏重_V3,0.5568,unchanged
56,超_ミュウツー_安定_V1,0.3600,unchanged
56,闘_ガブルカ_安定_V1,0.3384,unchanged
56,龍悪_ギラダク_安定_V1,0.5007,unchanged
56,超_ゲンガー_グッズ偏重_V3,0.1770,Out: まもりのポンチョ / In: ランプラー (Parent: 20/50 -> Mutant: 23/50)
56,草_フシギバナ_グッズ偏重_V3,0.5378,Out: ラフレシア / In: エレキジェネレーター (Parent: 22/50 -> Mutant: 24/50)
56,炎_リザードンX_安定_V1,0.5042,unchanged
56,龍悪_ギラダク_究極_V6_アルティメット,0.6165,unchanged
56,鋼_メルルギア_グッズ偏重_V3,0.6132,unchanged
56,草_フシギバナ_究極_V6_アルティメット,0.6691,unchanged
57,鋼_メルルギア_安定_V1,0.3839,unchanged
57,鋼_メルルギア_グッズ偏重_V3,0.6151,Out: イーブイのバッグ / In: ハーデリア (Parent: 27/50 -> Mutant: 31/50)
57,超_ゲンガー_グッズ偏重_V3,0.1812,Out: ランクルス / In: レッド (Parent: 22/50 -> Mutant: 25/50)
57,闘_ガブルカ_グッズ偏重_V3,0.4198,unchanged
57,超_ミュウツー_究極_V6_アルティメット,0.5877,Out: ケーシィ / In: はねの化石 (Parent: 35/50 -> Mutant: 37/50)
57,水_スターミー_安定_V1,0.5860,unchanged
57,鋼_メルルギア_究極_V6_アルティメット,0.5771,unchanged
57,水_スターミー_究極_V6_アルティメット,0.4044,unchanged
57,闘_ガブルカ_安定_V1,0.3380,Out: サンド / In: コジョフー (Parent: 21/50 -> Mutant: 24/50)
57,草_フシギバナ_グッズ偏重_V3,0.5355,Out: ハネッコ / In: メタルコアバリア (Parent: 20/50 -> Mutant: 23/50)
57,炎_リザードンX_グッズ偏重_V3,0.4250,unchanged
57,水_スターミー_グッズ偏重_V3,0.4462,unchanged
57,龍悪_ギラダク_究極_V6_アルティメット,0.6166,Out: まもりのポンチョ / In: スター団のしたっぱ (Parent: 37/50 -> Mutant: 42/50)
57,炎_リザードンX_安定_V1,0.5058,Out: エリカ / In: ニャヒート (Parent: 29/50 -> Mutant: 37/50)
57,超_ゲンガー_安定_V1,0.4873,Out: トゲピー / In: まもりのポンチョ (Parent: 30/50 -> Mutant: 35/50)
57,超_ミュウツー_安定_V1,0.3593,Out: キルリア / In: はねの化石 (Parent: 21/50 -> Mutant: 26/50)
57,超_ミュウツー_グッズ偏重_V3,0.7444,unchanged
57,雷_ピカチュウ_安定_V1,0.5617,unchanged
57,龍悪_ギラダク_グッズ偏重_V3,0.5582,unchanged
57,龍悪_ギラダク_安定_V1,0.4972,unchanged
57,草_フシギバナ_究極_V6_アルティメット,0.6709,Out: レディアン / In: はじまりの平原 (Parent: 42/50 -> Mutant: 44/50)
57,草_フシギバナ_安定_V1,0.5124,unchanged
57,炎_リザードンX_究極_V6_アルティメット,0.6539,unchanged
57,闘_ガブルカ_究極_V6_アルティメット,0.2368,Out: サンドパン / In: チャーレム (Parent: 29/50 -> Mutant: 33/50)
57,超_ゲンガー_究極_V6_アルティメット,0.4815,unchanged
57,雷_ピカチュウ_グッズ偏重_V3,0.4882,unchanged
57,雷_ピカチュウ_究極_V6_アルティメット,0.6259,unchanged
58,超_ミュウツー_究極_V6_アルティメット,0.5889,unchanged
58,雷_ピカチュウ_究極_V6_アルティメット,0.6296,unchanged
58,龍悪_ギラダク_究極_V6_アルティメット,0.6183,unchanged
58,鋼_メルルギア_グッズ偏重_V3,0.6165,Out: ムクホーク / In: ずがいの化石 (Parent: 31/50 -> Mutant: 35/50)
58,龍悪_ギラダク_グッズ偏重_V3,0.5614,unchanged
58,鋼_メルルギア_究極_V6_アルティメット,0.5785,unchanged
58,龍悪_ギラダク_安定_V1,0.4968,Out: チョロネコ / In: ジャグラー (Parent: 24/50 -> Mutant: 29/50)
58,炎_リザードンX_究極_V6_アルティメット,0.6536,Out: ヒヒダルマ / In: ブーバーン (Parent: 32/50 -> Mutant: 37/50)
58,超_ゲンガー_安定_V1,0.4879,Out: ゴースト / In: エーフィ (Parent: 26/50 -> Mutant: 28/50)
58,闘_ガブルカ_究極_V6_アルティメット,0.2391,unchanged
58,炎_リザードンX_グッズ偏重_V3,0.4294,unchanged
58,鋼_メルルギア_安定_V1,0.3831,unchanged
58,闘_ガブルカ_グッズ偏重_V3,0.4205,Out: マチス / In: ルザミーネ (Parent: 21/50 -> Mutant: 34/50)
58,草_フシギバナ_安定_V1,0.5119,unchanged
58,水_スターミー_安定_V1,0.5831,unchanged
58,草_フシギバナ_究極_V6_アルティメット,0.6722,Out: ラッキーミトン / In: エルフーンex (Parent: 45/50 -> Mutant: 47/50)
58,草_フシギバナ_グッズ偏重_V3,0.5328,Out: アママイコ / In: クサイハナ (Parent: 24/50 -> Mutant: 29/50)
58,雷_ピカチュウ_安定_V1,0.5602,Out: グラジオ / In: バチンウニ (Parent: 33/50 -> Mutant: 35/50)
58,炎_リザードンX_安定_V1,0.5060,unchanged
58,超_ゲンガー_グッズ偏重_V3,0.1827,unchanged
58,超_ミュウツー_グッズ偏重_V3,0.7433,Out: リーフマント / In: ゲンガー (Parent: 41/50 -> Mutant: 44/50)
58,水_スターミー_グッズ偏重_V3,0.4439,unchanged
58,超_ゲンガー_究極_V6_アルティメット,0.4789,Out: ネズ / In: イエッサンex (Parent: 31/50 -> Mutant: 33/50)
58,超_ミュウツー_安定_V1,0.3573,unchanged
58,雷_ピカチュウ_グッズ偏重_V3,0.4867,unchanged
58,水_スターミー_究極_V6_アルティメット,0.4026,Out: 大きなふうせん / In: オシャマリ (Parent: 25/50 -> Mutant: 27/50)
58,闘_ガブルカ_安定_V1,0.3347,unchanged
59,炎_リザードンX_究極_V6_アルティメット,0.6542,unchanged
59,龍悪_ギラダク_安定_V1,0.4978,unchanged
59,草_フシギバナ_究極_V6_アルティメット,0.6756,unchanged
59,闘_ガブルカ_安定_V1,0.3355,unchanged
59,水_スターミー_安定_V1,0.5813,Out: ナンジャモ / In: セレナ (Parent: 17/50 -> Mutant: 22/50)
59,鋼_メルルギア_安定_V1,0.3826,Out: ビーダルex / In: ドデカバシ (Parent: 16/50 -> Mutant: 21/50)
59,鋼_メルルギア_グッズ偏重_V3,0.6173,unchanged
59,超_ミュウツー_グッズ偏重_V3,0.7447,Out: サカキ / In: グランブル (Parent: 43/50 -> Mutant: 48/50)
59,鋼_メルルギア_究極_V6_アルティメット,0.5801,Out: イーブイex / In: リングマ (Parent: 37/50 -> Mutant: 39/50)
59,超_ミュウツー_安定_V1,0.3575,unchanged
59,超_ゲンガー_安定_V1,0.4888,unchanged
59,炎_リザードンX_安定_V1,0.5076,unchanged
59,闘_ガブルカ_グッズ偏重_V3,0.4210,Out: グライガー / In: サンド (Parent: 25/50 -> Mutant: 32/50)
59,雷_ピカチュウ_究極_V6_アルティメット,0.6312,unchanged
59,超_ミュウツー_究極_V6_アルティメット,0.5866,unchanged
59,炎_リザードンX_グッズ偏重_V3,0.4331,unchanged
59,龍悪_ギラダク_グッズ偏重_V3,0.5624,Out: ボタン / In: ベトベトン (Parent: 35/50 -> Mutant: 39/50)
59,草_フシギバナ_グッズ偏重_V3,0.5297,unchanged
59,雷_ピカチュウ_グッズ偏重_V3,0.4875,Out: ロケット団のしたっぱ / In: リーリエ (Parent: 36/50 -> Mutant: 39/50)
59,龍悪_ギラダク_究極_V6_アルティメット,0.6170,unchanged
59,水_スターミー_究極_V6_アルティメット,0.4015,Out: フリーザーex / In: ウェルカモ (Parent: 31/50 -> Mutant: 33/50)
59,闘_ガブルカ_究極_V6_アルティメット,0.2390,unchanged
59,草_フシギバナ_安定_V1,0.5103,unchanged
59,雷_ピカチュウ_安定_V1,0.5572,unchanged
59,水_スターミー_グッズ偏重_V3,0.4410,unchanged
59,超_ゲンガー_究極_V6_アルティメット,0.4770,unchanged
59,超_ゲンガー_グッズ偏重_V3,0.1828,Out: カンナギタウンの長老 / In: ムウマージ (Parent: 20/50 -> Mutant: 23/50)
60,水_スターミー_安定_V1,0.5803,unchanged
60,炎_リザードンX_グッズ偏重_V3,0.4389,unchanged
60,超_ゲンガー_究極_V6_アルティメット,0.4781,unchanged
60,超_ゲンガー_グッズ偏重_V3,0.1872,unchanged
60,超_ミュウツー_究極_V6_アルティメット,0.5869,unchanged
60,闘_ガブルカ_安定_V1,0.3358,Out: サナギラス / In: ニョロボンex (Parent: 17/50 -> Mutant: 25/50)
60,草_フシギバナ_安定_V1,0.5110,unchanged
60,超_ミュウツー_安定_V1,0.3590,Out: クレセリア / In: ギラティナ (Parent: 24/50 -> Mutant: 26/50)
60,炎_リザードンX_究極_V6_アルティメット,0.6538,unchanged
60,水_スターミー_グッズ偏重_V3,0.4419,Out: スイレン / In: イノムー (Parent: 20/50 -> Mutant: 24/50)
60,炎_リザードンX_安定_V1,0.5091,unchanged
60,闘_ガブルカ_グッズ偏重_V3,0.4213,unchanged
60,雷_ピカチュウ_究極_V6_アルティメット,0.6334,unchanged
60,龍悪_ギラダク_安定_V1,0.4965,Out: マーイーカ / In: ポケモン図鑑 (Parent: 22/50 -> Mutant: 30/50)
60,雷_ピカチュウ_グッズ偏重_V3,0.4888,unchanged
60,鋼_メルルギア_グッズ偏重_V3,0.6157,Out: ずがいの化石 / In: ギギギアル (Parent: 36/50 -> Mutant: 40/50)
60,鋼_メルルギア_究極_V6_アルティメット,0.5794,unchanged
60,水_スターミー_究極_V6_アルティメット,0.3984,unchanged
60,草_フシギバナ_究極_V6_アルティメット,0.6771,unchanged
60,雷_ピカチュウ_安定_V1,0.5545,unchanged
60,鋼_メルルギア_安定_V1,0.3806,unchanged
60,闘_ガブルカ_究極_V6_アルティメット,0.2385,unchanged
60,龍悪_ギラダク_グッズ偏重_V3,0.5626,unchanged
60,超_ゲンガー_安定_V1,0.4878,unchanged
60,草_フシギバナ_グッズ偏重_V3,0.5259,unchanged
60,超_ミュウツー_グッズ偏重_V3,0.7430,unchanged
60,龍悪_ギラダク_究極_V6_アルティメット,0.6143,unchanged
61,闘_ガブルカ_安定_V1,0.3374,unchanged
61,雷_ピカチュウ_グッズ偏重_V3,0.4926,Out: ハラ / In: エレザード (Parent: 39/50 -> Mutant: 41/50)
61,超_ゲンガー_究極_V6_アルティメット,0.4801,Out: ペロリーム / In: フーディン (Parent: 25/50 -> Mutant: 28/50)
61,雷_ピカチュウ_究極_V6_アルティメット,0.6371,unchanged
61,鋼_メルルギア_安定_V1,0.3806,unchanged
61,水_スターミー_安定_V1,0.5784,unchanged
61,超_ミュウツー_グッズ偏重_V3,0.7442,unchanged
61,超_ゲンガー_グッズ偏重_V3,0.1903,unchanged
61,草_フシギバナ_グッズ偏重_V3,0.5247,unchanged
61,超_ミュウツー_安定_V1,0.3596,unchanged
61,龍悪_ギラダク_究極_V6_アルティメット,0.6143,unchanged
61,鋼_メルルギア_グッズ偏重_V3,0.6153,unchanged
61,鋼_メルルギア_究極_V6_アルティメット,0.5792,unchanged
61,草_フシギバナ_究極_V6_アルティメット,0.6789,unchanged
61,炎_リザードンX_安定_V1,0.5105,Out: ファイヤー / In: ヒトカゲ (Parent: 28/50 -> Mutant: 30/50)
61,炎_リザードンX_グッズ偏重_V3,0.4419,unchanged
61,超_ゲンガー_安定_V1,0.4878,Out: ゴツゴツメット / In: ヨノワール (Parent: 32/50 -> Mutant: 37/50)
61,龍悪_ギラダク_安定_V1,0.4956,unchanged
61,闘_ガブルカ_究極_V6_アルティメット,0.2391,unchanged
61,水_スターミー_究極_V6_アルティメット,0.3956,unchanged
61,闘_ガブルカ_グッズ偏重_V3,0.4199,Out: サンド / In: ウソッキー (Parent: 25/50 -> Mutant: 29/50)
61,龍悪_ギラダク_グッズ偏重_V3,0.5631,unchanged
61,雷_ピカチュウ_安定_V1,0.5514,unchanged
61,水_スターミー_グッズ偏重_V3,0.4397,unchanged
61,草_フシギバナ_安定_V1,0.5090,unchanged
61,炎_リザードンX_究極_V6_アルティメット,0.6514,unchanged
61,超_ミュウツー_究極_V6_アルティメット,0.5825,unchanged
62,鋼_メルルギア_究極_V6_アルティメット,0.5814,unchanged
62,龍悪_ギラダク_グッズ偏重_V3,0.5670,Out: ハンサム / In: ひみつのコハク (Parent: 39/50 -> Mutant: 44/50)
62,炎_リザードンX_グッズ偏重_V3,0.4476,unchanged
62,闘_ガブルカ_グッズ偏重_V3,0.4225,unchanged
62,超_ミュウツー_究極_V6_アルティメット,0.5827,unchanged
62,超_ゲンガー_安定_V1,0.4888,unchanged
62,草_フシギバナ_究極_V6_アルティメット,0.6816,unchanged
62,超_ミュウツー_グッズ偏重_V3,0.7455,unchanged
62,超_ミュウツー_安定_V1,0.3604,unchanged
62,水_スターミー_究極_V6_アルティメット,0.3947,Out: ジュン / In: カジリガメ (Parent: 20/50 -> Mutant: 28/50)
62,龍悪_ギラダク_究極_V6_アルティメット,0.6139,Out: スター団のしたっぱ / In: メガアブソルex (Parent: 35/50 -> Mutant: 38/50)
62,闘_ガブルカ_安定_V1,0.3368,unchanged
62,雷_ピカチュウ_安定_V1,0.5503,unchanged
62,炎_リザードンX_究極_V6_アルティメット,0.6500,unchanged
62,雷_ピカチュウ_グッズ偏重_V3,0.4938,unchanged
62,炎_リザードンX_安定_V1,0.5106,Out: メガリザードンYex / In: ネモ (Parent: 29/50 -> Mutant: 34/50)
62,草_フシギバナ_安定_V1,0.5081,unchanged
62,雷_ピカチュウ_究極_V6_アルティメット,0.6376,unchanged
62,超_ゲンガー_グッズ偏重_V3,0.1915,unchanged
62,鋼_メルルギア_グッズ偏重_V3,0.6126,unchanged
62,水_スターミー_グッズ偏重_V3,0.4382,unchanged
62,草_フシギバナ_グッズ偏重_V3,0.5218,unchanged
62,闘_ガブルカ_究極_V6_アルティメット,0.2386,unchanged
62,鋼_メルルギア_安定_V1,0.3783,unchanged
62,超_ゲンガー_究極_V6_アルティメット,0.4781,Out: おおきいマラサダ / In: ゴース (Parent: 27/50 -> Mutant: 30/50)
62,水_スターミー_安定_V1,0.5738,unchanged
62,龍悪_ギラダク_安定_V1,0.4935,unchanged
63,水_スターミー_グッズ偏重_V3,0.4408,unchanged
63,雷_ピカチュウ_グッズ偏重_V3,0.4977,unchanged
63,龍悪_ギラダク_グッズ偏重_V3,0.5708,Out: ブラッキー / In: チルタリス (Parent: 42/50 -> Mutant: 44/50)
63,水_スターミー_究極_V6_アルティメット,0.3945,unchanged
63,雷_ピカチュウ_安定_V1,0.5505,unchanged
63,草_フシギバナ_究極_V6_アルティメット,0.6843,unchanged
63,雷_ピカチュウ_究極_V6_アルティメット,0.6399,unchanged
63,超_ミュウツー_安定_V1,0.3612,unchanged
63,超_ゲンガー_究極_V6_アルティメット,0.4783,Out: ゴチム / In: セレナ (Parent: 24/50 -> Mutant: 30/50)
63,超_ゲンガー_グッズ偏重_V3,0.1944,Out: シルバー / In: 幻の石板 (Parent: 22/50 -> Mutant: 24/50)
63,闘_ガブルカ_安定_V1,0.3374,unchanged
63,龍悪_ギラダク_安定_V1,0.4930,Out: ルザミーネ / In: ワルビル (Parent: 26/50 -> Mutant: 30/50)
63,鋼_メルルギア_究極_V6_アルティメット,0.5810,unchanged
63,超_ミュウツー_究極_V6_アルティメット,0.5809,unchanged
63,龍悪_ギラダク_究極_V6_アルティメット,0.6143,Out: メガアブソルex / In: デンジ (Parent: 39/50 -> Mutant: 41/50)
63,闘_ガブルカ_究極_V6_アルティメット,0.2392,unchanged
63,超_ゲンガー_安定_V1,0.4889,Out: フーディン / In: ミカン (Parent: 29/50 -> Mutant: 36/50)
63,草_フシギバナ_グッズ偏重_V3,0.5194,unchanged
63,炎_リザードンX_究極_V6_アルティメット,0.6483,unchanged
63,水_スターミー_安定_V1,0.5706,unchanged
63,炎_リザードンX_グッズ偏重_V3,0.4500,unchanged
63,鋼_メルルギア_グッズ偏重_V3,0.6093,unchanged
63,闘_ガブルカ_グッズ偏重_V3,0.4220,Out: ルザミーネ / In: ふしぎな広場 (Parent: 20/50 -> Mutant: 23/50)
63,炎_リザードンX_安定_V1,0.5075,unchanged
63,草_フシギバナ_安定_V1,0.5061,Out: パラセクト / In: メガニウム (Parent: 29/50 -> Mutant: 33/50)
63,超_ミュウツー_グッズ偏重_V3,0.7439,unchanged
63,鋼_メルルギア_安定_V1,0.3755,unchanged
64,水_スターミー_グッズ偏重_V3,0.4429,unchanged
64,炎_リザードンX_究極_V6_アルティメット,0.6487,Out: リザードンex / In: シャンデラ (Parent: 30/50 -> Mutant: 36/50)
64,鋼_メルルギア_究極_V6_アルティメット,0.5829,unchanged
64,龍悪_ギラダク_安定_V1,0.4949,Out: ジャグラー / In: アセロラ (Parent: 33/50 -> Mutant: 35/50)
64,炎_リザードンX_グッズ偏重_V3,0.4548,unchanged
64,超_ゲンガー_究極_V6_アルティメット,0.4801,unchanged
64,闘_ガブルカ_安定_V1,0.3377,unchanged
64,草_フシギバナ_安定_V1,0.5080,Out: キノガッサ / In: メガフシギバナex (Parent: 38/50 -> Mutant: 44/50)
64,炎_リザードンX_安定_V1,0.5068,unchanged
64,鋼_メルルギア_グッズ偏重_V3,0.6092,unchanged
64,水_スターミー_安定_V1,0.5683,Out: シャリタツ / In: ヘイガニ (Parent: 24/50 -> Mutant: 27/50)
64,超_ゲンガー_安定_V1,0.4896,Out: ヨノワール / In: バネブー (Parent: 29/50 -> Mutant: 36/50)
64,超_ミュウツー_安定_V1,0.3604,unchanged
64,超_ミュウツー_グッズ偏重_V3,0.7444,Out: ミュウツーex / In: エレキコード (Parent: 42/50 -> Mutant: 44/50)
64,超_ミュウツー_究極_V6_アルティメット,0.5795,unchanged
64,雷_ピカチュウ_安定_V1,0.5487,Out: こうらの化石 / In: カスミ (Parent: 23/50 -> Mutant: 33/50)
64,龍悪_ギラダク_グッズ偏重_V3,0.5723,unchanged
64,雷_ピカチュウ_究極_V6_アルティメット,0.6407,unchanged
64,龍悪_ギラダク_究極_V6_アルティメット,0.6126,unchanged
64,闘_ガブルカ_グッズ偏重_V3,0.4214,unchanged
64,超_ゲンガー_グッズ偏重_V3,0.1958,Out: ハラ / In: リーフ (Parent: 19/50 -> Mutant: 31/50)
64,草_フシギバナ_グッズ偏重_V3,0.5167,unchanged
64,鋼_メルルギア_安定_V1,0.3732,unchanged
64,草_フシギバナ_究極_V6_アルティメット,0.6846,unchanged
64,闘_ガブルカ_究極_V6_アルティメット,0.2388,unchanged
64,水_スターミー_究極_V6_アルティメット,0.3906,unchanged
64,雷_ピカチュウ_グッズ偏重_V3,0.4965,unchanged
65,闘_ガブルカ_安定_V1,0.3397,Out: エルレイドex / In: ビーストウォール (Parent: 26/50 -> Mutant: 29/50)
65,水_スターミー_安定_V1,0.5676,Out: ポケモン通信 / In: ガマゲロゲ (Parent: 26/50 -> Mutant: 32/50)
65,闘_ガブルカ_グッズ偏重_V3,0.4241,unchanged
65,超_ミュウツー_安定_V1,0.3614,unchanged
65,超_ミュウツー_グッズ偏重_V3,0.7458,Out: ゲンガー / In: テーブルシティ (Parent: 43/50 -> Mutant: 49/50)
65,雷_ピカチュウ_究極_V6_アルティメット,0.6436,unchanged
65,雷_ピカチュウ_安定_V1,0.5489,Out: シビビール / In: ハラバリー (Parent: 28/50 -> Mutant: 35/50)
65,雷_ピカチュウ_グッズ偏重_V3,0.4988,unchanged
65,鋼_メルルギア_グッズ偏重_V3,0.6096,unchanged
65,草_フシギバナ_究極_V6_アルティメット,0.6868,unchanged
65,炎_リザードンX_グッズ偏重_V3,0.4588,unchanged
65,炎_リザードンX_究極_V6_アルティメット,0.6478,unchanged
65,超_ゲンガー_安定_V1,0.4896,unchanged
65,草_フシギバナ_グッズ偏重_V3,0.5140,unchanged
65,鋼_メルルギア_安定_V1,0.3726,unchanged
65,水_スターミー_グッズ偏重_V3,0.4425,unchanged
65,龍悪_ギラダク_究極_V6_アルティメット,0.6115,unchanged
65,炎_リザードンX_安定_V1,0.5053,unchanged
65,超_ミュウツー_究極_V6_アルティメット,0.5775,Out: はねの化石 / In: ミュウex (Parent: 35/50 -> Mutant: 37/50)
65,超_ゲンガー_究極_V6_アルティメット,0.4788,unchanged
65,闘_ガブルカ_究極_V6_アルティメット,0.2389,unchanged
65,水_スターミー_究極_V6_アルティメット,0.3875,Out: ケイコウオ / In: ハンドスコープ (Parent: 19/50 -> Mutant: 27/50)
65,草_フシギバナ_安定_V1,0.5081,unchanged
65,超_ゲンガー_グッズ偏重_V3,0.1958,unchanged
65,鋼_メルルギア_究極_V6_アルティメット,0.5805,unchanged
65,龍悪_ギラダク_安定_V1,0.4928,unchanged
65,龍悪_ギラダク_グッズ偏重_V3,0.5716,unchanged
66,鋼_メルルギア_グッズ偏重_V3,0.6117,unchanged
66,鋼_メルルギア_究極_V6_アルティメット,0.5823,Out: ブロロローム / In: スピーダー (Parent: 39/50 -> Mutant: 43/50)
66,龍悪_ギラダク_グッズ偏重_V3,0.5750,unchanged
66,闘_ガブルカ_安定_V1,0.3405,unchanged
66,雷_ピカチュウ_グッズ偏重_V3,0.5018,unchanged
66,水_スターミー_安定_V1,0.5657,unchanged
66,闘_ガブルカ_グッズ偏重_V3,0.4253,Out: ふしぎな広場 / In: シトロンのリュック (Parent: 27/50 -> Mutant: 30/50)
66,水_スターミー_究極_V6_アルティメット,0.3892,Out: ヒットハンマー / In: アローラキュウコンex (Parent: 36/50 -> Mutant: 38/50)
66,超_ミュウツー_究極_V6_アルティメット,0.5784,unchanged
66,水_スターミー_グッズ偏重_V3,0.4425,Out: カスミ / In: ユキノオー (Parent: 25/50 -> Mutant: 28/50)
66,草_フシギバナ_究極_V6_アルティメット,0.6887,unchanged
66,超_ゲンガー_安定_V1,0.4893,Out: おおきいマラサダ / In: フワライド (Parent: 31/50 -> Mutant: 33/50)
66,雷_ピカチュウ_安定_V1,0.5473,Out: 鋼鉄のまえかけ / In: どくバリ (Parent: 31/50 -> Mutant: 34/50)
66,草_フシギバナ_安定_V1,0.5100,Out: サルノリ / In: ハヤシガメ (Parent: 39/50 -> Mutant: 41/50)
66,炎_リザードンX_究極_V6_アルティメット,0.6467,unchanged
66,鋼_メルルギア_安定_V1,0.3714,unchanged
66,龍悪_ギラダク_究極_V6_アルティメット,0.6102,unchanged
66,超_ミュウツー_安定_V1,0.3599,Out: フレフワン / In: ヤミラミ (Parent: 19/50 -> Mutant: 27/50)
66,炎_リザードンX_安定_V1,0.5028,Out: タケシ / In: ウォーターボート (Parent: 25/50 -> Mutant: 33/50)
66,超_ミュウツー_グッズ偏重_V3,0.7448,unchanged
66,炎_リザードンX_グッズ偏重_V3,0.4607,unchanged
66,草_フシギバナ_グッズ偏重_V3,0.5113,Out: オーロット / In: キマワリ (Parent: 25/50 -> Mutant: 27/50)
66,雷_ピカチュウ_究極_V6_アルティメット,0.6435,unchanged
66,龍悪_ギラダク_安定_V1,0.4907,unchanged
66,超_ゲンガー_グッズ偏重_V3,0.1955,unchanged
66,超_ゲンガー_究極_V6_アルティメット,0.4771,unchanged
66,闘_ガブルカ_究極_V6_アルティメット,0.2376,Out: コノヨザル / In: シロデスナ (Parent: 18/50 -> Mutant: 26/50)
67,炎_リザードンX_究極_V6_アルティメット,0.6476,Out: ナンジャモ / In: シロナ (Parent: 32/50 -> Mutant: 36/50)
67,龍悪_ギラダク_究極_V6_アルティメット,0.6119,Out: ルチア / In: グリーン (Parent: 36/50 -> Mutant: 39/50)
67,草_フシギバナ_究極_V6_アルティメット,0.6914,unchanged
67,雷_ピカチュウ_究極_V6_アルティメット,0.6457,unchanged
67,鋼_メルルギア_究極_V6_アルティメット,0.5840,unchanged
67,龍悪_ギラダク_安定_V1,0.4916,Out: アブソル / In: アーボ (Parent: 26/50 -> Mutant: 28/50)
67,闘_ガブルカ_グッズ偏重_V3,0.4268,unchanged
67,草_フシギバナ_グッズ偏重_V3,0.5097,Out: クサイハナ / In: ジャローダ (Parent: 27/50 -> Mutant: 33/50)
67,闘_ガブルカ_安定_V1,0.3409,Out: コトネ / In: ガントル (Parent: 20/50 -> Mutant: 23/50)
67,超_ミュウツー_グッズ偏重_V3,0.7454,unchanged
67,炎_リザードンX_グッズ偏重_V3,0.4642,unchanged
67,鋼_メルルギア_グッズ偏重_V3,0.6114,unchanged
67,超_ミュウツー_安定_V1,0.3598,unchanged
67,水_スターミー_グッズ偏重_V3,0.4424,Out: グレイシアex / In: サメハダー (Parent: 27/50 -> Mutant: 32/50)
67,鋼_メルルギア_安定_V1,0.3706,unchanged
67,龍悪_ギラダク_グッズ偏重_V3,0.5761,unchanged
67,闘_ガブルカ_究極_V6_アルティメット,0.2379,Out: ルカリオex / In: デンジ (Parent: 20/50 -> Mutant: 23/50)
67,超_ゲンガー_究極_V6_アルティメット,0.4763,unchanged
67,超_ミュウツー_究極_V6_アルティメット,0.5775,unchanged
67,水_スターミー_究極_V6_アルティメット,0.3879,unchanged
67,雷_ピカチュウ_グッズ偏重_V3,0.5011,unchanged
67,雷_ピカチュウ_安定_V1,0.5444,Out: カスミ / In: シズイ (Parent: 33/50 -> Mutant: 35/50)
67,草_フシギバナ_安定_V1,0.5119,Out: モクロー / In: ナツメ (Parent: 40/50 -> Mutant: 45/50)
67,超_ゲンガー_グッズ偏重_V3,0.1952,Out: ネモ / In: マシェード (Parent: 19/50 -> Mutant: 26/50)
67,炎_リザードンX_安定_V1,0.4999,unchanged
67,超_ゲンガー_安定_V1,0.4875,Out: ムウマ / In: アブリー (Parent: 30/50 -> Mutant: 35/50)
67,水_スターミー_安定_V1,0.5609,unchanged
68,超_ミュウツー_グッズ偏重_V3,0.7471,Out: ココロモリ / In: 幻の石板 (Parent: 40/50 -> Mutant: 42/50)
68,鋼_メルルギア_安定_V1,0.3717,Out: イーブイ / In: オオタチ (Parent: 20/50 -> Mutant: 25/50)
68,闘_ガブルカ_安定_V1,0.3417,Out: サイドン / In: グラードン (Parent: 18/50 -> Mutant: 22/50)
68,炎_リザードンX_安定_V1,0.5008,unchanged
68,雷_ピカチュウ_グッズ偏重_V3,0.5046,unchanged
68,炎_リザードンX_究極_V6_アルティメット,0.6475,Out: ガオガエンex / In: はねの化石 (Parent: 35/50 -> Mutant: 39/50)
68,草_フシギバナ_安定_V1,0.5154,unchanged
68,草_フシギバナ_グッズ偏重_V3,0.5088,unchanged
68,炎_リザードンX_グッズ偏重_V3,0.4676,Out: ガオガエンex / In: ウインディex (Parent: 38/50 -> Mutant: 41/50)
68,鋼_メルルギア_グッズ偏重_V3,0.6115,Out: スイレン / In: エレキジェネレーター (Parent: 31/50 -> Mutant: 40/50)
68,鋼_メルルギア_究極_V6_アルティメット,0.5846,Out: アイリス / In: レアコイル (Parent: 30/50 -> Mutant: 36/50)
68,超_ゲンガー_グッズ偏重_V3,0.1970,Out: ムウマージ / In: コスモウム (Parent: 23/50 -> Mutant: 28/50)
68,超_ゲンガー_安定_V1,0.4874,unchanged
68,超_ミュウツー_安定_V1,0.3588,unchanged
68,闘_ガブルカ_究極_V6_アルティメット,0.2384,Out: ヒポポタス / In: ノズパス (Parent: 21/50 -> Mutant: 23/50)
68,雷_ピカチュウ_安定_V1,0.5432,unchanged
68,草_フシギバナ_究極_V6_アルティメット,0.6923,unchanged
68,龍悪_ギラダク_究極_V6_アルティメット,0.6116,unchanged
68,水_スターミー_グッズ偏重_V3,0.4410,Out: ウミディグダ / In: ウェルカモ (Parent: 29/50 -> Mutant: 36/50)
68,雷_ピカチュウ_究極_V6_アルティメット,0.6459,unchanged
68,水_スターミー_安定_V1,0.5572,unchanged
68,超_ミュウツー_究極_V6_アルティメット,0.5753,unchanged
68,龍悪_ギラダク_グッズ偏重_V3,0.5763,unchanged
68,闘_ガブルカ_グッズ偏重_V3,0.4257,unchanged
68,水_スターミー_究極_V6_アルティメット,0.3855,unchanged
68,龍悪_ギラダク_安定_V1,0.4891,unchanged
68,超_ゲンガー_究極_V6_アルティメット,0.4740,unchanged
69,雷_ピカチュウ_究極_V6_アルティメット,0.6489,unchanged
69,炎_リザードンX_究極_V6_アルティメット,0.6477,Out: ブーバーン / In: ギャロップex (Parent: 32/50 -> Mutant: 43/50)
69,闘_ガブルカ_究極_V6_アルティメット,0.2406,unchanged
69,水_スターミー_究極_V6_アルティメット,0.3890,unchanged
69,鋼_メルルギア_究極_V6_アルティメット,0.5860,unchanged
69,超_ゲンガー_究極_V6_アルティメット,0.4746,unchanged
69,超_ゲンガー_グッズ偏重_V3,0.1991,unchanged
69,草_フシギバナ_グッズ偏重_V3,0.5074,unchanged
69,龍悪_ギラダク_安定_V1,0.4891,unchanged
69,水_スターミー_グッズ偏重_V3,0.4430,unchanged
69,雷_ピカチュウ_安定_V1,0.5428,unchanged
69,水_スターミー_安定_V1,0.5539,unchanged
69,闘_ガブルカ_グッズ偏重_V3,0.4264,Out: ガブリアスex / In: ゴーリキー (Parent: 25/50 -> Mutant: 35/50)
69,炎_リザードンX_安定_V1,0.4994,Out: いじわるレター / In: メモリーライト (Parent: 17/50 -> Mutant: 26/50)
69,雷_ピカチュウ_グッズ偏重_V3,0.5056,unchanged
69,炎_リザードンX_グッズ偏重_V3,0.4694,Out: かけだし調査員 / In: ハンドスコープ (Parent: 38/50 -> Mutant: 44/50)
69,龍悪_ギラダク_究極_V6_アルティメット,0.6100,unchanged
69,草_フシギバナ_安定_V1,0.5177,Out: ダダリンex / In: ラッキーミトン (Parent: 39/50 -> Mutant: 44/50)
69,超_ゲンガー_安定_V1,0.4862,Out: アブリー / In: スイレン (Parent: 25/50 -> Mutant: 34/50)
69,超_ミュウツー_グッズ偏重_V3,0.7463,unchanged
69,超_ミュウツー_安定_V1,0.3577,unchanged
69,闘_ガブルカ_安定_V1,0.3399,unchanged
69,超_ミュウツー_究極_V6_アルティメット,0.5735,unchanged
69,龍悪_ギラダク_グッズ偏重_V3,0.5761,unchanged
69,草_フシギバナ_究極_V6_アルティメット,0.6918,unchanged
69,鋼_メルルギア_グッズ偏重_V3,0.6081,unchanged
69,鋼_メルルギア_安定_V1,0.3696,Out: きずぐすり / In: コマタナ (Parent: 17/50 -> Mutant: 23/50)
70,鋼_メルルギア_グッズ偏重_V3,0.6095,unchanged
70,雷_ピカチュウ_安定_V1,0.5434,Out: シズイ / In: メリープ (Parent: 31/50 -> Mutant: 35/50)
70,超_ミュウツー_究極_V6_アルティメット,0.5751,unchanged
70,炎_リザードンX_グッズ偏重_V3,0.4732,unchanged
70,龍悪_ギラダク_究極_V6_アルティメット,0.6104,Out: ダストダス / In: 幻の石板 (Parent: 35/50 -> Mutant: 39/50)
70,雷_ピカチュウ_究極_V6_アルティメット,0.6506,unchanged
70,草_フシギバナ_グッズ偏重_V3,0.5059,Out: マメバッタ / In: キノガッサ (Parent: 21/50 -> Mutant: 27/50)
70,鋼_メルルギア_究極_V6_アルティメット,0.5864,Out: ロケット団のしたっぱ / In: ボスゴドラ (Parent: 27/50 -> Mutant: 32/50)
70,草_フシギバナ_安定_V1,0.5205,unchanged
70,龍悪_ギラダク_グッズ偏重_V3,0.5780,unchanged
70,炎_リザードンX_究極_V6_アルティメット,0.6476,Out: はじまりの平原 / In: ニャビー (Parent: 29/50 -> Mutant: 32/50)
70,超_ミュウツー_グッズ偏重_V3,0.7472,unchanged
70,闘_ガブルカ_グッズ偏重_V3,0.4268,unchanged
70,超_ゲンガー_安定_V1,0.4865,unchanged
70,鋼_メルルギア_安定_V1,0.3687,unchanged
70,水_スターミー_グッズ偏重_V3,0.4440,Out: ハイキングコース / In: フローゼル (Parent: 36/50 -> Mutant: 38/50)
70,超_ゲンガー_グッズ偏重_V3,0.2001,Out: 幻の石板 / In: ダブラン (Parent: 20/50 -> Mutant: 22/50)
70,水_スターミー_安定_V1,0.5509,Out: ウリムー / In: おおきいマラサダ (Parent: 20/50 -> Mutant: 24/50)
70,闘_ガブルカ_安定_V1,0.3388,unchanged
70,超_ミュウツー_安定_V1,0.3559,unchanged
70,龍悪_ギラダク_安定_V1,0.4879,unchanged
70,炎_リザードンX_安定_V1,0.4968,Out: ウォーターボート / In: ヒコザル (Parent: 25/50 -> Mutant: 29/50)
70,闘_ガブルカ_究極_V6_アルティメット,0.2399,Out: ルカリオex / In: ルチャブル (Parent: 13/50 -> Mutant: 19/50)
70,雷_ピカチュウ_グッズ偏重_V3,0.5049,unchanged
70,超_ゲンガー_究極_V6_アルティメット,0.4724,unchanged
70,草_フシギバナ_究極_V6_アルティメット,0.6919,unchanged
70,水_スターミー_究極_V6_アルティメット,0.3866,Out: きずぐすり / In: セレナ (Parent: 31/50 -> Mutant: 33/50)
71,超_ミュウツー_グッズ偏重_V3,0.7488,unchanged
71,雷_ピカチュウ_グッズ偏重_V3,0.5082,unchanged
71,草_フシギバナ_安定_V1,0.5239,unchanged
71,闘_ガブルカ_究極_V6_アルティメット,0.2417,unchanged
71,雷_ピカチュウ_究極_V6_アルティメット,0.6530,unchanged
71,超_ゲンガー_安定_V1,0.4878,unchanged
71,草_フシギバナ_グッズ偏重_V3,0.5050,unchanged
71,超_ゲンガー_究極_V6_アルティメット,0.4728,unchanged
71,龍悪_ギラダク_究極_V6_アルティメット,0.6112,unchanged
71,超_ミュウツー_安定_V1,0.3561,unchanged
71,闘_ガブルカ_安定_V1,0.3385,unchanged
71,超_ミュウツー_究極_V6_アルティメット,0.5748,unchanged
71,炎_リザードンX_究極_V6_アルティメット,0.6457,Out: かいの化石 / In: ヒヒダルマ (Parent: 30/50 -> Mutant: 33/50)
71,鋼_メルルギア_安定_V1,0.3684,Out: ボタン / In: ミミロル (Parent: 23/50 -> Mutant: 32/50)
71,水_スターミー_グッズ偏重_V3,0.4459,unchanged
71,草_フシギバナ_究極_V6_アルティメット,0.6927,Out: はじまりの平原 / In: ウツドン (Parent: 41/50 -> Mutant: 43/50)
71,龍悪_ギラダク_安定_V1,0.4872,Out: ギラティナ / In: ドラミドロ (Parent: 27/50 -> Mutant: 30/50)
71,雷_ピカチュウ_安定_V1,0.5417,unchanged
71,鋼_メルルギア_究極_V6_アルティメット,0.5853,unchanged
71,水_スターミー_安定_V1,0.5474,unchanged
71,鋼_メルルギア_グッズ偏重_V3,0.6070,unchanged
71,闘_ガブルカ_グッズ偏重_V3,0.4265,Out: シトロンのリュック / In: アカネ (Parent: 25/50 -> Mutant: 32/50)
71,超_ゲンガー_グッズ偏重_V3,0.2005,unchanged
71,水_スターミー_究極_V6_アルティメット,0.3848,Out: スターミーex / In: ヒカリ (Parent: 33/50 -> Mutant: 36/50)
71,炎_リザードンX_安定_V1,0.4939,unchanged
71,炎_リザードンX_グッズ偏重_V3,0.4737,Out: ハンドスコープ / In: ハルカ (Parent: 41/50 -> Mutant: 44/50)
71,龍悪_ギラダク_グッズ偏重_V3,0.5777,unchanged
72,龍悪_ギラダク_究極_V6_アルティメット,0.6125,unchanged
72,闘_ガブルカ_安定_V1,0.3396,Out: グラードン / In: ミノマダム (Parent: 18/50 -> Mutant: 24/50)
72,超_ミュウツー_究極_V6_アルティメット,0.5760,unchanged
72,龍悪_ギラダク_安定_V1,0.4887,Out: 幻の石板 / In: カキ (Parent: 30/50 -> Mutant: 35/50)
72,鋼_メルルギア_グッズ偏重_V3,0.6077,Out: ハーデリア / In: ビーダルex (Parent: 31/50 -> Mutant: 35/50)
72,闘_ガブルカ_グッズ偏重_V3,0.4275,unchanged
72,炎_リザードンX_究極_V6_アルティメット,0.6448,unchanged
72,水_スターミー_グッズ偏重_V3,0.4485,unchanged
72,水_スターミー_究極_V6_アルティメット,0.3863,unchanged
72,超_ミュウツー_安定_V1,0.3558,unchanged
72,草_フシギバナ_究極_V6_アルティメット,0.6939,unchanged
72,雷_ピカチュウ_究極_V6_アルティメット,0.6540,Out: エレキジェネレーター / In: メタルコアバリア (Parent: 41/50 -> Mutant: 43/50)
72,炎_リザードンX_安定_V1,0.4922,Out: リザードンex / In: マルヤクデ (Parent: 23/50 -> Mutant: 26/50)
72,鋼_メルルギア_安定_V1,0.3669,unchanged
72,超_ミュウツー_グッズ偏重_V3,0.7493,unchanged
72,雷_ピカチュウ_グッズ偏重_V3,0.5086,unchanged
72,超_ゲンガー_究極_V6_アルティメット,0.4720,unchanged
72,草_フシギバナ_安定_V1,0.5260,unchanged
72,炎_リザードンX_グッズ偏重_V3,0.4754,Out: ブーバーン / In: ガオガエンex (Parent: 39/50 -> Mutant: 42/50)
72,鋼_メルルギア_究極_V6_アルティメット,0.5839,unchanged
72,超_ゲンガー_安定_V1,0.4873,unchanged
72,水_スターミー_安定_V1,0.5442,unchanged
72,草_フシギバナ_グッズ偏重_V3,0.5029,Out: メタルコアバリア / In: ナツメ (Parent: 29/50 -> Mutant: 33/50)
72,雷_ピカチュウ_安定_V1,0.5383,Out: エレブー / In: ビーストナイト (Parent: 23/50 -> Mutant: 29/50)
72,龍悪_ギラダク_グッズ偏重_V3,0.5772,unchanged
72,闘_ガブルカ_究極_V6_アルティメット,0.2406,Out: シロデスナ / In: ミノマダム (Parent: 17/50 -> Mutant: 19/50)
72,超_ゲンガー_グッズ偏重_V3,0.1998,unchanged
73,超_ミュウツー_安定_V1,0.3569,unchanged
73,鋼_メルルギア_安定_V1,0.3668,Out: ナットレイ / In: ひみつのコハク (Parent: 19/50 -> Mutant: 27/50)
73,雷_ピカチュウ_グッズ偏重_V3,0.5122,unchanged
73,水_スターミー_究極_V6_アルティメット,0.3891,Out: ウォーターボート / In: ゴツゴツメット (Parent: 31/50 -> Mutant: 37/50)
73,炎_リザードンX_グッズ偏重_V3,0.4793,unchanged
73,龍悪_ギラダク_安定_V1,0.4899,unchanged
73,超_ミュウツー_グッズ偏重_V3,0.7498,unchanged
73,雷_ピカチュウ_安定_V1,0.5383,unchanged
73,闘_ガブルカ_グッズ偏重_V3,0.4280,unchanged
73,龍悪_ギラダク_グッズ偏重_V3,0.5792,Out: オノノクス / In: マタドガス (Parent: 38/50 -> Mutant: 42/50)
73,超_ミュウツー_究極_V6_アルティメット,0.5770,unchanged
73,炎_リザードンX_安定_V1,0.4911,Out: ポケモン通信 / In: ウインディ (Parent: 23/50 -> Mutant: 29/50)
73,草_フシギバナ_安定_V1,0.5282,unchanged
73,龍悪_ギラダク_究極_V6_アルティメット,0.6123,unchanged
73,草_フシギバナ_究極_V6_アルティメット,0.6950,unchanged
73,鋼_メルルギア_究極_V6_アルティメット,0.5832,Out: きずぐすり / In: ミカン (Parent: 36/50 -> Mutant: 38/50)
73,超_ゲンガー_グッズ偏重_V3,0.2007,unchanged
73,水_スターミー_グッズ偏重_V3,0.4487,unchanged
73,炎_リザードンX_究極_V6_アルティメット,0.6423,unchanged
73,超_ゲンガー_究極_V6_アルティメット,0.4703,unchanged
73,闘_ガブルカ_安定_V1,0.3380,unchanged
73,闘_ガブルカ_究極_V6_アルティメット,0.2398,Out: ミノマダム / In: イシヘンジン (Parent: 16/50 -> Mutant: 21/50)
73,雷_ピカチュウ_究極_V6_アルティメット,0.6532,Out: イーブイのバッグ / In: ライボルト (Parent: 46/50 -> Mutant: 48/50)
73,草_フシギバナ_グッズ偏重_V3,0.5002,unchanged
73,超_ゲンガー_安定_V1,0.4857,unchanged
73,鋼_メルルギア_グッズ偏重_V3,0.6043,unchanged
73,水_スターミー_安定_V1,0.5405,Out: ニョロモ / In: オリジンパルキア (Parent: 22/50 -> Mutant: 32/50)
74,龍悪_ギラダク_究極_V6_アルティメット,0.6135,Out: ジャラランガ / In: ドヒドイデ (Parent: 34/50 -> Mutant: 36/50)
74,闘_ガブルカ_グッズ偏重_V3,0.4299,unchanged
74,雷_ピカチュウ_グッズ偏重_V3,0.5150,unchanged
74,水_スターミー_グッズ偏重_V3,0.4518,unchanged
74,超_ゲンガー_安定_V1,0.4873,unchanged
74,雷_ピカチュウ_安定_V1,0.5386,unchanged
74,超_ミュウツー_グッズ偏重_V3,0.7505,unchanged
74,超_ゲンガー_究極_V6_アルティメット,0.4710,unchanged
74,鋼_メルルギア_究極_V6_アルティメット,0.5833,unchanged
74,雷_ピカチュウ_究極_V6_アルティメット,0.6551,unchanged
74,草_フシギバナ_究極_V6_アルティメット,0.6964,unchanged
74,超_ミュウツー_安定_V1,0.3568,Out: カンナギタウンの長老 / In: ゴースト (Parent: 16/50 -> Mutant: 23/50)
74,水_スターミー_安定_V1,0.5392,unchanged
74,炎_リザードンX_安定_V1,0.4896,Out: グリーン / In: ズガドーンex (Parent: 23/50 -> Mutant: 27/50)
74,龍悪_ギラダク_グッズ偏重_V3,0.5799,unchanged
74,草_フシギバナ_安定_V1,0.5298,unchanged
74,超_ゲンガー_グッズ偏重_V3,0.2016,Out: ルチア / In: ボチ (Parent: 22/50 -> Mutant: 24/50)
74,闘_ガブルカ_安定_V1,0.3368,unchanged
74,炎_リザードンX_究極_V6_アルティメット,0.6400,unchanged
74,炎_リザードンX_グッズ偏重_V3,0.4806,unchanged
74,超_ミュウツー_究極_V6_アルティメット,0.5752,unchanged
74,龍悪_ギラダク_安定_V1,0.4877,unchanged
74,水_スターミー_究極_V6_アルティメット,0.3875,unchanged
74,鋼_メルルギア_グッズ偏重_V3,0.6018,unchanged
74,草_フシギバナ_グッズ偏重_V3,0.4973,unchanged
74,鋼_メルルギア_安定_V1,0.3647,unchanged
74,闘_ガブルカ_究極_V6_アルティメット,0.2392,unchanged
75,炎_リザードンX_安定_V1,0.4909,Out: リザード / In: セレナ (Parent: 29/50 -> Mutant: 34/50)
75,闘_ガブルカ_安定_V1,0.3374,Out: アカネ / In: オーガポンいしずえのめん (Parent: 17/50 -> Mutant: 19/50)
75,水_スターミー_究極_V6_アルティメット,0.3901,unchanged
75,水_スターミー_安定_V1,0.5388,unchanged
75,超_ゲンガー_グッズ偏重_V3,0.2036,unchanged
75,闘_ガブルカ_究極_V6_アルティメット,0.2407,Out: アサナン / In: エリカ (Parent: 20/50 -> Mutant: 22/50)
75,龍悪_ギラダク_グッズ偏重_V3,0.5821,unchanged
75,龍悪_ギラダク_安定_V1,0.4886,unchanged
75,超_ミュウツー_究極_V6_アルティメット,0.5755,unchanged
75,鋼_メルルギア_究極_V6_アルティメット,0.5831,unchanged
75,鋼_メルルギア_グッズ偏重_V3,0.6008,unchanged
75,水_スターミー_グッズ偏重_V3,0.4527,unchanged
75,闘_ガブルカ_グッズ偏重_V3,0.4297,Out: ウソッキー / In: ゴーリキー (Parent: 32/50 -> Mutant: 36/50)
75,超_ミュウツー_安定_V1,0.3558,unchanged
75,超_ゲンガー_安定_V1,0.4873,unchanged
75,草_フシギバナ_グッズ偏重_V3,0.4961,Out: ツタージャ / In: イルミーゼ (Parent: 29/50 -> Mutant: 31/50)
75,雷_ピカチュウ_グッズ偏重_V3,0.5152,unchanged
75,炎_リザードンX_究極_V6_アルティメット,0.6381,unchanged
75,超_ゲンガー_究極_V6_アルティメット,0.4700,Out: ブーピッグ / In: シトロンのリュック (Parent: 24/50 -> Mutant: 30/50)
75,鋼_メルルギア_安定_V1,0.3629,unchanged
75,草_フシギバナ_安定_V1,0.5315,unchanged
75,雷_ピカチュウ_究極_V6_アルティメット,0.6551,unchanged
75,龍悪_ギラダク_究極_V6_アルティメット,0.6109,unchanged
75,超_ミュウツー_グッズ偏重_V3,0.7497,unchanged
75,草_フシギバナ_究極_V6_アルティメット,0.6965,unchanged
75,雷_ピカチュウ_安定_V1,0.5359,Out: 当たりつきアイス / In: ビリリダマ (Parent: 29/50 -> Mutant: 32/50)
75,炎_リザードンX_グッズ偏重_V3,0.4808,unchanged
76,超_ミュウツー_究極_V6_アルティメット,0.5779,unchanged
76,鋼_メルルギア_究極_V6_アルティメット,0.5848,Out: メルメタルex / In: ロケット団のしたっぱ (Parent: 40/50 -> Mutant: 42/50)
76,龍悪_ギラダク_究極_V6_アルティメット,0.6122,Out: ダークライex / In: ベトベトン (Parent: 33/50 -> Mutant: 39/50)
76,闘_ガブルカ_究極_V6_アルティメット,0.2427,unchanged
76,水_スターミー_安定_V1,0.5386,unchanged
76,超_ミュウツー_グッズ偏重_V3,0.7506,Out: グラジオ / In: クエスパトラ (Parent: 43/50 -> Mutant: 46/50)
76,超_ゲンガー_グッズ偏重_V3,0.2058,unchanged
76,水_スターミー_究極_V6_アルティメット,0.3919,unchanged
76,闘_ガブルカ_グッズ偏重_V3,0.4305,unchanged
76,草_フシギバナ_究極_V6_アルティメット,0.6978,unchanged
76,雷_ピカチュウ_グッズ偏重_V3,0.5165,unchanged
76,炎_リザードンX_安定_V1,0.4900,unchanged
76,超_ゲンガー_究極_V6_アルティメット,0.4695,Out: カスミ / In: セキ (Parent: 29/50 -> Mutant: 36/50)
76,鋼_メルルギア_安定_V1,0.3616,Out: トリデプス / In: エアームドex (Parent: 26/50 -> Mutant: 29/50)
76,草_フシギバナ_グッズ偏重_V3,0.4947,Out: マーマネ / In: ビークイン (Parent: 19/50 -> Mutant: 26/50)
76,闘_ガブルカ_安定_V1,0.3357,Out: アサナン / In: エビワラーex (Parent: 19/50 -> Mutant: 27/50)
76,雷_ピカチュウ_安定_V1,0.5340,unchanged
76,鋼_メルルギア_グッズ偏重_V3,0.5994,unchanged
76,炎_リザードンX_グッズ偏重_V3,0.4826,unchanged
76,龍悪_ギラダク_グッズ偏重_V3,0.5825,unchanged
76,草_フシギバナ_安定_V1,0.5319,unchanged
76,雷_ピカチュウ_究極_V6_アルティメット,0.6549,unchanged
76,超_ミュウツー_安定_V1,0.3540,unchanged
76,超_ゲンガー_安定_V1,0.4861,unchanged
76,炎_リザードンX_究極_V6_アルティメット,0.6357,unchanged
76,水_スターミー_グッズ偏重_V3,0.4522,unchanged
76,龍悪_ギラダク_安定_V1,0.4861,unchanged
77,鋼_メルルギア_安定_V1,0.3630,Out: ドデカバシ / In: パフュートン (Parent: 17/50 -> Mutant: 27/50)
77,超_ミュウツー_究極_V6_アルティメット,0.5790,unchanged
77,水_スターミー_グッズ偏重_V3,0.4554,Out: カイ / In: マーマネ (Parent: 36/50 -> Mutant: 38/50)
77,闘_ガブルカ_グッズ偏重_V3,0.4321,unchanged
77,超_ゲンガー_グッズ偏重_V3,0.2077,unchanged
77,雷_ピカチュウ_究極_V6_アルティメット,0.6567,unchanged
77,草_フシギバナ_安定_V1,0.5348,unchanged
77,超_ミュウツー_グッズ偏重_V3,0.7514,Out: クエスパトラ / In: ムウマージ (Parent: 41/50 -> Mutant: 44/50)
77,超_ミュウツー_安定_V1,0.3546,unchanged
77,水_スターミー_究極_V6_アルティメット,0.3931,unchanged
77,龍悪_ギラダク_究極_V6_アルティメット,0.6111,Out: アーボック / In: レスキュースカーフ (Parent: 26/50 -> Mutant: 32/50)
77,雷_ピカチュウ_グッズ偏重_V3,0.5173,unchanged
77,闘_ガブルカ_究極_V6_アルティメット,0.2440,Out: チャーレム / In: サナギラス (Parent: 16/50 -> Mutant: 25/50)
77,超_ゲンガー_安定_V1,0.4858,unchanged
77,草_フシギバナ_究極_V6_アルティメット,0.6987,unchanged
77,炎_リザードンX_究極_V6_アルティメット,0.6345,unchanged
77,超_ゲンガー_究極_V6_アルティメット,0.4690,unchanged
77,龍悪_ギラダク_グッズ偏重_V3,0.5828,unchanged
77,雷_ピカチュウ_安定_V1,0.5319,unchanged
77,龍悪_ギラダク_安定_V1,0.4847,Out: ネズ / In: ダークライ (Parent: 26/50 -> Mutant: 28/50)
77,炎_リザードンX_グッズ偏重_V3,0.4839,unchanged
77,闘_ガブルカ_安定_V1,0.3343,unchanged
77,鋼_メルルギア_究極_V6_アルティメット,0.5826,unchanged
77,草_フシギバナ_グッズ偏重_V3,0.4924,Out: ビークイン / In: やまおとこ (Parent: 23/50 -> Mutant: 25/50)
77,鋼_メルルギア_グッズ偏重_V3,0.5961,unchanged
77,炎_リザードンX_安定_V1,0.4876,unchanged
77,水_スターミー_安定_V1,0.5354,Out: セレナ / In: ヘイラッシャ (Parent: 28/50 -> Mutant: 33/50)
78,闘_ガブルカ_安定_V1,0.3358,unchanged
78,炎_リザードンX_安定_V1,0.4885,unchanged
78,鋼_メルルギア_グッズ偏重_V3,0.5972,unchanged
78,超_ゲンガー_究極_V6_アルティメット,0.4695,Out: デスマス / In: アイリス (Parent: 25/50 -> Mutant: 30/50)
78,雷_ピカチュウ_グッズ偏重_V3,0.5193,Out: ネズ / In: 幻の石板 (Parent: 28/50 -> Mutant: 35/50)
78,草_フシギバナ_究極_V6_アルティメット,0.7006,unchanged
78,雷_ピカチュウ_究極_V6_アルティメット,0.6587,unchanged
78,龍悪_ギラダク_安定_V1,0.4853,unchanged
78,鋼_メルルギア_安定_V1,0.3628,Out: プリン / In: ラムのみ (Parent: 20/50 -> Mutant: 28/50)
78,超_ミュウツー_究極_V6_アルティメット,0.5796,unchanged
78,超_ミュウツー_安定_V1,0.3541,unchanged
78,超_ゲンガー_グッズ偏重_V3,0.2093,unchanged
78,炎_リザードンX_グッズ偏重_V3,0.4862,unchanged
78,超_ゲンガー_安定_V1,0.4862,unchanged
78,鋼_メルルギア_究極_V6_アルティメット,0.5820,unchanged
78,炎_リザードンX_究極_V6_アルティメット,0.6329,unchanged
78,水_スターミー_グッズ偏重_V3,0.4559,unchanged
78,水_スターミー_安定_V1,0.5338,unchanged
78,龍悪_ギラダク_グッズ偏重_V3,0.5831,unchanged
78,闘_ガブルカ_グッズ偏重_V3,0.4316,unchanged
78,龍悪_ギラダク_究極_V6_アルティメット,0.6086,Out: ドヒドイデ / In: いじわるレター (Parent: 30/50 -> Mutant: 33/50)
78,水_スターミー_究極_V6_アルティメット,0.3916,unchanged
78,雷_ピカチュウ_安定_V1,0.5291,unchanged
78,草_フシギバナ_安定_V1,0.5356,unchanged
78,超_ミュウツー_グッズ偏重_V3,0.7502,unchanged
78,草_フシギバナ_グッズ偏重_V3,0.4894,Out: ナツメ / In: マスカーニャex (Parent: 20/50 -> Mutant: 24/50)
78,闘_ガブルカ_究極_V6_アルティメット,0.2431,unchanged
79,草_フシギバナ_安定_V1,0.5389,unchanged
79,龍悪_ギラダク_究極_V6_アルティメット,0.6093,Out: グラジオ / In: ゴロンダ (Parent: 33/50 -> Mutant: 38/50)
79,草_フシギバナ_グッズ偏重_V3,0.4892,Out: ラランテス / In: フクスロー (Parent: 24/50 -> Mutant: 27/50)
79,超_ゲンガー_安定_V1,0.4877,unchanged
79,鋼_メルルギア_究極_V6_アルティメット,0.5829,unchanged
79,超_ミュウツー_安定_V1,0.3542,unchanged
79,雷_ピカチュウ_グッズ偏重_V3,0.5211,unchanged
79,鋼_メルルギア_安定_V1,0.3634,unchanged
79,炎_リザードンX_グッズ偏重_V3,0.4892,unchanged
79,水_スターミー_グッズ偏重_V3,0.4581,unchanged
79,炎_リザードンX_安定_V1,0.4883,Out: エースバーン / In: エレキコード (Parent: 24/50 -> Mutant: 27/50)
79,龍悪_ギラダク_グッズ偏重_V3,0.5846,unchanged
79,超_ゲンガー_究極_V6_アルティメット,0.4693,Out: アイリス / In: レッドカード (Parent: 26/50 -> Mutant: 31/50)
79,超_ミュウツー_究極_V6_アルティメット,0.5794,unchanged
79,超_ゲンガー_グッズ偏重_V3,0.2099,Out: リーフ / In: メガチルタリスex (Parent: 20/50 -> Mutant: 31/50)
79,鋼_メルルギア_グッズ偏重_V3,0.5958,Out: ゼニガメじょうろ / In: ディアルガex (Parent: 37/50 -> Mutant: 40/50)
79,水_スターミー_究極_V6_アルティメット,0.3909,unchanged
79,雷_ピカチュウ_究極_V6_アルティメット,0.6586,unchanged
79,草_フシギバナ_究極_V6_アルティメット,0.7010,unchanged
79,炎_リザードンX_究極_V6_アルティメット,0.6306,unchanged
79,闘_ガブルカ_グッズ偏重_V3,0.4307,Out: レッド / In: サンド (Parent: 32/50 -> Mutant: 34/50)
79,闘_ガブルカ_安定_V1,0.3345,Out: サンド / In: メグロコ (Parent: 24/50 -> Mutant: 29/50)
79,雷_ピカチュウ_安定_V1,0.5264,unchanged
79,水_スターミー_安定_V1,0.5312,Out: カスミ / In: ボタン (Parent: 31/50 -> Mutant: 35/50)
79,龍悪_ギラダク_安定_V1,0.4828,Out: 釣り人 / In: パルデアドオーex (Parent: 27/50 -> Mutant: 33/50)
79,超_ミュウツー_グッズ偏重_V3,0.7493,unchanged
79,闘_ガブルカ_究極_V6_アルティメット,0.2426,unchanged
80,超_ミュウツー_安定_V1,0.3552,Out: ヤミラミ / In: ミミッキュex (Parent: 22/50 -> Mutant: 32/50)
80,鋼_メルルギア_究極_V6_アルティメット,0.5847,Out: ドータクン / In: ベロベルト (Parent: 33/50 -> Mutant: 44/50)
80,超_ゲンガー_究極_V6_アルティメット,0.4706,unchanged
80,草_フシギバナ_グッズ偏重_V3,0.4889,unchanged
80,龍悪_ギラダク_究極_V6_アルティメット,0.6096,unchanged
80,草_フシギバナ_安定_V1,0.5414,unchanged
80,龍悪_ギラダク_安定_V1,0.4831,Out: きずぐすり / In: ヤブクロン (Parent: 22/50 -> Mutant: 32/50)
80,闘_ガブルカ_究極_V6_アルティメット,0.2449,Out: ノズパス / In: 鋼鉄のまえかけ (Parent: 22/50 -> Mutant: 30/50)
80,龍悪_ギラダク_グッズ偏重_V3,0.5861,Out: 大きなふうせん / In: レスキュースカーフ (Parent: 35/50 -> Mutant: 41/50)
80,鋼_メルルギア_安定_V1,0.3638,unchanged
80,水_スターミー_安定_V1,0.5305,Out: ジュン / In: エンペルト (Parent: 27/50 -> Mutant: 29/50)
80,超_ミュウツー_グッズ偏重_V3,0.7493,Out: モノマネむすめ / In: たべのこし (Parent: 40/50 -> Mutant: 42/50)
80,闘_ガブルカ_グッズ偏重_V3,0.4306,unchanged
80,炎_リザードンX_究極_V6_アルティメット,0.6292,Out: ヒヒダルマ / In: ハンドスコープ (Parent: 25/50 -> Mutant: 32/50)
80,雷_ピカチュウ_グッズ偏重_V3,0.5215,unchanged
80,闘_ガブルカ_安定_V1,0.3346,unchanged
80,超_ゲンガー_グッズ偏重_V3,0.2121,unchanged
80,超_ゲンガー_安定_V1,0.4874,unchanged
80,炎_リザードンX_グッズ偏重_V3,0.4907,unchanged
80,水_スターミー_究極_V6_アルティメット,0.3897,unchanged
80,鋼_メルルギア_グッズ偏重_V3,0.5946,unchanged
80,草_フシギバナ_究極_V6_アルティメット,0.7008,unchanged
80,超_ミュウツー_究極_V6_アルティメット,0.5779,Out: ヤバチャ / In: ミミッキュex (Parent: 31/50 -> Mutant: 36/50)
80,炎_リザードンX_安定_V1,0.4856,unchanged
80,水_スターミー_グッズ偏重_V3,0.4568,unchanged
80,雷_ピカチュウ_安定_V1,0.5228,Out: ビリリダマ / In: ハウ (Parent: 26/50 -> Mutant: 35/50)
80,雷_ピカチュウ_究極_V6_アルティメット,0.6575,unchanged
81,超_ミュウツー_グッズ偏重_V3,0.7503,unchanged
81,闘_ガブルカ_安定_V1,0.3357,unchanged
81,炎_リザードンX_安定_V1,0.4861,Out: オボンのみ / In: リーリエ (Parent: 26/50 -> Mutant: 28/50)
81,超_ゲンガー_グッズ偏重_V3,0.2152,Out: スナバァ / In: セキ (Parent: 27/50 -> Mutant: 29/50)
81,龍悪_ギラダク_グッズ偏重_V3,0.5884,unchanged
81,草_フシギバナ_究極_V6_アルティメット,0.7024,unchanged
81,水_スターミー_安定_V1,0.5301,unchanged
81,龍悪_ギラダク_安定_V1,0.4827,Out: ワルビル / In: ヒドイデ (Parent: 23/50 -> Mutant: 30/50)
81,超_ゲンガー_安定_V1,0.4879,unchanged
81,水_スターミー_究極_V6_アルティメット,0.3911,unchanged
81,超_ミュウツー_安定_V1,0.3557,Out: はねの化石 / In: ネイティ (Parent: 26/50 -> Mutant: 34/50)
81,草_フシギバナ_安定_V1,0.5431,unchanged
81,水_スターミー_グッズ偏重_V3,0.4583,unchanged
81,鋼_メルルギア_究極_V6_アルティメット,0.5840,Out: ベロベルト / In: はじまりの平原 (Parent: 29/50 -> Mutant: 35/50)
81,炎_リザードンX_究極_V6_アルティメット,0.6277,unchanged
81,龍悪_ギラダク_究極_V6_アルティメット,0.6080,Out: ハイキングコース / In: イーブイのバッグ (Parent: 33/50 -> Mutant: 35/50)
81,超_ゲンガー_究極_V6_アルティメット,0.4698,Out: メガゲンガーex / In: ゲンガーex (Parent: 25/50 -> Mutant: 34/50)
81,鋼_メルルギア_安定_V1,0.3632,unchanged
81,雷_ピカチュウ_究極_V6_アルティメット,0.6574,Out: ピカチュウex / In: はねの化石 (Parent: 38/50 -> Mutant: 43/50)
81,闘_ガブルカ_究極_V6_アルティメット,0.2450,Out: イシヘンジン / In: ドッコラー (Parent: 20/50 -> Mutant: 26/50)
81,草_フシギバナ_グッズ偏重_V3,0.4868,unchanged
81,雷_ピカチュウ_安定_V1,0.5209,unchanged
81,鋼_メルルギア_グッズ偏重_V3,0.5932,unchanged
81,闘_ガブルカ_グッズ偏重_V3,0.4291,unchanged
81,炎_リザードンX_グッズ偏重_V3,0.4911,unchanged
81,雷_ピカチュウ_グッズ偏重_V3,0.5197,Out: ライチュウ / In: サンダースex (Parent: 33/50 -> Mutant: 37/50)
81,超_ミュウツー_究極_V6_アルティメット,0.5769,Out: デスマス / In: ヨノワール (Parent: 32/50 -> Mutant: 38/50)
82,鋼_メルルギア_安定_V1,0.3646,Out: ロトム図鑑 / In: ポリゴン (Parent: 20/50 -> Mutant: 28/50)
82,水_スターミー_究極_V6_アルティメット,0.3937,unchanged
82,超_ゲンガー_グッズ偏重_V3,0.2195,unchanged
82,闘_ガブルカ_究極_V6_アルティメット,0.2465,unchanged
82,草_フシギバナ_安定_V1,0.5454,Out: かいの化石 / In: デンジ (Parent: 35/50 -> Mutant: 44/50)
82,水_スターミー_安定_V1,0.5300,unchanged
82,草_フシギバナ_究極_V6_アルティメット,0.7042,Out: マッシブーンex / In: いたずらルーレット (Parent: 39/50 -> Mutant: 43/50)
82,超_ゲンガー_究極_V6_アルティメット,0.4692,unchanged
82,龍悪_ギラダク_安定_V1,0.4818,unchanged
82,雷_ピカチュウ_グッズ偏重_V3,0.5210,unchanged
82,炎_リザードンX_究極_V6_アルティメット,0.6268,Out: セレナ / In: 鋼鉄のまえかけ (Parent: 30/50 -> Mutant: 33/50)
82,龍悪_ギラダク_グッズ偏重_V3,0.5896,Out: レスキュースカーフ / In: ラムのみ (Parent: 37/50 -> Mutant: 42/50)
82,闘_ガブルカ_安定_V1,0.3359,unchanged
82,炎_リザードンX_グッズ偏重_V3,0.4925,unchanged
82,草_フシギバナ_グッズ偏重_V3,0.4856,unchanged
82,炎_リザードンX_安定_V1,0.4851,unchanged
82,超_ミュウツー_究極_V6_アルティメット,0.5777,Out: ヒレの化石 / In: そうじゅくエキス (Parent: 37/50 -> Mutant: 40/50)
82,鋼_メルルギア_究極_V6_アルティメット,0.5828,unchanged
82,龍悪_ギラダク_究極_V6_アルティメット,0.6058,unchanged
82,雷_ピカチュウ_安定_V1,0.5192,unchanged
82,超_ゲンガー_安定_V1,0.4871,unchanged
82,水_スターミー_グッズ偏重_V3,0.4580,unchanged
82,超_ミュウツー_安定_V1,0.3544,unchanged
82,超_ミュウツー_グッズ偏重_V3,0.7490,unchanged
82,鋼_メルルギア_グッズ偏重_V3,0.5915,Out: ハイキングコース / In: ハピナスex (Parent: 29/50 -> Mutant: 34/50)
82,闘_ガブルカ_グッズ偏重_V3,0.4274,unchanged
82,雷_ピカチュウ_究極_V6_アルティメット,0.6558,Out: ルクシオ / In: フレイムパッチ (Parent: 39/50 -> Mutant: 44/50)
83,超_ミュウツー_グッズ偏重_V3,0.7503,Out: トゲキッス / In: カイ (Parent: 41/50 -> Mutant: 43/50)
83,雷_ピカチュウ_安定_V1,0.5196,unchanged
83,炎_リザードンX_安定_V1,0.4855,Out: リーリエ / In: ポニータ (Parent: 30/50 -> Mutant: 35/50)
83,炎_リザードンX_究極_V6_アルティメット,0.6264,Out: ニャビー / In: カルネ (Parent: 26/50 -> Mutant: 36/50)
83,草_フシギバナ_究極_V6_アルティメット,0.7057,unchanged
83,水_スターミー_安定_V1,0.5294,unchanged
83,雷_ピカチュウ_究極_V6_アルティメット,0.6572,unchanged
83,超_ミュウツー_究極_V6_アルティメット,0.5792,Out: メガサーナイトex / In: ミミッキュex (Parent: 38/50 -> Mutant: 47/50)
83,草_フシギバナ_グッズ偏重_V3,0.4848,unchanged
83,超_ゲンガー_グッズ偏重_V3,0.2229,unchanged
83,鋼_メルルギア_グッズ偏重_V3,0.5926,unchanged
83,超_ゲンガー_究極_V6_アルティメット,0.4678,unchanged
83,龍悪_ギラダク_安定_V1,0.4806,unchanged
83,鋼_メルルギア_安定_V1,0.3645,unchanged
83,水_スターミー_究極_V6_アルティメット,0.3942,Out: カスミ / In: アローラキュウコンex (Parent: 32/50 -> Mutant: 35/50)
83,水_スターミー_グッズ偏重_V3,0.4594,unchanged
83,雷_ピカチュウ_グッズ偏重_V3,0.5208,Out: エレザード / In: ミカン (Parent: 37/50 -> Mutant: 40/50)
83,龍悪_ギラダク_グッズ偏重_V3,0.5901,unchanged
83,龍悪_ギラダク_究極_V6_アルティメット,0.6041,unchanged
83,闘_ガブルカ_グッズ偏重_V3,0.4268,Out: アカネ / In: どくバリ (Parent: 20/50 -> Mutant: 26/50)
83,草_フシギバナ_安定_V1,0.5460,Out: グラジオ / In: コロボーシ (Parent: 38/50 -> Mutant: 40/50)
83,闘_ガブルカ_安定_V1,0.3347,Out: ガントル / In: マンキー (Parent: 17/50 -> Mutant: 26/50)
83,鋼_メルルギア_究極_V6_アルティメット,0.5805,unchanged
83,闘_ガブルカ_究極_V6_アルティメット,0.2455,unchanged
83,超_ミュウツー_安定_V1,0.3528,Out: ラルトス / In: トゲチック (Parent: 30/50 -> Mutant: 32/50)
83,超_ゲンガー_安定_V1,0.4858,unchanged
83,炎_リザードンX_グッズ偏重_V3,0.4928,Out: リザードンex / In: エレキコード (Parent: 34/50 -> Mutant: 39/50)
84,炎_リザードンX_安定_V1,0.4859,unchanged
84,鋼_メルルギア_究極_V6_アルティメット,0.5818,unchanged
84,炎_リザードンX_究極_V6_アルティメット,0.6272,unchanged
84,龍悪_ギラダク_安定_V1,0.4800,unchanged
84,水_スターミー_究極_V6_アルティメット,0.3958,Out: リーリエ / In: スイクンex (Parent: 26/50 -> Mutant: 30/50)
84,草_フシギバナ_究極_V6_アルティメット,0.7076,unchanged
84,雷_ピカチュウ_グッズ偏重_V3,0.5228,unchanged
84,超_ゲンガー_究極_V6_アルティメット,0.4667,unchanged
84,超_ミュウツー_グッズ偏重_V3,0.7507,Out: ムウマージ / In: ヤドラン (Parent: 41/50 -> Mutant: 45/50)
84,龍悪_ギラダク_究極_V6_アルティメット,0.6037,unchanged
84,鋼_メルルギア_グッズ偏重_V3,0.5930,unchanged
84,鋼_メルルギア_安定_V1,0.3636,unchanged
84,超_ゲンガー_安定_V1,0.4860,unchanged
84,超_ゲンガー_グッズ偏重_V3,0.2252,unchanged
84,闘_ガブルカ_グッズ偏重_V3,0.4269,Out: サンド / In: ネズ (Parent: 20/50 -> Mutant: 25/50)
84,草_フシギバナ_安定_V1,0.5469,unchanged
84,草_フシギバナ_グッズ偏重_V3,0.4831,unchanged
84,超_ミュウツー_安定_V1,0.3527,unchanged
84,闘_ガブルカ_究極_V6_アルティメット,0.2454,unchanged
84,闘_ガブルカ_安定_V1,0.3341,unchanged
84,水_スターミー_グッズ偏重_V3,0.4589,unchanged
84,水_スターミー_安定_V1,0.5279,unchanged
84,雷_ピカチュウ_究極_V6_アルティメット,0.6564,unchanged
84,龍悪_ギラダク_グッズ偏重_V3,0.5898,unchanged
84,超_ミュウツー_究極_V6_アルティメット,0.5777,unchanged
84,炎_リザードンX_グッズ偏重_V3,0.4929,Out: リザードン / In: ジュン (Parent: 39/50 -> Mutant: 41/50)
84,雷_ピカチュウ_安定_V1,0.5172,Out: バチンウニ / In: デンリュウ (Parent: 26/50 -> Mutant: 33/50)
85,水_スターミー_グッズ偏重_V3,0.4623,unchanged
85,炎_リザードンX_究極_V6_アルティメット,0.6278,Out: カルネ / In: イツキ (Parent: 33/50 -> Mutant: 36/50)
85,雷_ピカチュウ_究極_V6_アルティメット,0.6576,unchanged
85,超_ゲンガー_グッズ偏重_V3,0.2286,unchanged
85,龍悪_ギラダク_究極_V6_アルティメット,0.6036,Out: モノマネむすめ / In: メガアブソルex (Parent: 26/50 -> Mutant: 38/50)
85,水_スターミー_安定_V1,0.5273,unchanged
85,草_フシギバナ_究極_V6_アルティメット,0.7091,unchanged
85,炎_リザードンX_グッズ偏重_V3,0.4950,Out: ジュン / In: シルバー (Parent: 36/50 -> Mutant: 42/50)
85,草_フシギバナ_安定_V1,0.5486,unchanged
85,龍悪_ギラダク_安定_V1,0.4796,Out: モンスターボール / In: ベトベトン (Parent: 23/50 -> Mutant: 35/50)
85,鋼_メルルギア_グッズ偏重_V3,0.5933,unchanged
85,闘_ガブルカ_グッズ偏重_V3,0.4274,unchanged
85,鋼_メルルギア_究極_V6_アルティメット,0.5815,unchanged
85,雷_ピカチュウ_安定_V1,0.5163,unchanged
85,草_フシギバナ_グッズ偏重_V3,0.4821,Out: モクロー / In: タケシ (Parent: 20/50 -> Mutant: 22/50)
85,闘_ガブルカ_安定_V1,0.3336,unchanged
85,超_ミュウツー_究極_V6_アルティメット,0.5777,unchanged
85,超_ミュウツー_安定_V1,0.3524,unchanged
85,水_スターミー_究極_V6_アルティメット,0.3964,unchanged
85,鋼_メルルギア_安定_V1,0.3626,Out: パフュートン / In: ハルカ (Parent: 26/50 -> Mutant: 28/50)
85,雷_ピカチュウ_グッズ偏重_V3,0.5217,unchanged
85,超_ゲンガー_安定_V1,0.4856,unchanged
85,闘_ガブルカ_究極_V6_アルティメット,0.2446,Out: 鋼鉄のまえかけ / In: ふしぎなアメ (Parent: 17/50 -> Mutant: 22/50)
85,超_ゲンガー_究極_V6_アルティメット,0.4641,Out: ナンジャモ / In: ボチ (Parent: 21/50 -> Mutant: 27/50)
85,超_ミュウツー_グッズ偏重_V3,0.7493,Out: イリマ / In: トゲキッス (Parent: 42/50 -> Mutant: 44/50)
85,龍悪_ギラダク_グッズ偏重_V3,0.5890,unchanged
85,炎_リザードンX_安定_V1,0.4829,Out: ネモ / In: たての化石 (Parent: 25/50 -> Mutant: 28/50)
86,鋼_メルルギア_安定_V1,0.3633,Out: ひみつのコハク / In: イッカネズミ (Parent: 21/50 -> Mutant: 28/50)
86,雷_ピカチュウ_究極_V6_アルティメット,0.6590,unchanged
86,超_ゲンガー_安定_V1,0.4867,unchanged
86,龍悪_ギラダク_グッズ偏重_V3,0.5909,Out: モンスターボール / In: ゾロアーク (Parent: 39/50 -> Mutant: 42/50)
86,草_フシギバナ_安定_V1,0.5503,unchanged
86,炎_リザードンX_安定_V1,0.4826,unchanged
86,鋼_メルルギア_究極_V6_アルティメット,0.5823,unchanged
86,水_スターミー_グッズ偏重_V3,0.4641,unchanged
86,超_ミュウツー_究極_V6_アルティメット,0.5786,Out: 幻の石板 / In: ユンゲラー (Parent: 36/50 -> Mutant: 39/50)
86,闘_ガブルカ_安定_V1,0.3341,unchanged
86,雷_ピカチュウ_安定_V1,0.5162,Out: シトロン / In: ハンドスコープ (Parent: 25/50 -> Mutant: 31/50)
86,超_ゲンガー_グッズ偏重_V3,0.2303,Out: ミミッキュex / In: カスミ (Parent: 28/50 -> Mutant: 33/50)
86,水_スターミー_究極_V6_アルティメット,0.3979,unchanged
86,草_フシギバナ_グッズ偏重_V3,0.4811,unchanged
86,草_フシギバナ_究極_V6_アルティメット,0.7100,unchanged
86,超_ミュウツー_グッズ偏重_V3,0.7489,unchanged
86,超_ゲンガー_究極_V6_アルティメット,0.4623,unchanged
86,龍悪_ギラダク_究極_V6_アルティメット,0.6032,unchanged
86,水_スターミー_安定_V1,0.5258,unchanged
86,炎_リザードンX_究極_V6_アルティメット,0.6266,unchanged
86,闘_ガブルカ_究極_V6_アルティメット,0.2443,Out: ヒットハンマー / In: グズマ (Parent: 20/50 -> Mutant: 25/50)
86,龍悪_ギラダク_安定_V1,0.4772,unchanged
86,超_ミュウツー_安定_V1,0.3516,unchanged
86,炎_リザードンX_グッズ偏重_V3,0.4954,unchanged
86,闘_ガブルカ_グッズ偏重_V3,0.4261,unchanged
86,鋼_メルルギア_グッズ偏重_V3,0.5912,Out: オボンのみ / In: ベロベルト (Parent: 34/50 -> Mutant: 36/50)
86,雷_ピカチュウ_グッズ偏重_V3,0.5199,unchanged
87,雷_ピカチュウ_安定_V1,0.5177,unchanged
87,炎_リザードンX_グッズ偏重_V3,0.4986,unchanged
87,龍悪_ギラダク_究極_V6_アルティメット,0.6047,unchanged
87,水_スターミー_究極_V6_アルティメット,0.4012,unchanged
87,草_フシギバナ_究極_V6_アルティメット,0.7119,Out: ラッキーミトン / In: パラセクト (Parent: 42/50 -> Mutant: 45/50)
87,超_ゲンガー_究極_V6_アルティメット,0.4615,unchanged
87,水_スターミー_安定_V1,0.5248,unchanged
87,龍悪_ギラダク_安定_V1,0.4770,Out: パルデアドオーex / In: ハラ (Parent: 26/50 -> Mutant: 30/50)
87,雷_ピカチュウ_グッズ偏重_V3,0.5210,unchanged
87,草_フシギバナ_安定_V1,0.5511,unchanged
87,草_フシギバナ_グッズ偏重_V3,0.4804,unchanged
87,闘_ガブルカ_究極_V6_アルティメット,0.2450,unchanged
87,闘_ガブルカ_安定_V1,0.3341,Out: オーガポンいしずえのめん / In: ジーランス (Parent: 18/50 -> Mutant: 20/50)
87,水_スターミー_グッズ偏重_V3,0.4648,Out: レッドカード / In: ゲコガシラ (Parent: 26/50 -> Mutant: 29/50)
87,超_ゲンガー_安定_V1,0.4866,unchanged
87,闘_ガブルカ_グッズ偏重_V3,0.4263,unchanged
87,鋼_メルルギア_究極_V6_アルティメット,0.5809,unchanged
87,超_ミュウツー_グッズ偏重_V3,0.7483,unchanged
87,炎_リザードンX_安定_V1,0.4809,unchanged
87,龍悪_ギラダク_グッズ偏重_V3,0.5908,unchanged
87,鋼_メルルギア_安定_V1,0.3621,Out: オタチ / In: パッチール (Parent: 20/50 -> Mutant: 22/50)
87,鋼_メルルギア_グッズ偏重_V3,0.5900,unchanged
87,超_ミュウツー_安定_V1,0.3504,Out: ネイティ / In: はねの化石 (Parent: 24/50 -> Mutant: 26/50)
87,超_ミュウツー_究極_V6_アルティメット,0.5778,unchanged
87,超_ゲンガー_グッズ偏重_V3,0.2303,Out: ウォーターボート / In: ブルー (Parent: 23/50 -> Mutant: 25/50)
87,雷_ピカチュウ_究極_V6_アルティメット,0.6573,unchanged
87,炎_リザードンX_究極_V6_アルティメット,0.6244,unchanged
88,超_ゲンガー_究極_V6_アルティメット,0.4615,Out: シトロンのリュック / In: リーシャン (Parent: 23/50 -> Mutant: 25/50)
88,水_スターミー_究極_V6_アルティメット,0.4045,unchanged
88,龍悪_ギラダク_安定_V1,0.4771,unchanged
88,雷_ピカチュウ_究極_V6_アルティメット,0.6586,unchanged
88,炎_リザードンX_安定_V1,0.4807,Out: ビーストウォール / In: メタルコアバリア (Parent: 28/50 -> Mutant: 30/50)
88,闘_ガブルカ_究極_V6_アルティメット,0.2460,unchanged
88,鋼_メルルギア_安定_V1,0.3618,unchanged
88,草_フシギバナ_グッズ偏重_V3,0.4805,unchanged
88,雷_ピカチュウ_グッズ偏重_V3,0.5220,unchanged
88,草_フシギバナ_安定_V1,0.5524,unchanged
88,草_フシギバナ_究極_V6_アルティメット,0.7131,unchanged
88,雷_ピカチュウ_安定_V1,0.5175,unchanged
88,超_ミュウツー_究極_V6_アルティメット,0.5785,Out: トゲキッス / In: エレメンタルつけかえ (Parent: 33/50 -> Mutant: 43/50)
88,超_ゲンガー_安定_V1,0.4869,unchanged
88,炎_リザードンX_究極_V6_アルティメット,0.6238,unchanged
88,鋼_メルルギア_究極_V6_アルティメット,0.5800,unchanged
88,龍悪_ギラダク_究極_V6_アルティメット,0.6039,unchanged
88,超_ミュウツー_安定_V1,0.3507,Out: アカネ / In: マーズ (Parent: 30/50 -> Mutant: 32/50)
88,闘_ガブルカ_安定_V1,0.3336,Out: ミノマダム / In: カツラ (Parent: 22/50 -> Mutant: 26/50)
88,水_スターミー_グッズ偏重_V3,0.4645,unchanged
88,炎_リザードンX_グッズ偏重_V3,0.4992,unchanged
88,超_ミュウツー_グッズ偏重_V3,0.7472,Out: ココロモリ / In: ヤドキング (Parent: 40/50 -> Mutant: 46/50)
88,闘_ガブルカ_グッズ偏重_V3,0.4256,unchanged
88,鋼_メルルギア_グッズ偏重_V3,0.5880,unchanged
88,超_ゲンガー_グッズ偏重_V3,0.2300,unchanged
88,水_スターミー_安定_V1,0.5227,unchanged
88,龍悪_ギラダク_グッズ偏重_V3,0.5899,Out: メガゲンガーex / In: リーフ (Parent: 38/50 -> Mutant: 40/50)
89,超_ゲンガー_安定_V1,0.4883,unchanged
89,鋼_メルルギア_究極_V6_アルティメット,0.5816,unchanged
89,闘_ガブルカ_究極_V6_アルティメット,0.2475,unchanged
89,雷_ピカチュウ_究極_V6_アルティメット,0.6602,unchanged
89,雷_ピカチュウ_安定_V1,0.5177,unchanged
89,龍悪_ギラダク_グッズ偏重_V3,0.5903,unchanged
89,鋼_メルルギア_グッズ偏重_V3,0.5885,unchanged
89,水_スターミー_安定_V1,0.5221,unchanged
89,超_ゲンガー_グッズ偏重_V3,0.2313,unchanged
89,鋼_メルルギア_安定_V1,0.3616,unchanged
89,草_フシギバナ_究極_V6_アルティメット,0.7142,unchanged
89,雷_ピカチュウ_グッズ偏重_V3,0.5223,unchanged
89,超_ミュウツー_安定_V1,0.3513,unchanged
89,超_ミュウツー_究極_V6_アルティメット,0.5792,unchanged
89,草_フシギバナ_安定_V1,0.5537,unchanged
89,闘_ガブルカ_グッズ偏重_V3,0.4257,unchanged
89,炎_リザードンX_グッズ偏重_V3,0.5005,unchanged
89,龍悪_ギラダク_究極_V6_アルティメット,0.6034,unchanged
89,闘_ガブルカ_安定_V1,0.3330,unchanged
89,草_フシギバナ_グッズ偏重_V3,0.4794,unchanged
89,超_ミュウツー_グッズ偏重_V3,0.7460,Out: いじわるレター / In: フワライド (Parent: 37/50 -> Mutant: 40/50)
89,超_ゲンガー_究極_V6_アルティメット,0.4587,Out: ラルトス / In: ムウマージex (Parent: 23/50 -> Mutant: 28/50)
89,水_スターミー_グッズ偏重_V3,0.4643,unchanged
89,炎_リザードンX_安定_V1,0.4785,unchanged
89,龍悪_ギラダク_安定_V1,0.4747,unchanged
89,水_スターミー_究極_V6_アルティメット,0.4040,unchanged
89,炎_リザードンX_究極_V6_アルティメット,0.6218,unchanged
90,鋼_メルルギア_安定_V1,0.3625,Out: オオタチ / In: ハイキングコース (Parent: 19/50 -> Mutant: 21/50)
90,龍悪_ギラダク_安定_V1,0.4751,Out: ドラミドロ / In: ドンカラス (Parent: 15/50 -> Mutant: 25/50)
90,草_フシギバナ_グッズ偏重_V3,0.4792,Out: コフキムシ / In: レディバ (Parent: 14/50 -> Mutant: 28/50)
90,鋼_メルルギア_究極_V6_アルティメット,0.5826,unchanged
90,炎_リザードンX_究極_V6_アルティメット,0.6219,unchanged
90,草_フシギバナ_究極_V6_アルティメット,0.7157,unchanged
90,炎_リザードンX_グッズ偏重_V3,0.5031,Out: ポケモンセンターのお姉さん / In: ビーストウォール (Parent: 37/50 -> Mutant: 39/50)
90,炎_リザードンX_安定_V1,0.4785,unchanged
90,龍悪_ギラダク_究極_V6_アルティメット,0.6041,unchanged
90,水_スターミー_安定_V1,0.5218,unchanged
90,超_ミュウツー_究極_V6_アルティメット,0.5800,unchanged
90,超_ゲンガー_グッズ偏重_V3,0.2327,Out: プルリル / In: メガチルタリスex (Parent: 25/50 -> Mutant: 37/50)
90,水_スターミー_究極_V6_アルティメット,0.4056,unchanged
90,雷_ピカチュウ_グッズ偏重_V3,0.5231,unchanged
90,草_フシギバナ_安定_V1,0.5544,unchanged
90,龍悪_ギラダク_グッズ偏重_V3,0.5888,Out: ギラティナex / In: アクジキングex (Parent: 31/50 -> Mutant: 40/50)
90,闘_ガブルカ_グッズ偏重_V3,0.4256,unchanged
90,雷_ピカチュウ_究極_V6_アルティメット,0.6597,Out: ハウ / In: いたずらルーレット (Parent: 41/50 -> Mutant: 46/50)
90,闘_ガブルカ_安定_V1,0.3322,unchanged
90,闘_ガブルカ_究極_V6_アルティメット,0.2471,Out: イツキ / In: ナマズン (Parent: 19/50 -> Mutant: 23/50)
90,超_ゲンガー_究極_V6_アルティメット,0.4570,unchanged
90,雷_ピカチュウ_安定_V1,0.5162,Out: ピカチュウex / In: シロナ (Parent: 29/50 -> Mutant: 37/50)
90,水_スターミー_グッズ偏重_V3,0.4639,unchanged
90,超_ミュウツー_安定_V1,0.3507,unchanged
90,鋼_メルルギア_グッズ偏重_V3,0.5869,unchanged
90,超_ミュウツー_グッズ偏重_V3,0.7447,Out: グラジオ / In: マシェード (Parent: 41/50 -> Mutant: 44/50)
90,超_ゲンガー_安定_V1,0.4870,Out: ナツメ / In: ふたの化石 (Parent: 32/50 -> Mutant: 36/50)
91,水_スターミー_グッズ偏重_V3,0.4669,unchanged
91,炎_リザードンX_究極_V6_アルティメット,0.6230,unchanged
91,超_ゲンガー_究極_V6_アルティメット,0.4567,unchanged
91,雷_ピカチュウ_究極_V6_アルティメット,0.6613,unchanged
91,雷_ピカチュウ_グッズ偏重_V3,0.5246,unchanged
91,水_スターミー_究極_V6_アルティメット,0.4079,unchanged
91,闘_ガブルカ_グッズ偏重_V3,0.4262,Out: タタッコ / In: 大きなマント (Parent: 26/50 -> Mutant: 33/50)
91,水_スターミー_安定_V1,0.5211,unchanged
91,龍悪_ギラダク_グッズ偏重_V3,0.5891,unchanged
91,草_フシギバナ_安定_V1,0.5555,Out: ハヤシガメ / In: モジャンボ (Parent: 34/50 -> Mutant: 37/50)
91,超_ミュウツー_究極_V6_アルティメット,0.5806,unchanged
91,龍悪_ギラダク_究極_V6_アルティメット,0.6045,unchanged
91,雷_ピカチュウ_安定_V1,0.5149,unchanged
91,龍悪_ギラダク_安定_V1,0.4739,unchanged
91,草_フシギバナ_グッズ偏重_V3,0.4782,Out: ミノムッチ / In: バルビート (Parent: 27/50 -> Mutant: 30/50)
91,鋼_メルルギア_究極_V6_アルティメット,0.5814,unchanged
91,超_ゲンガー_安定_V1,0.4867,Out: バネブー / In: バケッチャ (Parent: 30/50 -> Mutant: 34/50)
91,超_ミュウツー_グッズ偏重_V3,0.7443,unchanged
91,闘_ガブルカ_安定_V1,0.3316,unchanged
91,草_フシギバナ_究極_V6_アルティメット,0.7160,unchanged
91,鋼_メルルギア_安定_V1,0.3613,Out: ミミロル / In: オニドリル (Parent: 23/50 -> Mutant: 28/50)
91,鋼_メルルギア_グッズ偏重_V3,0.5854,unchanged
91,闘_ガブルカ_究極_V6_アルティメット,0.2462,unchanged
91,超_ミュウツー_安定_V1,0.3499,Out: コトネ / In: ゴツゴツメット (Parent: 27/50 -> Mutant: 30/50)
91,炎_リザードンX_安定_V1,0.4764,unchanged
91,超_ゲンガー_グッズ偏重_V3,0.2338,Out: ブルー / In: リーフ (Parent: 26/50 -> Mutant: 33/50)
91,炎_リザードンX_グッズ偏重_V3,0.5027,unchanged
92,超_ゲンガー_グッズ偏重_V3,0.2383,Out: レッド / In: ふたの化石 (Parent: 30/50 -> Mutant: 32/50)
92,炎_リザードンX_究極_V6_アルティメット,0.6234,unchanged
92,超_ミュウツー_グッズ偏重_V3,0.7449,unchanged
92,炎_リザードンX_グッズ偏重_V3,0.5054,Out: アセロラ / In: ファイアロー (Parent: 41/50 -> Mutant: 45/50)
92,水_スターミー_安定_V1,0.5208,unchanged
92,超_ミュウツー_安定_V1,0.3513,unchanged
92,龍悪_ギラダク_グッズ偏重_V3,0.5900,unchanged
92,雷_ピカチュウ_究極_V6_アルティメット,0.6624,unchanged
92,炎_リザードンX_安定_V1,0.4760,unchanged
92,闘_ガブルカ_グッズ偏重_V3,0.4267,Out: どくバリ / In: サンドパン (Parent: 24/50 -> Mutant: 30/50)
92,水_スターミー_グッズ偏重_V3,0.4680,Out: マーマネ / In: メガカメックスex (Parent: 38/50 -> Mutant: 42/50)
92,草_フシギバナ_究極_V6_アルティメット,0.7165,unchanged
92,鋼_メルルギア_究極_V6_アルティメット,0.5808,unchanged
92,草_フシギバナ_安定_V1,0.5563,Out: ラッキーミトン / In: コクーン (Parent: 28/50 -> Mutant: 35/50)
92,鋼_メルルギア_グッズ偏重_V3,0.5855,Out: ダークペンダント / In: ベロベルト (Parent: 33/50 -> Mutant: 35/50)
92,雷_ピカチュウ_グッズ偏重_V3,0.5244,Out: 幻の石板 / In: いじわるレター (Parent: 34/50 -> Mutant: 45/50)
92,超_ゲンガー_究極_V6_アルティメット,0.4546,Out: フワライド / In: 幻の石板 (Parent: 20/50 -> Mutant: 23/50)
92,闘_ガブルカ_安定_V1,0.3312,unchanged
92,超_ゲンガー_安定_V1,0.4863,unchanged
92,闘_ガブルカ_究極_V6_アルティメット,0.2457,unchanged
92,龍悪_ギラダク_安定_V1,0.4720,unchanged
92,龍悪_ギラダク_究極_V6_アルティメット,0.6030,unchanged
92,超_ミュウツー_究極_V6_アルティメット,0.5798,unchanged
92,鋼_メルルギア_安定_V1,0.3602,unchanged
92,草_フシギバナ_グッズ偏重_V3,0.4768,unchanged
92,雷_ピカチュウ_安定_V1,0.5125,unchanged
92,水_スターミー_究極_V6_アルティメット,0.4074,unchanged
93,超_ゲンガー_グッズ偏重_V3,0.2425,unchanged
93,超_ミュウツー_究極_V6_アルティメット,0.5816,unchanged
93,雷_ピカチュウ_安定_V1,0.5129,unchanged
93,水_スターミー_グッズ偏重_V3,0.4716,unchanged
93,龍悪_ギラダク_グッズ偏重_V3,0.5910,unchanged
93,超_ゲンガー_安定_V1,0.4869,unchanged
93,草_フシギバナ_グッズ偏重_V3,0.4763,unchanged
93,草_フシギバナ_究極_V6_アルティメット,0.7174,unchanged
93,超_ゲンガー_究極_V6_アルティメット,0.4539,unchanged
93,闘_ガブルカ_安定_V1,0.3316,unchanged
93,雷_ピカチュウ_究極_V6_アルティメット,0.6627,unchanged
93,龍悪_ギラダク_安定_V1,0.4709,Out: ダークライ / In: ダークライ (Parent: 20/50 -> Mutant: 26/50)
93,闘_ガブルカ_グッズ偏重_V3,0.4275,unchanged
93,龍悪_ギラダク_究極_V6_アルティメット,0.6026,Out: ベトベトン / In: グリーン (Parent: 32/50 -> Mutant: 36/50)
93,超_ミュウツー_安定_V1,0.3517,unchanged
93,炎_リザードンX_安定_V1,0.4745,unchanged
93,水_スターミー_安定_V1,0.5192,Out: ゼニガメ / In: マオ (Parent: 24/50 -> Mutant: 32/50)
93,炎_リザードンX_グッズ偏重_V3,0.5063,unchanged
93,雷_ピカチュウ_グッズ偏重_V3,0.5239,unchanged
93,鋼_メルルギア_グッズ偏重_V3,0.5844,Out: 釣り人 / In: ケッキング (Parent: 33/50 -> Mutant: 37/50)
93,水_スターミー_究極_V6_アルティメット,0.4074,unchanged
93,炎_リザードンX_究極_V6_アルティメット,0.6219,Out: エースバーン / In: ジュン (Parent: 30/50 -> Mutant: 35/50)
93,鋼_メルルギア_安定_V1,0.3587,unchanged
93,草_フシギバナ_安定_V1,0.5563,Out: コロボーシ / In: ふしぎなアメ (Parent: 33/50 -> Mutant: 38/50)
93,超_ミュウツー_グッズ偏重_V3,0.7431,unchanged
93,鋼_メルルギア_究極_V6_アルティメット,0.5785,unchanged
93,闘_ガブルカ_究極_V6_アルティメット,0.2446,Out: デンジ / In: ガントル (Parent: 23/50 -> Mutant: 25/50)
94,鋼_メルルギア_グッズ偏重_V3,0.5856,Out: サカキ / In: サカキ (Parent: 30/50 -> Mutant: 36/50)
94,炎_リザードンX_安定_V1,0.4747,unchanged
94,雷_ピカチュウ_究極_V6_アルティメット,0.6639,unchanged
94,闘_ガブルカ_究極_V6_アルティメット,0.2456,unchanged
94,闘_ガブルカ_グッズ偏重_V3,0.4289,unchanged
94,雷_ピカチュウ_安定_V1,0.5126,unchanged
94,龍悪_ギラダク_グッズ偏重_V3,0.5913,unchanged
94,草_フシギバナ_究極_V6_アルティメット,0.7184,Out: エリカ / In: リーリエ (Parent: 39/50 -> Mutant: 42/50)
94,超_ゲンガー_グッズ偏重_V3,0.2456,Out: アカネ / In: ピィ (Parent: 28/50 -> Mutant: 32/50)
94,炎_リザードンX_グッズ偏重_V3,0.5078,unchanged
94,水_スターミー_究極_V6_アルティメット,0.4087,Out: サカキ / In: ポッタイシ (Parent: 32/50 -> Mutant: 36/50)
94,鋼_メルルギア_安定_V1,0.3590,unchanged
94,闘_ガブルカ_安定_V1,0.3315,unchanged
94,龍悪_ギラダク_究極_V6_アルティメット,0.6023,unchanged
94,龍悪_ギラダク_安定_V1,0.4695,unchanged
94,水_スターミー_グッズ偏重_V3,0.4738,unchanged
94,超_ミュウツー_安定_V1,0.3512,unchanged
94,超_ゲンガー_究極_V6_アルティメット,0.4520,Out: 幻の石板 / In: メガチルタリスex (Parent: 19/50 -> Mutant: 22/50)
94,雷_ピカチュウ_グッズ偏重_V3,0.5234,unchanged
94,鋼_メルルギア_究極_V6_アルティメット,0.5767,unchanged
94,超_ミュウツー_究極_V6_アルティメット,0.5806,unchanged
94,草_フシギバナ_グッズ偏重_V3,0.4747,unchanged
94,超_ミュウツー_グッズ偏重_V3,0.7422,unchanged
94,超_ゲンガー_安定_V1,0.4857,unchanged
94,水_スターミー_安定_V1,0.5177,Out: サメハダー / In: キングラー (Parent: 32/50 -> Mutant: 37/50)
94,草_フシギバナ_安定_V1,0.5568,Out: アローラナッシー / In: カンナギタウンの長老 (Parent: 40/50 -> Mutant: 45/50)
94,炎_リザードンX_究極_V6_アルティメット,0.6195,unchanged
95,超_ミュウツー_グッズ偏重_V3,0.7432,unchanged
95,草_フシギバナ_グッズ偏重_V3,0.4753,Out: キノガッサ / In: スコヴィラン (Parent: 25/50 -> Mutant: 34/50)
95,鋼_メルルギア_安定_V1,0.3598,Out: オニドリル / In: イーブイ (Parent: 23/50 -> Mutant: 26/50)
95,龍悪_ギラダク_グッズ偏重_V3,0.5925,unchanged
95,雷_ピカチュウ_安定_V1,0.5126,unchanged
95,炎_リザードンX_グッズ偏重_V3,0.5099,Out: ガオガエンex / In: リーフ (Parent: 37/50 -> Mutant: 40/50)
95,草_フシギバナ_究極_V6_アルティメット,0.7192,unchanged
95,炎_リザードンX_安定_V1,0.4745,Out: ウインディ / In: ラムのみ (Parent: 29/50 -> Mutant: 31/50)
95,雷_ピカチュウ_グッズ偏重_V3,0.5246,Out: 幻の石板 / In: キョウ (Parent: 35/50 -> Mutant: 37/50)
95,龍悪_ギラダク_究極_V6_アルティメット,0.6022,unchanged
95,闘_ガブルカ_グッズ偏重_V3,0.4294,Out: ハンサム / In: ネンドール (Parent: 29/50 -> Mutant: 32/50)
95,超_ミュウツー_究極_V6_アルティメット,0.5811,unchanged
95,超_ゲンガー_究極_V6_アルティメット,0.4515,unchanged
95,炎_リザードンX_究極_V6_アルティメット,0.6190,unchanged
95,鋼_メルルギア_究極_V6_アルティメット,0.5759,unchanged
95,水_スターミー_グッズ偏重_V3,0.4754,unchanged
95,超_ゲンガー_安定_V1,0.4855,unchanged
95,草_フシギバナ_安定_V1,0.5576,Out: ベイリーフ / In: おさかなネット (Parent: 39/50 -> Mutant: 42/50)
95,水_スターミー_究極_V6_アルティメット,0.4091,unchanged
95,超_ミュウツー_安定_V1,0.3507,unchanged
95,龍悪_ギラダク_安定_V1,0.4675,unchanged
95,水_スターミー_安定_V1,0.5161,Out: カスミ / In: シードラ (Parent: 25/50 -> Mutant: 29/50)
95,雷_ピカチュウ_究極_V6_アルティメット,0.6625,Out: エレキジェネレーター / In: チョンチー (Parent: 34/50 -> Mutant: 37/50)
95,闘_ガブルカ_安定_V1,0.3303,unchanged
95,超_ゲンガー_グッズ偏重_V3,0.2463,unchanged
95,闘_ガブルカ_究極_V6_アルティメット,0.2449,unchanged
95,鋼_メルルギア_グッズ偏重_V3,0.5836,unchanged
96,炎_リザードンX_グッズ偏重_V3,0.5126,Out: はじまりの平原 / In: トレーニングエリア (Parent: 30/50 -> Mutant: 34/50)
96,闘_ガブルカ_グッズ偏重_V3,0.4309,Out: オボンのみ / In: ゴローン (Parent: 27/50 -> Mutant: 30/50)
96,水_スターミー_安定_V1,0.5164,unchanged
96,龍悪_ギラダク_グッズ偏重_V3,0.5933,Out: ラムのみ / In: ドラピオン (Parent: 33/50 -> Mutant: 38/50)
96,草_フシギバナ_安定_V1,0.5595,Out: おさかなネット / In: キャタピー (Parent: 35/50 -> Mutant: 41/50)
96,雷_ピカチュウ_グッズ偏重_V3,0.5259,unchanged
96,超_ミュウツー_グッズ偏重_V3,0.7434,unchanged
96,闘_ガブルカ_安定_V1,0.3307,unchanged
96,炎_リザードンX_安定_V1,0.4743,unchanged
96,超_ゲンガー_グッズ偏重_V3,0.2487,unchanged
96,水_スターミー_究極_V6_アルティメット,0.4108,unchanged
96,草_フシギバナ_究極_V6_アルティメット,0.7199,Out: パラセクト / In: キノガッサ (Parent: 38/50 -> Mutant: 45/50)
96,水_スターミー_グッズ偏重_V3,0.4773,Out: シルバー / In: スター団のしたっぱ (Parent: 39/50 -> Mutant: 41/50)
96,超_ゲンガー_安定_V1,0.4856,unchanged
96,草_フシギバナ_グッズ偏重_V3,0.4744,unchanged
96,闘_ガブルカ_究極_V6_アルティメット,0.2450,unchanged
96,龍悪_ギラダク_安定_V1,0.4660,Out: ポケモン図鑑 / In: ワルビアル (Parent: 16/50 -> Mutant: 20/50)
96,雷_ピカチュウ_究極_V6_アルティメット,0.6607,Out: メタルコアバリア / In: ロケット団のしたっぱ (Parent: 38/50 -> Mutant: 42/50)
96,雷_ピカチュウ_安定_V1,0.5114,unchanged
96,龍悪_ギラダク_究極_V6_アルティメット,0.6012,Out: 幻の石板 / In: スイレン (Parent: 36/50 -> Mutant: 38/50)
96,超_ミュウツー_安定_V1,0.3502,unchanged
96,炎_リザードンX_究極_V6_アルティメット,0.6178,unchanged
96,超_ミュウツー_究極_V6_アルティメット,0.5804,Out: ユンゲラー / In: ビーストナイト (Parent: 35/50 -> Mutant: 37/50)
96,鋼_メルルギア_グッズ偏重_V3,0.5820,unchanged
96,超_ゲンガー_究極_V6_アルティメット,0.4499,unchanged
96,鋼_メルルギア_安定_V1,0.3583,unchanged
96,鋼_メルルギア_究極_V6_アルティメット,0.5733,unchanged
97,闘_ガブルカ_グッズ偏重_V3,0.4326,unchanged
97,超_ミュウツー_究極_V6_アルティメット,0.5819,unchanged
97,炎_リザードンX_安定_V1,0.4745,unchanged
97,超_ゲンガー_安定_V1,0.4868,unchanged
97,水_スターミー_グッズ偏重_V3,0.4800,unchanged
97,鋼_メルルギア_究極_V6_アルティメット,0.5739,unchanged
97,鋼_メルルギア_グッズ偏重_V3,0.5828,unchanged
97,炎_リザードンX_究極_V6_アルティメット,0.6172,unchanged
97,雷_ピカチュウ_安定_V1,0.5112,unchanged
97,龍悪_ギラダク_究極_V6_アルティメット,0.6012,Out: アブソル / In: ガバイト (Parent: 32/50 -> Mutant: 40/50)
97,水_スターミー_安定_V1,0.5160,unchanged
97,超_ミュウツー_グッズ偏重_V3,0.7436,unchanged
97,超_ゲンガー_究極_V6_アルティメット,0.4498,unchanged
97,龍悪_ギラダク_グッズ偏重_V3,0.5931,Out: ゾロアーク / In: メンテナンス (Parent: 36/50 -> Mutant: 39/50)
97,雷_ピカチュウ_究極_V6_アルティメット,0.6599,unchanged
97,草_フシギバナ_安定_V1,0.5598,unchanged
97,草_フシギバナ_究極_V6_アルティメット,0.7198,unchanged
97,水_スターミー_究極_V6_アルティメット,0.4112,Out: セレナ / In: タケシ (Parent: 28/50 -> Mutant: 33/50)
97,雷_ピカチュウ_グッズ偏重_V3,0.5255,unchanged
97,草_フシギバナ_グッズ偏重_V3,0.4731,unchanged
97,闘_ガブルカ_究極_V6_アルティメット,0.2446,Out: グズマ / In: カルネ (Parent: 16/50 -> Mutant: 25/50)
97,鋼_メルルギア_安定_V1,0.3572,unchanged
97,闘_ガブルカ_安定_V1,0.3299,unchanged
97,炎_リザードンX_グッズ偏重_V3,0.5124,Out: リーフ / In: イツキ (Parent: 31/50 -> Mutant: 37/50)
97,超_ミュウツー_安定_V1,0.3496,Out: ミミッキュex / In: コロモリ (Parent: 21/50 -> Mutant: 27/50)
97,龍悪_ギラダク_安定_V1,0.4634,unchanged
97,超_ゲンガー_グッズ偏重_V3,0.2489,unchanged
98,草_フシギバナ_安定_V1,0.5614,Out: チュリネ / In: アイリス (Parent: 35/50 -> Mutant: 39/50)
98,雷_ピカチュウ_グッズ偏重_V3,0.5274,unchanged
98,超_ゲンガー_究極_V6_アルティメット,0.4504,Out: セレナ / In: アンノーンG (Parent: 26/50 -> Mutant: 31/50)
98,龍悪_ギラダク_グッズ偏重_V3,0.5938,Out: リーフ / In: かけだし調査員 (Parent: 38/50 -> Mutant: 40/50)
98,超_ミュウツー_グッズ偏重_V3,0.7444,unchanged
98,草_フシギバナ_グッズ偏重_V3,0.4730,unchanged
98,超_ミュウツー_安定_V1,0.3497,unchanged
98,炎_リザードンX_究極_V6_アルティメット,0.6174,Out: アチゲータ / In: ガーディ (Parent: 36/50 -> Mutant: 38/50)
98,龍悪_ギラダク_安定_V1,0.4631,Out: ギラティナex / In: ハラ (Parent: 20/50 -> Mutant: 23/50)
98,雷_ピカチュウ_究極_V6_アルティメット,0.6594,unchanged
98,鋼_メルルギア_グッズ偏重_V3,0.5828,unchanged
98,炎_リザードンX_グッズ偏重_V3,0.5135,unchanged
98,闘_ガブルカ_グッズ偏重_V3,0.4334,Out: サンドパン / In: イワーク (Parent: 24/50 -> Mutant: 30/50)
98,水_スターミー_究極_V6_アルティメット,0.4122,Out: オシャマリ / In: ニョロゾ (Parent: 26/50 -> Mutant: 34/50)
98,雷_ピカチュウ_安定_V1,0.5101,unchanged
98,水_スターミー_グッズ偏重_V3,0.4818,unchanged
98,闘_ガブルカ_究極_V6_アルティメット,0.2448,unchanged
98,水_スターミー_安定_V1,0.5150,unchanged
98,草_フシギバナ_究極_V6_アルティメット,0.7202,unchanged
98,超_ミュウツー_究極_V6_アルティメット,0.5817,unchanged
98,超_ゲンガー_グッズ偏重_V3,0.2501,Out: カスミ / In: フラエッテ (Parent: 33/50 -> Mutant: 36/50)
98,龍悪_ギラダク_究極_V6_アルティメット,0.6014,Out: ドンカラス / In: パルデアドオーex (Parent: 37/50 -> Mutant: 40/50)
98,闘_ガブルカ_安定_V1,0.3288,Out: ビーストウォール / In: ワルビアル (Parent: 22/50 -> Mutant: 24/50)
98,鋼_メルルギア_安定_V1,0.3559,unchanged
98,鋼_メルルギア_究極_V6_アルティメット,0.5714,Out: 博士の研究 / In: リーフマント (Parent: 36/50 -> Mutant: 40/50)
98,炎_リザードンX_安定_V1,0.4719,unchanged
98,超_ゲンガー_安定_V1,0.4851,unchanged
99,超_ゲンガー_グッズ偏重_V3,0.2529,unchanged
99,龍悪_ギラダク_グッズ偏重_V3,0.5948,unchanged
99,雷_ピカチュウ_安定_V1,0.5105,unchanged
99,超_ゲンガー_安定_V1,0.4857,Out: むしよけスプレー / In: ロトム図鑑 (Parent: 23/50 -> Mutant: 28/50)
99,超_ゲンガー_究極_V6_アルティメット,0.4502,unchanged
99,炎_リザードンX_グッズ偏重_V3,0.5156,Out: 旅の行商人 / In: ラウドボーン (Parent: 38/50 -> Mutant: 42/50)
99,水_スターミー_究極_V6_アルティメット,0.4145,unchanged
99,超_ミュウツー_安定_V1,0.3498,unchanged
99,水_スターミー_安定_V1,0.5148,unchanged
99,鋼_メルルギア_グッズ偏重_V3,0.5834,unchanged
99,闘_ガブルカ_究極_V6_アルティメット,0.2453,Out: エリカ / In: カルネ (Parent: 21/50 -> Mutant: 24/50)
99,炎_リザードンX_安定_V1,0.4710,Out: リーリエ / In: ラビフット (Parent: 22/50 -> Mutant: 27/50)
99,闘_ガブルカ_グッズ偏重_V3,0.4340,Out: マクノシタ / In: シトロン (Parent: 25/50 -> Mutant: 30/50)
99,草_フシギバナ_究極_V6_アルティメット,0.7210,unchanged
99,鋼_メルルギア_安定_V1,0.3554,unchanged
99,鋼_メルルギア_究極_V6_アルティメット,0.5705,Out: ペパー / In: ワッカネズミ (Parent: 23/50 -> Mutant: 25/50)
99,炎_リザードンX_究極_V6_アルティメット,0.6156,Out: シロナ / In: コトネ (Parent: 29/50 -> Mutant: 34/50)
99,雷_ピカチュウ_究極_V6_アルティメット,0.6578,unchanged
99,超_ミュウツー_究極_V6_アルティメット,0.5815,Out: ヨマワル / In: ココロモリ (Parent: 41/50 -> Mutant: 44/50)
99,龍悪_ギラダク_究極_V6_アルティメット,0.6016,unchanged
99,水_スターミー_グッズ偏重_V3,0.4832,unchanged
99,草_フシギバナ_安定_V1,0.5620,unchanged
99,闘_ガブルカ_安定_V1,0.3281,unchanged
99,草_フシギバナ_グッズ偏重_V3,0.4716,unchanged
99,龍悪_ギラダク_安定_V1,0.4603,unchanged
99,超_ミュウツー_グッズ偏重_V3,0.7430,Out: ミカン / In: 鋼鉄のまえかけ (Parent: 38/50 -> Mutant: 42/50)
99,雷_ピカチュウ_グッズ偏重_V3,0.5258,unchanged
100,闘_ガブルカ_安定_V1,0.3296,unchanged
100,超_ゲンガー_グッズ偏重_V3,0.2562,Out: ダブラン / In: ネクロズマ (Parent: 24/50 -> Mutant: 31/50)
100,水_スターミー_究極_V6_アルティメット,0.4171,unchanged
100,雷_ピカチュウ_グッズ偏重_V3,0.5271,Out: デンジ / In: モココ (Parent: 34/50 -> Mutant: 36/50)
100,闘_ガブルカ_グッズ偏重_V3,0.4359,unchanged
100,炎_リザードンX_究極_V6_アルティメット,0.6152,Out: ロケット団のしたっぱ / In: カイ (Parent: 27/50 -> Mutant: 29/50)
100,超_ミュウツー_グッズ偏重_V3,0.7433,unchanged
100,超_ゲンガー_安定_V1,0.4862,Out: フワライド / In: アイリス (Parent: 23/50 -> Mutant: 27/50)
100,超_ミュウツー_究極_V6_アルティメット,0.5827,unchanged
100,水_スターミー_グッズ偏重_V3,0.4854,Out: ポッタイシ / In: オクタン (Parent: 42/50 -> Mutant: 44/50)
100,龍悪_ギラダク_安定_V1,0.4592,Out: アセロラ / In: ビーストナイト (Parent: 18/50 -> Mutant: 27/50)
100,龍悪_ギラダク_究極_V6_アルティメット,0.6025,unchanged
100,雷_ピカチュウ_安定_V1,0.5098,unchanged
100,鋼_メルルギア_グッズ偏重_V3,0.5828,unchanged
100,超_ミュウツー_安定_V1,0.3497,unchanged
100,雷_ピカチュウ_究極_V6_アルティメット,0.6568,unchanged
100,草_フシギバナ_グッズ偏重_V3,0.4708,Out: アカギ / In: シルバー (Parent: 23/50 -> Mutant: 26/50)
100,草_フシギバナ_究極_V6_アルティメット,0.7213,unchanged
100,闘_ガブルカ_究極_V6_アルティメット,0.2450,unchanged
100,水_スターミー_安定_V1,0.5135,unchanged
100,鋼_メルルギア_究極_V6_アルティメット,0.5673,unchanged
100,超_ゲンガー_究極_V6_アルティメット,0.4488,Out: リーシャン / In: アブリー (Parent: 28/50 -> Mutant: 35/50)
100,龍悪_ギラダク_グッズ偏重_V3,0.5937,unchanged
100,鋼_メルルギア_安定_V1,0.3542,Out: カビゴンex / In: ヤレユータン (Parent: 17/50 -> Mutant: 19/50)
100,草_フシギバナ_安定_V1,0.5620,unchanged
100,炎_リザードンX_グッズ偏重_V3,0.5152,unchanged
100,炎_リザードンX_安定_V1,0.4685,unchanged
101,闘_ガブルカ_グッズ偏重_V3,0.4379,unchanged
101,鋼_メルルギア_グッズ偏重_V3,0.5843,unchanged
101,炎_リザードンX_安定_V1,0.4687,unchanged
101,超_ゲンガー_安定_V1,0.4871,Out: ミカン / In: ネクロズマ (Parent: 28/50 -> Mutant: 31/50)
101,超_ゲンガー_グッズ偏重_V3,0.2592,Out: アカネ / In: シルバー (Parent: 29/50 -> Mutant: 33/50)
101,雷_ピカチュウ_究極_V6_アルティメット,0.6567,Out: いたずらルーレット / In: レントラー (Parent: 27/50 -> Mutant: 37/50)
101,草_フシギバナ_安定_V1,0.5636,unchanged
101,雷_ピカチュウ_安定_V1,0.5096,unchanged
101,超_ミュウツー_究極_V6_アルティメット,0.5841,unchanged
101,龍悪_ギラダク_グッズ偏重_V3,0.5940,unchanged
101,鋼_メルルギア_安定_V1,0.3536,Out: ポリゴン / In: イーブイex (Parent: 25/50 -> Mutant: 28/50)
101,水_スターミー_安定_V1,0.5128,Out: サカキ / In: アカギ (Parent: 28/50 -> Mutant: 37/50)
101,炎_リザードンX_グッズ偏重_V3,0.5161,unchanged
101,草_フシギバナ_グッズ偏重_V3,0.4701,unchanged
101,雷_ピカチュウ_グッズ偏重_V3,0.5269,unchanged
101,炎_リザードンX_究極_V6_アルティメット,0.6141,Out: ハンドスコープ / In: ウインディ (Parent: 29/50 -> Mutant: 35/50)
101,闘_ガブルカ_安定_V1,0.3293,unchanged
101,闘_ガブルカ_究極_V6_アルティメット,0.2450,unchanged
101,草_フシギバナ_究極_V6_アルティメット,0.7217,Out: ネズ / In: コフーライ (Parent: 39/50 -> Mutant: 41/50)
101,超_ミュウツー_グッズ偏重_V3,0.7425,unchanged
101,超_ミュウツー_安定_V1,0.3485,Out: パンプジン / In: ハウ (Parent: 20/50 -> Mutant: 23/50)
101,鋼_メルルギア_究極_V6_アルティメット,0.5645,unchanged
101,水_スターミー_究極_V6_アルティメット,0.4168,unchanged
101,超_ゲンガー_究極_V6_アルティメット,0.4473,unchanged
101,龍悪_ギラダク_安定_V1,0.4567,unchanged
101,龍悪_ギラダク_究極_V6_アルティメット,0.6025,unchanged
101,水_スターミー_グッズ偏重_V3,0.4864,unchanged
102,超_ミュウツー_究極_V6_アルティメット,0.5858,unchanged
102,闘_ガブルカ_究極_V6_アルティメット,0.2463,unchanged
102,水_スターミー_グッズ偏重_V3,0.4894,unchanged
102,炎_リザードンX_グッズ偏重_V3,0.5181,unchanged
102,超_ゲンガー_究極_V6_アルティメット,0.4478,unchanged
102,鋼_メルルギア_グッズ偏重_V3,0.5852,Out: ギギギアル / In: ホルード (Parent: 33/50 -> Mutant: 37/50)
102,炎_リザードンX_安定_V1,0.4686,Out: ラビフット / In: ビーストナイト (Parent: 22/50 -> Mutant: 29/50)
102,超_ミュウツー_グッズ偏重_V3,0.7427,unchanged
102,超_ゲンガー_安定_V1,0.4875,unchanged
102,雷_ピカチュウ_究極_V6_アルティメット,0.6561,unchanged
102,炎_リザードンX_究極_V6_アルティメット,0.6133,Out: 鋼鉄のまえかけ / In: メタルコアバリア (Parent: 30/50 -> Mutant: 32/50)
102,鋼_メルルギア_安定_V1,0.3538,unchanged
102,水_スターミー_究極_V6_アルティメット,0.4180,Out: グレイシア / In: ウェルカモ (Parent: 38/50 -> Mutant: 41/50)
102,草_フシギバナ_究極_V6_アルティメット,0.7222,Out: オーロット / In: メリッサ (Parent: 41/50 -> Mutant: 46/50)
102,龍悪_ギラダク_グッズ偏重_V3,0.5938,unchanged
102,雷_ピカチュウ_グッズ偏重_V3,0.5268,unchanged
102,超_ミュウツー_安定_V1,0.3477,unchanged
102,草_フシギバナ_安定_V1,0.5644,Out: まもりのポンチョ / In: ストライク (Parent: 33/50 -> Mutant: 35/50)
102,鋼_メルルギア_究極_V6_アルティメット,0.5620,Out: アローラダグトリオex / In: ゼニガメじょうろ (Parent: 19/50 -> Mutant: 23/50)
102,水_スターミー_安定_V1,0.5117,unchanged
102,雷_ピカチュウ_安定_V1,0.5078,Out: ハラバリー / In: ゼラオラ (Parent: 27/50 -> Mutant: 29/50)
102,闘_ガブルカ_グッズ偏重_V3,0.4378,unchanged
102,龍悪_ギラダク_安定_V1,0.4544,unchanged
102,闘_ガブルカ_安定_V1,0.3283,unchanged
102,龍悪_ギラダク_究極_V6_アルティメット,0.6021,unchanged
102,超_ゲンガー_グッズ偏重_V3,0.2600,unchanged
102,草_フシギバナ_グッズ偏重_V3,0.4686,unchanged
103,龍悪_ギラダク_グッズ偏重_V3,0.5951,unchanged
103,超_ゲンガー_究極_V6_アルティメット,0.4485,unchanged
103,龍悪_ギラダク_安定_V1,0.4535,unchanged
103,水_スターミー_グッズ偏重_V3,0.4922,Out: ラムのみ / In: アセロラ (Parent: 38/50 -> Mutant: 42/50)
103,炎_リザードンX_安定_V1,0.4690,unchanged
103,炎_リザードンX_グッズ偏重_V3,0.5199,unchanged
103,龍悪_ギラダク_究極_V6_アルティメット,0.6038,unchanged
103,草_フシギバナ_究極_V6_アルティメット,0.7230,unchanged
103,鋼_メルルギア_安定_V1,0.3541,unchanged
103,鋼_メルルギア_究極_V6_アルティメット,0.5605,unchanged
103,水_スターミー_究極_V6_アルティメット,0.4195,unchanged
103,雷_ピカチュウ_安定_V1,0.5073,unchanged
103,超_ゲンガー_安定_V1,0.4877,unchanged
103,鋼_メルルギア_グッズ偏重_V3,0.5847,unchanged
103,超_ミュウツー_安定_V1,0.3473,Out: ハウ / In: リーフマント (Parent: 18/50 -> Mutant: 20/50)
103,草_フシギバナ_安定_V1,0.5647,unchanged
103,草_フシギバナ_グッズ偏重_V3,0.4678,unchanged
103,超_ゲンガー_グッズ偏重_V3,0.2613,unchanged
103,超_ミュウツー_究極_V6_アルティメット,0.5859,unchanged
103,雷_ピカチュウ_グッズ偏重_V3,0.5262,unchanged
103,闘_ガブルカ_グッズ偏重_V3,0.4377,unchanged
103,闘_ガブルカ_安定_V1,0.3275,unchanged
103,超_ミュウツー_グッズ偏重_V3,0.7417,unchanged
103,雷_ピカチュウ_究極_V6_アルティメット,0.6538,unchanged
103,闘_ガブルカ_究極_V6_アルティメット,0.2459,Out: 鋼鉄のまえかけ / In: ナゲツケサル (Parent: 19/50 -> Mutant: 30/50)
103,水_スターミー_安定_V1,0.5102,unchanged
103,炎_リザードンX_究極_V6_アルティメット,0.6112,Out: ウインディ / In: コータス (Parent: 26/50 -> Mutant: 30/50)
104,雷_ピカチュウ_グッズ偏重_V3,0.5281,Out: カスミ / In: ゼブライカ (Parent: 36/50 -> Mutant: 39/50)
104,龍悪_ギラダク_安定_V1,0.4533,unchanged
104,炎_リザードンX_安定_V1,0.4693,unchanged
104,超_ミュウツー_グッズ偏重_V3,0.7426,unchanged
104,闘_ガブルカ_究極_V6_アルティメット,0.2470,unchanged
104,水_スターミー_グッズ偏重_V3,0.4951,unchanged
104,鋼_メルルギア_安定_V1,0.3541,unchanged
104,水_スターミー_安定_V1,0.5099,Out: キングラー / In: ウェーニバル (Parent: 28/50 -> Mutant: 33/50)
104,闘_ガブルカ_安定_V1,0.3274,Out: メグロコ / In: イワンコ (Parent: 19/50 -> Mutant: 25/50)
104,龍悪_ギラダク_グッズ偏重_V3,0.5952,unchanged
104,超_ゲンガー_究極_V6_アルティメット,0.4486,unchanged
104,超_ミュウツー_安定_V1,0.3471,unchanged
104,超_ゲンガー_安定_V1,0.4876,unchanged
104,龍悪_ギラダク_究極_V6_アルティメット,0.6050,Out: メガアブソルex / In: ガラルマッスグマ (Parent: 41/50 -> Mutant: 46/50)
104,雷_ピカチュウ_安定_V1,0.5064,unchanged
104,超_ミュウツー_究極_V6_アルティメット,0.5863,unchanged
104,水_スターミー_究極_V6_アルティメット,0.4203,unchanged
104,炎_リザードンX_究極_V6_アルティメット,0.6098,unchanged
104,鋼_メルルギア_究極_V6_アルティメット,0.5577,unchanged
104,闘_ガブルカ_グッズ偏重_V3,0.4377,Out: ゴローン / In: ガントル (Parent: 25/50 -> Mutant: 33/50)
104,超_ゲンガー_グッズ偏重_V3,0.2623,unchanged
104,炎_リザードンX_グッズ偏重_V3,0.5204,unchanged
104,鋼_メルルギア_グッズ偏重_V3,0.5832,unchanged
104,草_フシギバナ_安定_V1,0.5646,Out: カンナギタウンの長老 / In: ニャローテ (Parent: 30/50 -> Mutant: 37/50)
104,草_フシギバナ_グッズ偏重_V3,0.4668,unchanged
104,雷_ピカチュウ_究極_V6_アルティメット,0.6513,unchanged
104,草_フシギバナ_究極_V6_アルティメット,0.7229,unchanged
105,草_フシギバナ_究極_V6_アルティメット,0.7245,Out: ドレディア / In: マスカーニャ (Parent: 39/50 -> Mutant: 45/50)
105,超_ゲンガー_グッズ偏重_V3,0.2650,Out: ネクロズマ / In: ずがいの化石 (Parent: 26/50 -> Mutant: 31/50)
105,超_ゲンガー_安定_V1,0.4884,Out: エーフィ / In: マシェード (Parent: 23/50 -> Mutant: 30/50)
105,龍悪_ギラダク_究極_V6_アルティメット,0.6064,unchanged
105,超_ミュウツー_究極_V6_アルティメット,0.5880,Out: まもりのポンチョ / In: ムウマージex (Parent: 40/50 -> Mutant: 42/50)
105,雷_ピカチュウ_安定_V1,0.5066,Out: ビーストナイト / In: マツバ (Parent: 22/50 -> Mutant: 26/50)
105,鋼_メルルギア_安定_V1,0.3542,unchanged
105,炎_リザードンX_グッズ偏重_V3,0.5220,unchanged
105,闘_ガブルカ_グッズ偏重_V3,0.4387,Out: シトロン / In: ゴローニャ (Parent: 25/50 -> Mutant: 32/50)
105,草_フシギバナ_安定_V1,0.5656,Out: スコヴィラン / In: モクロー (Parent: 30/50 -> Mutant: 32/50)
105,草_フシギバナ_グッズ偏重_V3,0.4667,unchanged
105,龍悪_ギラダク_安定_V1,0.4520,unchanged
105,炎_リザードンX_究極_V6_アルティメット,0.6091,Out: カイ / In: イーブイのバッグ (Parent: 27/50 -> Mutant: 34/50)
105,超_ミュウツー_安定_V1,0.3467,unchanged
105,鋼_メルルギア_究極_V6_アルティメット,0.5560,Out: マーマネ / In: エネコロロ (Parent: 18/50 -> Mutant: 29/50)
105,水_スターミー_安定_V1,0.5091,Out: ウェーニバル / In: ラプラス (Parent: 29/50 -> Mutant: 32/50)
105,闘_ガブルカ_究極_V6_アルティメット,0.2472,unchanged
105,水_スターミー_究極_V6_アルティメット,0.4212,unchanged
105,鋼_メルルギア_グッズ偏重_V3,0.5828,unchanged
105,雷_ピカチュウ_究極_V6_アルティメット,0.6493,unchanged
105,闘_ガブルカ_安定_V1,0.3271,unchanged
105,龍悪_ギラダク_グッズ偏重_V3,0.5942,Out: ふしぎなアメ / In: ネズ (Parent: 35/50 -> Mutant: 43/50)
105,水_スターミー_グッズ偏重_V3,0.4961,unchanged
105,超_ゲンガー_究極_V6_アルティメット,0.4472,unchanged
105,炎_リザードンX_安定_V1,0.4673,Out: メタルコアバリア / In: マグカルゴ (Parent: 20/50 -> Mutant: 24/50)
105,超_ミュウツー_グッズ偏重_V3,0.7416,unchanged
105,雷_ピカチュウ_グッズ偏重_V3,0.5269,unchanged
106,鋼_メルルギア_安定_V1,0.3550,Out: ハルカ / In: カツラ (Parent: 16/50 -> Mutant: 19/50)
106,龍悪_ギラダク_安定_V1,0.4517,unchanged
106,超_ゲンガー_グッズ偏重_V3,0.2676,unchanged
106,雷_ピカチュウ_究極_V6_アルティメット,0.6498,unchanged
106,闘_ガブルカ_究極_V6_アルティメット,0.2481,unchanged
106,炎_リザードンX_グッズ偏重_V3,0.5240,unchanged
106,水_スターミー_究極_V6_アルティメット,0.4229,Out: メリッサ / In: フリーザーex (Parent: 31/50 -> Mutant: 37/50)
106,闘_ガブルカ_安定_V1,0.3278,unchanged
106,超_ミュウツー_究極_V6_アルティメット,0.5894,Out: ビーストナイト / In: テーブルシティ (Parent: 39/50 -> Mutant: 41/50)
106,雷_ピカチュウ_安定_V1,0.5061,unchanged
106,水_スターミー_グッズ偏重_V3,0.4983,Out: スター団のしたっぱ / In: マーマネ (Parent: 45/50 -> Mutant: 48/50)
106,鋼_メルルギア_グッズ偏重_V3,0.5827,Out: ハーデリア / In: ずがいの化石 (Parent: 36/50 -> Mutant: 38/50)
106,草_フシギバナ_グッズ偏重_V3,0.4668,unchanged
106,闘_ガブルカ_グッズ偏重_V3,0.4392,Out: カキ / In: エルレイドex (Parent: 24/50 -> Mutant: 27/50)
106,炎_リザードンX_究極_V6_アルティメット,0.6083,unchanged
106,炎_リザードンX_安定_V1,0.4662,unchanged
106,龍悪_ギラダク_グッズ偏重_V3,0.5937,unchanged
106,超_ミュウツー_安定_V1,0.3459,unchanged
106,草_フシギバナ_究極_V6_アルティメット,0.7247,Out: ウツドン / In: イリマ (Parent: 38/50 -> Mutant: 43/50)
106,超_ミュウツー_グッズ偏重_V3,0.7407,unchanged
106,草_フシギバナ_安定_V1,0.5657,unchanged
106,水_スターミー_安定_V1,0.5079,unchanged
106,超_ゲンガー_究極_V6_アルティメット,0.4462,unchanged
106,鋼_メルルギア_究極_V6_アルティメット,0.5533,unchanged
106,雷_ピカチュウ_グッズ偏重_V3,0.5256,unchanged
106,超_ゲンガー_安定_V1,0.4875,unchanged
106,龍悪_ギラダク_究極_V6_アルティメット,0.6050,unchanged
107,超_ミュウツー_グッズ偏重_V3,0.7417,Out: マシェード / In: パンプジン (Parent: 34/50 -> Mutant: 42/50)
107,超_ゲンガー_安定_V1,0.4886,unchanged
107,闘_ガブルカ_安定_V1,0.3289,Out: ディグダ / In: マーシャドー (Parent: 16/50 -> Mutant: 18/50)
107,龍悪_ギラダク_究極_V6_アルティメット,0.6064,Out: スイレン / In: メリッサ (Parent: 35/50 -> Mutant: 38/50)
107,雷_ピカチュウ_安定_V1,0.5062,unchanged
107,超_ゲンガー_究極_V6_アルティメット,0.4465,unchanged
107,水_スターミー_究極_V6_アルティメット,0.4253,unchanged
107,水_スターミー_安定_V1,0.5080,unchanged
107,炎_リザードンX_究極_V6_アルティメット,0.6077,unchanged
107,超_ミュウツー_安定_V1,0.3459,Out: コロモリ / In: スリーパー (Parent: 15/50 -> Mutant: 23/50)
107,草_フシギバナ_グッズ偏重_V3,0.4668,unchanged
107,龍悪_ギラダク_安定_V1,0.4503,unchanged
107,鋼_メルルギア_グッズ偏重_V3,0.5829,unchanged
107,水_スターミー_グッズ偏重_V3,0.5003,unchanged
107,闘_ガブルカ_究極_V6_アルティメット,0.2485,unchanged
107,雷_ピカチュウ_グッズ偏重_V3,0.5254,Out: セキ / In: きずぐすり (Parent: 28/50 -> Mutant: 30/50)
107,炎_リザードンX_グッズ偏重_V3,0.5247,unchanged
107,炎_リザードンX_安定_V1,0.4653,unchanged
107,草_フシギバナ_究極_V6_アルティメット,0.7250,Out: メリッサ / In: マシェード (Parent: 42/50 -> Mutant: 44/50)
107,闘_ガブルカ_グッズ偏重_V3,0.4393,unchanged
107,超_ミュウツー_究極_V6_アルティメット,0.5893,unchanged
107,鋼_メルルギア_安定_V1,0.3540,Out: カツラ / In: ナツメ (Parent: 18/50 -> Mutant: 22/50)
107,龍悪_ギラダク_グッズ偏重_V3,0.5925,unchanged
107,鋼_メルルギア_究極_V6_アルティメット,0.5503,unchanged
107,雷_ピカチュウ_究極_V6_アルティメット,0.6476,unchanged
107,草_フシギバナ_安定_V1,0.5648,unchanged
107,超_ゲンガー_グッズ偏重_V3,0.2677,Out: ガラルサニゴーン / In: ココロモリ (Parent: 28/50 -> Mutant: 30/50)
108,闘_ガブルカ_安定_V1,0.3303,Out: ワルビアル / In: アーケン (Parent: 15/50 -> Mutant: 19/50)
108,闘_ガブルカ_究極_V6_アルティメット,0.2498,unchanged
108,超_ミュウツー_安定_V1,0.3464,Out: リーフマント / In: ミュウツーex (Parent: 22/50 -> Mutant: 25/50)
108,草_フシギバナ_究極_V6_アルティメット,0.7264,unchanged
108,鋼_メルルギア_安定_V1,0.3548,Out: パッチール / In: バイウールー (Parent: 19/50 -> Mutant: 22/50)
108,炎_リザードンX_究極_V6_アルティメット,0.6076,unchanged
108,超_ゲンガー_安定_V1,0.4889,unchanged
108,超_ゲンガー_究極_V6_アルティメット,0.4464,unchanged
108,草_フシギバナ_安定_V1,0.5658,unchanged
108,雷_ピカチュウ_究極_V6_アルティメット,0.6474,unchanged
108,雷_ピカチュウ_安定_V1,0.5058,Out: ゼブライカ / In: アカネ (Parent: 22/50 -> Mutant: 25/50)
108,超_ミュウツー_究極_V6_アルティメット,0.5906,Out: ヨノワール / In: はねの化石 (Parent: 40/50 -> Mutant: 43/50)
108,超_ミュウツー_グッズ偏重_V3,0.7412,unchanged
108,龍悪_ギラダク_グッズ偏重_V3,0.5923,Out: カンナギタウンの長老 / In: たての化石 (Parent: 31/50 -> Mutant: 36/50)
108,闘_ガブルカ_グッズ偏重_V3,0.4399,Out: ゴーリキー / In: いたずらルーレット (Parent: 20/50 -> Mutant: 33/50)
108,鋼_メルルギア_グッズ偏重_V3,0.5829,Out: ホルード / In: ブロロローム (Parent: 32/50 -> Mutant: 35/50)
108,雷_ピカチュウ_グッズ偏重_V3,0.5257,Out: ミカン / In: きずぐすり (Parent: 37/50 -> Mutant: 39/50)
108,鋼_メルルギア_究極_V6_アルティメット,0.5480,Out: エネコロロ / In: アセロラ (Parent: 29/50 -> Mutant: 31/50)
108,草_フシギバナ_グッズ偏重_V3,0.4659,unchanged
108,超_ゲンガー_グッズ偏重_V3,0.2686,unchanged
108,龍悪_ギラダク_安定_V1,0.4483,Out: ワルビアル / In: タギングル (Parent: 18/50 -> Mutant: 20/50)
108,炎_リザードンX_安定_V1,0.4638,Out: ラムのみ / In: ハルカ (Parent: 29/50 -> Mutant: 32/50)
108,炎_リザードンX_グッズ偏重_V3,0.5248,Out: ファイアロー / In: ウインディ (Parent: 36/50 -> Mutant: 38/50)
108,水_スターミー_究極_V6_アルティメット,0.4257,unchanged
108,龍悪_ギラダク_究極_V6_アルティメット,0.6050,unchanged
108,水_スターミー_グッズ偏重_V3,0.5010,Out: メモリーライト / In: ガマゲロゲ (Parent: 41/50 -> Mutant: 43/50)
108,水_スターミー_安定_V1,0.5066,unchanged
109,炎_リザードンX_安定_V1,0.4641,unchanged
109,鋼_メルルギア_究極_V6_アルティメット,0.5474,unchanged
109,草_フシギバナ_グッズ偏重_V3,0.4661,unchanged
109,超_ミュウツー_安定_V1,0.3479,unchanged
109,水_スターミー_グッズ偏重_V3,0.5038,unchanged
109,炎_リザードンX_グッズ偏重_V3,0.5267,unchanged
109,鋼_メルルギア_グッズ偏重_V3,0.5835,unchanged
109,雷_ピカチュウ_安定_V1,0.5058,unchanged
109,闘_ガブルカ_グッズ偏重_V3,0.4409,unchanged
109,草_フシギバナ_究極_V6_アルティメット,0.7269,unchanged
109,闘_ガブルカ_究極_V6_アルティメット,0.2505,unchanged
109,水_スターミー_安定_V1,0.5063,Out: エンペルト / In: ネモ (Parent: 25/50 -> Mutant: 29/50)
109,草_フシギバナ_安定_V1,0.5659,unchanged
109,龍悪_ギラダク_グッズ偏重_V3,0.5921,unchanged
109,超_ゲンガー_グッズ偏重_V3,0.2700,unchanged
109,水_スターミー_究極_V6_アルティメット,0.4272,unchanged
109,超_ミュウツー_究極_V6_アルティメット,0.5910,Out: テーブルシティ / In: カプテテフ (Parent: 37/50 -> Mutant: 44/50)
109,炎_リザードンX_究極_V6_アルティメット,0.6065,unchanged
109,雷_ピカチュウ_グッズ偏重_V3,0.5248,unchanged
109,闘_ガブルカ_安定_V1,0.3296,unchanged
109,龍悪_ギラダク_安定_V1,0.4463,unchanged
109,超_ゲンガー_究極_V6_アルティメット,0.4449,unchanged
109,超_ミュウツー_グッズ偏重_V3,0.7403,unchanged
109,雷_ピカチュウ_究極_V6_アルティメット,0.6460,Out: グズマ / In: セレナ (Parent: 27/50 -> Mutant: 31/50)
109,超_ゲンガー_安定_V1,0.4879,unchanged
109,鋼_メルルギア_安定_V1,0.3539,Out: トルネロス / In: ブニャット (Parent: 16/50 -> Mutant: 24/50)
109,龍悪_ギラダク_究極_V6_アルティメット,0.6036,Out: ガバイト / In: エレキジェネレーター (Parent: 35/50 -> Mutant: 44/50)
110,炎_リザードンX_グッズ偏重_V3,0.5287,unchanged
110,超_ゲンガー_究極_V6_アルティメット,0.4457,Out: ボチ / In: ベラカス (Parent: 23/50 -> Mutant: 30/50)
110,炎_リザードンX_究極_V6_アルティメット,0.6065,Out: カルボウ / In: ヘビーメット (Parent: 31/50 -> Mutant: 34/50)
110,闘_ガブルカ_安定_V1,0.3306,Out: ガブリアスex / In: エレメンタルつけかえ (Parent: 14/50 -> Mutant: 20/50)
110,超_ゲンガー_グッズ偏重_V3,0.2725,Out: シロナ / In: ミュウ (Parent: 22/50 -> Mutant: 25/50)
110,水_スターミー_究極_V6_アルティメット,0.4299,unchanged
110,炎_リザードンX_安定_V1,0.4641,unchanged
110,超_ミュウツー_究極_V6_アルティメット,0.5920,unchanged
110,超_ミュウツー_安定_V1,0.3489,unchanged
110,超_ミュウツー_グッズ偏重_V3,0.7403,unchanged
110,鋼_メルルギア_安定_V1,0.3539,unchanged
110,雷_ピカチュウ_グッズ偏重_V3,0.5252,Out: エレキジェネレーター / In: アローラライチュウ (Parent: 32/50 -> Mutant: 38/50)
110,鋼_メルルギア_グッズ偏重_V3,0.5832,unchanged
110,龍悪_ギラダク_安定_V1,0.4447,unchanged
110,草_フシギバナ_究極_V6_アルティメット,0.7273,unchanged
110,雷_ピカチュウ_安定_V1,0.5046,Out: アカネ / In: 旅の行商人 (Parent: 25/50 -> Mutant: 32/50)
110,水_スターミー_安定_V1,0.5056,unchanged
110,超_ゲンガー_安定_V1,0.4880,Out: ふたの化石 / In: エリカ (Parent: 30/50 -> Mutant: 32/50)
110,雷_ピカチュウ_究極_V6_アルティメット,0.6449,unchanged
110,闘_ガブルカ_究極_V6_アルティメット,0.2505,unchanged
110,鋼_メルルギア_究極_V6_アルティメット,0.5447,unchanged
110,草_フシギバナ_グッズ偏重_V3,0.4652,unchanged
110,龍悪_ギラダク_究極_V6_アルティメット,0.6028,Out: ガラルマッスグマ / In: ハンサム (Parent: 38/50 -> Mutant: 43/50)
110,水_スターミー_グッズ偏重_V3,0.5040,unchanged
110,草_フシギバナ_安定_V1,0.5649,unchanged
110,闘_ガブルカ_グッズ偏重_V3,0.4405,unchanged
110,龍悪_ギラダク_グッズ偏重_V3,0.5905,unchanged
111,超_ミュウツー_究極_V6_アルティメット,0.5933,Out: キルリア / In: デンジ (Parent: 35/50 -> Mutant: 38/50)
111,龍悪_ギラダク_究極_V6_アルティメット,0.6042,unchanged
111,雷_ピカチュウ_究極_V6_アルティメット,0.6449,Out: デンリュウ / In: リーフマント (Parent: 31/50 -> Mutant: 37/50)
111,鋼_メルルギア_究極_V6_アルティメット,0.5441,unchanged
111,炎_リザードンX_安定_V1,0.4641,Out: エレキコード / In: マチス (Parent: 27/50 -> Mutant: 31/50)
111,龍悪_ギラダク_グッズ偏重_V3,0.5910,unchanged
111,超_ミュウツー_安定_V1,0.3499,unchanged
111,水_スターミー_究極_V6_アルティメット,0.4319,unchanged
111,炎_リザードンX_グッズ偏重_V3,0.5301,Out: イツキ / In: ブースター (Parent: 38/50 -> Mutant: 40/50)
111,闘_ガブルカ_グッズ偏重_V3,0.4413,unchanged
111,龍悪_ギラダク_安定_V1,0.4434,unchanged
111,炎_リザードンX_究極_V6_アルティメット,0.6059,Out: カルム / In: オドリドリ (Parent: 24/50 -> Mutant: 28/50)
111,草_フシギバナ_安定_V1,0.5655,unchanged
111,水_スターミー_安定_V1,0.5052,Out: ボタン / In: アルクジラ (Parent: 28/50 -> Mutant: 33/50)
111,水_スターミー_グッズ偏重_V3,0.5053,unchanged
111,超_ミュウツー_グッズ偏重_V3,0.7402,unchanged
111,鋼_メルルギア_安定_V1,0.3538,Out: バイウールー / In: チラーミィ (Parent: 23/50 -> Mutant: 26/50)
111,雷_ピカチュウ_安定_V1,0.5031,unchanged
111,超_ゲンガー_究極_V6_アルティメット,0.4448,Out: フーディン / In: ピクシー (Parent: 21/50 -> Mutant: 33/50)
111,雷_ピカチュウ_グッズ偏重_V3,0.5247,unchanged
111,闘_ガブルカ_究極_V6_アルティメット,0.2500,unchanged
111,超_ゲンガー_安定_V1,0.4875,Out: エリカ / In: ピクシー (Parent: 24/50 -> Mutant: 32/50)
111,闘_ガブルカ_安定_V1,0.3300,unchanged
111,草_フシギバナ_グッズ偏重_V3,0.4643,unchanged
111,草_フシギバナ_究極_V6_アルティメット,0.7270,unchanged
111,鋼_メルルギア_グッズ偏重_V3,0.5817,unchanged
111,超_ゲンガー_グッズ偏重_V3,0.2725,unchanged
112,超_ゲンガー_安定_V1,0.4883,Out: メガゲンガーex / In: ペロリーム (Parent: 24/50 -> Mutant: 28/50)
112,超_ゲンガー_グッズ偏重_V3,0.2745,unchanged
112,闘_ガブルカ_安定_V1,0.3310,unchanged
112,炎_リザードンX_安定_V1,0.4642,unchanged
112,雷_ピカチュウ_究極_V6_アルティメット,0.6451,unchanged
112,超_ミュウツー_グッズ偏重_V3,0.7408,unchanged
112,雷_ピカチュウ_グッズ偏重_V3,0.5256,Out: セレナ / In: アローラゴローン (Parent: 35/50 -> Mutant: 38/50)
112,龍悪_ギラダク_安定_V1,0.4430,unchanged
112,草_フシギバナ_グッズ偏重_V3,0.4642,Out: やまおとこ / In: ジャグラー (Parent: 26/50 -> Mutant: 29/50)
112,水_スターミー_安定_V1,0.5053,Out: オリジンパルキア / In: エンペルト (Parent: 26/50 -> Mutant: 30/50)
112,超_ゲンガー_究極_V6_アルティメット,0.4448,unchanged
112,鋼_メルルギア_グッズ偏重_V3,0.5818,unchanged
112,水_スターミー_究極_V6_アルティメット,0.4334,Out: ハンドスコープ / In: シロナ (Parent: 35/50 -> Mutant: 38/50)
112,鋼_メルルギア_究極_V6_アルティメット,0.5422,Out: モノマネむすめ / In: パッチール (Parent: 24/50 -> Mutant: 26/50)
112,鋼_メルルギア_安定_V1,0.3536,Out: ヒカリ / In: ピジョット (Parent: 22/50 -> Mutant: 25/50)
112,闘_ガブルカ_究極_V6_アルティメット,0.2500,unchanged
112,龍悪_ギラダク_究極_V6_アルティメット,0.6040,unchanged
112,闘_ガブルカ_グッズ偏重_V3,0.4413,unchanged
112,草_フシギバナ_究極_V6_アルティメット,0.7273,unchanged
112,炎_リザードンX_グッズ偏重_V3,0.5303,Out: ビーストウォール / In: メガリザードンXex (Parent: 39/50 -> Mutant: 47/50)
112,超_ミュウツー_究極_V6_アルティメット,0.5932,unchanged
112,雷_ピカチュウ_安定_V1,0.5014,unchanged
112,龍悪_ギラダク_グッズ偏重_V3,0.5901,unchanged
112,炎_リザードンX_究極_V6_アルティメット,0.6046,unchanged
112,水_スターミー_グッズ偏重_V3,0.5061,unchanged
112,草_フシギバナ_安定_V1,0.5652,Out: デンジ / In: スピアー (Parent: 29/50 -> Mutant: 33/50)
112,超_ミュウツー_安定_V1,0.3488,unchanged
113,炎_リザードンX_究極_V6_アルティメット,0.6051,Out: はねの化石 / In: ハンドスコープ (Parent: 33/50 -> Mutant: 38/50)
113,鋼_メルルギア_安定_V1,0.3544,unchanged
113,草_フシギバナ_究極_V6_アルティメット,0.7286,unchanged
113,超_ミュウツー_究極_V6_アルティメット,0.5945,unchanged
113,闘_ガブルカ_究極_V6_アルティメット,0.2510,unchanged
113,水_スターミー_究極_V6_アルティメット,0.4357,Out: アローラキュウコンex / In: メモリーライト (Parent: 33/50 -> Mutant: 36/50)
113,草_フシギバナ_グッズ偏重_V3,0.4642,unchanged
113,超_ゲンガー_グッズ偏重_V3,0.2761,unchanged
113,炎_リザードンX_グッズ偏重_V3,0.5323,unchanged
113,闘_ガブルカ_グッズ偏重_V3,0.4421,unchanged
113,草_フシギバナ_安定_V1,0.5656,unchanged
113,水_スターミー_安定_V1,0.5050,unchanged
113,超_ミュウツー_グッズ偏重_V3,0.7407,unchanged
113,闘_ガブルカ_安定_V1,0.3311,unchanged
113,龍悪_ギラダク_安定_V1,0.4419,unchanged
113,雷_ピカチュウ_グッズ偏重_V3,0.5260,unchanged
113,超_ゲンガー_究極_V6_アルティメット,0.4445,Out: メロエッタ / In: ミュウツーex (Parent: 27/50 -> Mutant: 37/50)
113,雷_ピカチュウ_安定_V1,0.5003,unchanged
113,超_ゲンガー_安定_V1,0.4870,Out: マシェード / In: ゼニガメじょうろ (Parent: 17/50 -> Mutant: 19/50)
113,水_スターミー_グッズ偏重_V3,0.5071,unchanged
113,雷_ピカチュウ_究極_V6_アルティメット,0.6437,Out: チョンチー / In: やまおとこ (Parent: 36/50 -> Mutant: 43/50)
113,炎_リザードンX_安定_V1,0.4630,unchanged
113,超_ミュウツー_安定_V1,0.3485,Out: ガラルポニータ / In: ラルトス (Parent: 22/50 -> Mutant: 26/50)
113,龍悪_ギラダク_グッズ偏重_V3,0.5890,Out: アリアドス / In: やまおとこ (Parent: 40/50 -> Mutant: 44/50)
113,鋼_メルルギア_究極_V6_アルティメット,0.5392,Out: ゼニガメじょうろ / In: ポリゴンZ (Parent: 19/50 -> Mutant: 22/50)
113,鋼_メルルギア_グッズ偏重_V3,0.5808,Out: ルギアex / In: パフュートン (Parent: 32/50 -> Mutant: 36/50)
113,龍悪_ギラダク_究極_V6_アルティメット,0.6027,unchanged
114,闘_ガブルカ_究極_V6_アルティメット,0.2522,Out: カルネ / In: メレシー (Parent: 19/50 -> Mutant: 22/50)
114,炎_リザードンX_安定_V1,0.4632,unchanged
114,水_スターミー_グッズ偏重_V3,0.5091,unchanged
114,炎_リザードンX_究極_V6_アルティメット,0.6053,Out: オドリドリ / In: デルビル (Parent: 30/50 -> Mutant: 37/50)
114,龍悪_ギラダク_究極_V6_アルティメット,0.6038,unchanged
114,草_フシギバナ_安定_V1,0.5665,unchanged
114,水_スターミー_究極_V6_アルティメット,0.4379,Out: ゴツゴツメット / In: ポケモンの笛 (Parent: 31/50 -> Mutant: 35/50)
114,闘_ガブルカ_グッズ偏重_V3,0.4433,Out: マツバ / In: チゴラス (Parent: 26/50 -> Mutant: 28/50)
114,超_ゲンガー_安定_V1,0.4867,unchanged
114,雷_ピカチュウ_安定_V1,0.5001,unchanged
114,超_ゲンガー_究極_V6_アルティメット,0.4449,Out: アブリー / In: オドリドリ (Parent: 26/50 -> Mutant: 36/50)
114,龍悪_ギラダク_安定_V1,0.4409,unchanged
114,鋼_メルルギア_安定_V1,0.3541,unchanged
114,超_ミュウツー_グッズ偏重_V3,0.7407,unchanged
114,超_ゲンガー_グッズ偏重_V3,0.2773,unchanged
114,水_スターミー_安定_V1,0.5044,Out: エンペルト / In: シロナ (Parent: 24/50 -> Mutant: 34/50)
114,超_ミュウツー_安定_V1,0.3486,unchanged
114,草_フシギバナ_グッズ偏重_V3,0.4633,unchanged
114,炎_リザードンX_グッズ偏重_V3,0.5335,unchanged
114,鋼_メルルギア_究極_V6_アルティメット,0.5366,unchanged
114,鋼_メルルギア_グッズ偏重_V3,0.5795,unchanged
114,雷_ピカチュウ_グッズ偏重_V3,0.5253,unchanged
114,超_ミュウツー_究極_V6_アルティメット,0.5941,Out: エレメンタルつけかえ / In: イーブイのバッグ (Parent: 34/50 -> Mutant: 37/50)
114,闘_ガブルカ_安定_V1,0.3300,unchanged
114,龍悪_ギラダク_グッズ偏重_V3,0.5877,unchanged
114,雷_ピカチュウ_究極_V6_アルティメット,0.6429,unchanged
114,草_フシギバナ_究極_V6_アルティメット,0.7283,Out: マシェード / In: ポポッコ (Parent: 41/50 -> Mutant: 45/50)
115,雷_ピカチュウ_究極_V6_アルティメット,0.6446,unchanged
115,鋼_メルルギア_グッズ偏重_V3,0.5804,Out: ハピナスex / In: ピジョン (Parent: 32/50 -> Mutant: 35/50)
115,雷_ピカチュウ_安定_V1,0.5003,Out: シロナ / In: まもりのポンチョ (Parent: 23/50 -> Mutant: 27/50)
115,雷_ピカチュウ_グッズ偏重_V3,0.5264,unchanged
115,草_フシギバナ_究極_V6_アルティメット,0.7293,unchanged
115,炎_リザードンX_グッズ偏重_V3,0.5358,unchanged
115,龍悪_ギラダク_究極_V6_アルティメット,0.6045,Out: アローラペルシアン / In: レスキュースカーフ (Parent: 37/50 -> Mutant: 40/50)
115,闘_ガブルカ_究極_V6_アルティメット,0.2528,unchanged
115,超_ミュウツー_安定_V1,0.3493,unchanged
115,超_ミュウツー_究極_V6_アルティメット,0.5949,Out: デンジ / In: スリーパー (Parent: 34/50 -> Mutant: 36/50)
115,超_ゲンガー_安定_V1,0.4856,unchanged
115,闘_ガブルカ_グッズ偏重_V3,0.4439,unchanged
115,闘_ガブルカ_安定_V1,0.3300,unchanged
115,炎_リザードンX_究極_V6_アルティメット,0.6043,unchanged
115,水_スターミー_安定_V1,0.5039,unchanged
115,草_フシギバナ_グッズ偏重_V3,0.4626,unchanged
115,水_スターミー_グッズ偏重_V3,0.5105,unchanged
115,超_ゲンガー_究極_V6_アルティメット,0.4450,unchanged
115,龍悪_ギラダク_安定_V1,0.4395,unchanged
115,超_ミュウツー_グッズ偏重_V3,0.7398,unchanged
115,龍悪_ギラダク_グッズ偏重_V3,0.5866,unchanged
115,超_ゲンガー_グッズ偏重_V3,0.2777,unchanged
115,草_フシギバナ_安定_V1,0.5659,unchanged
115,水_スターミー_究極_V6_アルティメット,0.4382,unchanged
115,鋼_メルルギア_究極_V6_アルティメット,0.5337,Out: チラチーノ / In: ザングース (Parent: 28/50 -> Mutant: 32/50)
115,鋼_メルルギア_安定_V1,0.3528,unchanged
115,炎_リザードンX_安定_V1,0.4617,unchanged
116,水_スターミー_グッズ偏重_V3,0.5131,unchanged
116,雷_ピカチュウ_安定_V1,0.5004,Out: ハンドスコープ / In: レントラー (Parent: 21/50 -> Mutant: 28/50)
116,超_ゲンガー_究極_V6_アルティメット,0.4461,Out: おおきいマラサダ / In: ラムのみ (Parent: 30/50 -> Mutant: 34/50)
116,水_スターミー_究極_V6_アルティメット,0.4407,unchanged
116,炎_リザードンX_究極_V6_アルティメット,0.6044,unchanged
116,超_ゲンガー_安定_V1,0.4851,Out: ゴース / In: ムウマージ (Parent: 19/50 -> Mutant: 25/50)
116,鋼_メルルギア_安定_V1,0.3530,Out: ヒレの化石 / In: メルタン (Parent: 17/50 -> Mutant: 23/50)
116,雷_ピカチュウ_グッズ偏重_V3,0.5271,Out: ハイキングコース / In: ヒレの化石 (Parent: 38/50 -> Mutant: 41/50)
116,草_フシギバナ_安定_V1,0.5665,unchanged
116,水_スターミー_安定_V1,0.5040,unchanged
116,鋼_メルルギア_グッズ偏重_V3,0.5798,Out: ずがいの化石 / In: プテラ (Parent: 37/50 -> Mutant: 41/50)
116,龍悪_ギラダク_安定_V1,0.4382,Out: ベトベトン / In: ペンドラー (Parent: 23/50 -> Mutant: 25/50)
116,超_ゲンガー_グッズ偏重_V3,0.2787,unchanged
116,草_フシギバナ_グッズ偏重_V3,0.4620,Out: バルビート / In: マオ (Parent: 24/50 -> Mutant: 28/50)
116,雷_ピカチュウ_究極_V6_アルティメット,0.6446,unchanged
116,龍悪_ギラダク_究極_V6_アルティメット,0.6046,unchanged
116,超_ミュウツー_グッズ偏重_V3,0.7396,unchanged
116,龍悪_ギラダク_グッズ偏重_V3,0.5864,Out: チルタリス / In: アーボック (Parent: 34/50 -> Mutant: 39/50)
116,闘_ガブルカ_グッズ偏重_V3,0.4438,unchanged
116,炎_リザードンX_安定_V1,0.4604,unchanged
116,闘_ガブルカ_安定_V1,0.3297,unchanged
116,超_ミュウツー_安定_V1,0.3488,Out: ラルトス / In: トレーニングエリア (Parent: 26/50 -> Mutant: 30/50)
116,草_フシギバナ_究極_V6_アルティメット,0.7293,unchanged
116,超_ミュウツー_究極_V6_アルティメット,0.5943,Out: バネブー / In: アセロラ (Parent: 30/50 -> Mutant: 38/50)
116,鋼_メルルギア_究極_V6_アルティメット,0.5307,unchanged
116,炎_リザードンX_グッズ偏重_V3,0.5366,unchanged
116,闘_ガブルカ_究極_V6_アルティメット,0.2523,Out: メレシー / In: ボタン (Parent: 21/50 -> Mutant: 26/50)
117,闘_ガブルカ_安定_V1,0.3309,unchanged
117,炎_リザードンX_究極_V6_アルティメット,0.6045,Out: コトネ / In: ホウオウex (Parent: 27/50 -> Mutant: 36/50)
117,鋼_メルルギア_安定_V1,0.3535,unchanged
117,超_ゲンガー_グッズ偏重_V3,0.2807,Out: ピィ / In: エーフィex (Parent: 30/50 -> Mutant: 34/50)
117,炎_リザードンX_グッズ偏重_V3,0.5388,unchanged
117,龍悪_ギラダク_安定_V1,0.4375,unchanged
117,水_スターミー_究極_V6_アルティメット,0.4427,unchanged
117,超_ゲンガー_究極_V6_アルティメット,0.4470,Out: ピクシー / In: ベラカス (Parent: 33/50 -> Mutant: 37/50)
117,草_フシギバナ_安定_V1,0.5669,unchanged
117,鋼_メルルギア_究極_V6_アルティメット,0.5289,unchanged
117,闘_ガブルカ_グッズ偏重_V3,0.4446,Out: グラードン / In: ワンリキー (Parent: 24/50 -> Mutant: 31/50)
117,水_スターミー_グッズ偏重_V3,0.5147,unchanged
117,超_ミュウツー_安定_V1,0.3493,unchanged
117,鋼_メルルギア_グッズ偏重_V3,0.5791,unchanged
117,超_ミュウツー_究極_V6_アルティメット,0.5950,unchanged
117,雷_ピカチュウ_安定_V1,0.4994,unchanged
117,草_フシギバナ_究極_V6_アルティメット,0.7296,Out: シズイ / In: いたずらルーレット (Parent: 42/50 -> Mutant: 44/50)
117,龍悪_ギラダク_グッズ偏重_V3,0.5858,Out: ひみつのコハク / In: バンギラス (Parent: 34/50 -> Mutant: 37/50)
117,炎_リザードンX_安定_V1,0.4590,unchanged
117,超_ミュウツー_グッズ偏重_V3,0.7388,unchanged
117,超_ゲンガー_安定_V1,0.4839,Out: ナツメ / In: ムンナ (Parent: 22/50 -> Mutant: 28/50)
117,水_スターミー_安定_V1,0.5031,unchanged
117,草_フシギバナ_グッズ偏重_V3,0.4614,unchanged
117,闘_ガブルカ_究極_V6_アルティメット,0.2519,Out: ナゲツケサル / In: ヒカリ (Parent: 20/50 -> Mutant: 24/50)
117,雷_ピカチュウ_グッズ偏重_V3,0.5263,unchanged
117,雷_ピカチュウ_究極_V6_アルティメット,0.6437,Out: いたずらルーレット / In: レアコイル (Parent: 44/50 -> Mutant: 46/50)
117,龍悪_ギラダク_究極_V6_アルティメット,0.6029,unchanged
118,鋼_メルルギア_グッズ偏重_V3,0.5800,unchanged
118,超_ゲンガー_究極_V6_アルティメット,0.4483,unchanged
118,闘_ガブルカ_安定_V1,0.3316,unchanged
118,超_ミュウツー_究極_V6_アルティメット,0.5969,unchanged
118,炎_リザードンX_グッズ偏重_V3,0.5411,Out: マーズ / In: ギンガ団のしたっぱ (Parent: 38/50 -> Mutant: 40/50)
118,闘_ガブルカ_究極_V6_アルティメット,0.2529,unchanged
118,超_ミュウツー_安定_V1,0.3502,unchanged
118,水_スターミー_究極_V6_アルティメット,0.4444,unchanged
118,超_ゲンガー_安定_V1,0.4833,Out: ムウマージ / In: ヤミラミ (Parent: 23/50 -> Mutant: 25/50)
118,超_ミュウツー_グッズ偏重_V3,0.7389,unchanged
118,鋼_メルルギア_究極_V6_アルティメット,0.5270,unchanged
118,炎_リザードンX_安定_V1,0.4588,unchanged
118,雷_ピカチュウ_究極_V6_アルティメット,0.6437,unchanged
118,草_フシギバナ_グッズ偏重_V3,0.4611,unchanged
118,龍悪_ギラダク_グッズ偏重_V3,0.5856,unchanged
118,炎_リザードンX_究極_V6_アルティメット,0.6037,unchanged
118,草_フシギバナ_安定_V1,0.5669,unchanged
118,雷_ピカチュウ_グッズ偏重_V3,0.5264,Out: モココ / In: ナツメ (Parent: 31/50 -> Mutant: 33/50)
118,水_スターミー_安定_V1,0.5025,unchanged
118,鋼_メルルギア_安定_V1,0.3528,unchanged
118,雷_ピカチュウ_安定_V1,0.4979,unchanged
118,闘_ガブルカ_グッズ偏重_V3,0.4437,unchanged
118,水_スターミー_グッズ偏重_V3,0.5149,unchanged
118,超_ゲンガー_グッズ偏重_V3,0.2809,Out: ココロモリ / In: ココロモリ (Parent: 25/50 -> Mutant: 28/50)
118,龍悪_ギラダク_究極_V6_アルティメット,0.6020,Out: ハルカ / In: アカギ (Parent: 33/50 -> Mutant: 36/50)
118,草_フシギバナ_究極_V6_アルティメット,0.7291,unchanged
118,龍悪_ギラダク_安定_V1,0.4353,unchanged
119,雷_ピカチュウ_安定_V1,0.4982,unchanged
119,水_スターミー_グッズ偏重_V3,0.5173,unchanged
119,炎_リザードンX_安定_V1,0.4591,unchanged
119,超_ゲンガー_安定_V1,0.4831,unchanged
119,闘_ガブルカ_グッズ偏重_V3,0.4446,unchanged
119,超_ゲンガー_究極_V6_アルティメット,0.4493,unchanged
119,草_フシギバナ_究極_V6_アルティメット,0.7300,Out: マーマネ / In: どくバリ (Parent: 41/50 -> Mutant: 44/50)
119,闘_ガブルカ_究極_V6_アルティメット,0.2537,unchanged
119,水_スターミー_安定_V1,0.5023,unchanged
119,炎_リザードンX_グッズ偏重_V3,0.5427,unchanged
119,龍悪_ギラダク_究極_V6_アルティメット,0.6023,unchanged
119,水_スターミー_究極_V6_アルティメット,0.4457,Out: ポケモンの笛 / In: ポッタイシ (Parent: 34/50 -> Mutant: 37/50)
119,草_フシギバナ_安定_V1,0.5670,unchanged
119,鋼_メルルギア_安定_V1,0.3524,unchanged
119,龍悪_ギラダク_安定_V1,0.4344,unchanged
119,鋼_メルルギア_究極_V6_アルティメット,0.5251,unchanged
119,超_ミュウツー_グッズ偏重_V3,0.7383,unchanged
119,超_ミュウツー_究極_V6_アルティメット,0.5975,unchanged
119,炎_リザードンX_究極_V6_アルティメット,0.6028,unchanged
119,超_ゲンガー_グッズ偏重_V3,0.2818,unchanged
119,超_ミュウツー_安定_V1,0.3503,unchanged
119,龍悪_ギラダク_グッズ偏重_V3,0.5844,unchanged
119,雷_ピカチュウ_グッズ偏重_V3,0.5257,unchanged
119,草_フシギバナ_グッズ偏重_V3,0.4603,unchanged
119,雷_ピカチュウ_究極_V6_アルティメット,0.6430,unchanged
119,闘_ガブルカ_安定_V1,0.3305,unchanged
119,鋼_メルルギア_グッズ偏重_V3,0.5780,unchanged
120,水_スターミー_グッズ偏重_V3,0.5198,unchanged
120,雷_ピカチュウ_安定_V1,0.4983,unchanged
120,龍悪_ギラダク_究極_V6_アルティメット,0.6033,unchanged
120,草_フシギバナ_グッズ偏重_V3,0.4610,unchanged
120,超_ゲンガー_グッズ偏重_V3,0.2839,Out: エーフィex / In: かんこうきゃく (Parent: 31/50 -> Mutant: 36/50)
120,雷_ピカチュウ_グッズ偏重_V3,0.5266,unchanged
120,超_ゲンガー_安定_V1,0.4821,unchanged
120,超_ミュウツー_究極_V6_アルティメット,0.5988,unchanged
120,雷_ピカチュウ_究極_V6_アルティメット,0.6435,unchanged
120,鋼_メルルギア_グッズ偏重_V3,0.5781,Out: エレキジェネレーター / In: ラッキーミトン (Parent: 35/50 -> Mutant: 37/50)
120,鋼_メルルギア_安定_V1,0.3523,Out: ポリゴン2 / In: ハラ (Parent: 19/50 -> Mutant: 21/50)
120,闘_ガブルカ_グッズ偏重_V3,0.4449,unchanged
120,超_ミュウツー_グッズ偏重_V3,0.7385,Out: たべのこし / In: グラジオ (Parent: 43/50 -> Mutant: 45/50)
120,草_フシギバナ_究極_V6_アルティメット,0.7303,unchanged
120,闘_ガブルカ_安定_V1,0.3304,unchanged
120,炎_リザードンX_究極_V6_アルティメット,0.6022,Out: シャンデラ / In: ボタン (Parent: 31/50 -> Mutant: 38/50)
120,闘_ガブルカ_究極_V6_アルティメット,0.2534,unchanged
120,草_フシギバナ_安定_V1,0.5666,Out: メガフシギバナex / In: ロズレイド (Parent: 33/50 -> Mutant: 37/50)
120,龍悪_ギラダク_安定_V1,0.4328,unchanged
120,炎_リザードンX_安定_V1,0.4581,unchanged
120,超_ミュウツー_安定_V1,0.3505,unchanged
120,水_スターミー_安定_V1,0.5015,unchanged
120,龍悪_ギラダク_グッズ偏重_V3,0.5834,unchanged
120,鋼_メルルギア_究極_V6_アルティメット,0.5225,unchanged
120,超_ゲンガー_究極_V6_アルティメット,0.4487,unchanged
120,炎_リザードンX_グッズ偏重_V3,0.5431,Out: シルバー / In: 博士の研究 (Parent: 37/50 -> Mutant: 40/50)
120,水_スターミー_究極_V6_アルティメット,0.4454,unchanged
121,雷_ピカチュウ_安定_V1,0.4985,unchanged
121,超_ゲンガー_グッズ偏重_V3,0.2861,Out: メガチルタリスex / In: ブルンゲル (Parent: 21/50 -> Mutant: 27/50)
121,鋼_メルルギア_究極_V6_アルティメット,0.5212,unchanged
121,超_ミュウツー_グッズ偏重_V3,0.7394,unchanged
121,超_ミュウツー_安定_V1,0.3517,unchanged
121,水_スターミー_安定_V1,0.5015,unchanged
121,龍悪_ギラダク_究極_V6_アルティメット,0.6042,unchanged
121,超_ゲンガー_安定_V1,0.4814,unchanged
121,雷_ピカチュウ_究極_V6_アルティメット,0.6442,unchanged
121,龍悪_ギラダク_グッズ偏重_V3,0.5837,unchanged
121,超_ミュウツー_究極_V6_アルティメット,0.5999,unchanged
121,闘_ガブルカ_グッズ偏重_V3,0.4450,Out: ネズ / In: チゴラス (Parent: 27/50 -> Mutant: 31/50)
121,超_ゲンガー_究極_V6_アルティメット,0.4491,unchanged
121,闘_ガブルカ_安定_V1,0.3303,unchanged
121,草_フシギバナ_安定_V1,0.5664,Out: フシギソウ / In: イーブイのバッグ (Parent: 30/50 -> Mutant: 33/50)
121,鋼_メルルギア_安定_V1,0.3519,unchanged
121,草_フシギバナ_グッズ偏重_V3,0.4607,unchanged
121,雷_ピカチュウ_グッズ偏重_V3,0.5263,Out: ピカチュウex / In: ハラ (Parent: 32/50 -> Mutant: 36/50)
121,鋼_メルルギア_グッズ偏重_V3,0.5770,unchanged
121,龍悪_ギラダク_安定_V1,0.4311,unchanged
121,炎_リザードンX_安定_V1,0.4568,unchanged
121,炎_リザードンX_究極_V6_アルティメット,0.6011,unchanged
121,闘_ガブルカ_究極_V6_アルティメット,0.2529,Out: ふしぎなアメ / In: シロナ (Parent: 21/50 -> Mutant: 26/50)
121,水_スターミー_グッズ偏重_V3,0.5204,Out: サメハダー / In: カマスジョー (Parent: 38/50 -> Mutant: 44/50)
121,草_フシギバナ_究極_V6_アルティメット,0.7303,unchanged
121,水_スターミー_究極_V6_アルティメット,0.4456,Out: ウェルカモ / In: レッド (Parent: 37/50 -> Mutant: 41/50)
121,炎_リザードンX_グッズ偏重_V3,0.5435,unchanged
122,鋼_メルルギア_安定_V1,0.3525,unchanged
122,闘_ガブルカ_グッズ偏重_V3,0.4462,unchanged
122,水_スターミー_グッズ偏重_V3,0.5226,unchanged
122,水_スターミー_究極_V6_アルティメット,0.4478,unchanged
122,炎_リザードンX_安定_V1,0.4564,Out: マルヤクデ / In: こうらの化石 (Parent: 21/50 -> Mutant: 24/50)
122,超_ミュウツー_グッズ偏重_V3,0.7398,unchanged
122,草_フシギバナ_究極_V6_アルティメット,0.7310,unchanged
122,龍悪_ギラダク_グッズ偏重_V3,0.5843,unchanged
122,超_ゲンガー_究極_V6_アルティメット,0.4498,Out: ゴビット / In: メモリーライト (Parent: 34/50 -> Mutant: 36/50)
122,雷_ピカチュウ_グッズ偏重_V3,0.5263,unchanged
122,超_ミュウツー_安定_V1,0.3525,Out: ゴース / In: ヤミラミ (Parent: 27/50 -> Mutant: 29/50)
122,雷_ピカチュウ_安定_V1,0.4979,unchanged
122,闘_ガブルカ_安定_V1,0.3304,unchanged
122,草_フシギバナ_グッズ偏重_V3,0.4605,unchanged
122,龍悪_ギラダク_究極_V6_アルティメット,0.6044,Out: ギラティナex / In: ゾロアーク (Parent: 38/50 -> Mutant: 40/50)
122,草_フシギバナ_安定_V1,0.5658,unchanged
122,炎_リザードンX_究極_V6_アルティメット,0.6004,unchanged
122,鋼_メルルギア_究極_V6_アルティメット,0.5191,Out: ボスゴドラ / In: スピンロトム (Parent: 21/50 -> Mutant: 23/50)
122,超_ミュウツー_究極_V6_アルティメット,0.6005,unchanged
122,超_ゲンガー_安定_V1,0.4799,Out: ゼニガメじょうろ / In: カプテテフ (Parent: 23/50 -> Mutant: 27/50)
122,水_スターミー_安定_V1,0.5007,unchanged
122,超_ゲンガー_グッズ偏重_V3,0.2861,Out: ふたの化石 / In: ヒレの化石 (Parent: 19/50 -> Mutant: 22/50)
122,雷_ピカチュウ_究極_V6_アルティメット,0.6439,unchanged
122,炎_リザードンX_グッズ偏重_V3,0.5442,unchanged
122,鋼_メルルギア_グッズ偏重_V3,0.5754,unchanged
122,闘_ガブルカ_究極_V6_アルティメット,0.2521,unchanged
122,龍悪_ギラダク_安定_V1,0.4291,Out: ハラ / In: ダークペンダント (Parent: 18/50 -> Mutant: 22/50)
123,超_ゲンガー_グッズ偏重_V3,0.2876,unchanged
123,超_ゲンガー_究極_V6_アルティメット,0.4513,unchanged
123,闘_ガブルカ_安定_V1,0.3314,Out: オコリザル / In: ギガイアスex (Parent: 23/50 -> Mutant: 34/50)
123,鋼_メルルギア_グッズ偏重_V3,0.5759,Out: ブロロローム / In: ポケモン図鑑 (Parent: 29/50 -> Mutant: 31/50)
123,炎_リザードンX_安定_V1,0.4564,unchanged
123,龍悪_ギラダク_グッズ偏重_V3,0.5849,unchanged
123,雷_ピカチュウ_グッズ偏重_V3,0.5270,unchanged
123,超_ゲンガー_安定_V1,0.4793,unchanged
123,闘_ガブルカ_グッズ偏重_V3,0.4467,Out: チゴラス / In: ドンファン (Parent: 23/50 -> Mutant: 27/50)
123,鋼_メルルギア_究極_V6_アルティメット,0.5172,unchanged
123,草_フシギバナ_安定_V1,0.5659,Out: モンジャラ / In: リーフィア (Parent: 26/50 -> Mutant: 29/50)
123,水_スターミー_安定_V1,0.5004,unchanged
123,炎_リザードンX_究極_V6_アルティメット,0.6002,unchanged
123,闘_ガブルカ_究極_V6_アルティメット,0.2522,unchanged
123,龍悪_ギラダク_安定_V1,0.4278,unchanged
123,雷_ピカチュウ_究極_V6_アルティメット,0.6440,unchanged
123,雷_ピカチュウ_安定_V1,0.4967,unchanged
123,超_ミュウツー_安定_V1,0.3529,Out: サカキ / In: ムウマ (Parent: 26/50 -> Mutant: 30/50)
123,水_スターミー_グッズ偏重_V3,0.5236,unchanged
123,草_フシギバナ_究極_V6_アルティメット,0.7314,unchanged
123,超_ミュウツー_グッズ偏重_V3,0.7389,unchanged
123,龍悪_ギラダク_究極_V6_アルティメット,0.6035,Out: メリッサ / In: メタルコアバリア (Parent: 40/50 -> Mutant: 42/50)
123,超_ミュウツー_究極_V6_アルティメット,0.6006,unchanged
123,草_フシギバナ_グッズ偏重_V3,0.4597,unchanged
123,鋼_メルルギア_安定_V1,0.3515,unchanged
123,水_スターミー_究極_V6_アルティメット,0.4480,unchanged
123,炎_リザードンX_グッズ偏重_V3,0.5449,unchanged
124,水_スターミー_安定_V1,0.5006,unchanged
124,雷_ピカチュウ_安定_V1,0.4970,unchanged
124,炎_リザードンX_グッズ偏重_V3,0.5472,unchanged
124,炎_リザードンX_安定_V1,0.4567,unchanged
124,鋼_メルルギア_安定_V1,0.3518,unchanged
124,草_フシギバナ_究極_V6_アルティメット,0.7325,Out: エリカ / In: ガーメイル (Parent: 43/50 -> Mutant: 47/50)
124,鋼_メルルギア_究極_V6_アルティメット,0.5160,unchanged
124,水_スターミー_グッズ偏重_V3,0.5258,unchanged
124,闘_ガブルカ_グッズ偏重_V3,0.4473,unchanged
124,草_フシギバナ_グッズ偏重_V3,0.4600,Out: レディバ / In: マダツボミ (Parent: 29/50 -> Mutant: 35/50)
124,超_ミュウツー_究極_V6_アルティメット,0.6018,unchanged
124,龍悪_ギラダク_究極_V6_アルティメット,0.6032,unchanged
124,超_ゲンガー_安定_V1,0.4787,unchanged
124,超_ミュウツー_安定_V1,0.3537,unchanged
124,雷_ピカチュウ_究極_V6_アルティメット,0.6441,unchanged
124,超_ゲンガー_究極_V6_アルティメット,0.4512,unchanged
124,草_フシギバナ_安定_V1,0.5654,Out: モクロー / In: フレイムパッチ (Parent: 38/50 -> Mutant: 41/50)
124,雷_ピカチュウ_グッズ偏重_V3,0.5263,Out: やまおとこ / In: 博士の研究 (Parent: 32/50 -> Mutant: 37/50)
124,超_ゲンガー_グッズ偏重_V3,0.2877,Out: トゲチック / In: カイ (Parent: 22/50 -> Mutant: 24/50)
124,炎_リザードンX_究極_V6_アルティメット,0.5995,unchanged
124,超_ミュウツー_グッズ偏重_V3,0.7385,unchanged
124,鋼_メルルギア_グッズ偏重_V3,0.5748,unchanged
124,闘_ガブルカ_安定_V1,0.3308,Out: イワンコ / In: ワルビル (Parent: 28/50 -> Mutant: 30/50)
124,龍悪_ギラダク_グッズ偏重_V3,0.5840,unchanged
124,闘_ガブルカ_究極_V6_アルティメット,0.2515,Out: ウミディグダ / In: イワンコ (Parent: 14/50 -> Mutant: 17/50)
124,水_スターミー_究極_V6_アルティメット,0.4482,unchanged
124,龍悪_ギラダク_安定_V1,0.4258,unchanged
125,超_ゲンガー_究極_V6_アルティメット,0.4524,Out: アンノーンG / In: ルージュラ (Parent: 31/50 -> Mutant: 33/50)
125,龍悪_ギラダク_究極_V6_アルティメット,0.6042,unchanged
125,水_スターミー_安定_V1,0.5009,unchanged
125,超_ミュウツー_究極_V6_アルティメット,0.6033,unchanged
125,超_ゲンガー_グッズ偏重_V3,0.2888,unchanged
125,超_ミュウツー_グッズ偏重_V3,0.7390,unchanged
125,雷_ピカチュウ_究極_V6_アルティメット,0.6448,unchanged
125,超_ミュウツー_安定_V1,0.3545,unchanged
125,超_ゲンガー_安定_V1,0.4782,unchanged
125,雷_ピカチュウ_安定_V1,0.4969,unchanged
125,闘_ガブルカ_安定_V1,0.3311,Out: ギガイアスex / In: ウソッキー (Parent: 24/50 -> Mutant: 26/50)
125,雷_ピカチュウ_グッズ偏重_V3,0.5264,unchanged
125,草_フシギバナ_究極_V6_アルティメット,0.7329,Out: ノクタス / In: カルム (Parent: 41/50 -> Mutant: 44/50)
125,闘_ガブルカ_グッズ偏重_V3,0.4475,unchanged
125,鋼_メルルギア_グッズ偏重_V3,0.5745,unchanged
125,水_スターミー_グッズ偏重_V3,0.5271,Out: 大きなマント / In: コアルヒー (Parent: 35/50 -> Mutant: 38/50)
125,炎_リザードンX_安定_V1,0.4557,unchanged
125,水_スターミー_究極_V6_アルティメット,0.4485,unchanged
125,炎_リザードンX_グッズ偏重_V3,0.5482,unchanged
125,炎_リザードンX_究極_V6_アルティメット,0.5988,Out: コータス / In: カルネ (Parent: 31/50 -> Mutant: 33/50)
125,草_フシギバナ_安定_V1,0.5651,unchanged
125,龍悪_ギラダク_グッズ偏重_V3,0.5831,unchanged
125,龍悪_ギラダク_安定_V1,0.4241,Out: タケシ / In: ハイキングコース (Parent: 18/50 -> Mutant: 21/50)
125,鋼_メルルギア_究極_V6_アルティメット,0.5132,Out: ムクホーク / In: ムックル (Parent: 20/50 -> Mutant: 22/50)
125,草_フシギバナ_グッズ偏重_V3,0.4592,Out: イルミーゼ / In: タネボー (Parent: 27/50 -> Mutant: 30/50)
125,鋼_メルルギア_安定_V1,0.3507,Out: ブニャット / In: メガガルーラex (Parent: 21/50 -> Mutant: 25/50)
125,闘_ガブルカ_究極_V6_アルティメット,0.2506,unchanged
126,超_ミュウツー_安定_V1,0.3562,Out: トレーニングエリア / In: ムウマージ (Parent: 28/50 -> Mutant: 31/50)
126,龍悪_ギラダク_究極_V6_アルティメット,0.6051,unchanged
126,闘_ガブルカ_安定_V1,0.3323,Out: まもりのポンチョ / In: スター団のしたっぱ (Parent: 22/50 -> Mutant: 24/50)
126,超_ゲンガー_安定_V1,0.4781,unchanged
126,超_ミュウツー_グッズ偏重_V3,0.7397,Out: キルリア / In: マツバ (Parent: 42/50 -> Mutant: 44/50)
126,雷_ピカチュウ_安定_V1,0.4969,unchanged
126,鋼_メルルギア_グッズ偏重_V3,0.5749,unchanged
126,炎_リザードンX_グッズ偏重_V3,0.5503,Out: メガリザードンXex / In: カエンジシ (Parent: 41/50 -> Mutant: 45/50)
126,草_フシギバナ_グッズ偏重_V3,0.4593,Out: メモリーライト / In: たての化石 (Parent: 31/50 -> Mutant: 35/50)
126,鋼_メルルギア_安定_V1,0.3510,unchanged
126,龍悪_ギラダク_グッズ偏重_V3,0.5834,unchanged
126,超_ミュウツー_究極_V6_アルティメット,0.6041,Out: そうじゅくエキス / In: ウォーターボート (Parent: 37/50 -> Mutant: 44/50)
126,草_フシギバナ_安定_V1,0.5655,unchanged
126,水_スターミー_グッズ偏重_V3,0.5272,unchanged
126,水_スターミー_安定_V1,0.5003,unchanged
126,雷_ピカチュウ_グッズ偏重_V3,0.5257,unchanged
126,鋼_メルルギア_究極_V6_アルティメット,0.5113,unchanged
126,炎_リザードンX_安定_V1,0.4547,unchanged
126,闘_ガブルカ_究極_V6_アルティメット,0.2505,Out: ドッコラー / In: ディグダ (Parent: 21/50 -> Mutant: 23/50)
126,炎_リザードンX_究極_V6_アルティメット,0.5981,unchanged
126,超_ゲンガー_グッズ偏重_V3,0.2885,unchanged
126,雷_ピカチュウ_究極_V6_アルティメット,0.6444,unchanged
126,水_スターミー_究極_V6_アルティメット,0.4489,unchanged
126,闘_ガブルカ_グッズ偏重_V3,0.4466,unchanged
126,草_フシギバナ_究極_V6_アルティメット,0.7330,unchanged
126,龍悪_ギラダク_安定_V1,0.4225,Out: カキ / In: 大きなふうせん (Parent: 21/50 -> Mutant: 23/50)
126,超_ゲンガー_究極_V6_アルティメット,0.4516,Out: レッドカード / In: むしよけスプレー (Parent: 27/50 -> Mutant: 29/50)
127,炎_リザードンX_グッズ偏重_V3,0.5523,unchanged
127,炎_リザードンX_安定_V1,0.4554,unchanged
127,草_フシギバナ_究極_V6_アルティメット,0.7338,Out: いたずらルーレット / In: スコヴィラン (Parent: 43/50 -> Mutant: 45/50)
127,草_フシギバナ_グッズ偏重_V3,0.4596,unchanged
127,龍悪_ギラダク_安定_V1,0.4224,Out: ハイキングコース / In: シズイ (Parent: 15/50 -> Mutant: 18/50)
127,闘_ガブルカ_究極_V6_アルティメット,0.2516,unchanged
127,超_ゲンガー_究極_V6_アルティメット,0.4528,Out: ラムのみ / In: ムウマージex (Parent: 30/50 -> Mutant: 32/50)
127,雷_ピカチュウ_究極_V6_アルティメット,0.6450,unchanged
127,闘_ガブルカ_グッズ偏重_V3,0.4468,unchanged
127,超_ミュウツー_グッズ偏重_V3,0.7399,unchanged
127,闘_ガブルカ_安定_V1,0.3327,unchanged
127,超_ゲンガー_グッズ偏重_V3,0.2891,unchanged
127,超_ミュウツー_安定_V1,0.3569,Out: ヤミラミ / In: ムウマージ (Parent: 24/50 -> Mutant: 30/50)
127,鋼_メルルギア_グッズ偏重_V3,0.5742,Out: パフュートン / In: スピーダー (Parent: 36/50 -> Mutant: 41/50)
127,水_スターミー_グッズ偏重_V3,0.5272,Out: コアルヒー / In: セグレイブ (Parent: 32/50 -> Mutant: 40/50)
127,鋼_メルルギア_安定_V1,0.3511,unchanged
127,水_スターミー_安定_V1,0.4999,unchanged
127,水_スターミー_究極_V6_アルティメット,0.4498,unchanged
127,龍悪_ギラダク_究極_V6_アルティメット,0.6044,unchanged
127,龍悪_ギラダク_グッズ偏重_V3,0.5827,unchanged
127,鋼_メルルギア_究極_V6_アルティメット,0.5090,Out: リングマ / In: トリミアン (Parent: 20/50 -> Mutant: 25/50)
127,雷_ピカチュウ_安定_V1,0.4955,Out: デンヂムシ / In: セキ (Parent: 26/50 -> Mutant: 32/50)
127,超_ミュウツー_究極_V6_アルティメット,0.6048,unchanged
127,雷_ピカチュウ_グッズ偏重_V3,0.5243,unchanged
127,草_フシギバナ_安定_V1,0.5655,unchanged
127,超_ゲンガー_安定_V1,0.4764,Out: ゴースト / In: ペロッパフ (Parent: 23/50 -> Mutant: 26/50)
127,炎_リザードンX_究極_V6_アルティメット,0.5969,unchanged
128,水_スターミー_究極_V6_アルティメット,0.4521,unchanged
128,草_フシギバナ_究極_V6_アルティメット,0.7350,unchanged
128,闘_ガブルカ_グッズ偏重_V3,0.4480,Out: ゴーリキー / In: ナンジャモ (Parent: 21/50 -> Mutant: 32/50)
128,鋼_メルルギア_グッズ偏重_V3,0.5748,unchanged
128,闘_ガブルカ_安定_V1,0.3336,Out: カラカラ / In: ヒレの化石 (Parent: 23/50 -> Mutant: 30/50)
128,超_ゲンガー_安定_V1,0.4757,Out: ペロリーム / In: ボクレー (Parent: 23/50 -> Mutant: 25/50)
128,草_フシギバナ_グッズ偏重_V3,0.4597,unchanged
128,雷_ピカチュウ_安定_V1,0.4953,unchanged
128,龍悪_ギラダク_究極_V6_アルティメット,0.6050,unchanged
128,水_スターミー_安定_V1,0.4999,unchanged
128,超_ミュウツー_究極_V6_アルティメット,0.6058,unchanged
128,雷_ピカチュウ_究極_V6_アルティメット,0.6453,unchanged
128,炎_リザードンX_究極_V6_アルティメット,0.5969,unchanged
128,超_ミュウツー_グッズ偏重_V3,0.7399,unchanged
128,鋼_メルルギア_安定_V1,0.3511,unchanged
128,超_ゲンガー_グッズ偏重_V3,0.2895,unchanged
128,炎_リザードンX_安定_V1,0.4547,unchanged
128,草_フシギバナ_安定_V1,0.5654,Out: メガフシギバナex / In: おおきいマラサダ (Parent: 32/50 -> Mutant: 36/50)
128,龍悪_ギラダク_グッズ偏重_V3,0.5824,unchanged
128,水_スターミー_グッズ偏重_V3,0.5279,Out: パルキアex / In: ニョロゾ (Parent: 39/50 -> Mutant: 43/50)
128,龍悪_ギラダク_安定_V1,0.4210,Out: タギングル / In: エクスレッグ (Parent: 16/50 -> Mutant: 21/50)
128,闘_ガブルカ_究極_V6_アルティメット,0.2516,unchanged
128,超_ミュウツー_安定_V1,0.3563,unchanged
128,雷_ピカチュウ_グッズ偏重_V3,0.5228,unchanged
128,鋼_メルルギア_究極_V6_アルティメット,0.5063,unchanged
128,炎_リザードンX_グッズ偏重_V3,0.5519,unchanged
128,超_ゲンガー_究極_V6_アルティメット,0.4521,unchanged
129,雷_ピカチュウ_安定_V1,0.4956,Out: マツバ / In: カンナギタウンの長老 (Parent: 28/50 -> Mutant: 34/50)
129,炎_リザードンX_グッズ偏重_V3,0.5535,Out: ヘルガー / In: イリマ (Parent: 37/50 -> Mutant: 41/50)
129,雷_ピカチュウ_究極_V6_アルティメット,0.6465,Out: ボタン / In: シロナ (Parent: 34/50 -> Mutant: 37/50)
129,龍悪_ギラダク_グッズ偏重_V3,0.5833,Out: マタドガス / In: アゴの化石 (Parent: 38/50 -> Mutant: 43/50)
129,超_ゲンガー_グッズ偏重_V3,0.2905,unchanged
129,雷_ピカチュウ_グッズ偏重_V3,0.5235,unchanged
129,鋼_メルルギア_究極_V6_アルティメット,0.5047,Out: ザングース / In: タケシ (Parent: 16/50 -> Mutant: 24/50)
129,超_ゲンガー_安定_V1,0.4748,unchanged
129,龍悪_ギラダク_安定_V1,0.4203,unchanged
129,炎_リザードンX_安定_V1,0.4547,Out: ニャヒート / In: ポケモンの笛 (Parent: 23/50 -> Mutant: 27/50)
129,闘_ガブルカ_グッズ偏重_V3,0.4483,unchanged
129,闘_ガブルカ_安定_V1,0.3341,unchanged
129,炎_リザードンX_究極_V6_アルティメット,0.5969,unchanged
129,草_フシギバナ_安定_V1,0.5650,unchanged
129,草_フシギバナ_グッズ偏重_V3,0.4598,unchanged
129,龍悪_ギラダク_究極_V6_アルティメット,0.6043,unchanged
129,超_ミュウツー_グッズ偏重_V3,0.7395,unchanged
129,闘_ガブルカ_究極_V6_アルティメット,0.2515,Out: ナツメ / In: スナバァ (Parent: 21/50 -> Mutant: 33/50)
129,水_スターミー_究極_V6_アルティメット,0.4529,unchanged
129,超_ミュウツー_究極_V6_アルティメット,0.6063,unchanged
129,超_ゲンガー_究極_V6_アルティメット,0.4521,unchanged
129,水_スターミー_グッズ偏重_V3,0.5285,unchanged
129,超_ミュウツー_安定_V1,0.3562,Out: ゴツゴツメット / In: はねの化石 (Parent: 24/50 -> Mutant: 28/50)
129,鋼_メルルギア_グッズ偏重_V3,0.5732,unchanged
129,水_スターミー_安定_V1,0.4988,unchanged
129,草_フシギバナ_究極_V6_アルティメット,0.7348,unchanged
129,鋼_メルルギア_安定_V1,0.3503,unchanged
130,闘_ガブルカ_安定_V1,0.3359,unchanged
130,草_フシギバナ_究極_V6_アルティメット,0.7359,unchanged
130,超_ミュウツー_安定_V1,0.3581,Out: ムウマージ / In: シロナ (Parent: 29/50 -> Mutant: 32/50)
130,雷_ピカチュウ_安定_V1,0.4958,unchanged
130,闘_ガブルカ_グッズ偏重_V3,0.4491,unchanged
130,炎_リザードンX_グッズ偏重_V3,0.5548,unchanged
130,草_フシギバナ_グッズ偏重_V3,0.4603,unchanged
130,雷_ピカチュウ_グッズ偏重_V3,0.5240,Out: キョウ / In: いじわるレター (Parent: 28/50 -> Mutant: 31/50)
130,龍悪_ギラダク_グッズ偏重_V3,0.5839,unchanged
130,龍悪_ギラダク_究極_V6_アルティメット,0.6046,unchanged
130,超_ゲンガー_グッズ偏重_V3,0.2909,Out: カイ / In: ムウマ (Parent: 26/50 -> Mutant: 29/50)
130,超_ゲンガー_安定_V1,0.4736,unchanged
130,鋼_メルルギア_究極_V6_アルティメット,0.5029,unchanged
130,超_ミュウツー_究極_V6_アルティメット,0.6071,unchanged
130,水_スターミー_グッズ偏重_V3,0.5298,unchanged
130,草_フシギバナ_安定_V1,0.5644,Out: ふしぎなアメ / In: ルチア (Parent: 29/50 -> Mutant: 31/50)
130,水_スターミー_安定_V1,0.4984,Out: マオ / In: レッド (Parent: 26/50 -> Mutant: 31/50)
130,闘_ガブルカ_究極_V6_アルティメット,0.2515,unchanged
130,鋼_メルルギア_グッズ偏重_V3,0.5723,unchanged
130,龍悪_ギラダク_安定_V1,0.4188,unchanged
130,鋼_メルルギア_安定_V1,0.3499,unchanged
130,炎_リザードンX_安定_V1,0.4537,Out: ヒコザル / In: ブーバー (Parent: 22/50 -> Mutant: 25/50)
130,超_ミュウツー_グッズ偏重_V3,0.7387,Out: アゴの化石 / In: カツラ (Parent: 39/50 -> Mutant: 42/50)
130,水_スターミー_究極_V6_アルティメット,0.4530,unchanged
130,炎_リザードンX_究極_V6_アルティメット,0.5956,Out: デルビル / In: ミカン (Parent: 26/50 -> Mutant: 31/50)
130,超_ゲンガー_究極_V6_アルティメット,0.4516,unchanged
130,雷_ピカチュウ_究極_V6_アルティメット,0.6455,unchanged
131,闘_ガブルカ_安定_V1,0.3374,Out: マンキー / In: バンバドロ (Parent: 31/50 -> Mutant: 33/50)
131,龍悪_ギラダク_究極_V6_アルティメット,0.6057,unchanged
131,闘_ガブルカ_グッズ偏重_V3,0.4499,Out: ナツメ / In: むしよけスプレー (Parent: 29/50 -> Mutant: 34/50)
131,鋼_メルルギア_グッズ偏重_V3,0.5728,unchanged
131,超_ミュウツー_グッズ偏重_V3,0.7391,unchanged
131,草_フシギバナ_安定_V1,0.5643,unchanged
131,超_ミュウツー_安定_V1,0.3593,unchanged
131,超_ゲンガー_究極_V6_アルティメット,0.4524,Out: オドリドリ / In: ムウマージ (Parent: 37/50 -> Mutant: 39/50)
131,草_フシギバナ_究極_V6_アルティメット,0.7365,unchanged
131,炎_リザードンX_グッズ偏重_V3,0.5555,unchanged
131,鋼_メルルギア_究極_V6_アルティメット,0.5013,Out: ポリゴンZ / In: セキ (Parent: 24/50 -> Mutant: 28/50)
131,炎_リザードンX_安定_V1,0.4534,Out: マグカルゴ / In: メガリザードンYex (Parent: 26/50 -> Mutant: 34/50)
131,炎_リザードンX_究極_V6_アルティメット,0.5957,Out: メタルコアバリア / In: ロケット団のしたっぱ (Parent: 37/50 -> Mutant: 39/50)
131,龍悪_ギラダク_グッズ偏重_V3,0.5840,unchanged
131,雷_ピカチュウ_グッズ偏重_V3,0.5238,unchanged
131,鋼_メルルギア_安定_V1,0.3500,unchanged
131,超_ミュウツー_究極_V6_アルティメット,0.6077,unchanged
131,水_スターミー_究極_V6_アルティメット,0.4537,unchanged
131,水_スターミー_安定_V1,0.4980,unchanged
131,超_ゲンガー_安定_V1,0.4720,unchanged
131,水_スターミー_グッズ偏重_V3,0.5304,unchanged
131,超_ゲンガー_グッズ偏重_V3,0.2905,unchanged
131,闘_ガブルカ_究極_V6_アルティメット,0.2510,unchanged
131,龍悪_ギラダク_安定_V1,0.4171,unchanged
131,雷_ピカチュウ_安定_V1,0.4945,Out: まもりのポンチョ / In: スター団のしたっぱ (Parent: 27/50 -> Mutant: 29/50)
131,草_フシギバナ_グッズ偏重_V3,0.4592,unchanged
131,雷_ピカチュウ_究極_V6_アルティメット,0.6446,Out: リーフマント / In: シビルドン (Parent: 41/50 -> Mutant: 45/50)
132,超_ミュウツー_グッズ偏重_V3,0.7402,unchanged
132,雷_ピカチュウ_究極_V6_アルティメット,0.6459,Out: はねの化石 / In: 博士の研究 (Parent: 40/50 -> Mutant: 42/50)
132,草_フシギバナ_究極_V6_アルティメット,0.7374,unchanged
132,炎_リザードンX_グッズ偏重_V3,0.5568,unchanged
132,草_フシギバナ_グッズ偏重_V3,0.4592,unchanged
132,超_ミュウツー_究極_V6_アルティメット,0.6087,unchanged
132,龍悪_ギラダク_グッズ偏重_V3,0.5845,unchanged
132,炎_リザードンX_究極_V6_アルティメット,0.5964,Out: コータス / In: クイタラン (Parent: 35/50 -> Mutant: 39/50)
132,水_スターミー_究極_V6_アルティメット,0.4551,unchanged
132,水_スターミー_グッズ偏重_V3,0.5317,unchanged
132,闘_ガブルカ_グッズ偏重_V3,0.4503,unchanged
132,草_フシギバナ_安定_V1,0.5638,Out: ジュナイパー / In: カリキリ (Parent: 28/50 -> Mutant: 31/50)
132,鋼_メルルギア_グッズ偏重_V3,0.5725,unchanged
132,炎_リザードンX_安定_V1,0.4537,unchanged
132,超_ゲンガー_グッズ偏重_V3,0.2907,unchanged
132,超_ゲンガー_安定_V1,0.4707,Out: ヤミラミ / In: ムウマ (Parent: 20/50 -> Mutant: 22/50)
132,超_ゲンガー_究極_V6_アルティメット,0.4529,unchanged
132,水_スターミー_安定_V1,0.4975,Out: アカギ / In: キングラー (Parent: 26/50 -> Mutant: 29/50)
132,闘_ガブルカ_究極_V6_アルティメット,0.2510,unchanged
132,龍悪_ギラダク_究極_V6_アルティメット,0.6051,Out: イーブイのバッグ / In: ゴースト (Parent: 30/50 -> Mutant: 33/50)
132,雷_ピカチュウ_グッズ偏重_V3,0.5229,unchanged
132,鋼_メルルギア_究極_V6_アルティメット,0.4991,Out: ハンサム / In: トリデプス (Parent: 19/50 -> Mutant: 26/50)
132,雷_ピカチュウ_安定_V1,0.4932,unchanged
132,闘_ガブルカ_安定_V1,0.3371,Out: スター団のしたっぱ / In: カポエラー (Parent: 25/50 -> Mutant: 27/50)
132,鋼_メルルギア_安定_V1,0.3495,unchanged
132,龍悪_ギラダク_安定_V1,0.4153,unchanged
132,超_ミュウツー_安定_V1,0.3588,Out: スリーパー / In: エーフィ (Parent: 32/50 -> Mutant: 36/50)
133,鋼_メルルギア_究極_V6_アルティメット,0.4982,Out: スピーダー / In: ダイノーズex (Parent: 20/50 -> Mutant: 24/50)
133,水_スターミー_グッズ偏重_V3,0.5336,unchanged
133,龍悪_ギラダク_究極_V6_アルティメット,0.6059,unchanged
133,草_フシギバナ_グッズ偏重_V3,0.4594,unchanged
133,雷_ピカチュウ_究極_V6_アルティメット,0.6469,unchanged
133,超_ゲンガー_安定_V1,0.4702,Out: ボクレー / In: アグノム (Parent: 19/50 -> Mutant: 28/50)
133,雷_ピカチュウ_安定_V1,0.4932,Out: メリープ / In: まもりのポンチョ (Parent: 28/50 -> Mutant: 37/50)
133,炎_リザードンX_究極_V6_アルティメット,0.5968,unchanged
133,超_ミュウツー_究極_V6_アルティメット,0.6097,unchanged
133,闘_ガブルカ_安定_V1,0.3380,unchanged
133,鋼_メルルギア_グッズ偏重_V3,0.5723,unchanged
133,炎_リザードンX_安定_V1,0.4541,Out: ハルカ / In: ギンガ団のしたっぱ (Parent: 27/50 -> Mutant: 30/50)
133,草_フシギバナ_安定_V1,0.5628,unchanged
133,闘_ガブルカ_グッズ偏重_V3,0.4507,unchanged
133,水_スターミー_安定_V1,0.4973,unchanged
133,鋼_メルルギア_安定_V1,0.3497,unchanged
133,炎_リザードンX_グッズ偏重_V3,0.5571,unchanged
133,超_ミュウツー_グッズ偏重_V3,0.7398,unchanged
133,龍悪_ギラダク_安定_V1,0.4141,unchanged
133,超_ゲンガー_グッズ偏重_V3,0.2905,unchanged
133,雷_ピカチュウ_グッズ偏重_V3,0.5219,Out: ハラ / In: ルクシオ (Parent: 29/50 -> Mutant: 33/50)
133,龍悪_ギラダク_グッズ偏重_V3,0.5838,unchanged
133,超_ゲンガー_究極_V6_アルティメット,0.4532,unchanged
133,水_スターミー_究極_V6_アルティメット,0.4552,unchanged
133,草_フシギバナ_究極_V6_アルティメット,0.7371,unchanged
133,超_ミュウツー_安定_V1,0.3583,Out: シロナ / In: たべのこし (Parent: 27/50 -> Mutant: 29/50)
133,闘_ガブルカ_究極_V6_アルティメット,0.2502,unchanged
134,龍悪_ギラダク_グッズ偏重_V3,0.5845,unchanged
134,超_ゲンガー_安定_V1,0.4700,unchanged
134,超_ゲンガー_グッズ偏重_V3,0.2915,Out: マオ / In: マシェード (Parent: 18/50 -> Mutant: 25/50)
134,超_ミュウツー_究極_V6_アルティメット,0.6113,Out: スリーパー / In: ゴチミル (Parent: 37/50 -> Mutant: 39/50)
134,水_スターミー_究極_V6_アルティメット,0.4571,unchanged
134,草_フシギバナ_グッズ偏重_V3,0.4598,Out: マダツボミ / In: ラフレシア (Parent: 25/50 -> Mutant: 34/50)
134,超_ミュウツー_グッズ偏重_V3,0.7403,unchanged
134,草_フシギバナ_究極_V6_アルティメット,0.7376,unchanged
134,炎_リザードンX_グッズ偏重_V3,0.5579,unchanged
134,闘_ガブルカ_グッズ偏重_V3,0.4514,unchanged
134,鋼_メルルギア_究極_V6_アルティメット,0.4968,unchanged
134,炎_リザードンX_安定_V1,0.4547,Out: マチス / In: カエンジシ (Parent: 29/50 -> Mutant: 33/50)
134,闘_ガブルカ_究極_V6_アルティメット,0.2503,Out: ナマズン / In: 当たりつきアイス (Parent: 18/50 -> Mutant: 24/50)
134,雷_ピカチュウ_グッズ偏重_V3,0.5218,unchanged
134,炎_リザードンX_究極_V6_アルティメット,0.5966,unchanged
134,鋼_メルルギア_グッズ偏重_V3,0.5715,unchanged
134,鋼_メルルギア_安定_V1,0.3500,unchanged
134,草_フシギバナ_安定_V1,0.5616,unchanged
134,雷_ピカチュウ_究極_V6_アルティメット,0.6465,unchanged
134,闘_ガブルカ_安定_V1,0.3380,unchanged
134,雷_ピカチュウ_安定_V1,0.4926,unchanged
134,超_ミュウツー_安定_V1,0.3582,unchanged
134,水_スターミー_グッズ偏重_V3,0.5339,unchanged
134,龍悪_ギラダク_安定_V1,0.4128,Out: ギラティナex / In: ヒレの化石 (Parent: 8/50 -> Mutant: 11/50)
134,龍悪_ギラダク_究極_V6_アルティメット,0.6044,unchanged
134,水_スターミー_安定_V1,0.4963,unchanged
134,超_ゲンガー_究極_V6_アルティメット,0.4528,Out: かけだし調査員 / In: ジュン (Parent: 31/50 -> Mutant: 37/50)
135,龍悪_ギラダク_究極_V6_アルティメット,0.6053,Out: ゾロアーク / In: グズマ (Parent: 31/50 -> Mutant: 41/50)
135,草_フシギバナ_究極_V6_アルティメット,0.7385,unchanged
135,超_ミュウツー_究極_V6_アルティメット,0.6126,unchanged
135,超_ミュウツー_安定_V1,0.3597,unchanged
135,炎_リザードンX_グッズ偏重_V3,0.5593,unchanged
135,草_フシギバナ_安定_V1,0.5614,unchanged
135,炎_リザードンX_究極_V6_アルティメット,0.5968,unchanged
135,闘_ガブルカ_究極_V6_アルティメット,0.2511,unchanged
135,草_フシギバナ_グッズ偏重_V3,0.4604,unchanged
135,鋼_メルルギア_究極_V6_アルティメット,0.4954,Out: セキ / In: ラムのみ (Parent: 20/50 -> Mutant: 25/50)
135,龍悪_ギラダク_安定_V1,0.4116,unchanged
135,超_ゲンガー_究極_V6_アルティメット,0.4536,Out: ベラカス / In: ゲンガーex (Parent: 35/50 -> Mutant: 39/50)
135,炎_リザードンX_安定_V1,0.4550,unchanged
135,超_ミュウツー_グッズ偏重_V3,0.7402,unchanged
135,雷_ピカチュウ_グッズ偏重_V3,0.5216,unchanged
135,闘_ガブルカ_グッズ偏重_V3,0.4511,Out: いたずらルーレット / In: リーフ (Parent: 30/50 -> Mutant: 32/50)
135,水_スターミー_究極_V6_アルティメット,0.4583,unchanged
135,水_スターミー_安定_V1,0.4959,unchanged
135,超_ゲンガー_グッズ偏重_V3,0.2912,unchanged
135,鋼_メルルギア_安定_V1,0.3499,unchanged
135,鋼_メルルギア_グッズ偏重_V3,0.5703,unchanged
135,水_スターミー_グッズ偏重_V3,0.5341,unchanged
135,超_ゲンガー_安定_V1,0.4686,unchanged
135,龍悪_ギラダク_グッズ偏重_V3,0.5836,unchanged
135,雷_ピカチュウ_安定_V1,0.4914,unchanged
135,雷_ピカチュウ_究極_V6_アルティメット,0.6456,Out: レントラー / In: シルバー (Parent: 37/50 -> Mutant: 39/50)
135,闘_ガブルカ_安定_V1,0.3372,Out: ギガイアスex / In: メリッサ (Parent: 22/50 -> Mutant: 25/50)
136,闘_ガブルカ_究極_V6_アルティメット,0.2521,unchanged
136,水_スターミー_安定_V1,0.4963,unchanged
136,雷_ピカチュウ_安定_V1,0.4922,Out: マッギョ / In: ミライドン (Parent: 28/50 -> Mutant: 30/50)
136,超_ゲンガー_究極_V6_アルティメット,0.4553,unchanged
136,闘_ガブルカ_安定_V1,0.3382,unchanged
136,水_スターミー_グッズ偏重_V3,0.5360,unchanged
136,草_フシギバナ_究極_V6_アルティメット,0.7394,unchanged
136,雷_ピカチュウ_グッズ偏重_V3,0.5220,unchanged
136,鋼_メルルギア_安定_V1,0.3504,unchanged
136,炎_リザードンX_安定_V1,0.4556,Out: ヒトカゲ / In: ビーストウォール (Parent: 31/50 -> Mutant: 35/50)
136,闘_ガブルカ_グッズ偏重_V3,0.4515,Out: マンキー / In: ガチゴラス (Parent: 32/50 -> Mutant: 37/50)
136,炎_リザードンX_グッズ偏重_V3,0.5601,Out: ハルカ / In: ウインディ (Parent: 37/50 -> Mutant: 46/50)
136,龍悪_ギラダク_グッズ偏重_V3,0.5837,unchanged
136,鋼_メルルギア_グッズ偏重_V3,0.5694,unchanged
136,雷_ピカチュウ_究極_V6_アルティメット,0.6456,unchanged
136,草_フシギバナ_グッズ偏重_V3,0.4605,unchanged
136,超_ミュウツー_究極_V6_アルティメット,0.6128,unchanged
136,超_ミュウツー_安定_V1,0.3600,unchanged
136,鋼_メルルギア_究極_V6_アルティメット,0.4937,Out: レアコイル / In: ビーダル (Parent: 19/50 -> Mutant: 25/50)
136,水_スターミー_究極_V6_アルティメット,0.4585,unchanged
136,龍悪_ギラダク_究極_V6_アルティメット,0.6047,unchanged
136,龍悪_ギラダク_安定_V1,0.4097,unchanged
136,超_ミュウツー_グッズ偏重_V3,0.7395,unchanged
136,超_ゲンガー_グッズ偏重_V3,0.2906,unchanged
136,超_ゲンガー_安定_V1,0.4669,unchanged
136,草_フシギバナ_安定_V1,0.5596,unchanged
136,炎_リザードンX_究極_V6_アルティメット,0.5957,unchanged
137,闘_ガブルカ_グッズ偏重_V3,0.4528,unchanged
137,超_ゲンガー_究極_V6_アルティメット,0.4568,Out: きずぐすり / In: トゲチック (Parent: 28/50 -> Mutant: 33/50)
137,雷_ピカチュウ_究極_V6_アルティメット,0.6469,unchanged
137,鋼_メルルギア_グッズ偏重_V3,0.5699,unchanged
137,雷_ピカチュウ_グッズ偏重_V3,0.5227,Out: いじわるレター / In: アローラゴローニャ (Parent: 31/50 -> Mutant: 33/50)
137,炎_リザードンX_安定_V1,0.4567,unchanged
137,水_スターミー_安定_V1,0.4963,Out: ガマゲロゲ / In: ハンドスコープ (Parent: 25/50 -> Mutant: 32/50)
137,草_フシギバナ_安定_V1,0.5592,Out: リーフィア / In: アママイコ (Parent: 23/50 -> Mutant: 29/50)
137,草_フシギバナ_グッズ偏重_V3,0.4609,unchanged
137,超_ゲンガー_安定_V1,0.4661,unchanged
137,炎_リザードンX_グッズ偏重_V3,0.5607,unchanged
137,超_ゲンガー_グッズ偏重_V3,0.2908,Out: シルバー / In: レスキュースカーフ (Parent: 20/50 -> Mutant: 24/50)
137,超_ミュウツー_グッズ偏重_V3,0.7395,unchanged
137,闘_ガブルカ_安定_V1,0.3385,unchanged
137,鋼_メルルギア_究極_V6_アルティメット,0.4922,Out: スピンロトム / In: ニダンギル (Parent: 15/50 -> Mutant: 19/50)
137,超_ミュウツー_究極_V6_アルティメット,0.6135,unchanged
137,雷_ピカチュウ_安定_V1,0.4918,Out: セキ / In: カルネ (Parent: 22/50 -> Mutant: 27/50)
137,草_フシギバナ_究極_V6_アルティメット,0.7395,Out: エリカ / In: ナッシー (Parent: 37/50 -> Mutant: 46/50)
137,龍悪_ギラダク_グッズ偏重_V3,0.5831,unchanged
137,闘_ガブルカ_究極_V6_アルティメット,0.2517,unchanged
137,龍悪_ギラダク_究極_V6_アルティメット,0.6042,unchanged
137,鋼_メルルギア_安定_V1,0.3501,unchanged
137,水_スターミー_グッズ偏重_V3,0.5363,unchanged
137,炎_リザードンX_究極_V6_アルティメット,0.5947,Out: イツキ / In: リザード (Parent: 34/50 -> Mutant: 40/50)
137,水_スターミー_究極_V6_アルティメット,0.4585,unchanged
137,超_ミュウツー_安定_V1,0.3594,Out: ミュウツーex / In: エレメンタルつけかえ (Parent: 17/50 -> Mutant: 25/50)
137,龍悪_ギラダク_安定_V1,0.4074,Out: アーボ / In: レッドカード (Parent: 13/50 -> Mutant: 17/50)
138,水_スターミー_グッズ偏重_V3,0.5382,unchanged
138,水_スターミー_究極_V6_アルティメット,0.4605,Out: アローラキュウコンex / In: ネズ (Parent: 40/50 -> Mutant: 42/50)
138,超_ミュウツー_グッズ偏重_V3,0.7402,unchanged
138,闘_ガブルカ_安定_V1,0.3397,unchanged
138,超_ミュウツー_安定_V1,0.3601,unchanged
138,超_ゲンガー_安定_V1,0.4657,unchanged
138,龍悪_ギラダク_グッズ偏重_V3,0.5838,unchanged
138,龍悪_ギラダク_究極_V6_アルティメット,0.6043,Out: そうじゅくエキス / In: ふたの化石 (Parent: 33/50 -> Mutant: 42/50)
138,草_フシギバナ_究極_V6_アルティメット,0.7399,unchanged
138,超_ゲンガー_究極_V6_アルティメット,0.4575,unchanged
138,鋼_メルルギア_究極_V6_アルティメット,0.4908,unchanged
138,闘_ガブルカ_グッズ偏重_V3,0.4535,unchanged
138,雷_ピカチュウ_安定_V1,0.4917,unchanged
138,水_スターミー_安定_V1,0.4959,unchanged
138,草_フシギバナ_安定_V1,0.5584,unchanged
138,鋼_メルルギア_安定_V1,0.3503,unchanged
138,炎_リザードンX_安定_V1,0.4566,unchanged
138,炎_リザードンX_究極_V6_アルティメット,0.5940,Out: ロケット団のしたっぱ / In: メガバシャーモex (Parent: 34/50 -> Mutant: 38/50)
138,雷_ピカチュウ_グッズ偏重_V3,0.5219,unchanged
138,超_ミュウツー_究極_V6_アルティメット,0.6139,unchanged
138,炎_リザードンX_グッズ偏重_V3,0.5608,unchanged
138,龍悪_ギラダク_安定_V1,0.4057,Out: ヒドイデ / In: マニューラ (Parent: 19/50 -> Mutant: 23/50)
138,超_ゲンガー_グッズ偏重_V3,0.2905,unchanged
138,鋼_メルルギア_グッズ偏重_V3,0.5686,Out: メルメタルex / In: マツバ (Parent: 36/50 -> Mutant: 39/50)
138,草_フシギバナ_グッズ偏重_V3,0.4604,unchanged
138,雷_ピカチュウ_究極_V6_アルティメット,0.6460,unchanged
138,闘_ガブルカ_究極_V6_アルティメット,0.2511,Out: カルネ / In: ガントル (Parent: 17/50 -> Mutant: 22/50)
139,超_ミュウツー_グッズ偏重_V3,0.7410,Out: カイ / In: ペロリーム (Parent: 36/50 -> Mutant: 44/50)
139,草_フシギバナ_グッズ偏重_V3,0.4609,Out: コトネ / In: グソクムシャ (Parent: 25/50 -> Mutant: 29/50)
139,水_スターミー_究極_V6_アルティメット,0.4624,unchanged
139,闘_ガブルカ_究極_V6_アルティメット,0.2518,unchanged
139,炎_リザードンX_究極_V6_アルティメット,0.5953,unchanged
139,龍悪_ギラダク_究極_V6_アルティメット,0.6046,Out: イーブイのバッグ / In: おおきいマラサダ (Parent: 34/50 -> Mutant: 37/50)
139,炎_リザードンX_グッズ偏重_V3,0.5619,Out: リザードンex / In: グズマ (Parent: 32/50 -> Mutant: 42/50)
139,雷_ピカチュウ_究極_V6_アルティメット,0.6464,unchanged
139,雷_ピカチュウ_安定_V1,0.4919,unchanged
139,水_スターミー_安定_V1,0.4961,Out: シロナ / In: フリーザー (Parent: 26/50 -> Mutant: 32/50)
139,鋼_メルルギア_グッズ偏重_V3,0.5682,unchanged
139,鋼_メルルギア_究極_V6_アルティメット,0.4892,unchanged
139,水_スターミー_グッズ偏重_V3,0.5394,Out: フローゼル / In: アセロラ (Parent: 36/50 -> Mutant: 40/50)
139,雷_ピカチュウ_グッズ偏重_V3,0.5216,unchanged
139,超_ゲンガー_安定_V1,0.4647,unchanged
139,草_フシギバナ_究極_V6_アルティメット,0.7402,Out: カルム / In: ずがいの化石 (Parent: 44/50 -> Mutant: 46/50)
139,龍悪_ギラダク_安定_V1,0.4044,unchanged
139,闘_ガブルカ_グッズ偏重_V3,0.4536,unchanged
139,草_フシギバナ_安定_V1,0.5570,Out: ロズレイド / In: ラランテス (Parent: 27/50 -> Mutant: 31/50)
139,超_ゲンガー_究極_V6_アルティメット,0.4578,Out: トゲチック / In: ゼルネアス (Parent: 29/50 -> Mutant: 35/50)
139,鋼_メルルギア_安定_V1,0.3501,Out: ヤレユータン / In: ハーデリア (Parent: 20/50 -> Mutant: 23/50)
139,超_ミュウツー_究極_V6_アルティメット,0.6139,Out: ゴチミル / In: シロデスナ (Parent: 40/50 -> Mutant: 44/50)
139,龍悪_ギラダク_グッズ偏重_V3,0.5829,unchanged
139,闘_ガブルカ_安定_V1,0.3396,unchanged
139,超_ミュウツー_安定_V1,0.3593,unchanged
139,炎_リザードンX_安定_V1,0.4563,unchanged
139,超_ゲンガー_グッズ偏重_V3,0.2896,Out: フラエッテ / In: ひみつのコハク (Parent: 18/50 -> Mutant: 26/50)
140,雷_ピカチュウ_安定_V1,0.4928,unchanged
140,炎_リザードンX_安定_V1,0.4576,Out: エレキコード / In: レシラム (Parent: 28/50 -> Mutant: 30/50)
140,雷_ピカチュウ_究極_V6_アルティメット,0.6474,unchanged
140,草_フシギバナ_グッズ偏重_V3,0.4616,Out: フクスロー / In: ずがいの化石 (Parent: 20/50 -> Mutant: 35/50)
140,龍悪_ギラダク_グッズ偏重_V3,0.5835,unchanged
140,超_ゲンガー_安定_V1,0.4641,unchanged
140,炎_リザードンX_究極_V6_アルティメット,0.5960,unchanged
140,水_スターミー_究極_V6_アルティメット,0.4636,unchanged
140,水_スターミー_安定_V1,0.4958,Out: ネモ / In: バイバニラ (Parent: 23/50 -> Mutant: 29/50)
140,水_スターミー_グッズ偏重_V3,0.5407,unchanged
140,草_フシギバナ_安定_V1,0.5564,Out: ルチア / In: イツキ (Parent: 28/50 -> Mutant: 30/50)
140,超_ミュウツー_グッズ偏重_V3,0.7412,unchanged
140,闘_ガブルカ_究極_V6_アルティメット,0.2521,unchanged
140,鋼_メルルギア_グッズ偏重_V3,0.5677,unchanged
140,雷_ピカチュウ_グッズ偏重_V3,0.5210,unchanged
140,鋼_メルルギア_安定_V1,0.3500,unchanged
140,超_ゲンガー_究極_V6_アルティメット,0.4584,unchanged
140,鋼_メルルギア_究極_V6_アルティメット,0.4875,unchanged
140,龍悪_ギラダク_安定_V1,0.4029,Out: グリーン / In: マタドガス (Parent: 8/50 -> Mutant: 19/50)
140,闘_ガブルカ_安定_V1,0.3396,unchanged
140,超_ミュウツー_安定_V1,0.3587,unchanged
140,龍悪_ギラダク_究極_V6_アルティメット,0.6037,unchanged
140,超_ミュウツー_究極_V6_アルティメット,0.6139,unchanged
140,草_フシギバナ_究極_V6_アルティメット,0.7401,unchanged
140,炎_リザードンX_グッズ偏重_V3,0.5615,unchanged
140,超_ゲンガー_グッズ偏重_V3,0.2890,Out: ボチ / In: ランクルス (Parent: 23/50 -> Mutant: 25/50)
140,闘_ガブルカ_グッズ偏重_V3,0.4530,Out: むしよけスプレー / In: マチス (Parent: 22/50 -> Mutant: 27/50)
141,闘_ガブルカ_安定_V1,0.3406,Out: メリッサ / In: オコリザル (Parent: 17/50 -> Mutant: 32/50)
141,草_フシギバナ_安定_V1,0.5562,unchanged
141,炎_リザードンX_安定_V1,0.4592,unchanged
141,水_スターミー_グッズ偏重_V3,0.5423,Out: カマスジョー / In: たての化石 (Parent: 36/50 -> Mutant: 38/50)
141,龍悪_ギラダク_グッズ偏重_V3,0.5842,unchanged
141,超_ゲンガー_究極_V6_アルティメット,0.4596,Out: ミュウツーex / In: ふしぎなアメ (Parent: 35/50 -> Mutant: 37/50)
141,雷_ピカチュウ_グッズ偏重_V3,0.5212,unchanged
141,炎_リザードンX_究極_V6_アルティメット,0.5967,unchanged
141,龍悪_ギラダク_安定_V1,0.4020,unchanged
141,龍悪_ギラダク_究極_V6_アルティメット,0.6039,Out: レスキュースカーフ / In: ルザミーネ (Parent: 28/50 -> Mutant: 37/50)
141,超_ミュウツー_究極_V6_アルティメット,0.6146,unchanged
141,闘_ガブルカ_グッズ偏重_V3,0.4537,unchanged
141,超_ミュウツー_グッズ偏重_V3,0.7413,unchanged
141,雷_ピカチュウ_安定_V1,0.4928,unchanged
141,水_スターミー_究極_V6_アルティメット,0.4645,Out: アゴの化石 / In: アカギ (Parent: 34/50 -> Mutant: 41/50)
141,炎_リザードンX_グッズ偏重_V3,0.5616,Out: ウインディ / In: タケシ (Parent: 36/50 -> Mutant: 39/50)
141,鋼_メルルギア_安定_V1,0.3498,Out: ラムのみ / In: バッフロン (Parent: 21/50 -> Mutant: 33/50)
141,雷_ピカチュウ_究極_V6_アルティメット,0.6470,unchanged
141,鋼_メルルギア_グッズ偏重_V3,0.5668,unchanged
141,水_スターミー_安定_V1,0.4951,Out: レッド / In: スワンナ (Parent: 23/50 -> Mutant: 30/50)
141,超_ゲンガー_安定_V1,0.4628,unchanged
141,鋼_メルルギア_究極_V6_アルティメット,0.4853,unchanged
141,超_ミュウツー_安定_V1,0.3579,Out: はねの化石 / In: ルナアーラex (Parent: 19/50 -> Mutant: 22/50)
141,闘_ガブルカ_究極_V6_アルティメット,0.2514,Out: ナツメ / In: ガラガラ (Parent: 19/50 -> Mutant: 21/50)
141,超_ゲンガー_グッズ偏重_V3,0.2887,unchanged
141,草_フシギバナ_究極_V6_アルティメット,0.7398,unchanged
141,草_フシギバナ_グッズ偏重_V3,0.4609,unchanged
142,炎_リザードンX_究極_V6_アルティメット,0.5980,unchanged
142,草_フシギバナ_グッズ偏重_V3,0.4617,unchanged
142,鋼_メルルギア_安定_V1,0.3505,unchanged
142,鋼_メルルギア_グッズ偏重_V3,0.5673,unchanged
142,闘_ガブルカ_安定_V1,0.3419,unchanged
142,草_フシギバナ_究極_V6_アルティメット,0.7403,Out: コフーライ / In: ポポッコ (Parent: 39/50 -> Mutant: 48/50)
142,超_ゲンガー_究極_V6_アルティメット,0.4604,unchanged
142,龍悪_ギラダク_安定_V1,0.4012,unchanged
142,龍悪_ギラダク_グッズ偏重_V3,0.5847,Out: ジャグラー / In: アゴの化石 (Parent: 39/50 -> Mutant: 44/50)
142,水_スターミー_安定_V1,0.4949,unchanged
142,超_ミュウツー_安定_V1,0.3582,Out: ルナアーラex / In: きずぐすり (Parent: 22/50 -> Mutant: 24/50)
142,超_ミュウツー_グッズ偏重_V3,0.7412,unchanged
142,鋼_メルルギア_究極_V6_アルティメット,0.4840,unchanged
142,雷_ピカチュウ_安定_V1,0.4927,Out: カンナギタウンの長老 / In: やまおとこ (Parent: 27/50 -> Mutant: 30/50)
142,闘_ガブルカ_究極_V6_アルティメット,0.2518,Out: イワンコ / In: ガバイト (Parent: 18/50 -> Mutant: 21/50)
142,草_フシギバナ_安定_V1,0.5551,unchanged
142,水_スターミー_グッズ偏重_V3,0.5432,unchanged
142,雷_ピカチュウ_グッズ偏重_V3,0.5207,unchanged
142,超_ミュウツー_究極_V6_アルティメット,0.6152,Out: イリマ / In: デスカーン (Parent: 39/50 -> Mutant: 41/50)
142,超_ゲンガー_安定_V1,0.4615,Out: スイレン / In: ミミッキュex (Parent: 20/50 -> Mutant: 23/50)
142,闘_ガブルカ_グッズ偏重_V3,0.4535,Out: アーケオス / In: どくバリ (Parent: 36/50 -> Mutant: 38/50)
142,龍悪_ギラダク_究極_V6_アルティメット,0.6029,Out: メタルコアバリア / In: クロバットex (Parent: 29/50 -> Mutant: 34/50)
142,水_スターミー_究極_V6_アルティメット,0.4647,Out: ネズ / In: シザリガー (Parent: 34/50 -> Mutant: 37/50)
142,雷_ピカチュウ_究極_V6_アルティメット,0.6463,unchanged
142,炎_リザードンX_グッズ偏重_V3,0.5612,unchanged
142,炎_リザードンX_安定_V1,0.4589,Out: マーマネ / In: ハンサム (Parent: 28/50 -> Mutant: 33/50)
142,超_ゲンガー_グッズ偏重_V3,0.2881,unchanged
143,炎_リザードンX_グッズ偏重_V3,0.5627,unchanged
143,闘_ガブルカ_グッズ偏重_V3,0.4547,unchanged
143,鋼_メルルギア_究極_V6_アルティメット,0.4835,unchanged
143,水_スターミー_究極_V6_アルティメット,0.4663,unchanged
143,炎_リザードンX_究極_V6_アルティメット,0.5989,unchanged
143,超_ゲンガー_安定_V1,0.4618,Out: ムウマ / In: リーフマント (Parent: 25/50 -> Mutant: 27/50)
143,超_ミュウツー_グッズ偏重_V3,0.7413,Out: パンプジン / In: はじまりの平原 (Parent: 37/50 -> Mutant: 39/50)
143,龍悪_ギラダク_安定_V1,0.4002,unchanged
143,草_フシギバナ_安定_V1,0.5546,unchanged
143,草_フシギバナ_究極_V6_アルティメット,0.7407,Out: リーリエ / In: リーフィアex (Parent: 42/50 -> Mutant: 44/50)
143,闘_ガブルカ_究極_V6_アルティメット,0.2524,unchanged
143,草_フシギバナ_グッズ偏重_V3,0.4619,unchanged
143,超_ミュウツー_究極_V6_アルティメット,0.6160,unchanged
143,水_スターミー_グッズ偏重_V3,0.5441,unchanged
143,鋼_メルルギア_安定_V1,0.3508,unchanged
143,龍悪_ギラダク_グッズ偏重_V3,0.5845,Out: 幻の石板 / In: シロナ (Parent: 37/50 -> Mutant: 39/50)
143,龍悪_ギラダク_究極_V6_アルティメット,0.6024,unchanged
143,超_ゲンガー_グッズ偏重_V3,0.2880,unchanged
143,超_ミュウツー_安定_V1,0.3577,unchanged
143,炎_リザードンX_安定_V1,0.4589,Out: ブーバー / In: カエンジシ (Parent: 31/50 -> Mutant: 33/50)
143,鋼_メルルギア_グッズ偏重_V3,0.5663,unchanged
143,雷_ピカチュウ_グッズ偏重_V3,0.5197,unchanged
143,雷_ピカチュウ_安定_V1,0.4922,unchanged
143,超_ゲンガー_究極_V6_アルティメット,0.4599,Out: ダークペンダント / In: カキ (Parent: 31/50 -> Mutant: 35/50)
143,闘_ガブルカ_安定_V1,0.3414,Out: エビワラーex / In: パルデアケンタロス (Parent: 21/50 -> Mutant: 25/50)
143,雷_ピカチュウ_究極_V6_アルティメット,0.6453,unchanged
143,水_スターミー_安定_V1,0.4939,unchanged
144,龍悪_ギラダク_安定_V1,0.3997,Out: ハラ / In: ギモー (Parent: 15/50 -> Mutant: 17/50)
144,炎_リザードンX_安定_V1,0.4604,unchanged
144,草_フシギバナ_グッズ偏重_V3,0.4626,unchanged
144,龍悪_ギラダク_究極_V6_アルティメット,0.6032,unchanged
144,超_ミュウツー_グッズ偏重_V3,0.7418,unchanged
144,超_ゲンガー_究極_V6_アルティメット,0.4608,unchanged
144,水_スターミー_究極_V6_アルティメット,0.4679,unchanged
144,雷_ピカチュウ_安定_V1,0.4924,unchanged
144,鋼_メルルギア_グッズ偏重_V3,0.5665,Out: ビーダルex / In: メガガルーラex (Parent: 31/50 -> Mutant: 40/50)
144,炎_リザードンX_グッズ偏重_V3,0.5632,unchanged
144,超_ミュウツー_安定_V1,0.3577,unchanged
144,龍悪_ギラダク_グッズ偏重_V3,0.5846,unchanged
144,鋼_メルルギア_究極_V6_アルティメット,0.4821,Out: トリミアン / In: ムックル (Parent: 19/50 -> Mutant: 26/50)
144,水_スターミー_安定_V1,0.4935,unchanged
144,鋼_メルルギア_安定_V1,0.3508,unchanged
144,闘_ガブルカ_安定_V1,0.3411,unchanged
144,水_スターミー_グッズ偏重_V3,0.5449,unchanged
144,超_ゲンガー_安定_V1,0.4610,unchanged
144,炎_リザードンX_究極_V6_アルティメット,0.5987,unchanged
144,闘_ガブルカ_グッズ偏重_V3,0.4546,Out: ワンリキー / In: ハリテヤマ (Parent: 33/50 -> Mutant: 38/50)
144,闘_ガブルカ_究極_V6_アルティメット,0.2522,Out: ハリテヤマ / In: メモリーライト (Parent: 27/50 -> Mutant: 29/50)
144,雷_ピカチュウ_究極_V6_アルティメット,0.6449,unchanged
144,超_ミュウツー_究極_V6_アルティメット,0.6160,unchanged
144,草_フシギバナ_安定_V1,0.5532,unchanged
144,草_フシギバナ_究極_V6_アルティメット,0.7405,Out: キマワリ / In: ミノマダム (Parent: 45/50 -> Mutant: 48/50)
144,雷_ピカチュウ_グッズ偏重_V3,0.5186,unchanged
144,超_ゲンガー_グッズ偏重_V3,0.2872,unchanged
145,龍悪_ギラダク_グッズ偏重_V3,0.5855,unchanged
145,炎_リザードンX_究極_V6_アルティメット,0.5997,unchanged
145,草_フシギバナ_安定_V1,0.5531,unchanged
145,超_ミュウツー_究極_V6_アルティメット,0.6168,unchanged
145,鋼_メルルギア_安定_V1,0.3518,Out: コマタナ / In: メルタン (Parent: 22/50 -> Mutant: 32/50)
145,超_ミュウツー_グッズ偏重_V3,0.7421,Out: マツバ / In: ヤドラン (Parent: 40/50 -> Mutant: 42/50)
145,水_スターミー_究極_V6_アルティメット,0.4694,unchanged
145,水_スターミー_安定_V1,0.4937,unchanged
145,闘_ガブルカ_安定_V1,0.3413,unchanged
145,闘_ガブルカ_究極_V6_アルティメット,0.2526,unchanged
145,草_フシギバナ_グッズ偏重_V3,0.4626,Out: ずがいの化石 / In: エルフーンex (Parent: 26/50 -> Mutant: 29/50)
145,水_スターミー_グッズ偏重_V3,0.5458,Out: アリゲイツ / In: アカギ (Parent: 38/50 -> Mutant: 40/50)
145,龍悪_ギラダク_安定_V1,0.3987,Out: マニューラ / In: メモリーライト (Parent: 11/50 -> Mutant: 17/50)
145,鋼_メルルギア_究極_V6_アルティメット,0.4805,unchanged
145,鋼_メルルギア_グッズ偏重_V3,0.5669,unchanged
145,草_フシギバナ_究極_V6_アルティメット,0.7407,unchanged
145,闘_ガブルカ_グッズ偏重_V3,0.4553,unchanged
145,炎_リザードンX_グッズ偏重_V3,0.5632,unchanged
145,超_ゲンガー_グッズ偏重_V3,0.2872,Out: ブルンゲル / In: まもりのポンチョ (Parent: 21/50 -> Mutant: 29/50)
145,雷_ピカチュウ_究極_V6_アルティメット,0.6446,unchanged
145,炎_リザードンX_安定_V1,0.4603,unchanged
145,超_ミュウツー_安定_V1,0.3572,Out: フラエッテ / In: メガチルタリスex (Parent: 28/50 -> Mutant: 30/50)
145,雷_ピカチュウ_グッズ偏重_V3,0.5175,unchanged
145,超_ゲンガー_安定_V1,0.4601,unchanged
145,龍悪_ギラダク_究極_V6_アルティメット,0.6021,unchanged
145,雷_ピカチュウ_安定_V1,0.4915,unchanged
145,超_ゲンガー_究極_V6_アルティメット,0.4601,unchanged
146,闘_ガブルカ_究極_V6_アルティメット,0.2537,unchanged
146,鋼_メルルギア_グッズ偏重_V3,0.5684,unchanged
146,草_フシギバナ_究極_V6_アルティメット,0.7413,unchanged
146,龍悪_ギラダク_グッズ偏重_V3,0.5862,Out: シロナ / In: イーブイのバッグ (Parent: 36/50 -> Mutant: 39/50)
146,炎_リザードンX_安定_V1,0.4615,unchanged
146,草_フシギバナ_グッズ偏重_V3,0.4630,unchanged
146,超_ゲンガー_安定_V1,0.4599,Out: サカキ / In: ヒットハンマー (Parent: 15/50 -> Mutant: 19/50)
146,龍悪_ギラダク_安定_V1,0.3980,Out: ビーストナイト / In: レパルダス (Parent: 17/50 -> Mutant: 19/50)
146,水_スターミー_究極_V6_アルティメット,0.4706,Out: シザリガー / In: ヨワシex (Parent: 32/50 -> Mutant: 35/50)
146,雷_ピカチュウ_安定_V1,0.4916,unchanged
146,龍悪_ギラダク_究極_V6_アルティメット,0.6022,unchanged
146,雷_ピカチュウ_グッズ偏重_V3,0.5171,unchanged
146,炎_リザードンX_究極_V6_アルティメット,0.5997,unchanged
146,鋼_メルルギア_安定_V1,0.3518,unchanged
146,闘_ガブルカ_グッズ偏重_V3,0.4557,unchanged
146,草_フシギバナ_安定_V1,0.5523,unchanged
146,超_ミュウツー_究極_V6_アルティメット,0.6169,Out: カプテテフ / In: ハンドスコープ (Parent: 34/50 -> Mutant: 40/50)
146,超_ゲンガー_究極_V6_アルティメット,0.4601,unchanged
146,炎_リザードンX_グッズ偏重_V3,0.5631,unchanged
146,超_ゲンガー_グッズ偏重_V3,0.2869,Out: ロトム / In: スリーパー (Parent: 24/50 -> Mutant: 26/50)
146,鋼_メルルギア_究極_V6_アルティメット,0.4786,unchanged
146,水_スターミー_安定_V1,0.4929,Out: バイバニラ / In: シャリタツ (Parent: 26/50 -> Mutant: 30/50)
146,超_ミュウツー_安定_V1,0.3575,unchanged
146,雷_ピカチュウ_究極_V6_アルティメット,0.6437,unchanged
146,超_ミュウツー_グッズ偏重_V3,0.7414,unchanged
146,闘_ガブルカ_安定_V1,0.3404,unchanged
146,水_スターミー_グッズ偏重_V3,0.5455,unchanged
147,龍悪_ギラダク_安定_V1,0.3976,Out: 大きなふうせん / In: イツキ (Parent: 14/50 -> Mutant: 21/50)
147,超_ゲンガー_究極_V6_アルティメット,0.4610,unchanged
147,炎_リザードンX_安定_V1,0.4627,unchanged
147,水_スターミー_グッズ偏重_V3,0.5469,unchanged
147,鋼_メルルギア_究極_V6_アルティメット,0.4776,unchanged
147,超_ミュウツー_グッズ偏重_V3,0.7418,unchanged
147,草_フシギバナ_安定_V1,0.5521,unchanged
147,超_ゲンガー_安定_V1,0.4599,Out: バリヤード / In: ジラーチ (Parent: 16/50 -> Mutant: 28/50)
147,炎_リザードンX_グッズ偏重_V3,0.5640,unchanged
147,龍悪_ギラダク_グッズ偏重_V3,0.5864,unchanged
147,鋼_メルルギア_安定_V1,0.3519,unchanged
147,闘_ガブルカ_グッズ偏重_V3,0.4566,unchanged
147,草_フシギバナ_究極_V6_アルティメット,0.7413,unchanged
147,超_ゲンガー_グッズ偏重_V3,0.2872,unchanged
147,闘_ガブルカ_究極_V6_アルティメット,0.2536,unchanged
147,雷_ピカチュウ_究極_V6_アルティメット,0.6436,unchanged
147,鋼_メルルギア_グッズ偏重_V3,0.5685,Out: プテラ / In: マツバ (Parent: 34/50 -> Mutant: 38/50)
147,超_ミュウツー_安定_V1,0.3578,unchanged
147,龍悪_ギラダク_究極_V6_アルティメット,0.6013,Out: ふたの化石 / In: エレメンタルつけかえ (Parent: 32/50 -> Mutant: 35/50)
147,炎_リザードンX_究極_V6_アルティメット,0.5995,unchanged
147,雷_ピカチュウ_安定_V1,0.4909,Out: エレザード / In: デデンネ (Parent: 31/50 -> Mutant: 37/50)
147,闘_ガブルカ_安定_V1,0.3398,Out: オコリザル / In: エビワラーex (Parent: 24/50 -> Mutant: 32/50)
147,超_ミュウツー_究極_V6_アルティメット,0.6173,unchanged
147,草_フシギバナ_グッズ偏重_V3,0.4623,unchanged
147,水_スターミー_究極_V6_アルティメット,0.4711,unchanged
147,雷_ピカチュウ_グッズ偏重_V3,0.5157,unchanged
147,水_スターミー_安定_V1,0.4917,unchanged
148,鋼_メルルギア_グッズ偏重_V3,0.5698,unchanged
148,超_ゲンガー_究極_V6_アルティメット,0.4620,unchanged
148,闘_ガブルカ_究極_V6_アルティメット,0.2545,unchanged
148,鋼_メルルギア_究極_V6_アルティメット,0.4766,unchanged
148,雷_ピカチュウ_安定_V1,0.4910,unchanged
148,超_ミュウツー_グッズ偏重_V3,0.7420,unchanged
148,水_スターミー_究極_V6_アルティメット,0.4728,unchanged
148,超_ミュウツー_安定_V1,0.3589,unchanged
148,炎_リザードンX_安定_V1,0.4635,unchanged
148,龍悪_ギラダク_究極_V6_アルティメット,0.6013,unchanged
148,草_フシギバナ_究極_V6_アルティメット,0.7413,Out: ずがいの化石 / In: メタルコアバリア (Parent: 41/50 -> Mutant: 44/50)
148,雷_ピカチュウ_グッズ偏重_V3,0.5154,Out: きずぐすり / In: たべのこし (Parent: 25/50 -> Mutant: 29/50)
148,草_フシギバナ_安定_V1,0.5513,unchanged
148,炎_リザードンX_グッズ偏重_V3,0.5644,Out: 博士の研究 / In: アイリス (Parent: 34/50 -> Mutant: 40/50)
148,雷_ピカチュウ_究極_V6_アルティメット,0.6436,Out: サンダース / In: グズマ (Parent: 36/50 -> Mutant: 43/50)
148,超_ミュウツー_究極_V6_アルティメット,0.6179,unchanged
148,龍悪_ギラダク_グッズ偏重_V3,0.5857,unchanged
148,超_ゲンガー_グッズ偏重_V3,0.2871,Out: ずがいの化石 / In: タケシ (Parent: 22/50 -> Mutant: 24/50)
148,超_ゲンガー_安定_V1,0.4588,Out: ムンナ / In: ラルトス (Parent: 15/50 -> Mutant: 19/50)
148,闘_ガブルカ_安定_V1,0.3396,Out: マッシブーンex / In: ロトム図鑑 (Parent: 26/50 -> Mutant: 29/50)
148,炎_リザードンX_究極_V6_アルティメット,0.5995,unchanged
148,鋼_メルルギア_安定_V1,0.3515,Out: ディアルガex / In: エイパム (Parent: 17/50 -> Mutant: 19/50)
148,龍悪_ギラダク_安定_V1,0.3959,unchanged
148,水_スターミー_安定_V1,0.4906,unchanged
148,水_スターミー_グッズ偏重_V3,0.5468,unchanged
148,闘_ガブルカ_グッズ偏重_V3,0.4565,Out: ルガルガン / In: コライドン (Parent: 29/50 -> Mutant: 32/50)
148,草_フシギバナ_グッズ偏重_V3,0.4617,unchanged
149,超_ミュウツー_究極_V6_アルティメット,0.6195,unchanged
149,闘_ガブルカ_究極_V6_アルティメット,0.2556,unchanged
149,闘_ガブルカ_安定_V1,0.3402,unchanged
149,水_スターミー_究極_V6_アルティメット,0.4747,Out: デンジ / In: アローラサンドパン (Parent: 38/50 -> Mutant: 40/50)
149,龍悪_ギラダク_安定_V1,0.3953,Out: シズイ / In: ベトベトン (Parent: 12/50 -> Mutant: 15/50)
149,炎_リザードンX_グッズ偏重_V3,0.5651,Out: かいの化石 / In: ハンサム (Parent: 38/50 -> Mutant: 43/50)
149,雷_ピカチュウ_究極_V6_アルティメット,0.6440,Out: シビルドン / In: ハラバリーex (Parent: 37/50 -> Mutant: 39/50)
149,鋼_メルルギア_グッズ偏重_V3,0.5704,Out: サカキ / In: ムクホーク (Parent: 38/50 -> Mutant: 41/50)
149,超_ミュウツー_グッズ偏重_V3,0.7423,unchanged
149,超_ゲンガー_グッズ偏重_V3,0.2876,Out: ヒレの化石 / In: パピモッチ (Parent: 23/50 -> Mutant: 25/50)
149,超_ミュウツー_安定_V1,0.3595,unchanged
149,水_スターミー_安定_V1,0.4903,unchanged
149,闘_ガブルカ_グッズ偏重_V3,0.4571,unchanged
149,鋼_メルルギア_安定_V1,0.3513,unchanged
149,鋼_メルルギア_究極_V6_アルティメット,0.4749,unchanged
149,水_スターミー_グッズ偏重_V3,0.5475,Out: セグレイブ / In: パオジアンex (Parent: 39/50 -> Mutant: 43/50)
149,雷_ピカチュウ_安定_V1,0.4900,unchanged
149,龍悪_ギラダク_究極_V6_アルティメット,0.6010,unchanged
149,草_フシギバナ_安定_V1,0.5503,unchanged
149,超_ゲンガー_安定_V1,0.4578,unchanged
149,草_フシギバナ_グッズ偏重_V3,0.4613,unchanged
149,超_ゲンガー_究極_V6_アルティメット,0.4618,Out: カキ / In: ラルトス (Parent: 29/50 -> Mutant: 32/50)
149,炎_リザードンX_安定_V1,0.4635,unchanged
149,雷_ピカチュウ_グッズ偏重_V3,0.5143,unchanged
149,炎_リザードンX_究極_V6_アルティメット,0.5991,unchanged
149,草_フシギバナ_究極_V6_アルティメット,0.7408,Out: ポポッコ / In: はねの化石 (Parent: 42/50 -> Mutant: 45/50)
149,龍悪_ギラダク_グッズ偏重_V3,0.5847,unchanged
150,雷_ピカチュウ_グッズ偏重_V3,0.5151,unchanged
150,炎_リザードンX_グッズ偏重_V3,0.5664,unchanged
150,水_スターミー_グッズ偏重_V3,0.5491,unchanged
150,炎_リザードンX_安定_V1,0.4645,unchanged
150,草_フシギバナ_究極_V6_アルティメット,0.7413,unchanged
150,鋼_メルルギア_グッズ偏重_V3,0.5714,unchanged
150,闘_ガブルカ_究極_V6_アルティメット,0.2563,unchanged
150,水_スターミー_安定_V1,0.4900,unchanged
150,水_スターミー_究極_V6_アルティメット,0.4762,unchanged
150,雷_ピカチュウ_究極_V6_アルティメット,0.6444,unchanged
150,龍悪_ギラダク_究極_V6_アルティメット,0.6006,unchanged
150,闘_ガブルカ_グッズ偏重_V3,0.4577,unchanged
150,超_ゲンガー_グッズ偏重_V3,0.2879,unchanged
150,炎_リザードンX_究極_V6_アルティメット,0.5993,unchanged
150,龍悪_ギラダク_グッズ偏重_V3,0.5843,unchanged
150,鋼_メルルギア_究極_V6_アルティメット,0.4733,unchanged
150,超_ミュウツー_グッズ偏重_V3,0.7419,unchanged
150,雷_ピカチュウ_安定_V1,0.4892,unchanged
150,草_フシギバナ_安定_V1,0.5493,unchanged
150,鋼_メルルギア_安定_V1,0.3506,unchanged
150,龍悪_ギラダク_安定_V1,0.3939,Out: ベトベトン / In: トレーニングエリア (Parent: 17/50 -> Mutant: 22/50)
150,草_フシギバナ_グッズ偏重_V3,0.4610,Out: グソクムシャ / In: カイ (Parent: 26/50 -> Mutant: 29/50)
150,超_ミュウツー_究極_V6_アルティメット,0.6199,unchanged
150,闘_ガブルカ_安定_V1,0.3397,unchanged
150,超_ミュウツー_安定_V1,0.3593,unchanged
150,超_ゲンガー_安定_V1,0.4565,unchanged
150,超_ゲンガー_究極_V6_アルティメット,0.4609,unchanged
151,鋼_メルルギア_グッズ偏重_V3,0.5725,Out: メルメタルex / In: ドデカバシ (Parent: 35/50 -> Mutant: 37/50)
151,超_ゲンガー_グッズ偏重_V3,0.2887,unchanged
151,草_フシギバナ_安定_V1,0.5492,Out: スピアー / In: クサイハナ (Parent: 23/50 -> Mutant: 25/50)
151,炎_リザードンX_安定_V1,0.4657,unchanged
151,草_フシギバナ_究極_V6_アルティメット,0.7418,unchanged
151,超_ミュウツー_究極_V6_アルティメット,0.6212,Out: イーブイのバッグ / In: ゴチミル (Parent: 41/50 -> Mutant: 43/50)
151,龍悪_ギラダク_グッズ偏重_V3,0.5846,Out: やまおとこ / In: マフィティフ (Parent: 33/50 -> Mutant: 42/50)
151,水_スターミー_究極_V6_アルティメット,0.4778,unchanged
151,水_スターミー_安定_V1,0.4897,Out: シャリタツ / In: はじまりの平原 (Parent: 21/50 -> Mutant: 29/50)
151,草_フシギバナ_グッズ偏重_V3,0.4613,unchanged
151,龍悪_ギラダク_究極_V6_アルティメット,0.6008,Out: グズマ / In: マツバ (Parent: 33/50 -> Mutant: 39/50)
151,超_ゲンガー_究極_V6_アルティメット,0.4611,Out: ムウマージex / In: シンボラー (Parent: 19/50 -> Mutant: 24/50)
151,超_ミュウツー_グッズ偏重_V3,0.7419,unchanged
151,龍悪_ギラダク_安定_V1,0.3928,Out: ペンドラー / In: フカマル (Parent: 17/50 -> Mutant: 19/50)
151,超_ミュウツー_安定_V1,0.3599,Out: マーズ / In: ミュウツーex (Parent: 30/50 -> Mutant: 32/50)
151,闘_ガブルカ_安定_V1,0.3394,Out: ウソッキー / In: マンムー (Parent: 17/50 -> Mutant: 23/50)
151,超_ゲンガー_安定_V1,0.4559,unchanged
151,鋼_メルルギア_究極_V6_アルティメット,0.4716,unchanged
151,闘_ガブルカ_究極_V6_アルティメット,0.2562,unchanged
151,闘_ガブルカ_グッズ偏重_V3,0.4576,unchanged
151,炎_リザードンX_究極_V6_アルティメット,0.5993,Out: ギャロップex / In: デルビル (Parent: 31/50 -> Mutant: 33/50)
151,雷_ピカチュウ_究極_V6_アルティメット,0.6438,unchanged
151,雷_ピカチュウ_安定_V1,0.4885,Out: レントラー / In: エレザード (Parent: 20/50 -> Mutant: 28/50)
151,炎_リザードンX_グッズ偏重_V3,0.5660,Out: カエンジシ / In: メガリザードンXex (Parent: 32/50 -> Mutant: 44/50)
151,鋼_メルルギア_安定_V1,0.3498,unchanged
151,水_スターミー_グッズ偏重_V3,0.5490,Out: アカギ / In: ゼニガメ (Parent: 36/50 -> Mutant: 38/50)
151,雷_ピカチュウ_グッズ偏重_V3,0.5138,unchanged
152,龍悪_ギラダク_安定_V1,0.3920,unchanged
152,闘_ガブルカ_グッズ偏重_V3,0.4585,Out: ハリテヤマ / In: コジョフー (Parent: 25/50 -> Mutant: 30/50)
152,炎_リザードンX_グッズ偏重_V3,0.5677,unchanged
152,水_スターミー_安定_V1,0.4900,Out: ヘイラッシャ / In: カルム (Parent: 22/50 -> Mutant: 29/50)
152,超_ゲンガー_究極_V6_アルティメット,0.4614,Out: ゲンガーex / In: フワライド (Parent: 17/50 -> Mutant: 25/50)
152,超_ミュウツー_安定_V1,0.3614,unchanged
152,草_フシギバナ_グッズ偏重_V3,0.4618,unchanged
152,雷_ピカチュウ_究極_V6_アルティメット,0.6443,unchanged
152,炎_リザードンX_究極_V6_アルティメット,0.5997,unchanged
152,超_ゲンガー_安定_V1,0.4555,unchanged
152,水_スターミー_究極_V6_アルティメット,0.4792,unchanged
152,草_フシギバナ_究極_V6_アルティメット,0.7421,unchanged
152,龍悪_ギラダク_究極_V6_アルティメット,0.6006,unchanged
152,雷_ピカチュウ_グッズ偏重_V3,0.5136,unchanged
152,鋼_メルルギア_究極_V6_アルティメット,0.4702,unchanged
152,超_ゲンガー_グッズ偏重_V3,0.2889,unchanged
152,超_ミュウツー_究極_V6_アルティメット,0.6218,unchanged
152,鋼_メルルギア_グッズ偏重_V3,0.5727,unchanged
152,闘_ガブルカ_究極_V6_アルティメット,0.2561,unchanged
152,闘_ガブルカ_安定_V1,0.3391,unchanged
152,水_スターミー_グッズ偏重_V3,0.5486,Out: ウェルカモ / In: ハルクジラ (Parent: 33/50 -> Mutant: 35/50)
152,雷_ピカチュウ_安定_V1,0.4876,unchanged
152,龍悪_ギラダク_グッズ偏重_V3,0.5835,unchanged
152,炎_リザードンX_安定_V1,0.4657,Out: イリマ / In: ウインディ (Parent: 34/50 -> Mutant: 37/50)
152,草_フシギバナ_安定_V1,0.5480,unchanged
152,超_ミュウツー_グッズ偏重_V3,0.7409,Out: オーロット / In: フレイムパッチ (Parent: 45/50 -> Mutant: 47/50)
152,鋼_メルルギア_安定_V1,0.3489,Out: メルタン / In: ザングース (Parent: 14/50 -> Mutant: 23/50)
153,鋼_メルルギア_究極_V6_アルティメット,0.4697,Out: ビーダル / In: ミルタンク (Parent: 22/50 -> Mutant: 25/50)
153,龍悪_ギラダク_グッズ偏重_V3,0.5842,unchanged
153,雷_ピカチュウ_安定_V1,0.4877,unchanged
153,水_スターミー_安定_V1,0.4902,Out: おおきいマラサダ / In: フィオネ (Parent: 22/50 -> Mutant: 30/50)
153,水_スターミー_究極_V6_アルティメット,0.4811,unchanged
153,水_スターミー_グッズ偏重_V3,0.5490,unchanged
153,鋼_メルルギア_グッズ偏重_V3,0.5738,unchanged
153,超_ゲンガー_究極_V6_アルティメット,0.4615,unchanged
153,炎_リザードンX_安定_V1,0.4664,unchanged
153,草_フシギバナ_究極_V6_アルティメット,0.7427,Out: はねの化石 / In: ハイキングコース (Parent: 38/50 -> Mutant: 44/50)
153,闘_ガブルカ_究極_V6_アルティメット,0.2565,Out: ルチャブル / In: エレキコード (Parent: 20/50 -> Mutant: 24/50)
153,龍悪_ギラダク_安定_V1,0.3910,Out: フカマル / In: ゾロア (Parent: 7/50 -> Mutant: 16/50)
153,炎_リザードンX_グッズ偏重_V3,0.5688,unchanged
153,鋼_メルルギア_安定_V1,0.3488,Out: イーブイ / In: ラムのみ (Parent: 18/50 -> Mutant: 21/50)
153,超_ミュウツー_究極_V6_アルティメット,0.6226,unchanged
153,雷_ピカチュウ_グッズ偏重_V3,0.5129,Out: シルバー / In: ポケモン通信 (Parent: 29/50 -> Mutant: 35/50)
153,闘_ガブルカ_安定_V1,0.3388,Out: ヒレの化石 / In: セキタンザン (Parent: 20/50 -> Mutant: 27/50)
153,超_ミュウツー_グッズ偏重_V3,0.7405,unchanged
153,草_フシギバナ_グッズ偏重_V3,0.4616,Out: タネボー / In: レスキュースカーフ (Parent: 29/50 -> Mutant: 33/50)
153,超_ミュウツー_安定_V1,0.3624,unchanged
153,雷_ピカチュウ_究極_V6_アルティメット,0.6440,unchanged
153,超_ゲンガー_安定_V1,0.4544,Out: ロトム図鑑 / In: サーナイト (Parent: 14/50 -> Mutant: 22/50)
153,闘_ガブルカ_グッズ偏重_V3,0.4579,unchanged
153,草_フシギバナ_安定_V1,0.5468,unchanged
153,超_ゲンガー_グッズ偏重_V3,0.2884,unchanged
153,龍悪_ギラダク_究極_V6_アルティメット,0.5993,Out: ゴロンダ / In: ドラピオン (Parent: 35/50 -> Mutant: 40/50)
153,炎_リザードンX_究極_V6_アルティメット,0.5988,unchanged
154,炎_リザードンX_グッズ偏重_V3,0.5704,unchanged
154,炎_リザードンX_究極_V6_アルティメット,0.5995,unchanged
154,龍悪_ギラダク_安定_V1,0.3902,unchanged
154,超_ミュウツー_安定_V1,0.3641,unchanged
154,炎_リザードンX_安定_V1,0.4675,Out: ポケモンの笛 / In: ウルガモス (Parent: 32/50 -> Mutant: 34/50)
154,超_ゲンガー_究極_V6_アルティメット,0.4616,unchanged
154,雷_ピカチュウ_グッズ偏重_V3,0.5133,unchanged
154,闘_ガブルカ_安定_V1,0.3390,Out: ロトム図鑑 / In: ヒカリ (Parent: 14/50 -> Mutant: 24/50)
154,水_スターミー_究極_V6_アルティメット,0.4825,unchanged
154,鋼_メルルギア_究極_V6_アルティメット,0.4686,unchanged
154,闘_ガブルカ_究極_V6_アルティメット,0.2569,Out: メモリーライト / In: コジョンド (Parent: 25/50 -> Mutant: 33/50)
154,草_フシギバナ_安定_V1,0.5463,unchanged
154,超_ミュウツー_究極_V6_アルティメット,0.6234,unchanged
154,超_ミュウツー_グッズ偏重_V3,0.7403,unchanged
154,鋼_メルルギア_安定_V1,0.3487,unchanged
154,草_フシギバナ_グッズ偏重_V3,0.4620,unchanged
154,闘_ガブルカ_グッズ偏重_V3,0.4579,unchanged
154,超_ゲンガー_グッズ偏重_V3,0.2885,unchanged
154,龍悪_ギラダク_グッズ偏重_V3,0.5836,unchanged
154,超_ゲンガー_安定_V1,0.4535,Out: メタルコアバリア / In: クレセリアex (Parent: 24/50 -> Mutant: 28/50)
154,鋼_メルルギア_グッズ偏重_V3,0.5738,unchanged
154,雷_ピカチュウ_安定_V1,0.4867,unchanged
154,雷_ピカチュウ_究極_V6_アルティメット,0.6433,Out: ロケット団のしたっぱ / In: レッドカード (Parent: 35/50 -> Mutant: 37/50)
154,水_スターミー_グッズ偏重_V3,0.5483,unchanged
154,草_フシギバナ_究極_V6_アルティメット,0.7426,unchanged
154,水_スターミー_安定_V1,0.4892,unchanged
154,龍悪_ギラダク_究極_V6_アルティメット,0.5983,unchanged
155,闘_ガブルカ_安定_V1,0.3396,Out: マンムー / In: ジュン (Parent: 23/50 -> Mutant: 25/50)
155,炎_リザードンX_安定_V1,0.4686,unchanged
155,雷_ピカチュウ_グッズ偏重_V3,0.5139,unchanged
155,闘_ガブルカ_究極_V6_アルティメット,0.2580,unchanged
155,草_フシギバナ_グッズ偏重_V3,0.4631,Out: エルフーンex / In: ダークペンダント (Parent: 32/50 -> Mutant: 35/50)
155,水_スターミー_安定_V1,0.4892,Out: イーブイのバッグ / In: シャワーズ (Parent: 23/50 -> Mutant: 26/50)
155,超_ゲンガー_グッズ偏重_V3,0.2893,unchanged
155,草_フシギバナ_究極_V6_アルティメット,0.7432,Out: ルチア / In: オリーヴァ (Parent: 39/50 -> Mutant: 44/50)
155,超_ミュウツー_グッズ偏重_V3,0.7404,unchanged
155,超_ミュウツー_安定_V1,0.3652,unchanged
155,超_ミュウツー_究極_V6_アルティメット,0.6245,unchanged
155,雷_ピカチュウ_究極_V6_アルティメット,0.6436,Out: レントラー / In: サンダーex (Parent: 43/50 -> Mutant: 45/50)
155,炎_リザードンX_グッズ偏重_V3,0.5713,unchanged
155,草_フシギバナ_安定_V1,0.5454,unchanged
155,闘_ガブルカ_グッズ偏重_V3,0.4582,unchanged
155,龍悪_ギラダク_究極_V6_アルティメット,0.5978,unchanged
155,超_ゲンガー_安定_V1,0.4527,Out: カプテテフ / In: ビーストウォール (Parent: 30/50 -> Mutant: 32/50)
155,炎_リザードンX_究極_V6_アルティメット,0.5991,unchanged
155,鋼_メルルギア_究極_V6_アルティメット,0.4671,Out: ニダンギル / In: ヨルノズク (Parent: 12/50 -> Mutant: 14/50)
155,雷_ピカチュウ_安定_V1,0.4862,unchanged
155,水_スターミー_究極_V6_アルティメット,0.4832,unchanged
155,龍悪_ギラダク_安定_V1,0.3886,unchanged
155,龍悪_ギラダク_グッズ偏重_V3,0.5828,unchanged
155,鋼_メルルギア_グッズ偏重_V3,0.5734,unchanged
155,水_スターミー_グッズ偏重_V3,0.5474,unchanged
155,超_ゲンガー_究極_V6_アルティメット,0.4605,unchanged
155,鋼_メルルギア_安定_V1,0.3479,Out: エイパム / In: ガラルマッギョ (Parent: 16/50 -> Mutant: 22/50)
156,超_ミュウツー_究極_V6_アルティメット,0.6260,unchanged
156,炎_リザードンX_究極_V6_アルティメット,0.5999,Out: ミカン / In: ギャロップ (Parent: 33/50 -> Mutant: 37/50)
156,闘_ガブルカ_安定_V1,0.3397,unchanged
156,龍悪_ギラダク_究極_V6_アルティメット,0.5982,unchanged
156,草_フシギバナ_グッズ偏重_V3,0.4644,unchanged
156,雷_ピカチュウ_究極_V6_アルティメット,0.6442,unchanged
156,草_フシギバナ_安定_V1,0.5452,unchanged
156,雷_ピカチュウ_安定_V1,0.4861,unchanged
156,超_ミュウツー_安定_V1,0.3665,Out: ピクシー / In: ネイティ (Parent: 30/50 -> Mutant: 32/50)
156,龍悪_ギラダク_安定_V1,0.3876,unchanged
156,炎_リザードンX_グッズ偏重_V3,0.5725,unchanged
156,闘_ガブルカ_グッズ偏重_V3,0.4587,unchanged
156,炎_リザードンX_安定_V1,0.4693,Out: カエンジシ / In: クイタラン (Parent: 30/50 -> Mutant: 33/50)
156,闘_ガブルカ_究極_V6_アルティメット,0.2582,unchanged
156,超_ミュウツー_グッズ偏重_V3,0.7400,unchanged
156,超_ゲンガー_究極_V6_アルティメット,0.4603,Out: ジュン / In: マシェード (Parent: 25/50 -> Mutant: 28/50)
156,鋼_メルルギア_グッズ偏重_V3,0.5734,Out: ムクホーク / In: ヨルノズク (Parent: 38/50 -> Mutant: 42/50)
156,水_スターミー_グッズ偏重_V3,0.5471,unchanged
156,鋼_メルルギア_安定_V1,0.3475,unchanged
156,水_スターミー_安定_V1,0.4884,unchanged
156,草_フシギバナ_究極_V6_アルティメット,0.7427,unchanged
156,雷_ピカチュウ_グッズ偏重_V3,0.5131,unchanged
156,龍悪_ギラダク_グッズ偏重_V3,0.5818,unchanged
156,超_ゲンガー_グッズ偏重_V3,0.2888,Out: まもりのポンチョ / In: ゴチム (Parent: 19/50 -> Mutant: 24/50)
156,超_ゲンガー_安定_V1,0.4518,unchanged
156,鋼_メルルギア_究極_V6_アルティメット,0.4651,Out: ムックル / In: ミミロップ (Parent: 18/50 -> Mutant: 24/50)
156,水_スターミー_究極_V6_アルティメット,0.4835,Out: ヒカリ / In: カメール (Parent: 36/50 -> Mutant: 44/50)
157,龍悪_ギラダク_究極_V6_アルティメット,0.5990,Out: ゴースト / In: ベトベトン (Parent: 37/50 -> Mutant: 39/50)
157,炎_リザードンX_究極_V6_アルティメット,0.6006,unchanged
157,超_ミュウツー_安定_V1,0.3680,unchanged
157,超_ミュウツー_グッズ偏重_V3,0.7405,unchanged
157,超_ゲンガー_グッズ偏重_V3,0.2892,unchanged
157,龍悪_ギラダク_安定_V1,0.3867,unchanged
157,超_ゲンガー_安定_V1,0.4518,Out: ジラーチ / In: ムンナ (Parent: 22/50 -> Mutant: 24/50)
157,炎_リザードンX_グッズ偏重_V3,0.5739,unchanged
157,超_ミュウツー_究極_V6_アルティメット,0.6272,Out: フレイムパッチ / In: ヤドキング (Parent: 40/50 -> Mutant: 43/50)
157,闘_ガブルカ_グッズ偏重_V3,0.4591,Out: ネンドール / In: カイリキーex (Parent: 26/50 -> Mutant: 29/50)
157,龍悪_ギラダク_グッズ偏重_V3,0.5819,unchanged
157,水_スターミー_究極_V6_アルティメット,0.4846,unchanged
157,鋼_メルルギア_グッズ偏重_V3,0.5738,unchanged
157,鋼_メルルギア_安定_V1,0.3476,unchanged
157,超_ゲンガー_究極_V6_アルティメット,0.4601,Out: ルージュラ / In: オドリドリ (Parent: 23/50 -> Mutant: 26/50)
157,草_フシギバナ_グッズ偏重_V3,0.4647,unchanged
157,雷_ピカチュウ_グッズ偏重_V3,0.5126,Out: サンダースex / In: サカキ (Parent: 24/50 -> Mutant: 34/50)
157,雷_ピカチュウ_究極_V6_アルティメット,0.6440,unchanged
157,草_フシギバナ_究極_V6_アルティメット,0.7425,unchanged
157,草_フシギバナ_安定_V1,0.5439,unchanged
157,水_スターミー_安定_V1,0.4879,Out: ミズゴロウ / In: スワンナ (Parent: 27/50 -> Mutant: 33/50)
157,水_スターミー_グッズ偏重_V3,0.5466,unchanged
157,鋼_メルルギア_究極_V6_アルティメット,0.4633,unchanged
157,闘_ガブルカ_安定_V1,0.3390,unchanged
157,炎_リザードンX_安定_V1,0.4687,Out: ギンガ団のしたっぱ / In: カエンジシ (Parent: 30/50 -> Mutant: 32/50)
157,雷_ピカチュウ_安定_V1,0.4851,Out: 旅の行商人 / In: ライチュウ (Parent: 32/50 -> Mutant: 34/50)
157,闘_ガブルカ_究極_V6_アルティメット,0.2577,Out: ガラガラ / In: ドッコラー (Parent: 18/50 -> Mutant: 20/50)
158,雷_ピカチュウ_グッズ偏重_V3,0.5133,unchanged
158,鋼_メルルギア_究極_V6_アルティメット,0.4630,unchanged
158,炎_リザードンX_究極_V6_アルティメット,0.6012,Out: ジュン / In: どくバリ (Parent: 30/50 -> Mutant: 39/50)
158,闘_ガブルカ_究極_V6_アルティメット,0.2583,unchanged
158,龍悪_ギラダク_グッズ偏重_V3,0.5825,unchanged
158,超_ミュウツー_グッズ偏重_V3,0.7406,unchanged
158,龍悪_ギラダク_究極_V6_アルティメット,0.5993,Out: スター団のしたっぱ / In: グラエナ (Parent: 39/50 -> Mutant: 41/50)
158,水_スターミー_安定_V1,0.4879,unchanged
158,水_スターミー_グッズ偏重_V3,0.5468,unchanged
158,超_ゲンガー_安定_V1,0.4515,unchanged
158,超_ミュウツー_究極_V6_アルティメット,0.6281,Out: アブリボン / In: ミミッキュex (Parent: 43/50 -> Mutant: 45/50)
158,雷_ピカチュウ_安定_V1,0.4848,unchanged
158,超_ゲンガー_グッズ偏重_V3,0.2893,Out: セキ / In: ゴチム (Parent: 19/50 -> Mutant: 23/50)
158,鋼_メルルギア_安定_V1,0.3475,Out: ガラルマッギョ / In: かいの化石 (Parent: 17/50 -> Mutant: 27/50)
158,雷_ピカチュウ_究極_V6_アルティメット,0.6438,Out: ピカチュウex / In: おさかなネット (Parent: 39/50 -> Mutant: 43/50)
158,草_フシギバナ_安定_V1,0.5432,Out: フレイムパッチ / In: ノクタス (Parent: 26/50 -> Mutant: 31/50)
158,龍悪_ギラダク_安定_V1,0.3853,Out: エクスレッグ / In: グレッグル (Parent: 11/50 -> Mutant: 17/50)
158,鋼_メルルギア_グッズ偏重_V3,0.5738,unchanged
158,炎_リザードンX_安定_V1,0.4685,unchanged
158,炎_リザードンX_グッズ偏重_V3,0.5749,unchanged
158,超_ミュウツー_安定_V1,0.3681,unchanged
158,水_スターミー_究極_V6_アルティメット,0.4852,unchanged
158,草_フシギバナ_グッズ偏重_V3,0.4647,Out: マオ / In: コフーライ (Parent: 28/50 -> Mutant: 30/50)
158,闘_ガブルカ_安定_V1,0.3383,unchanged
158,草_フシギバナ_究極_V6_アルティメット,0.7423,Out: オリーヴァ / In: コトネ (Parent: 44/50 -> Mutant: 49/50)
158,超_ゲンガー_究極_V6_アルティメット,0.4591,unchanged
158,闘_ガブルカ_グッズ偏重_V3,0.4586,Out: イワーク / In: ディンルー (Parent: 28/50 -> Mutant: 33/50)
159,鋼_メルルギア_グッズ偏重_V3,0.5749,unchanged
159,闘_ガブルカ_安定_V1,0.3388,Out: カツラ / In: チャーレム (Parent: 19/50 -> Mutant: 23/50)
159,草_フシギバナ_究極_V6_アルティメット,0.7431,unchanged
159,雷_ピカチュウ_安定_V1,0.4850,unchanged
159,闘_ガブルカ_究極_V6_アルティメット,0.2590,unchanged
159,超_ミュウツー_究極_V6_アルティメット,0.6294,unchanged
159,闘_ガブルカ_グッズ偏重_V3,0.4592,unchanged
159,鋼_メルルギア_安定_V1,0.3482,Out: ナツメ / In: ムクバード (Parent: 23/50 -> Mutant: 29/50)
159,炎_リザードンX_安定_V1,0.4692,unchanged
159,超_ゲンガー_グッズ偏重_V3,0.2894,unchanged
159,水_スターミー_究極_V6_アルティメット,0.4865,Out: ポッタイシ / In: たての化石 (Parent: 34/50 -> Mutant: 39/50)
159,炎_リザードンX_グッズ偏重_V3,0.5761,unchanged
159,超_ゲンガー_究極_V6_アルティメット,0.4590,unchanged
159,炎_リザードンX_究極_V6_アルティメット,0.6010,unchanged
159,水_スターミー_グッズ偏重_V3,0.5467,unchanged
159,龍悪_ギラダク_グッズ偏重_V3,0.5820,unchanged
159,超_ミュウツー_安定_V1,0.3687,unchanged
159,龍悪_ギラダク_安定_V1,0.3841,Out: メモリーライト / In: マオ (Parent: 6/50 -> Mutant: 13/50)
159,雷_ピカチュウ_グッズ偏重_V3,0.5127,unchanged
159,雷_ピカチュウ_究極_V6_アルティメット,0.6432,unchanged
159,草_フシギバナ_安定_V1,0.5422,unchanged
159,超_ゲンガー_安定_V1,0.4507,Out: ムンナ / In: モノマネむすめ (Parent: 24/50 -> Mutant: 30/50)
159,水_スターミー_安定_V1,0.4872,unchanged
159,超_ミュウツー_グッズ偏重_V3,0.7399,unchanged
159,龍悪_ギラダク_究極_V6_アルティメット,0.5980,unchanged
159,鋼_メルルギア_究極_V6_アルティメット,0.4611,unchanged
159,草_フシギバナ_グッズ偏重_V3,0.4647,unchanged
160,水_スターミー_グッズ偏重_V3,0.5475,unchanged
160,闘_ガブルカ_グッズ偏重_V3,0.4601,Out: マチス / In: カイリキー (Parent: 30/50 -> Mutant: 34/50)
160,水_スターミー_究極_V6_アルティメット,0.4882,unchanged
160,炎_リザードンX_究極_V6_アルティメット,0.6016,Out: グズマ / In: カルム (Parent: 37/50 -> Mutant: 39/50)
160,超_ゲンガー_安定_V1,0.4511,unchanged
160,超_ミュウツー_グッズ偏重_V3,0.7402,unchanged
160,雷_ピカチュウ_究極_V6_アルティメット,0.6437,unchanged
160,炎_リザードンX_安定_V1,0.4698,unchanged
160,草_フシギバナ_安定_V1,0.5414,Out: キャタピー / In: ヒマナッツ (Parent: 29/50 -> Mutant: 31/50)
160,超_ゲンガー_究極_V6_アルティメット,0.4592,Out: マシェード / In: ブルー (Parent: 27/50 -> Mutant: 31/50)
160,闘_ガブルカ_安定_V1,0.3388,unchanged
160,雷_ピカチュウ_グッズ偏重_V3,0.5125,unchanged
160,草_フシギバナ_究極_V6_アルティメット,0.7432,unchanged
160,龍悪_ギラダク_グッズ偏重_V3,0.5818,Out: たての化石 / In: オノノクス (Parent: 35/50 -> Mutant: 37/50)
160,雷_ピカチュウ_安定_V1,0.4843,Out: エレザード / In: メガデンリュウex (Parent: 21/50 -> Mutant: 29/50)
160,水_スターミー_安定_V1,0.4869,unchanged
160,龍悪_ギラダク_究極_V6_アルティメット,0.5975,unchanged
160,草_フシギバナ_グッズ偏重_V3,0.4649,unchanged
160,闘_ガブルカ_究極_V6_アルティメット,0.2588,unchanged
160,鋼_メルルギア_安定_V1,0.3482,unchanged
160,超_ミュウツー_安定_V1,0.3690,unchanged
160,超_ミュウツー_究極_V6_アルティメット,0.6298,unchanged
160,炎_リザードンX_グッズ偏重_V3,0.5762,unchanged
160,鋼_メルルギア_グッズ偏重_V3,0.5746,unchanged
160,鋼_メルルギア_究極_V6_アルティメット,0.4596,unchanged
160,超_ゲンガー_グッズ偏重_V3,0.2886,Out: リーフ / In: ナツメ (Parent: 13/50 -> Mutant: 18/50)
160,龍悪_ギラダク_安定_V1,0.3824,unchanged
161,龍悪_ギラダク_究極_V6_アルティメット,0.5980,unchanged
161,草_フシギバナ_安定_V1,0.5414,unchanged
161,龍悪_ギラダク_グッズ偏重_V3,0.5826,unchanged
161,草_フシギバナ_グッズ偏重_V3,0.4659,Out: ミニーブ / In: モジャンボ (Parent: 24/50 -> Mutant: 37/50)
161,水_スターミー_グッズ偏重_V3,0.5480,unchanged
161,草_フシギバナ_究極_V6_アルティメット,0.7436,unchanged
161,雷_ピカチュウ_究極_V6_アルティメット,0.6443,unchanged
161,超_ゲンガー_究極_V6_アルティメット,0.4592,unchanged
161,炎_リザードンX_究極_V6_アルティメット,0.6018,unchanged
161,鋼_メルルギア_究極_V6_アルティメット,0.4589,Out: ワッカネズミ / In: ナットレイ (Parent: 20/50 -> Mutant: 22/50)
161,鋼_メルルギア_グッズ偏重_V3,0.5752,unchanged
161,炎_リザードンX_グッズ偏重_V3,0.5771,Out: ギンガ団のしたっぱ / In: コトネ (Parent: 34/50 -> Mutant: 37/50)
161,水_スターミー_究極_V6_アルティメット,0.4894,unchanged
161,炎_リザードンX_安定_V1,0.4701,unchanged
161,超_ミュウツー_究極_V6_アルティメット,0.6303,Out: デスカーン / In: フレフワン (Parent: 42/50 -> Mutant: 45/50)
161,超_ゲンガー_グッズ偏重_V3,0.2884,unchanged
161,水_スターミー_安定_V1,0.4864,Out: マンタイン / In: ラプラス (Parent: 25/50 -> Mutant: 31/50)
161,雷_ピカチュウ_安定_V1,0.4843,unchanged
161,闘_ガブルカ_安定_V1,0.3384,unchanged
161,鋼_メルルギア_安定_V1,0.3480,unchanged
161,龍悪_ギラダク_安定_V1,0.3809,unchanged
161,超_ミュウツー_安定_V1,0.3692,Out: 幻の石板 / In: バリヤード (Parent: 32/50 -> Mutant: 35/50)
161,超_ゲンガー_安定_V1,0.4504,unchanged
161,闘_ガブルカ_グッズ偏重_V3,0.4597,unchanged
161,超_ミュウツー_グッズ偏重_V3,0.7394,unchanged
161,雷_ピカチュウ_グッズ偏重_V3,0.5113,unchanged
161,闘_ガブルカ_究極_V6_アルティメット,0.2579,Out: チゴラス / In: スナバァ (Parent: 22/50 -> Mutant: 24/50)
162,超_ゲンガー_究極_V6_アルティメット,0.4595,Out: ふしぎなアメ / In: コロモリ (Parent: 25/50 -> Mutant: 28/50)
162,超_ゲンガー_安定_V1,0.4509,unchanged
162,龍悪_ギラダク_究極_V6_アルティメット,0.5982,unchanged
162,水_スターミー_グッズ偏重_V3,0.5484,unchanged
162,鋼_メルルギア_究極_V6_アルティメット,0.4583,unchanged
162,龍悪_ギラダク_グッズ偏重_V3,0.5827,unchanged
162,雷_ピカチュウ_安定_V1,0.4848,Out: どくバリ / In: カスミ (Parent: 29/50 -> Mutant: 31/50)
162,鋼_メルルギア_グッズ偏重_V3,0.5756,unchanged
162,草_フシギバナ_究極_V6_アルティメット,0.7439,Out: ポポッコ / In: タルップル (Parent: 45/50 -> Mutant: 47/50)
162,超_ミュウツー_グッズ偏重_V3,0.7396,unchanged
162,闘_ガブルカ_グッズ偏重_V3,0.4599,unchanged
162,草_フシギバナ_グッズ偏重_V3,0.4675,unchanged
162,炎_リザードンX_安定_V1,0.4705,Out: ウルガモス / In: アチャモ (Parent: 28/50 -> Mutant: 32/50)
162,炎_リザードンX_究極_V6_アルティメット,0.6016,unchanged
162,超_ミュウツー_究極_V6_アルティメット,0.6312,Out: ミミッキュex / In: ペロッパフ (Parent: 39/50 -> Mutant: 42/50)
162,闘_ガブルカ_究極_V6_アルティメット,0.2577,unchanged
162,闘_ガブルカ_安定_V1,0.3380,unchanged
162,雷_ピカチュウ_グッズ偏重_V3,0.5109,unchanged
162,鋼_メルルギア_安定_V1,0.3477,Out: チラーミィ / In: ポリゴン (Parent: 17/50 -> Mutant: 22/50)
162,水_スターミー_安定_V1,0.4861,unchanged
162,炎_リザードンX_グッズ偏重_V3,0.5776,unchanged
162,雷_ピカチュウ_究極_V6_アルティメット,0.6438,unchanged
162,超_ミュウツー_安定_V1,0.3689,Out: バリヤード / In: スリーパー (Parent: 28/50 -> Mutant: 30/50)
162,水_スターミー_究極_V6_アルティメット,0.4898,unchanged
162,龍悪_ギラダク_安定_V1,0.3794,Out: マタドガス / In: オラチフ (Parent: 11/50 -> Mutant: 13/50)
162,草_フシギバナ_安定_V1,0.5399,unchanged
162,超_ゲンガー_グッズ偏重_V3,0.2875,Out: トレーニングエリア / In: ムウマ (Parent: 22/50 -> Mutant: 24/50)
163,水_スターミー_究極_V6_アルティメット,0.4915,unchanged
163,龍悪_ギラダク_グッズ偏重_V3,0.5834,unchanged
163,闘_ガブルカ_究極_V6_アルティメット,0.2580,unchanged
163,龍悪_ギラダク_究極_V6_アルティメット,0.5985,Out: デンジ / In: ズルズキン (Parent: 39/50 -> Mutant: 41/50)
163,超_ミュウツー_グッズ偏重_V3,0.7400,unchanged
163,雷_ピカチュウ_究極_V6_アルティメット,0.6443,unchanged
163,鋼_メルルギア_グッズ偏重_V3,0.5763,unchanged
163,超_ミュウツー_安定_V1,0.3700,Out: ミュウツーex / In: サーナイト (Parent: 32/50 -> Mutant: 36/50)
163,闘_ガブルカ_グッズ偏重_V3,0.4603,Out: ガントル / In: キテルグマ (Parent: 20/50 -> Mutant: 23/50)
163,草_フシギバナ_安定_V1,0.5396,Out: カリキリ / In: ダークペンダント (Parent: 29/50 -> Mutant: 36/50)
163,草_フシギバナ_グッズ偏重_V3,0.4695,unchanged
163,雷_ピカチュウ_グッズ偏重_V3,0.5106,unchanged
163,龍悪_ギラダク_安定_V1,0.3782,unchanged
163,闘_ガブルカ_安定_V1,0.3376,unchanged
163,超_ゲンガー_究極_V6_アルティメット,0.4588,Out: ムウマージex / In: ネイティ (Parent: 28/50 -> Mutant: 30/50)
163,超_ゲンガー_グッズ偏重_V3,0.2872,unchanged
163,草_フシギバナ_究極_V6_アルティメット,0.7439,unchanged
163,炎_リザードンX_安定_V1,0.4705,Out: セレナ / In: ヒットハンマー (Parent: 23/50 -> Mutant: 28/50)
163,雷_ピカチュウ_安定_V1,0.4848,unchanged
163,超_ミュウツー_究極_V6_アルティメット,0.6309,unchanged
163,水_スターミー_グッズ偏重_V3,0.5480,unchanged
163,水_スターミー_安定_V1,0.4856,Out: キングラー / In: ハギギシリ (Parent: 28/50 -> Mutant: 32/50)
163,炎_リザードンX_究極_V6_アルティメット,0.6009,Out: クイタラン / In: コトネ (Parent: 35/50 -> Mutant: 38/50)
163,鋼_メルルギア_究極_V6_アルティメット,0.4569,Out: タケシ / In: ビーストウォール (Parent: 18/50 -> Mutant: 26/50)
163,鋼_メルルギア_安定_V1,0.3471,Out: かいの化石 / In: エテボース (Parent: 19/50 -> Mutant: 23/50)
163,超_ゲンガー_安定_V1,0.4500,Out: リーフマント / In: ラティアス (Parent: 27/50 -> Mutant: 30/50)
163,炎_リザードンX_グッズ偏重_V3,0.5777,unchanged
164,闘_ガブルカ_究極_V6_アルティメット,0.2587,unchanged
164,闘_ガブルカ_安定_V1,0.3381,Out: カポエラー / In: キョウ (Parent: 21/50 -> Mutant: 25/50)
164,水_スターミー_グッズ偏重_V3,0.5485,unchanged
164,龍悪_ギラダク_グッズ偏重_V3,0.5840,unchanged
164,超_ゲンガー_安定_V1,0.4502,Out: まもりのポンチョ / In: メモリーライト (Parent: 26/50 -> Mutant: 29/50)
164,超_ゲンガー_グッズ偏重_V3,0.2874,Out: ミュウ / In: マオ (Parent: 18/50 -> Mutant: 21/50)
164,龍悪_ギラダク_安定_V1,0.3772,unchanged
164,超_ミュウツー_安定_V1,0.3709,unchanged
164,炎_リザードンX_究極_V6_アルティメット,0.6016,unchanged
164,超_ミュウツー_究極_V6_アルティメット,0.6312,unchanged
164,草_フシギバナ_グッズ偏重_V3,0.4715,unchanged
164,草_フシギバナ_究極_V6_アルティメット,0.7441,unchanged
164,草_フシギバナ_安定_V1,0.5393,Out: ヒマナッツ / In: タマタマ (Parent: 25/50 -> Mutant: 27/50)
164,雷_ピカチュウ_グッズ偏重_V3,0.5105,unchanged
164,鋼_メルルギア_究極_V6_アルティメット,0.4561,unchanged
164,鋼_メルルギア_安定_V1,0.3471,unchanged
164,水_スターミー_安定_V1,0.4851,Out: カルム / In: シズクモ (Parent: 19/50 -> Mutant: 24/50)
164,雷_ピカチュウ_究極_V6_アルティメット,0.6438,unchanged
164,水_スターミー_究極_V6_アルティメット,0.4922,Out: ハンドスコープ / In: アローラロコン (Parent: 33/50 -> Mutant: 36/50)
164,鋼_メルルギア_グッズ偏重_V3,0.5761,unchanged
164,闘_ガブルカ_グッズ偏重_V3,0.4601,unchanged
164,超_ゲンガー_究極_V6_アルティメット,0.4577,unchanged
164,龍悪_ギラダク_究極_V6_アルティメット,0.5974,unchanged
164,炎_リザードンX_グッズ偏重_V3,0.5780,Out: ラウドボーン / In: トレーニングエリア (Parent: 42/50 -> Mutant: 45/50)
164,炎_リザードンX_安定_V1,0.4699,unchanged
164,超_ミュウツー_グッズ偏重_V3,0.7389,unchanged
164,雷_ピカチュウ_安定_V1,0.4843,Out: パチリスex / In: ビーストウォール (Parent: 35/50 -> Mutant: 39/50)
165,炎_リザードンX_安定_V1,0.4709,unchanged
165,炎_リザードンX_究極_V6_アルティメット,0.6024,unchanged
165,水_スターミー_究極_V6_アルティメット,0.4934,unchanged
165,闘_ガブルカ_究極_V6_アルティメット,0.2593,unchanged
165,雷_ピカチュウ_究極_V6_アルティメット,0.6445,unchanged
165,水_スターミー_安定_V1,0.4851,unchanged
165,鋼_メルルギア_安定_V1,0.3477,Out: ハーデリア / In: ナットレイ (Parent: 19/50 -> Mutant: 21/50)
165,雷_ピカチュウ_グッズ偏重_V3,0.5108,unchanged
165,闘_ガブルカ_グッズ偏重_V3,0.4604,unchanged
165,超_ミュウツー_安定_V1,0.3715,Out: ネイティ / In: はじまりの平原 (Parent: 25/50 -> Mutant: 31/50)
165,超_ゲンガー_安定_V1,0.4501,Out: メモリーライト / In: ポケモンセンターのお姉さん (Parent: 21/50 -> Mutant: 24/50)
165,超_ミュウツー_グッズ偏重_V3,0.7390,Out: はじまりの平原 / In: 大きなふうせん (Parent: 40/50 -> Mutant: 43/50)
165,龍悪_ギラダク_安定_V1,0.3759,Out: ダークライ / In: 博士の研究 (Parent: 16/50 -> Mutant: 19/50)
165,水_スターミー_グッズ偏重_V3,0.5485,unchanged
165,草_フシギバナ_究極_V6_アルティメット,0.7440,unchanged
165,草_フシギバナ_グッズ偏重_V3,0.4731,Out: マスカーニャex / In: キレイハナ (Parent: 43/50 -> Mutant: 45/50)
165,龍悪_ギラダク_グッズ偏重_V3,0.5835,unchanged
165,草_フシギバナ_安定_V1,0.5389,unchanged
165,龍悪_ギラダク_究極_V6_アルティメット,0.5968,Out: パルデアドオーex / In: ダークライ (Parent: 33/50 -> Mutant: 36/50)
165,超_ゲンガー_グッズ偏重_V3,0.2869,unchanged
165,超_ミュウツー_究極_V6_アルティメット,0.6307,unchanged
165,雷_ピカチュウ_安定_V1,0.4838,unchanged
165,炎_リザードンX_グッズ偏重_V3,0.5784,unchanged
165,超_ゲンガー_究極_V6_アルティメット,0.4566,Out: ゴース / In: バリヤード (Parent: 22/50 -> Mutant: 31/50)
165,鋼_メルルギア_グッズ偏重_V3,0.5757,unchanged
165,闘_ガブルカ_安定_V1,0.3374,unchanged
165,鋼_メルルギア_究極_V6_アルティメット,0.4548,unchanged
166,炎_リザードンX_グッズ偏重_V3,0.5799,unchanged
166,鋼_メルルギア_究極_V6_アルティメット,0.4544,unchanged
166,炎_リザードンX_安定_V1,0.4715,unchanged
166,草_フシギバナ_安定_V1,0.5391,unchanged
166,龍悪_ギラダク_グッズ偏重_V3,0.5839,unchanged
166,雷_ピカチュウ_究極_V6_アルティメット,0.6450,unchanged
166,超_ゲンガー_安定_V1,0.4502,unchanged
166,水_スターミー_グッズ偏重_V3,0.5486,unchanged
166,超_ゲンガー_グッズ偏重_V3,0.2872,unchanged
166,超_ミュウツー_グッズ偏重_V3,0.7392,Out: 大きなふうせん / In: クエスパトラ (Parent: 40/50 -> Mutant: 42/50)
166,鋼_メルルギア_グッズ偏重_V3,0.5761,unchanged
166,闘_ガブルカ_グッズ偏重_V3,0.4605,unchanged
166,雷_ピカチュウ_安定_V1,0.4838,unchanged
166,水_スターミー_究極_V6_アルティメット,0.4940,unchanged
166,雷_ピカチュウ_グッズ偏重_V3,0.5106,unchanged
166,龍悪_ギラダク_究極_V6_アルティメット,0.5959,unchanged
166,水_スターミー_安定_V1,0.4846,unchanged
166,草_フシギバナ_究極_V6_アルティメット,0.7439,unchanged
166,闘_ガブルカ_究極_V6_アルティメット,0.2592,unchanged
166,鋼_メルルギア_安定_V1,0.3476,unchanged
166,超_ゲンガー_究極_V6_アルティメット,0.4556,unchanged
166,超_ミュウツー_安定_V1,0.3716,unchanged
166,龍悪_ギラダク_安定_V1,0.3744,unchanged
166,超_ミュウツー_究極_V6_アルティメット,0.6305,unchanged
166,草_フシギバナ_グッズ偏重_V3,0.4744,unchanged
166,炎_リザードンX_究極_V6_アルティメット,0.6018,unchanged
166,闘_ガブルカ_安定_V1,0.3365,unchanged
167,水_スターミー_安定_V1,0.4848,unchanged
167,炎_リザードンX_究極_V6_アルティメット,0.6027,Out: コトネ / In: ヒードラン (Parent: 33/50 -> Mutant: 40/50)
167,闘_ガブルカ_安定_V1,0.3370,Out: コジョフー / In: アーケオス (Parent: 25/50 -> Mutant: 27/50)
167,闘_ガブルカ_グッズ偏重_V3,0.4613,unchanged
167,龍悪_ギラダク_安定_V1,0.3734,Out: イツキ / In: イトマル (Parent: 12/50 -> Mutant: 17/50)
167,草_フシギバナ_グッズ偏重_V3,0.4763,unchanged
167,超_ゲンガー_グッズ偏重_V3,0.2875,Out: ムウマ / In: アグノム (Parent: 18/50 -> Mutant: 21/50)
167,鋼_メルルギア_グッズ偏重_V3,0.5768,Out: ドデカバシ / In: メガガルーラex (Parent: 36/50 -> Mutant: 43/50)
167,草_フシギバナ_安定_V1,0.5393,unchanged
167,超_ミュウツー_安定_V1,0.3726,unchanged
167,炎_リザードンX_安定_V1,0.4717,unchanged
167,鋼_メルルギア_安定_V1,0.3479,unchanged
167,超_ミュウツー_究極_V6_アルティメット,0.6311,unchanged
167,超_ミュウツー_グッズ偏重_V3,0.7388,unchanged
167,超_ゲンガー_究極_V6_アルティメット,0.4551,Out: ラルトス / In: レスキュースカーフ (Parent: 23/50 -> Mutant: 28/50)
167,雷_ピカチュウ_安定_V1,0.4835,unchanged
167,水_スターミー_究極_V6_アルティメット,0.4944,unchanged
167,龍悪_ギラダク_究極_V6_アルティメット,0.5949,Out: エレメンタルつけかえ / In: ガバイト (Parent: 28/50 -> Mutant: 34/50)
167,鋼_メルルギア_究極_V6_アルティメット,0.4534,Out: はじまりの平原 / In: メガクチートex (Parent: 22/50 -> Mutant: 26/50)
167,闘_ガブルカ_究極_V6_アルティメット,0.2591,unchanged
167,超_ゲンガー_安定_V1,0.4497,Out: ペロッパフ / In: ポットデス (Parent: 22/50 -> Mutant: 28/50)
167,雷_ピカチュウ_グッズ偏重_V3,0.5099,unchanged
167,雷_ピカチュウ_究極_V6_アルティメット,0.6445,unchanged
167,草_フシギバナ_究極_V6_アルティメット,0.7435,Out: ガーメイル / In: デンジ (Parent: 43/50 -> Mutant: 47/50)
167,炎_リザードンX_グッズ偏重_V3,0.5801,unchanged
167,水_スターミー_グッズ偏重_V3,0.5480,unchanged
167,龍悪_ギラダク_グッズ偏重_V3,0.5829,unchanged
168,闘_ガブルカ_グッズ偏重_V3,0.4622,unchanged
168,草_フシギバナ_グッズ偏重_V3,0.4786,unchanged
168,超_ミュウツー_グッズ偏重_V3,0.7390,unchanged
168,超_ゲンガー_グッズ偏重_V3,0.2879,unchanged
168,水_スターミー_安定_V1,0.4848,Out: スワンナ / In: ルージュラ (Parent: 21/50 -> Mutant: 25/50)
168,草_フシギバナ_究極_V6_アルティメット,0.7439,unchanged
168,闘_ガブルカ_安定_V1,0.3378,unchanged
168,超_ゲンガー_究極_V6_アルティメット,0.4548,Out: むしよけスプレー / In: ルージュラ (Parent: 22/50 -> Mutant: 26/50)
168,闘_ガブルカ_究極_V6_アルティメット,0.2595,unchanged
168,水_スターミー_グッズ偏重_V3,0.5482,unchanged
168,龍悪_ギラダク_グッズ偏重_V3,0.5829,unchanged
168,炎_リザードンX_グッズ偏重_V3,0.5809,Out: トレーニングエリア / In: エンニュート (Parent: 38/50 -> Mutant: 43/50)
168,雷_ピカチュウ_グッズ偏重_V3,0.5097,unchanged
168,雷_ピカチュウ_究極_V6_アルティメット,0.6444,unchanged
168,超_ゲンガー_安定_V1,0.4494,unchanged
168,超_ミュウツー_安定_V1,0.3733,unchanged
168,鋼_メルルギア_安定_V1,0.3477,unchanged
168,炎_リザードンX_安定_V1,0.4715,unchanged
168,水_スターミー_究極_V6_アルティメット,0.4945,Out: ジュン / In: ウッウ (Parent: 34/50 -> Mutant: 37/50)
168,龍悪_ギラダク_安定_V1,0.3718,unchanged
168,超_ミュウツー_究極_V6_アルティメット,0.6309,Out: サカキ / In: ピクシー (Parent: 31/50 -> Mutant: 38/50)
168,炎_リザードンX_究極_V6_アルティメット,0.6023,unchanged
168,雷_ピカチュウ_安定_V1,0.4829,Out: モココ / In: テーブルシティ (Parent: 30/50 -> Mutant: 35/50)
168,龍悪_ギラダク_究極_V6_アルティメット,0.5935,unchanged
168,草_フシギバナ_安定_V1,0.5383,unchanged
168,鋼_メルルギア_グッズ偏重_V3,0.5768,unchanged
168,鋼_メルルギア_究極_V6_アルティメット,0.4525,unchanged
169,草_フシギバナ_究極_V6_アルティメット,0.7445,unchanged
169,炎_リザードンX_安定_V1,0.4723,unchanged
169,闘_ガブルカ_究極_V6_アルティメット,0.2601,unchanged
169,超_ゲンガー_安定_V1,0.4499,unchanged
169,炎_リザードンX_グッズ偏重_V3,0.5823,unchanged
169,雷_ピカチュウ_究極_V6_アルティメット,0.6446,unchanged
169,闘_ガブルカ_グッズ偏重_V3,0.4627,unchanged
169,超_ゲンガー_究極_V6_アルティメット,0.4548,unchanged
169,超_ミュウツー_安定_V1,0.3742,unchanged
169,雷_ピカチュウ_安定_V1,0.4829,unchanged
169,草_フシギバナ_安定_V1,0.5383,Out: タマタマ / In: ハヤシガメ (Parent: 28/50 -> Mutant: 32/50)
169,水_スターミー_究極_V6_アルティメット,0.4949,unchanged
169,水_スターミー_グッズ偏重_V3,0.5479,unchanged
169,龍悪_ギラダク_安定_V1,0.3705,unchanged
169,鋼_メルルギア_安定_V1,0.3476,unchanged
169,草_フシギバナ_グッズ偏重_V3,0.4802,unchanged
169,水_スターミー_安定_V1,0.4841,Out: フィオネ / In: ヒカリ (Parent: 16/50 -> Mutant: 22/50)
169,龍悪_ギラダク_グッズ偏重_V3,0.5826,Out: イーブイのバッグ / In: フカマル (Parent: 26/50 -> Mutant: 31/50)
169,雷_ピカチュウ_グッズ偏重_V3,0.5091,Out: メモリーライト / In: おさかなネット (Parent: 31/50 -> Mutant: 36/50)
169,闘_ガブルカ_安定_V1,0.3376,Out: ナツメ / In: イワーク (Parent: 19/50 -> Mutant: 25/50)
169,超_ミュウツー_究極_V6_アルティメット,0.6308,unchanged
169,鋼_メルルギア_グッズ偏重_V3,0.5771,unchanged
169,炎_リザードンX_究極_V6_アルティメット,0.6019,unchanged
169,超_ゲンガー_グッズ偏重_V3,0.2875,Out: ミミッキュex / In: ヨノワール (Parent: 9/50 -> Mutant: 14/50)
169,鋼_メルルギア_究極_V6_アルティメット,0.4517,unchanged
169,龍悪_ギラダク_究極_V6_アルティメット,0.5919,unchanged
169,超_ミュウツー_グッズ偏重_V3,0.7380,unchanged
170,水_スターミー_究極_V6_アルティメット,0.4957,unchanged
170,超_ミュウツー_安定_V1,0.3753,unchanged
170,超_ミュウツー_究極_V6_アルティメット,0.6314,unchanged
170,超_ゲンガー_究極_V6_アルティメット,0.4548,unchanged
170,草_フシギバナ_グッズ偏重_V3,0.4823,unchanged
170,超_ミュウツー_グッズ偏重_V3,0.7382,Out: テーブルシティ / In: マホイップ (Parent: 40/50 -> Mutant: 44/50)
170,草_フシギバナ_安定_V1,0.5385,Out: モジャンボ / In: リーフ (Parent: 31/50 -> Mutant: 37/50)
170,闘_ガブルカ_安定_V1,0.3382,unchanged
170,龍悪_ギラダク_安定_V1,0.3695,Out: ドンカラス / In: 当たりつきアイス (Parent: 13/50 -> Mutant: 22/50)
170,龍悪_ギラダク_究極_V6_アルティメット,0.5915,unchanged
170,炎_リザードンX_グッズ偏重_V3,0.5832,unchanged
170,炎_リザードンX_安定_V1,0.4724,Out: カエンジシ / In: ウインディ (Parent: 27/50 -> Mutant: 30/50)
170,鋼_メルルギア_グッズ偏重_V3,0.5780,Out: ポケモン図鑑 / In: ジバコイル (Parent: 42/50 -> Mutant: 44/50)
170,草_フシギバナ_究極_V6_アルティメット,0.7444,Out: いたずらルーレット / In: イツキ (Parent: 40/50 -> Mutant: 45/50)
170,雷_ピカチュウ_グッズ偏重_V3,0.5089,Out: 博士の研究 / In: パーモット (Parent: 23/50 -> Mutant: 28/50)
170,炎_リザードンX_究極_V6_アルティメット,0.6019,unchanged
170,闘_ガブルカ_究極_V6_アルティメット,0.2600,unchanged
170,闘_ガブルカ_グッズ偏重_V3,0.4627,unchanged
170,超_ゲンガー_グッズ偏重_V3,0.2869,unchanged
170,超_ゲンガー_安定_V1,0.4496,Out: ネクロズマ / In: ダークペンダント (Parent: 26/50 -> Mutant: 29/50)
170,水_スターミー_グッズ偏重_V3,0.5477,unchanged
170,雷_ピカチュウ_究極_V6_アルティメット,0.6441,unchanged
170,鋼_メルルギア_安定_V1,0.3472,unchanged
170,龍悪_ギラダク_グッズ偏重_V3,0.5808,Out: ベトベトン / In: レッド (Parent: 18/50 -> Mutant: 28/50)
170,鋼_メルルギア_究極_V6_アルティメット,0.4513,Out: パッチール / In: スピンロトム (Parent: 25/50 -> Mutant: 34/50)
170,水_スターミー_安定_V1,0.4833,Out: ラプラス / In: アズマオウ (Parent: 25/50 -> Mutant: 31/50)
170,雷_ピカチュウ_安定_V1,0.4821,unchanged
171,龍悪_ギラダク_グッズ偏重_V3,0.5804,Out: アゴの化石 / In: カキ (Parent: 21/50 -> Mutant: 25/50)
171,雷_ピカチュウ_究極_V6_アルティメット,0.6448,unchanged
171,雷_ピカチュウ_グッズ偏重_V3,0.5094,unchanged
171,鋼_メルルギア_グッズ偏重_V3,0.5794,unchanged
171,草_フシギバナ_グッズ偏重_V3,0.4844,unchanged
171,水_スターミー_グッズ偏重_V3,0.5480,unchanged
171,闘_ガブルカ_グッズ偏重_V3,0.4632,Out: アイリス / In: グライオン (Parent: 24/50 -> Mutant: 29/50)
171,水_スターミー_究極_V6_アルティメット,0.4960,unchanged
171,水_スターミー_安定_V1,0.4829,unchanged
171,超_ミュウツー_グッズ偏重_V3,0.7383,Out: ペロリーム / In: ムシャーナ (Parent: 43/50 -> Mutant: 45/50)
171,炎_リザードンX_究極_V6_アルティメット,0.6021,unchanged
171,超_ミュウツー_安定_V1,0.3758,Out: エーフィ / In: カルネ (Parent: 29/50 -> Mutant: 33/50)
171,龍悪_ギラダク_安定_V1,0.3684,Out: ヒレの化石 / In: ウルトラネクロズマex (Parent: 11/50 -> Mutant: 19/50)
171,鋼_メルルギア_安定_V1,0.3473,Out: ポリゴン / In: ドーミラー (Parent: 18/50 -> Mutant: 26/50)
171,草_フシギバナ_究極_V6_アルティメット,0.7445,unchanged
171,闘_ガブルカ_安定_V1,0.3387,Out: アーケオス / In: カスミ (Parent: 21/50 -> Mutant: 27/50)
171,炎_リザードンX_安定_V1,0.4724,Out: メガバシャーモex / In: メガリザードンXex (Parent: 29/50 -> Mutant: 31/50)
171,超_ゲンガー_安定_V1,0.4493,unchanged
171,雷_ピカチュウ_安定_V1,0.4818,unchanged
171,超_ゲンガー_究極_V6_アルティメット,0.4538,Out: ネイティ / In: ルナトーン (Parent: 24/50 -> Mutant: 27/50)
171,草_フシギバナ_安定_V1,0.5380,Out: ダークペンダント / In: カイロス (Parent: 23/50 -> Mutant: 37/50)
171,炎_リザードンX_グッズ偏重_V3,0.5836,unchanged
171,龍悪_ギラダク_究極_V6_アルティメット,0.5905,unchanged
171,鋼_メルルギア_究極_V6_アルティメット,0.4507,Out: ヨルノズク / In: ヨルノズク (Parent: 25/50 -> Mutant: 29/50)
171,闘_ガブルカ_究極_V6_アルティメット,0.2595,unchanged
171,超_ゲンガー_グッズ偏重_V3,0.2858,Out: コスモウム / In: キョウ (Parent: 17/50 -> Mutant: 21/50)
171,超_ミュウツー_究極_V6_アルティメット,0.6308,unchanged
172,草_フシギバナ_グッズ偏重_V3,0.4866,unchanged
172,超_ゲンガー_安定_V1,0.4500,Out: ポケモンセンターのお姉さん / In: シンボラー (Parent: 22/50 -> Mutant: 28/50)
172,闘_ガブルカ_安定_V1,0.3395,unchanged
172,龍悪_ギラダク_安定_V1,0.3682,Out: ベトベトン / In: ポチエナ (Parent: 20/50 -> Mutant: 24/50)
172,炎_リザードンX_グッズ偏重_V3,0.5849,unchanged
172,草_フシギバナ_安定_V1,0.5383,unchanged
172,超_ゲンガー_究極_V6_アルティメット,0.4536,unchanged
172,鋼_メルルギア_究極_V6_アルティメット,0.4510,Out: ダイノーズex / In: 博士の研究 (Parent: 16/50 -> Mutant: 27/50)
172,雷_ピカチュウ_究極_V6_アルティメット,0.6448,Out: ライボルト / In: デンリュウ (Parent: 36/50 -> Mutant: 41/50)
172,雷_ピカチュウ_グッズ偏重_V3,0.5096,unchanged
172,水_スターミー_究極_V6_アルティメット,0.4963,unchanged
172,雷_ピカチュウ_安定_V1,0.4819,Out: パチリスex / In: ふたの化石 (Parent: 17/50 -> Mutant: 23/50)
172,炎_リザードンX_究極_V6_アルティメット,0.6022,Out: カルム / In: ワカシャモ (Parent: 33/50 -> Mutant: 39/50)
172,鋼_メルルギア_安定_V1,0.3475,Out: ピジョン / In: スイレン (Parent: 21/50 -> Mutant: 29/50)
172,超_ミュウツー_究極_V6_アルティメット,0.6306,Out: シロデスナ / In: メリッサ (Parent: 22/50 -> Mutant: 31/50)
172,鋼_メルルギア_グッズ偏重_V3,0.5801,unchanged
172,草_フシギバナ_究極_V6_アルティメット,0.7444,unchanged
172,超_ミュウツー_安定_V1,0.3760,unchanged
172,水_スターミー_グッズ偏重_V3,0.5479,unchanged
172,龍悪_ギラダク_グッズ偏重_V3,0.5789,unchanged
172,炎_リザードンX_安定_V1,0.4723,unchanged
172,水_スターミー_安定_V1,0.4819,Out: ずがいの化石 / In: シルバー (Parent: 25/50 -> Mutant: 28/50)
172,超_ミュウツー_グッズ偏重_V3,0.7376,unchanged
172,闘_ガブルカ_究極_V6_アルティメット,0.2590,unchanged
172,闘_ガブルカ_グッズ偏重_V3,0.4629,unchanged
172,超_ゲンガー_グッズ偏重_V3,0.2850,unchanged
172,龍悪_ギラダク_究極_V6_アルティメット,0.5890,unchanged
173,鋼_メルルギア_グッズ偏重_V3,0.5816,unchanged
173,超_ミュウツー_安定_V1,0.3773,Out: ムウマ / In: シトロンのリュック (Parent: 28/50 -> Mutant: 34/50)
173,炎_リザードンX_安定_V1,0.4729,unchanged
173,雷_ピカチュウ_究極_V6_アルティメット,0.6454,unchanged
173,超_ミュウツー_グッズ偏重_V3,0.7379,Out: 幻の石板 / In: ロケット団のしたっぱ (Parent: 41/50 -> Mutant: 47/50)
173,炎_リザードンX_グッズ偏重_V3,0.5861,unchanged
173,龍悪_ギラダク_究極_V6_アルティメット,0.5886,Out: おおきいマラサダ / In: ビーストナイト (Parent: 26/50 -> Mutant: 30/50)
173,草_フシギバナ_安定_V1,0.5385,unchanged
173,鋼_メルルギア_安定_V1,0.3476,Out: イーブイex / In: ワッカネズミ (Parent: 17/50 -> Mutant: 22/50)
173,闘_ガブルカ_安定_V1,0.3399,unchanged
173,超_ゲンガー_究極_V6_アルティメット,0.4534,unchanged
173,超_ミュウツー_究極_V6_アルティメット,0.6309,unchanged
173,炎_リザードンX_究極_V6_アルティメット,0.6023,unchanged
173,水_スターミー_グッズ偏重_V3,0.5479,Out: ハルクジラ / In: スワンナ (Parent: 31/50 -> Mutant: 34/50)
173,草_フシギバナ_グッズ偏重_V3,0.4879,unchanged
173,草_フシギバナ_究極_V6_アルティメット,0.7443,Out: タルップル / In: リーフィアex (Parent: 42/50 -> Mutant: 45/50)
173,水_スターミー_安定_V1,0.4813,unchanged
173,龍悪_ギラダク_安定_V1,0.3674,unchanged
173,闘_ガブルカ_究極_V6_アルティメット,0.2589,Out: ヒカリ / In: ガメノデス (Parent: 25/50 -> Mutant: 27/50)
173,闘_ガブルカ_グッズ偏重_V3,0.4627,unchanged
173,超_ゲンガー_グッズ偏重_V3,0.2844,Out: ひみつのコハク / In: スナバァ (Parent: 13/50 -> Mutant: 21/50)
173,水_スターミー_究極_V6_アルティメット,0.4963,unchanged
173,龍悪_ギラダク_グッズ偏重_V3,0.5771,unchanged
173,超_ゲンガー_安定_V1,0.4492,unchanged
173,雷_ピカチュウ_安定_V1,0.4811,Out: スター団のしたっぱ / In: テーブルシティ (Parent: 22/50 -> Mutant: 25/50)
173,鋼_メルルギア_究極_V6_アルティメット,0.4503,Out: アセロラ / In: ペラップ (Parent: 26/50 -> Mutant: 32/50)
173,雷_ピカチュウ_グッズ偏重_V3,0.5086,unchanged
174,闘_ガブルカ_究極_V6_アルティメット,0.2595,unchanged
174,龍悪_ギラダク_究極_V6_アルティメット,0.5884,Out: ビーストナイト / In: アーゴヨン (Parent: 31/50 -> Mutant: 35/50)
174,水_スターミー_究極_V6_アルティメット,0.4969,unchanged
174,草_フシギバナ_究極_V6_アルティメット,0.7449,Out: デンジ / In: グラジオ (Parent: 40/50 -> Mutant: 45/50)
174,炎_リザードンX_究極_V6_アルティメット,0.6029,unchanged
174,龍悪_ギラダク_安定_V1,0.3671,unchanged
174,超_ミュウツー_究極_V6_アルティメット,0.6313,unchanged
174,鋼_メルルギア_安定_V1,0.3476,unchanged
174,水_スターミー_安定_V1,0.4812,unchanged
174,雷_ピカチュウ_究極_V6_アルティメット,0.6456,unchanged
174,炎_リザードンX_グッズ偏重_V3,0.5870,unchanged
174,超_ミュウツー_グッズ偏重_V3,0.7377,unchanged
174,炎_リザードンX_安定_V1,0.4732,unchanged
174,雷_ピカチュウ_グッズ偏重_V3,0.5084,unchanged
174,草_フシギバナ_安定_V1,0.5385,unchanged
174,闘_ガブルカ_安定_V1,0.3400,unchanged
174,鋼_メルルギア_究極_V6_アルティメット,0.4501,Out: ヨルノズク / In: ムックル (Parent: 17/50 -> Mutant: 27/50)
174,超_ゲンガー_究極_V6_アルティメット,0.4530,unchanged
174,超_ゲンガー_安定_V1,0.4488,unchanged
174,超_ミュウツー_安定_V1,0.3777,unchanged
174,雷_ピカチュウ_安定_V1,0.4803,unchanged
174,鋼_メルルギア_グッズ偏重_V3,0.5822,unchanged
174,闘_ガブルカ_グッズ偏重_V3,0.4625,Out: コライドン / In: エルレイドex (Parent: 26/50 -> Mutant: 36/50)
174,超_ゲンガー_グッズ偏重_V3,0.2837,unchanged
174,草_フシギバナ_グッズ偏重_V3,0.4890,unchanged
174,水_スターミー_グッズ偏重_V3,0.5474,unchanged
174,龍悪_ギラダク_グッズ偏重_V3,0.5753,Out: メンテナンス / In: メタルコアバリア (Parent: 29/50 -> Mutant: 36/50)
175,炎_リザードンX_安定_V1,0.4738,Out: メモリーライト / In: ランプラー (Parent: 30/50 -> Mutant: 36/50)
175,闘_ガブルカ_究極_V6_アルティメット,0.2601,Out: ルカリオex / In: グライオン (Parent: 14/50 -> Mutant: 25/50)
175,超_ミュウツー_究極_V6_アルティメット,0.6320,unchanged
175,闘_ガブルカ_安定_V1,0.3406,Out: カスミ / In: イシヘンジン (Parent: 22/50 -> Mutant: 28/50)
175,水_スターミー_究極_V6_アルティメット,0.4974,Out: アローラサンドパン / In: ユキワラシ (Parent: 29/50 -> Mutant: 34/50)
175,超_ミュウツー_安定_V1,0.3791,unchanged
175,超_ゲンガー_安定_V1,0.4488,unchanged
175,雷_ピカチュウ_安定_V1,0.4802,Out: ハンサム / In: パルスワン (Parent: 21/50 -> Mutant: 28/50)
175,雷_ピカチュウ_究極_V6_アルティメット,0.6459,unchanged
175,超_ゲンガー_グッズ偏重_V3,0.2835,unchanged
175,炎_リザードンX_究極_V6_アルティメット,0.6033,unchanged
175,草_フシギバナ_安定_V1,0.5387,unchanged
175,龍悪_ギラダク_グッズ偏重_V3,0.5742,unchanged
175,鋼_メルルギア_安定_V1,0.3473,unchanged
175,鋼_メルルギア_究極_V6_アルティメット,0.4497,unchanged
175,龍悪_ギラダク_安定_V1,0.3661,unchanged
175,闘_ガブルカ_グッズ偏重_V3,0.4625,Out: コジョフー / In: グラジオ (Parent: 31/50 -> Mutant: 34/50)
175,水_スターミー_安定_V1,0.4806,Out: シルバー / In: ヌマクロー (Parent: 25/50 -> Mutant: 31/50)
175,超_ゲンガー_究極_V6_アルティメット,0.4526,unchanged
175,鋼_メルルギア_グッズ偏重_V3,0.5828,Out: ナカヌチャン / In: こうらの化石 (Parent: 43/50 -> Mutant: 47/50)
175,龍悪_ギラダク_究極_V6_アルティメット,0.5874,unchanged
175,炎_リザードンX_グッズ偏重_V3,0.5875,unchanged
175,雷_ピカチュウ_グッズ偏重_V3,0.5073,unchanged
175,水_スターミー_グッズ偏重_V3,0.5467,Out: フリーザーex / In: セグレイブ (Parent: 29/50 -> Mutant: 31/50)
175,草_フシギバナ_究極_V6_アルティメット,0.7449,Out: ナッシー / In: 鋼鉄のまえかけ (Parent: 37/50 -> Mutant: 44/50)
175,超_ミュウツー_グッズ偏重_V3,0.7370,unchanged
175,草_フシギバナ_グッズ偏重_V3,0.4899,unchanged
176,超_ミュウツー_グッズ偏重_V3,0.7376,unchanged
176,水_スターミー_究極_V6_アルティメット,0.4982,unchanged
176,鋼_メルルギア_安定_V1,0.3474,unchanged
176,超_ゲンガー_グッズ偏重_V3,0.2833,Out: ナツメ / In: コトネ (Parent: 12/50 -> Mutant: 18/50)
176,雷_ピカチュウ_グッズ偏重_V3,0.5078,unchanged
176,雷_ピカチュウ_究極_V6_アルティメット,0.6464,unchanged
176,龍悪_ギラダク_グッズ偏重_V3,0.5738,unchanged
176,鋼_メルルギア_究極_V6_アルティメット,0.4498,Out: ムックル / In: ディアルガex (Parent: 25/50 -> Mutant: 33/50)
176,草_フシギバナ_安定_V1,0.5387,Out: カイロス / In: ハンサム (Parent: 33/50 -> Mutant: 35/50)
176,炎_リザードンX_安定_V1,0.4738,unchanged
176,水_スターミー_グッズ偏重_V3,0.5463,unchanged
176,龍悪_ギラダク_安定_V1,0.3656,unchanged
176,超_ミュウツー_安定_V1,0.3799,Out: たべのこし / In: ヤドン (Parent: 31/50 -> Mutant: 33/50)
176,闘_ガブルカ_究極_V6_アルティメット,0.2601,unchanged
176,炎_リザードンX_グッズ偏重_V3,0.5883,unchanged
176,超_ゲンガー_安定_V1,0.4484,unchanged
176,草_フシギバナ_グッズ偏重_V3,0.4915,unchanged
176,超_ゲンガー_究極_V6_アルティメット,0.4518,unchanged
176,雷_ピカチュウ_安定_V1,0.4798,unchanged
176,炎_リザードンX_究極_V6_アルティメット,0.6032,Out: ガーディ / In: ブーバーン (Parent: 28/50 -> Mutant: 35/50)
176,水_スターミー_安定_V1,0.4799,unchanged
176,闘_ガブルカ_グッズ偏重_V3,0.4624,unchanged
176,鋼_メルルギア_グッズ偏重_V3,0.5832,unchanged
176,超_ミュウツー_究極_V6_アルティメット,0.6316,unchanged
176,龍悪_ギラダク_究極_V6_アルティメット,0.5860,Out: ドラピオン / In: メガアブソルex (Parent: 31/50 -> Mutant: 42/50)
176,闘_ガブルカ_安定_V1,0.3406,unchanged
176,草_フシギバナ_究極_V6_アルティメット,0.7445,unchanged
177,草_フシギバナ_グッズ偏重_V3,0.4936,unchanged
177,炎_リザードンX_グッズ偏重_V3,0.5898,unchanged
177,炎_リザードンX_安定_V1,0.4744,Out: ビーストウォール / In: ブビィ (Parent: 31/50 -> Mutant: 34/50)
177,龍悪_ギラダク_安定_V1,0.3654,unchanged
177,草_フシギバナ_究極_V6_アルティメット,0.7448,Out: リーフィアex / In: ワナイダー (Parent: 36/50 -> Mutant: 41/50)
177,超_ミュウツー_安定_V1,0.3809,unchanged
177,龍悪_ギラダク_グッズ偏重_V3,0.5732,Out: ゴロンダ / In: スカタンク (Parent: 23/50 -> Mutant: 29/50)
177,闘_ガブルカ_グッズ偏重_V3,0.4633,unchanged
177,草_フシギバナ_安定_V1,0.5389,unchanged
177,鋼_メルルギア_究極_V6_アルティメット,0.4502,unchanged
177,超_ミュウツー_グッズ偏重_V3,0.7375,unchanged
177,超_ゲンガー_安定_V1,0.4483,unchanged
177,雷_ピカチュウ_究極_V6_アルティメット,0.6463,unchanged
177,鋼_メルルギア_安定_V1,0.3472,unchanged
177,超_ゲンガー_究極_V6_アルティメット,0.4512,unchanged
177,水_スターミー_安定_V1,0.4793,unchanged
177,超_ゲンガー_グッズ偏重_V3,0.2827,unchanged
177,龍悪_ギラダク_究極_V6_アルティメット,0.5857,unchanged
177,水_スターミー_グッズ偏重_V3,0.5457,unchanged
177,雷_ピカチュウ_安定_V1,0.4792,unchanged
177,雷_ピカチュウ_グッズ偏重_V3,0.5072,Out: きずぐすり / In: 釣り人 (Parent: 26/50 -> Mutant: 30/50)
177,水_スターミー_究極_V6_アルティメット,0.4978,unchanged
177,超_ミュウツー_究極_V6_アルティメット,0.6312,unchanged
177,鋼_メルルギア_グッズ偏重_V3,0.5835,Out: ずがいの化石 / In: ナットレイ (Parent: 46/50 -> Mutant: 48/50)
177,闘_ガブルカ_安定_V1,0.3402,Out: バンバドロ / In: イワーク (Parent: 23/50 -> Mutant: 28/50)
177,闘_ガブルカ_究極_V6_アルティメット,0.2596,Out: マンキー / In: どくバリ (Parent: 21/50 -> Mutant: 23/50)
177,炎_リザードンX_究極_V6_アルティメット,0.6030,unchanged
178,炎_リザードンX_究極_V6_アルティメット,0.6041,unchanged
178,闘_ガブルカ_グッズ偏重_V3,0.4645,unchanged
178,炎_リザードンX_安定_V1,0.4750,unchanged
178,超_ゲンガー_安定_V1,0.4485,unchanged
178,鋼_メルルギア_究極_V6_アルティメット,0.4505,unchanged
178,闘_ガブルカ_究極_V6_アルティメット,0.2600,unchanged
178,超_ミュウツー_安定_V1,0.3818,unchanged
178,草_フシギバナ_安定_V1,0.5389,unchanged
178,草_フシギバナ_究極_V6_アルティメット,0.7452,unchanged
178,水_スターミー_グッズ偏重_V3,0.5455,Out: たての化石 / In: ビーストウォール (Parent: 31/50 -> Mutant: 36/50)
178,雷_ピカチュウ_安定_V1,0.4790,Out: ネモ / In: アカネ (Parent: 24/50 -> Mutant: 30/50)
178,炎_リザードンX_グッズ偏重_V3,0.5906,unchanged
178,雷_ピカチュウ_グッズ偏重_V3,0.5070,Out: アローラライチュウ / In: たての化石 (Parent: 30/50 -> Mutant: 34/50)
178,超_ミュウツー_究極_V6_アルティメット,0.6314,unchanged
178,超_ゲンガー_グッズ偏重_V3,0.2824,Out: ココロモリ / In: イリマ (Parent: 16/50 -> Mutant: 19/50)
178,龍悪_ギラダク_安定_V1,0.3645,unchanged
178,龍悪_ギラダク_究極_V6_アルティメット,0.5855,unchanged
178,龍悪_ギラダク_グッズ偏重_V3,0.5717,unchanged
178,超_ミュウツー_グッズ偏重_V3,0.7368,Out: ヤドキング / In: アセロラ (Parent: 42/50 -> Mutant: 45/50)
178,超_ゲンガー_究極_V6_アルティメット,0.4506,unchanged
178,闘_ガブルカ_安定_V1,0.3403,unchanged
178,水_スターミー_安定_V1,0.4787,Out: カツラ / In: ギャラドスex (Parent: 23/50 -> Mutant: 27/50)
178,水_スターミー_究極_V6_アルティメット,0.4973,unchanged
178,草_フシギバナ_グッズ偏重_V3,0.4945,unchanged
178,鋼_メルルギア_安定_V1,0.3465,Out: ハイキングコース / In: マーマネ (Parent: 15/50 -> Mutant: 17/50)
178,鋼_メルルギア_グッズ偏重_V3,0.5835,unchanged
178,雷_ピカチュウ_究極_V6_アルティメット,0.6455,unchanged
179,水_スターミー_グッズ偏重_V3,0.5457,unchanged
179,草_フシギバナ_安定_V1,0.5395,unchanged
179,超_ミュウツー_安定_V1,0.3831,Out: ヤドン / In: ブーピッグ (Parent: 28/50 -> Mutant: 33/50)
179,龍悪_ギラダク_安定_V1,0.3643,unchanged
179,炎_リザードンX_究極_V6_アルティメット,0.6049,Out: ハウ / In: かいの化石 (Parent: 37/50 -> Mutant: 40/50)
179,雷_ピカチュウ_グッズ偏重_V3,0.5073,unchanged
179,鋼_メルルギア_グッズ偏重_V3,0.5845,unchanged
179,闘_ガブルカ_グッズ偏重_V3,0.4651,Out: エルレイドex / In: ケケンカニ (Parent: 31/50 -> Mutant: 33/50)
179,超_ゲンガー_安定_V1,0.4484,unchanged
179,龍悪_ギラダク_グッズ偏重_V3,0.5710,unchanged
179,闘_ガブルカ_究極_V6_アルティメット,0.2602,unchanged
179,草_フシギバナ_グッズ偏重_V3,0.4961,unchanged
179,超_ミュウツー_究極_V6_アルティメット,0.6317,unchanged
179,炎_リザードンX_安定_V1,0.4748,unchanged
179,超_ゲンガー_グッズ偏重_V3,0.2820,Out: スナバァ / In: ポケモンセンターのお姉さん (Parent: 10/50 -> Mutant: 19/50)
179,鋼_メルルギア_究極_V6_アルティメット,0.4505,Out: ロケット団のしたっぱ / In: オニドリル (Parent: 27/50 -> Mutant: 29/50)
179,水_スターミー_究極_V6_アルティメット,0.4969,Out: エリカ / In: オシャマリ (Parent: 28/50 -> Mutant: 35/50)
179,雷_ピカチュウ_究極_V6_アルティメット,0.6453,Out: サンダーex / In: シトロン (Parent: 33/50 -> Mutant: 35/50)
179,水_スターミー_安定_V1,0.4780,Out: ハギギシリ / In: むしよけスプレー (Parent: 21/50 -> Mutant: 23/50)
179,草_フシギバナ_究極_V6_アルティメット,0.7451,unchanged
179,龍悪_ギラダク_究極_V6_アルティメット,0.5850,unchanged
179,闘_ガブルカ_安定_V1,0.3402,Out: キョウ / In: シロナ (Parent: 25/50 -> Mutant: 27/50)
179,鋼_メルルギア_安定_V1,0.3459,unchanged
179,超_ゲンガー_究極_V6_アルティメット,0.4499,unchanged
179,雷_ピカチュウ_安定_V1,0.4781,Out: タイカイデン / In: モンスターボール (Parent: 23/50 -> Mutant: 27/50)
179,炎_リザードンX_グッズ偏重_V3,0.5906,Out: エンニュート / In: おおきいマラサダ (Parent: 40/50 -> Mutant: 42/50)
179,超_ミュウツー_グッズ偏重_V3,0.7359,unchanged
180,雷_ピカチュウ_安定_V1,0.4783,unchanged
180,炎_リザードンX_グッズ偏重_V3,0.5918,unchanged
180,闘_ガブルカ_グッズ偏重_V3,0.4659,Out: ゴローニャ / In: マクノシタ (Parent: 33/50 -> Mutant: 35/50)
180,超_ミュウツー_安定_V1,0.3844,unchanged
180,超_ゲンガー_グッズ偏重_V3,0.2820,Out: マオ / In: ヨマワル (Parent: 11/50 -> Mutant: 19/50)
180,炎_リザードンX_安定_V1,0.4750,Out: クイタラン / In: ウインディ (Parent: 28/50 -> Mutant: 33/50)
180,草_フシギバナ_究極_V6_アルティメット,0.7456,unchanged
180,闘_ガブルカ_究極_V6_アルティメット,0.2606,unchanged
180,闘_ガブルカ_安定_V1,0.3409,Out: ニョロボンex / In: ガントル (Parent: 25/50 -> Mutant: 28/50)
180,龍悪_ギラダク_グッズ偏重_V3,0.5702,Out: オノノクス / In: まもりのポンチョ (Parent: 23/50 -> Mutant: 26/50)
180,草_フシギバナ_安定_V1,0.5398,Out: エリカ / In: マオ (Parent: 34/50 -> Mutant: 37/50)
180,雷_ピカチュウ_究極_V6_アルティメット,0.6452,Out: セレナ / In: リーリエ (Parent: 36/50 -> Mutant: 42/50)
180,水_スターミー_グッズ偏重_V3,0.5454,unchanged
180,雷_ピカチュウ_グッズ偏重_V3,0.5070,Out: 釣り人 / In: シズイ (Parent: 23/50 -> Mutant: 29/50)
180,超_ミュウツー_究極_V6_アルティメット,0.6316,unchanged
180,鋼_メルルギア_究極_V6_アルティメット,0.4505,unchanged
180,炎_リザードンX_究極_V6_アルティメット,0.6052,unchanged
180,鋼_メルルギア_グッズ偏重_V3,0.5849,Out: ジバコイル / In: メタルコアバリア (Parent: 41/50 -> Mutant: 43/50)
180,草_フシギバナ_グッズ偏重_V3,0.4975,Out: ラフレシア / In: カルネ (Parent: 43/50 -> Mutant: 47/50)
180,水_スターミー_究極_V6_アルティメット,0.4963,unchanged
180,鋼_メルルギア_安定_V1,0.3454,unchanged
180,超_ゲンガー_安定_V1,0.4480,Out: ビーストウォール / In: メガチルタリスex (Parent: 20/50 -> Mutant: 24/50)
180,超_ミュウツー_グッズ偏重_V3,0.7351,unchanged
180,龍悪_ギラダク_究極_V6_アルティメット,0.5843,Out: アーゴヨン / In: グリーン (Parent: 31/50 -> Mutant: 33/50)
180,水_スターミー_安定_V1,0.4773,unchanged
180,超_ゲンガー_究極_V6_アルティメット,0.4490,unchanged
180,龍悪_ギラダク_安定_V1,0.3630,Out: グレッグル / In: スイレン (Parent: 12/50 -> Mutant: 20/50)
181,鋼_メルルギア_究極_V6_アルティメット,0.4512,unchanged
181,鋼_メルルギア_安定_V1,0.3457,unchanged
181,闘_ガブルカ_安定_V1,0.3416,Out: アーケン / In: カラカラ (Parent: 24/50 -> Mutant: 26/50)
181,雷_ピカチュウ_究極_V6_アルティメット,0.6455,Out: 大きなマント / In: ライコウex (Parent: 41/50 -> Mutant: 43/50)
181,龍悪_ギラダク_究極_V6_アルティメット,0.5846,unchanged
181,超_ミュウツー_グッズ偏重_V3,0.7355,unchanged
181,炎_リザードンX_究極_V6_アルティメット,0.6059,unchanged
181,龍悪_ギラダク_安定_V1,0.3628,unchanged
181,草_フシギバナ_究極_V6_アルティメット,0.7457,unchanged
181,水_スターミー_究極_V6_アルティメット,0.4964,unchanged
181,草_フシギバナ_安定_V1,0.5400,unchanged
181,闘_ガブルカ_グッズ偏重_V3,0.4659,unchanged
181,超_ゲンガー_究極_V6_アルティメット,0.4488,unchanged
181,超_ミュウツー_安定_V1,0.3849,unchanged
181,炎_リザードンX_安定_V1,0.4748,unchanged
181,水_スターミー_安定_V1,0.4767,unchanged
181,炎_リザードンX_グッズ偏重_V3,0.5922,unchanged
181,龍悪_ギラダク_グッズ偏重_V3,0.5690,unchanged
181,雷_ピカチュウ_安定_V1,0.4778,Out: ミライドン / In: デデンネ (Parent: 29/50 -> Mutant: 31/50)
181,超_ミュウツー_究極_V6_アルティメット,0.6313,unchanged
181,草_フシギバナ_グッズ偏重_V3,0.4985,Out: エレキジェネレーター / In: ビーストウォール (Parent: 42/50 -> Mutant: 44/50)
181,闘_ガブルカ_究極_V6_アルティメット,0.2605,unchanged
181,水_スターミー_グッズ偏重_V3,0.5447,unchanged
181,鋼_メルルギア_グッズ偏重_V3,0.5851,unchanged
181,超_ゲンガー_グッズ偏重_V3,0.2811,unchanged
181,超_ゲンガー_安定_V1,0.4477,unchanged
181,雷_ピカチュウ_グッズ偏重_V3,0.5060,Out: アローラゴローニャ / In: おさかなネット (Parent: 29/50 -> Mutant: 33/50)
182,雷_ピカチュウ_安定_V1,0.4778,Out: ハウ / In: レッド (Parent: 27/50 -> Mutant: 33/50)
182,水_スターミー_グッズ偏重_V3,0.5447,Out: ガマゲロゲ / In: ヨワシex (Parent: 31/50 -> Mutant: 39/50)
182,龍悪_ギラダク_究極_V6_アルティメット,0.5849,unchanged
182,炎_リザードンX_安定_V1,0.4754,Out: ハンサム / In: シロナ (Parent: 29/50 -> Mutant: 32/50)
182,草_フシギバナ_安定_V1,0.5405,unchanged
182,闘_ガブルカ_グッズ偏重_V3,0.4665,unchanged
182,超_ゲンガー_グッズ偏重_V3,0.2809,unchanged
182,闘_ガブルカ_究極_V6_アルティメット,0.2610,unchanged
182,雷_ピカチュウ_グッズ偏重_V3,0.5062,Out: リーリエ / In: ヘビーメット (Parent: 18/50 -> Mutant: 26/50)
182,龍悪_ギラダク_グッズ偏重_V3,0.5683,unchanged
182,超_ゲンガー_究極_V6_アルティメット,0.4483,Out: ゼルネアス / In: シトロンのリュック (Parent: 22/50 -> Mutant: 25/50)
182,水_スターミー_究極_V6_アルティメット,0.4966,Out: ユキワラシ / In: ラプラス (Parent: 31/50 -> Mutant: 37/50)
182,闘_ガブルカ_安定_V1,0.3417,unchanged
182,鋼_メルルギア_グッズ偏重_V3,0.5859,Out: メタルコアバリア / In: フォレトス (Parent: 37/50 -> Mutant: 41/50)
182,草_フシギバナ_究極_V6_アルティメット,0.7459,Out: ふしぎな広場 / In: ロズレイド (Parent: 41/50 -> Mutant: 45/50)
182,超_ミュウツー_安定_V1,0.3855,Out: メガチルタリスex / In: ブーピッグ (Parent: 23/50 -> Mutant: 27/50)
182,超_ミュウツー_グッズ偏重_V3,0.7352,unchanged
182,炎_リザードンX_究極_V6_アルティメット,0.6062,unchanged
182,水_スターミー_安定_V1,0.4762,unchanged
182,鋼_メルルギア_安定_V1,0.3453,unchanged
182,超_ミュウツー_究極_V6_アルティメット,0.6309,unchanged
182,草_フシギバナ_グッズ偏重_V3,0.4996,unchanged
182,鋼_メルルギア_究極_V6_アルティメット,0.4508,unchanged
182,炎_リザードンX_グッズ偏重_V3,0.5924,unchanged
182,龍悪_ギラダク_安定_V1,0.3616,Out: ギモー / In: ゴースト (Parent: 20/50 -> Mutant: 24/50)
182,雷_ピカチュウ_究極_V6_アルティメット,0.6448,unchanged
182,超_ゲンガー_安定_V1,0.4469,unchanged
183,水_スターミー_究極_V6_アルティメット,0.4976,unchanged
183,超_ゲンガー_安定_V1,0.4478,unchanged
183,龍悪_ギラダク_安定_V1,0.3614,Out: オラチフ / In: アセロラ (Parent: 11/50 -> Mutant: 17/50)
183,闘_ガブルカ_グッズ偏重_V3,0.4672,unchanged
183,鋼_メルルギア_グッズ偏重_V3,0.5868,unchanged
183,草_フシギバナ_究極_V6_アルティメット,0.7464,unchanged
183,水_スターミー_グッズ偏重_V3,0.5455,Out: マーマネ / In: カジリガメ (Parent: 32/50 -> Mutant: 35/50)
183,超_ミュウツー_究極_V6_アルティメット,0.6313,unchanged
183,超_ミュウツー_グッズ偏重_V3,0.7354,unchanged
183,超_ゲンガー_グッズ偏重_V3,0.2808,unchanged
183,雷_ピカチュウ_究極_V6_アルティメット,0.6448,unchanged
183,雷_ピカチュウ_安定_V1,0.4773,unchanged
183,炎_リザードンX_安定_V1,0.4753,Out: こうらの化石 / In: ヒトカゲ (Parent: 24/50 -> Mutant: 31/50)
183,鋼_メルルギア_安定_V1,0.3452,Out: ザングース / In: ポッポ (Parent: 18/50 -> Mutant: 20/50)
183,雷_ピカチュウ_グッズ偏重_V3,0.5058,unchanged
183,超_ミュウツー_安定_V1,0.3851,Out: スリーパー / In: ポケモン通信 (Parent: 26/50 -> Mutant: 30/50)
183,闘_ガブルカ_安定_V1,0.3417,unchanged
183,草_フシギバナ_グッズ偏重_V3,0.5009,unchanged
183,水_スターミー_安定_V1,0.4755,Out: ヌマクロー / In: シードラ (Parent: 24/50 -> Mutant: 28/50)
183,超_ゲンガー_究極_V6_アルティメット,0.4478,unchanged
183,鋼_メルルギア_究極_V6_アルティメット,0.4505,Out: ミカン / In: ポリゴンZ (Parent: 21/50 -> Mutant: 29/50)
183,炎_リザードンX_グッズ偏重_V3,0.5925,unchanged
183,闘_ガブルカ_究極_V6_アルティメット,0.2607,unchanged
183,炎_リザードンX_究極_V6_アルティメット,0.6061,unchanged
183,草_フシギバナ_安定_V1,0.5398,Out: ハンサム / In: ハンサム (Parent: 34/50 -> Mutant: 36/50)
183,龍悪_ギラダク_究極_V6_アルティメット,0.5843,Out: アカギ / In: ポケモン通信 (Parent: 35/50 -> Mutant: 39/50)
183,龍悪_ギラダク_グッズ偏重_V3,0.5666,unchanged
184,超_ゲンガー_究極_V6_アルティメット,0.4479,Out: シンボラー / In: マーズ (Parent: 32/50 -> Mutant: 35/50)
184,鋼_メルルギア_究極_V6_アルティメット,0.4510,unchanged
184,雷_ピカチュウ_安定_V1,0.4773,unchanged
184,鋼_メルルギア_安定_V1,0.3453,unchanged
184,闘_ガブルカ_安定_V1,0.3422,unchanged
184,水_スターミー_究極_V6_アルティメット,0.4983,unchanged
184,雷_ピカチュウ_究極_V6_アルティメット,0.6453,unchanged
184,水_スターミー_安定_V1,0.4755,unchanged
184,超_ゲンガー_グッズ偏重_V3,0.2804,unchanged
184,草_フシギバナ_グッズ偏重_V3,0.5025,unchanged
184,超_ミュウツー_究極_V6_アルティメット,0.6314,unchanged
184,炎_リザードンX_グッズ偏重_V3,0.5933,unchanged
184,超_ミュウツー_安定_V1,0.3851,Out: ネイティ / In: キルリア (Parent: 25/50 -> Mutant: 33/50)
184,龍悪_ギラダク_グッズ偏重_V3,0.5657,unchanged
184,闘_ガブルカ_グッズ偏重_V3,0.4674,Out: エルレイドex / In: フレイムパッチ (Parent: 26/50 -> Mutant: 35/50)
184,草_フシギバナ_究極_V6_アルティメット,0.7464,unchanged
184,草_フシギバナ_安定_V1,0.5397,Out: アイリス / In: かけだし調査員 (Parent: 28/50 -> Mutant: 33/50)
184,雷_ピカチュウ_グッズ偏重_V3,0.5052,unchanged
184,炎_リザードンX_究極_V6_アルティメット,0.6062,unchanged
184,闘_ガブルカ_究極_V6_アルティメット,0.2606,Out: グライオン / In: 釣り人 (Parent: 17/50 -> Mutant: 22/50)
184,水_スターミー_グッズ偏重_V3,0.5453,unchanged
184,龍悪_ギラダク_安定_V1,0.3603,unchanged
184,龍悪_ギラダク_究極_V6_アルティメット,0.5837,unchanged
184,超_ミュウツー_グッズ偏重_V3,0.7347,unchanged
184,炎_リザードンX_安定_V1,0.4746,Out: バオップ / In: マグカルゴ (Parent: 25/50 -> Mutant: 30/50)
184,鋼_メルルギア_グッズ偏重_V3,0.5871,unchanged
184,超_ゲンガー_安定_V1,0.4473,Out: ハンサム / In: イエッサン (Parent: 29/50 -> Mutant: 31/50)
185,龍悪_ギラダク_安定_V1,0.3604,Out: アーボック / In: ドガース (Parent: 14/50 -> Mutant: 20/50)
185,炎_リザードンX_究極_V6_アルティメット,0.6071,Out: ファイヤーex / In: ホウオウex (Parent: 39/50 -> Mutant: 41/50)
185,草_フシギバナ_安定_V1,0.5402,unchanged
185,超_ゲンガー_安定_V1,0.4478,unchanged
185,超_ミュウツー_究極_V6_アルティメット,0.6319,unchanged
185,炎_リザードンX_グッズ偏重_V3,0.5943,unchanged
185,鋼_メルルギア_究極_V6_アルティメット,0.4513,unchanged
185,水_スターミー_究極_V6_アルティメット,0.4987,unchanged
185,超_ゲンガー_グッズ偏重_V3,0.2801,unchanged
185,超_ミュウツー_安定_V1,0.3859,unchanged
185,龍悪_ギラダク_グッズ偏重_V3,0.5649,unchanged
185,龍悪_ギラダク_究極_V6_アルティメット,0.5836,unchanged
185,闘_ガブルカ_安定_V1,0.3426,unchanged
185,雷_ピカチュウ_グッズ偏重_V3,0.5048,unchanged
185,草_フシギバナ_グッズ偏重_V3,0.5040,unchanged
185,炎_リザードンX_安定_V1,0.4743,unchanged
185,水_スターミー_安定_V1,0.4751,unchanged
185,水_スターミー_グッズ偏重_V3,0.5453,unchanged
185,鋼_メルルギア_グッズ偏重_V3,0.5875,unchanged
185,鋼_メルルギア_安定_V1,0.3449,unchanged
185,草_フシギバナ_究極_V6_アルティメット,0.7461,unchanged
185,雷_ピカチュウ_安定_V1,0.4763,unchanged
185,闘_ガブルカ_グッズ偏重_V3,0.4671,unchanged
185,超_ゲンガー_究極_V6_アルティメット,0.4471,Out: ギンガ団のしたっぱ / In: ネイティオ (Parent: 19/50 -> Mutant: 24/50)
185,超_ミュウツー_グッズ偏重_V3,0.7338,unchanged
185,雷_ピカチュウ_究極_V6_アルティメット,0.6447,unchanged
185,闘_ガブルカ_究極_V6_アルティメット,0.2602,Out: ディグダ / In: ルチア (Parent: 10/50 -> Mutant: 18/50)
186,水_スターミー_安定_V1,0.4751,unchanged
186,闘_ガブルカ_安定_V1,0.3433,unchanged
186,雷_ピカチュウ_グッズ偏重_V3,0.5052,unchanged
186,龍悪_ギラダク_究極_V6_アルティメット,0.5840,Out: ルザミーネ / In: リーリエ (Parent: 31/50 -> Mutant: 35/50)
186,闘_ガブルカ_究極_V6_アルティメット,0.2609,unchanged
186,超_ミュウツー_究極_V6_アルティメット,0.6322,unchanged
186,龍悪_ギラダク_グッズ偏重_V3,0.5644,unchanged
186,闘_ガブルカ_グッズ偏重_V3,0.4678,unchanged
186,炎_リザードンX_究極_V6_アルティメット,0.6077,unchanged
186,草_フシギバナ_安定_V1,0.5402,unchanged
186,炎_リザードンX_安定_V1,0.4741,unchanged
186,超_ゲンガー_究極_V6_アルティメット,0.4469,Out: メモリーライト / In: シュシュプ (Parent: 21/50 -> Mutant: 23/50)
186,草_フシギバナ_究極_V6_アルティメット,0.7464,unchanged
186,龍悪_ギラダク_安定_V1,0.3598,Out: ゴースト / In: シズイ (Parent: 16/50 -> Mutant: 27/50)
186,水_スターミー_グッズ偏重_V3,0.5453,unchanged
186,雷_ピカチュウ_安定_V1,0.4754,unchanged
186,水_スターミー_究極_V6_アルティメット,0.4987,unchanged
186,超_ゲンガー_安定_V1,0.4475,Out: バケッチャ / In: スリープ (Parent: 23/50 -> Mutant: 32/50)
186,炎_リザードンX_グッズ偏重_V3,0.5948,unchanged
186,超_ミュウツー_グッズ偏重_V3,0.7331,unchanged
186,超_ミュウツー_安定_V1,0.3859,unchanged
186,鋼_メルルギア_究極_V6_アルティメット,0.4508,unchanged
186,鋼_メルルギア_グッズ偏重_V3,0.5878,unchanged
186,雷_ピカチュウ_究極_V6_アルティメット,0.6440,Out: レアコイル / In: ロトム図鑑 (Parent: 32/50 -> Mutant: 38/50)
186,超_ゲンガー_グッズ偏重_V3,0.2793,Out: ヨノワール / In: ブルー (Parent: 6/50 -> Mutant: 15/50)
186,草_フシギバナ_グッズ偏重_V3,0.5048,unchanged
186,鋼_メルルギア_安定_V1,0.3442,Out: ポッポ / In: ヒレの化石 (Parent: 17/50 -> Mutant: 27/50)
187,鋼_メルルギア_グッズ偏重_V3,0.5892,unchanged
187,龍悪_ギラダク_安定_V1,0.3596,unchanged
187,超_ミュウツー_究極_V6_アルティメット,0.6329,unchanged
187,水_スターミー_安定_V1,0.4753,unchanged
187,闘_ガブルカ_究極_V6_アルティメット,0.2615,unchanged
187,龍悪_ギラダク_グッズ偏重_V3,0.5636,Out: バンギラス / In: カルネ (Parent: 24/50 -> Mutant: 26/50)
187,超_ゲンガー_グッズ偏重_V3,0.2791,unchanged
187,雷_ピカチュウ_安定_V1,0.4751,unchanged
187,超_ミュウツー_グッズ偏重_V3,0.7333,unchanged
187,鋼_メルルギア_究極_V6_アルティメット,0.4510,unchanged
187,雷_ピカチュウ_グッズ偏重_V3,0.5053,unchanged
187,水_スターミー_究極_V6_アルティメット,0.4989,unchanged
187,水_スターミー_グッズ偏重_V3,0.5456,Out: ゼニガメ / In: かんこうきゃく (Parent: 34/50 -> Mutant: 40/50)
187,炎_リザードンX_グッズ偏重_V3,0.5955,unchanged
187,龍悪_ギラダク_究極_V6_アルティメット,0.5838,unchanged
187,超_ミュウツー_安定_V1,0.3860,unchanged
187,炎_リザードンX_安定_V1,0.4739,unchanged
187,草_フシギバナ_究極_V6_アルティメット,0.7463,unchanged
187,炎_リザードンX_究極_V6_アルティメット,0.6077,Out: イーブイのバッグ / In: アセロラ (Parent: 43/50 -> Mutant: 45/50)
187,雷_ピカチュウ_究極_V6_アルティメット,0.6437,unchanged
187,草_フシギバナ_グッズ偏重_V3,0.5057,unchanged
187,闘_ガブルカ_グッズ偏重_V3,0.4676,Out: グライオン / In: ダンゴロ (Parent: 29/50 -> Mutant: 34/50)
187,鋼_メルルギア_安定_V1,0.3437,unchanged
187,超_ゲンガー_究極_V6_アルティメット,0.4460,Out: バリヤード / In: ケーシィ (Parent: 18/50 -> Mutant: 22/50)
187,超_ゲンガー_安定_V1,0.4469,unchanged
187,闘_ガブルカ_安定_V1,0.3431,unchanged
187,草_フシギバナ_安定_V1,0.5395,unchanged
188,草_フシギバナ_究極_V6_アルティメット,0.7470,unchanged
188,草_フシギバナ_グッズ偏重_V3,0.5076,unchanged
188,雷_ピカチュウ_究極_V6_アルティメット,0.6444,Out: おおきいマラサダ / In: エレキジェネレーター (Parent: 34/50 -> Mutant: 40/50)
188,龍悪_ギラダク_究極_V6_アルティメット,0.5841,Out: リーリエ / In: スカタンク (Parent: 32/50 -> Mutant: 38/50)
188,超_ゲンガー_安定_V1,0.4474,Out: ダークペンダント / In: カンナギタウンの長老 (Parent: 29/50 -> Mutant: 33/50)
188,龍悪_ギラダク_グッズ偏重_V3,0.5633,Out: フカマル / In: オボンのみ (Parent: 23/50 -> Mutant: 34/50)
188,鋼_メルルギア_安定_V1,0.3439,Out: イッカネズミ / In: オリジンディアルガ (Parent: 22/50 -> Mutant: 26/50)
188,水_スターミー_グッズ偏重_V3,0.5466,unchanged
188,雷_ピカチュウ_安定_V1,0.4745,unchanged
188,水_スターミー_安定_V1,0.4751,Out: ヒカリ / In: コアルヒー (Parent: 24/50 -> Mutant: 30/50)
188,草_フシギバナ_安定_V1,0.5396,unchanged
188,鋼_メルルギア_グッズ偏重_V3,0.5899,unchanged
188,超_ゲンガー_究極_V6_アルティメット,0.4457,unchanged
188,超_ゲンガー_グッズ偏重_V3,0.2787,Out: アグノム / In: カンナギタウンの長老 (Parent: 16/50 -> Mutant: 22/50)
188,超_ミュウツー_究極_V6_アルティメット,0.6328,unchanged
188,炎_リザードンX_安定_V1,0.4738,unchanged
188,炎_リザードンX_グッズ偏重_V3,0.5959,unchanged
188,炎_リザードンX_究極_V6_アルティメット,0.6079,unchanged
188,闘_ガブルカ_安定_V1,0.3433,unchanged
188,超_ミュウツー_グッズ偏重_V3,0.7327,unchanged
188,水_スターミー_究極_V6_アルティメット,0.4986,unchanged
188,龍悪_ギラダク_安定_V1,0.3588,unchanged
188,鋼_メルルギア_究極_V6_アルティメット,0.4507,unchanged
188,雷_ピカチュウ_グッズ偏重_V3,0.5043,unchanged
188,超_ミュウツー_安定_V1,0.3857,Out: ギラティナ / In: エーフィ (Parent: 23/50 -> Mutant: 38/50)
188,闘_ガブルカ_究極_V6_アルティメット,0.2610,Out: シロナ / In: コジョンド (Parent: 17/50 -> Mutant: 23/50)
188,闘_ガブルカ_グッズ偏重_V3,0.4667,Out: マクノシタ / In: ゴマゾウ (Parent: 30/50 -> Mutant: 33/50)
189,炎_リザードンX_究極_V6_アルティメット,0.6087,Out: ヘビーメット / In: ハンサム (Parent: 36/50 -> Mutant: 38/50)
189,超_ミュウツー_グッズ偏重_V3,0.7330,unchanged
189,雷_ピカチュウ_安定_V1,0.4743,Out: ビーストウォール / In: カプコケコ (Parent: 20/50 -> Mutant: 24/50)
189,水_スターミー_究極_V6_アルティメット,0.4993,unchanged
189,草_フシギバナ_安定_V1,0.5400,unchanged
189,超_ミュウツー_安定_V1,0.3867,unchanged
189,水_スターミー_安定_V1,0.4747,Out: ラプラス / In: メノクラゲ (Parent: 18/50 -> Mutant: 23/50)
189,鋼_メルルギア_グッズ偏重_V3,0.5908,unchanged
189,超_ミュウツー_究極_V6_アルティメット,0.6330,unchanged
189,炎_リザードンX_グッズ偏重_V3,0.5967,unchanged
189,水_スターミー_グッズ偏重_V3,0.5475,unchanged
189,闘_ガブルカ_グッズ偏重_V3,0.4666,unchanged
189,鋼_メルルギア_究極_V6_アルティメット,0.4506,Out: ミミロップ / In: ヒトツキ (Parent: 24/50 -> Mutant: 28/50)
189,龍悪_ギラダク_究極_V6_アルティメット,0.5841,unchanged
189,闘_ガブルカ_究極_V6_アルティメット,0.2611,unchanged
189,龍悪_ギラダク_安定_V1,0.3581,Out: ゾロア / In: ハラ (Parent: 12/50 -> Mutant: 15/50)
189,草_フシギバナ_究極_V6_アルティメット,0.7470,unchanged
189,超_ゲンガー_安定_V1,0.4470,unchanged
189,超_ゲンガー_グッズ偏重_V3,0.2781,unchanged
189,龍悪_ギラダク_グッズ偏重_V3,0.5626,unchanged
189,雷_ピカチュウ_グッズ偏重_V3,0.5037,unchanged
189,雷_ピカチュウ_究極_V6_アルティメット,0.6438,unchanged
189,炎_リザードンX_安定_V1,0.4732,unchanged
189,鋼_メルルギア_安定_V1,0.3432,unchanged
189,闘_ガブルカ_安定_V1,0.3431,unchanged
189,草_フシギバナ_グッズ偏重_V3,0.5085,unchanged
189,超_ゲンガー_究極_V6_アルティメット,0.4447,unchanged
190,炎_リザードンX_究極_V6_アルティメット,0.6095,Out: アセロラ / In: ヒノヤコマ (Parent: 37/50 -> Mutant: 45/50)
190,闘_ガブルカ_グッズ偏重_V3,0.4672,unchanged
190,炎_リザードンX_安定_V1,0.4736,Out: ヒットハンマー / In: スイレン (Parent: 18/50 -> Mutant: 24/50)
190,超_ミュウツー_究極_V6_アルティメット,0.6335,Out: アセロラ / In: かけだし調査員 (Parent: 36/50 -> Mutant: 41/50)
190,雷_ピカチュウ_究極_V6_アルティメット,0.6442,unchanged
190,鋼_メルルギア_グッズ偏重_V3,0.5917,unchanged
190,雷_ピカチュウ_安定_V1,0.4740,unchanged
190,草_フシギバナ_グッズ偏重_V3,0.5102,Out: ダークペンダント / In: オーロット (Parent: 39/50 -> Mutant: 43/50)
190,鋼_メルルギア_究極_V6_アルティメット,0.4506,Out: リーフマント / In: メルメタル (Parent: 27/50 -> Mutant: 32/50)
190,闘_ガブルカ_安定_V1,0.3432,Out: ワルビル / In: エレキコード (Parent: 24/50 -> Mutant: 29/50)
190,超_ゲンガー_グッズ偏重_V3,0.2778,unchanged
190,超_ゲンガー_安定_V1,0.4473,unchanged
190,水_スターミー_究極_V6_アルティメット,0.4994,Out: ウッウ / In: ポケモン図鑑 (Parent: 31/50 -> Mutant: 36/50)
190,雷_ピカチュウ_グッズ偏重_V3,0.5032,unchanged
190,鋼_メルルギア_安定_V1,0.3428,Out: ムクバード / In: メルタン (Parent: 17/50 -> Mutant: 19/50)
190,水_スターミー_安定_V1,0.4739,unchanged
190,超_ミュウツー_グッズ偏重_V3,0.7328,unchanged
190,龍悪_ギラダク_グッズ偏重_V3,0.5623,unchanged
190,闘_ガブルカ_究極_V6_アルティメット,0.2611,unchanged
190,水_スターミー_グッズ偏重_V3,0.5480,unchanged
190,炎_リザードンX_グッズ偏重_V3,0.5970,Out: ファイアロー / In: セレナ (Parent: 42/50 -> Mutant: 46/50)
190,超_ミュウツー_安定_V1,0.3867,unchanged
190,龍悪_ギラダク_安定_V1,0.3572,unchanged
190,草_フシギバナ_安定_V1,0.5393,unchanged
190,草_フシギバナ_究極_V6_アルティメット,0.7467,unchanged
190,超_ゲンガー_究極_V6_アルティメット,0.4436,Out: レスキュースカーフ / In: ふたの化石 (Parent: 22/50 -> Mutant: 30/50)
190,龍悪_ギラダク_究極_V6_アルティメット,0.5834,unchanged
191,炎_リザードンX_究極_V6_アルティメット,0.6102,Out: ホウオウex / In: オドリドリ (Parent: 33/50 -> Mutant: 38/50)
191,雷_ピカチュウ_究極_V6_アルティメット,0.6445,unchanged
191,闘_ガブルカ_究極_V6_アルティメット,0.2616,Out: 当たりつきアイス / In: かんこうきゃく (Parent: 15/50 -> Mutant: 22/50)
191,龍悪_ギラダク_究極_V6_アルティメット,0.5837,unchanged
191,超_ミュウツー_安定_V1,0.3878,unchanged
191,水_スターミー_究極_V6_アルティメット,0.4999,Out: フリーザーex / In: 当たりつきアイス (Parent: 28/50 -> Mutant: 34/50)
191,水_スターミー_安定_V1,0.4735,unchanged
191,鋼_メルルギア_グッズ偏重_V3,0.5924,unchanged
191,草_フシギバナ_安定_V1,0.5396,Out: ラランテス / In: セレビィ (Parent: 28/50 -> Mutant: 34/50)
191,水_スターミー_グッズ偏重_V3,0.5489,Out: パオジアンex / In: ブルンゲル (Parent: 41/50 -> Mutant: 43/50)
191,雷_ピカチュウ_安定_V1,0.4736,unchanged
191,闘_ガブルカ_安定_V1,0.3434,unchanged
191,鋼_メルルギア_究極_V6_アルティメット,0.4505,Out: 博士の研究 / In: ドゴーム (Parent: 29/50 -> Mutant: 31/50)
191,超_ゲンガー_究極_V6_アルティメット,0.4431,Out: ブルー / In: マシェード (Parent: 25/50 -> Mutant: 29/50)
191,闘_ガブルカ_グッズ偏重_V3,0.4671,Out: ディンルー / In: エレキコード (Parent: 32/50 -> Mutant: 37/50)
191,龍悪_ギラダク_グッズ偏重_V3,0.5620,unchanged
191,超_ミュウツー_グッズ偏重_V3,0.7327,Out: ヤドラン / In: アカネ (Parent: 41/50 -> Mutant: 45/50)
191,草_フシギバナ_究極_V6_アルティメット,0.7466,unchanged
191,炎_リザードンX_安定_V1,0.4733,unchanged
191,超_ゲンガー_グッズ偏重_V3,0.2771,unchanged
191,雷_ピカチュウ_グッズ偏重_V3,0.5023,unchanged
191,超_ミュウツー_究極_V6_アルティメット,0.6329,unchanged
191,草_フシギバナ_グッズ偏重_V3,0.5111,unchanged
191,鋼_メルルギア_安定_V1,0.3422,unchanged
191,龍悪_ギラダク_安定_V1,0.3561,Out: ポチエナ / In: スカンプー (Parent: 19/50 -> Mutant: 24/50)
191,超_ゲンガー_安定_V1,0.4466,unchanged
191,炎_リザードンX_グッズ偏重_V3,0.5970,unchanged
192,超_ゲンガー_グッズ偏重_V3,0.2770,unchanged
192,鋼_メルルギア_安定_V1,0.3425,Out: オリジンディアルガ / In: コイル (Parent: 20/50 -> Mutant: 23/50)
192,龍悪_ギラダク_グッズ偏重_V3,0.5625,unchanged
192,鋼_メルルギア_究極_V6_アルティメット,0.4507,Out: ペラップ / In: メルメタルex (Parent: 33/50 -> Mutant: 37/50)
192,水_スターミー_安定_V1,0.4733,unchanged
192,闘_ガブルカ_安定_V1,0.3440,Out: カラカラ / In: ハンドスコープ (Parent: 17/50 -> Mutant: 23/50)
192,超_ミュウツー_究極_V6_アルティメット,0.6333,unchanged
192,雷_ピカチュウ_究極_V6_アルティメット,0.6446,unchanged
192,雷_ピカチュウ_安定_V1,0.4732,Out: レッド / In: ライチュウ (Parent: 17/50 -> Mutant: 27/50)
192,炎_リザードンX_安定_V1,0.4733,Out: メガリザードンYex / In: ハルカ (Parent: 23/50 -> Mutant: 26/50)
192,草_フシギバナ_究極_V6_アルティメット,0.7468,unchanged
192,超_ゲンガー_究極_V6_アルティメット,0.4431,unchanged
192,龍悪_ギラダク_究極_V6_アルティメット,0.5838,Out: ダークライex / In: レパルダス (Parent: 29/50 -> Mutant: 31/50)
192,超_ミュウツー_安定_V1,0.3884,Out: はじまりの平原 / In: どくバリ (Parent: 36/50 -> Mutant: 38/50)
192,水_スターミー_究極_V6_アルティメット,0.5001,unchanged
192,超_ゲンガー_安定_V1,0.4465,unchanged
192,水_スターミー_グッズ偏重_V3,0.5498,unchanged
192,草_フシギバナ_グッズ偏重_V3,0.5122,unchanged
192,草_フシギバナ_安定_V1,0.5391,Out: イツキ / In: ウツドン (Parent: 28/50 -> Mutant: 42/50)
192,闘_ガブルカ_グッズ偏重_V3,0.4668,Out: グラジオ / In: グライオン (Parent: 32/50 -> Mutant: 36/50)
192,炎_リザードンX_グッズ偏重_V3,0.5971,unchanged
192,炎_リザードンX_究極_V6_アルティメット,0.6097,unchanged
192,雷_ピカチュウ_グッズ偏重_V3,0.5015,unchanged
192,超_ミュウツー_グッズ偏重_V3,0.7321,unchanged
192,闘_ガブルカ_究極_V6_アルティメット,0.2613,unchanged
192,鋼_メルルギア_グッズ偏重_V3,0.5924,Out: マツバ / In: ロトム図鑑 (Parent: 41/50 -> Mutant: 44/50)
192,龍悪_ギラダク_安定_V1,0.3550,unchanged
193,龍悪_ギラダク_究極_V6_アルティメット,0.5843,unchanged
193,草_フシギバナ_グッズ偏重_V3,0.5138,unchanged
193,水_スターミー_究極_V6_アルティメット,0.5005,unchanged
193,闘_ガブルカ_安定_V1,0.3447,unchanged
193,鋼_メルルギア_究極_V6_アルティメット,0.4511,unchanged
193,超_ゲンガー_グッズ偏重_V3,0.2768,unchanged
193,超_ミュウツー_安定_V1,0.3893,unchanged
193,鋼_メルルギア_安定_V1,0.3425,Out: エテボース / In: オニドリル (Parent: 16/50 -> Mutant: 23/50)
193,龍悪_ギラダク_安定_V1,0.3548,Out: ドンカラス / In: タギングル (Parent: 14/50 -> Mutant: 23/50)
193,炎_リザードンX_安定_V1,0.4730,Out: レシラム / In: エンテイex (Parent: 17/50 -> Mutant: 23/50)
193,闘_ガブルカ_グッズ偏重_V3,0.4670,Out: 大きなマント / In: カイリキー (Parent: 21/50 -> Mutant: 24/50)
193,龍悪_ギラダク_グッズ偏重_V3,0.5626,unchanged
193,水_スターミー_安定_V1,0.4727,unchanged
193,闘_ガブルカ_究極_V6_アルティメット,0.2614,unchanged
193,雷_ピカチュウ_安定_V1,0.4726,unchanged
193,超_ミュウツー_究極_V6_アルティメット,0.6333,unchanged
193,鋼_メルルギア_グッズ偏重_V3,0.5928,unchanged
193,超_ゲンガー_究極_V6_アルティメット,0.4427,unchanged
193,炎_リザードンX_グッズ偏重_V3,0.5976,unchanged
193,水_スターミー_グッズ偏重_V3,0.5503,unchanged
193,草_フシギバナ_安定_V1,0.5385,unchanged
193,超_ミュウツー_グッズ偏重_V3,0.7317,unchanged
193,雷_ピカチュウ_グッズ偏重_V3,0.5006,unchanged
193,超_ゲンガー_安定_V1,0.4460,unchanged
193,草_フシギバナ_究極_V6_アルティメット,0.7464,unchanged
193,雷_ピカチュウ_究極_V6_アルティメット,0.6438,unchanged
193,炎_リザードンX_究極_V6_アルティメット,0.6091,unchanged
194,鋼_メルルギア_安定_V1,0.3426,unchanged
194,龍悪_ギラダク_安定_V1,0.3548,Out: スイレン / In: ニドクイン (Parent: 15/50 -> Mutant: 19/50)
194,炎_リザードンX_グッズ偏重_V3,0.5989,unchanged
194,水_スターミー_安定_V1,0.4725,Out: メノクラゲ / In: クワッス (Parent: 27/50 -> Mutant: 29/50)
194,超_ミュウツー_安定_V1,0.3904,Out: エーフィ / In: おおきいマラサダ (Parent: 29/50 -> Mutant: 35/50)
194,鋼_メルルギア_グッズ偏重_V3,0.5939,unchanged
194,超_ゲンガー_グッズ偏重_V3,0.2767,Out: ムウマ / In: ミュウex (Parent: 13/50 -> Mutant: 24/50)
194,鋼_メルルギア_究極_V6_アルティメット,0.4514,Out: きずぐすり / In: ギルガルド (Parent: 22/50 -> Mutant: 30/50)
194,超_ゲンガー_安定_V1,0.4464,unchanged
194,水_スターミー_グッズ偏重_V3,0.5515,unchanged
194,超_ゲンガー_究極_V6_アルティメット,0.4424,Out: ゲンガーex / In: ボクレー (Parent: 26/50 -> Mutant: 28/50)
194,闘_ガブルカ_究極_V6_アルティメット,0.2617,unchanged
194,雷_ピカチュウ_グッズ偏重_V3,0.5004,Out: ルクシオ / In: 幻の石板 (Parent: 32/50 -> Mutant: 34/50)
194,龍悪_ギラダク_グッズ偏重_V3,0.5623,unchanged
194,龍悪_ギラダク_究極_V6_アルティメット,0.5840,Out: ベトベトン / In: メモリーライト (Parent: 28/50 -> Mutant: 30/50)
194,水_スターミー_究極_V6_アルティメット,0.5005,unchanged
194,闘_ガブルカ_安定_V1,0.3449,unchanged
194,超_ミュウツー_究極_V6_アルティメット,0.6330,Out: フレフワン / In: アンノーンP (Parent: 33/50 -> Mutant: 36/50)
194,炎_リザードンX_究極_V6_アルティメット,0.6086,unchanged
194,草_フシギバナ_グッズ偏重_V3,0.5149,unchanged
194,草_フシギバナ_安定_V1,0.5379,unchanged
194,超_ミュウツー_グッズ偏重_V3,0.7313,unchanged
194,雷_ピカチュウ_安定_V1,0.4717,unchanged
194,雷_ピカチュウ_究極_V6_アルティメット,0.6432,Out: リーリエ / In: ロトム図鑑 (Parent: 34/50 -> Mutant: 39/50)
194,闘_ガブルカ_グッズ偏重_V3,0.4664,unchanged
194,草_フシギバナ_究極_V6_アルティメット,0.7458,unchanged
194,炎_リザードンX_安定_V1,0.4719,unchanged
195,超_ゲンガー_安定_V1,0.4469,Out: イエッサン / In: シンボラー (Parent: 23/50 -> Mutant: 28/50)
195,闘_ガブルカ_究極_V6_アルティメット,0.2625,unchanged
195,水_スターミー_安定_V1,0.4724,Out: シードラ / In: ヘイラッシャ (Parent: 20/50 -> Mutant: 24/50)
195,草_フシギバナ_安定_V1,0.5381,unchanged
195,龍悪_ギラダク_安定_V1,0.3549,unchanged
195,龍悪_ギラダク_究極_V6_アルティメット,0.5842,Out: レスキュースカーフ / In: きずぐすり (Parent: 34/50 -> Mutant: 38/50)
195,水_スターミー_究極_V6_アルティメット,0.5009,unchanged
195,超_ミュウツー_究極_V6_アルティメット,0.6330,unchanged
195,鋼_メルルギア_グッズ偏重_V3,0.5948,unchanged
195,龍悪_ギラダク_グッズ偏重_V3,0.5625,unchanged
195,闘_ガブルカ_グッズ偏重_V3,0.4665,Out: カイリキー / In: チャーレム (Parent: 26/50 -> Mutant: 30/50)
195,鋼_メルルギア_究極_V6_アルティメット,0.4515,Out: ルギアex / In: デカヌチャンex (Parent: 24/50 -> Mutant: 26/50)
195,超_ゲンガー_グッズ偏重_V3,0.2772,unchanged
195,草_フシギバナ_グッズ偏重_V3,0.5162,unchanged
195,超_ミュウツー_グッズ偏重_V3,0.7309,unchanged
195,闘_ガブルカ_安定_V1,0.3452,Out: マーシャドー / In: イシツブテ (Parent: 27/50 -> Mutant: 29/50)
195,鋼_メルルギア_安定_V1,0.3420,unchanged
195,雷_ピカチュウ_グッズ偏重_V3,0.4997,unchanged
195,超_ゲンガー_究極_V6_アルティメット,0.4417,unchanged
195,炎_リザードンX_究極_V6_アルティメット,0.6083,unchanged
195,水_スターミー_グッズ偏重_V3,0.5520,unchanged
195,炎_リザードンX_グッズ偏重_V3,0.5991,unchanged
195,雷_ピカチュウ_究極_V6_アルティメット,0.6428,Out: ロトム図鑑 / In: カルネ (Parent: 33/50 -> Mutant: 35/50)
195,超_ミュウツー_安定_V1,0.3901,Out: きずぐすり / In: たべのこし (Parent: 28/50 -> Mutant: 32/50)
195,草_フシギバナ_究極_V6_アルティメット,0.7453,unchanged
195,雷_ピカチュウ_安定_V1,0.4707,unchanged
195,炎_リザードンX_安定_V1,0.4706,unchanged
196,超_ミュウツー_安定_V1,0.3915,Out: ゴースト / In: ゴルーグ (Parent: 31/50 -> Mutant: 37/50)
196,超_ゲンガー_究極_V6_アルティメット,0.4419,Out: ケーシィ / In: ヤドン (Parent: 22/50 -> Mutant: 24/50)
196,水_スターミー_グッズ偏重_V3,0.5534,Out: アセロラ / In: ロケット団のしたっぱ (Parent: 44/50 -> Mutant: 47/50)
196,炎_リザードンX_究極_V6_アルティメット,0.6086,unchanged
196,超_ミュウツー_グッズ偏重_V3,0.7312,unchanged
196,雷_ピカチュウ_安定_V1,0.4706,Out: デンリュウ / In: ズピカ (Parent: 21/50 -> Mutant: 30/50)
196,雷_ピカチュウ_究極_V6_アルティメット,0.6431,unchanged
196,闘_ガブルカ_究極_V6_アルティメット,0.2629,unchanged
196,炎_リザードンX_グッズ偏重_V3,0.5998,Out: おおきいマラサダ / In: デルビル (Parent: 34/50 -> Mutant: 36/50)
196,水_スターミー_究極_V6_アルティメット,0.5010,unchanged
196,草_フシギバナ_究極_V6_アルティメット,0.7453,unchanged
196,超_ゲンガー_グッズ偏重_V3,0.2775,Out: ゴチム / In: ネズ (Parent: 25/50 -> Mutant: 30/50)
196,龍悪_ギラダク_究極_V6_アルティメット,0.5839,Out: ポケモン通信 / In: マーズ (Parent: 32/50 -> Mutant: 34/50)
196,闘_ガブルカ_安定_V1,0.3455,unchanged
196,超_ゲンガー_安定_V1,0.4469,unchanged
196,鋼_メルルギア_グッズ偏重_V3,0.5951,unchanged
196,超_ミュウツー_究極_V6_アルティメット,0.6327,unchanged
196,闘_ガブルカ_グッズ偏重_V3,0.4663,unchanged
196,龍悪_ギラダク_グッズ偏重_V3,0.5621,Out: どくバリ / In: ニドキング (Parent: 27/50 -> Mutant: 34/50)
196,草_フシギバナ_安定_V1,0.5375,unchanged
196,炎_リザードンX_安定_V1,0.4701,Out: エンテイex / In: たべのこし (Parent: 21/50 -> Mutant: 27/50)
196,鋼_メルルギア_究極_V6_アルティメット,0.4509,unchanged
196,龍悪_ギラダク_安定_V1,0.3540,unchanged
196,草_フシギバナ_グッズ偏重_V3,0.5167,unchanged
196,鋼_メルルギア_安定_V1,0.3414,unchanged
196,雷_ピカチュウ_グッズ偏重_V3,0.4986,unchanged
196,水_スターミー_安定_V1,0.4714,Out: パルキアex / In: トリトドン (Parent: 20/50 -> Mutant: 26/50)
197,草_フシギバナ_究極_V6_アルティメット,0.7459,unchanged
197,闘_ガブルカ_安定_V1,0.3462,unchanged
197,龍悪_ギラダク_グッズ偏重_V3,0.5627,unchanged
197,鋼_メルルギア_安定_V1,0.3415,Out: ピジョット / In: ポリゴンZ (Parent: 20/50 -> Mutant: 27/50)
197,炎_リザードンX_安定_V1,0.4700,unchanged
197,水_スターミー_安定_V1,0.4709,unchanged
197,水_スターミー_究極_V6_アルティメット,0.5014,unchanged
197,鋼_メルルギア_究極_V6_アルティメット,0.4508,unchanged
197,超_ゲンガー_グッズ偏重_V3,0.2782,Out: スリーパー / In: サーナイト (Parent: 19/50 -> Mutant: 24/50)
197,超_ミュウツー_究極_V6_アルティメット,0.6325,unchanged
197,草_フシギバナ_グッズ偏重_V3,0.5182,unchanged
197,龍悪_ギラダク_究極_V6_アルティメット,0.5836,Out: ズルズキン / In: かいの化石 (Parent: 33/50 -> Mutant: 36/50)
197,超_ゲンガー_究極_V6_アルティメット,0.4417,unchanged
197,雷_ピカチュウ_究極_V6_アルティメット,0.6432,Out: レッドカード / In: ジバコイル (Parent: 31/50 -> Mutant: 33/50)
197,雷_ピカチュウ_グッズ偏重_V3,0.4986,unchanged
197,炎_リザードンX_グッズ偏重_V3,0.5996,Out: シルバー / In: ガーディ (Parent: 30/50 -> Mutant: 34/50)
197,超_ミュウツー_グッズ偏重_V3,0.7309,unchanged
197,水_スターミー_グッズ偏重_V3,0.5540,Out: カジリガメ / In: 釣り人 (Parent: 40/50 -> Mutant: 45/50)
197,超_ミュウツー_安定_V1,0.3919,unchanged
197,雷_ピカチュウ_安定_V1,0.4698,Out: ライチュウ / In: ジバコイル (Parent: 22/50 -> Mutant: 24/50)
197,闘_ガブルカ_究極_V6_アルティメット,0.2627,Out: ボタン / In: メガチャーレムex (Parent: 21/50 -> Mutant: 29/50)
197,闘_ガブルカ_グッズ偏重_V3,0.4659,Out: ガチゴラス / In: ハリテヤマ (Parent: 27/50 -> Mutant: 32/50)
197,龍悪_ギラダク_安定_V1,0.3531,unchanged
197,炎_リザードンX_究極_V6_アルティメット,0.6083,Out: カルネ / In: リザード (Parent: 39/50 -> Mutant: 41/50)
197,超_ゲンガー_安定_V1,0.4464,unchanged
197,草_フシギバナ_安定_V1,0.5367,unchanged
197,鋼_メルルギア_グッズ偏重_V3,0.5952,unchanged
198,炎_リザードンX_安定_V1,0.4702,unchanged
198,鋼_メルルギア_グッズ偏重_V3,0.5963,unchanged
198,龍悪_ギラダク_グッズ偏重_V3,0.5632,unchanged
198,超_ゲンガー_グッズ偏重_V3,0.2792,unchanged
198,鋼_メルルギア_安定_V1,0.3415,Out: ドーミラー / In: サカキ (Parent: 10/50 -> Mutant: 16/50)
198,炎_リザードンX_グッズ偏重_V3,0.5996,unchanged
198,超_ミュウツー_安定_V1,0.3928,Out: どくバリ / In: 当たりつきアイス (Parent: 30/50 -> Mutant: 34/50)
198,水_スターミー_安定_V1,0.4704,Out: シズクモ / In: アローラロコン (Parent: 15/50 -> Mutant: 24/50)
198,雷_ピカチュウ_安定_V1,0.4695,Out: モンスターボール / In: はねの化石 (Parent: 14/50 -> Mutant: 23/50)
198,鋼_メルルギア_究極_V6_アルティメット,0.4508,Out: メルメタル / In: パフュートン (Parent: 21/50 -> Mutant: 28/50)
198,水_スターミー_グッズ偏重_V3,0.5548,unchanged
198,闘_ガブルカ_グッズ偏重_V3,0.4659,unchanged
198,超_ゲンガー_安定_V1,0.4465,unchanged
198,超_ゲンガー_究極_V6_アルティメット,0.4415,unchanged
198,闘_ガブルカ_究極_V6_アルティメット,0.2633,unchanged
198,超_ミュウツー_究極_V6_アルティメット,0.6323,unchanged
198,雷_ピカチュウ_究極_V6_アルティメット,0.6430,unchanged
198,超_ミュウツー_グッズ偏重_V3,0.7308,Out: カルネ / In: ポケモンセンターのお姉さん (Parent: 39/50 -> Mutant: 42/50)
198,草_フシギバナ_安定_V1,0.5363,unchanged
198,龍悪_ギラダク_究極_V6_アルティメット,0.5830,Out: ダークライ / In: カイ (Parent: 32/50 -> Mutant: 40/50)
198,龍悪_ギラダク_安定_V1,0.3523,unchanged
198,炎_リザードンX_究極_V6_アルティメット,0.6079,Out: ガオガエンex / In: おさかなネット (Parent: 31/50 -> Mutant: 42/50)
198,草_フシギバナ_究極_V6_アルティメット,0.7455,unchanged
198,雷_ピカチュウ_グッズ偏重_V3,0.4979,Out: サカキ / In: エレキコード (Parent: 32/50 -> Mutant: 34/50)
198,闘_ガブルカ_安定_V1,0.3459,Out: ハンドスコープ / In: ゴローニャ (Parent: 20/50 -> Mutant: 23/50)
198,草_フシギバナ_グッズ偏重_V3,0.5190,unchanged
198,水_スターミー_究極_V6_アルティメット,0.5007,Out: カジリガメ / In: ナマズン (Parent: 30/50 -> Mutant: 34/50)
199,雷_ピカチュウ_究極_V6_アルティメット,0.6435,Out: ハラバリーex / In: 当たりつきアイス (Parent: 34/50 -> Mutant: 37/50)
199,鋼_メルルギア_安定_V1,0.3417,Out: ラムのみ / In: オドシシ (Parent: 17/50 -> Mutant: 22/50)
199,龍悪_ギラダク_グッズ偏重_V3,0.5639,unchanged
199,炎_リザードンX_究極_V6_アルティメット,0.6082,Out: ブーバーン / In: エレキコード (Parent: 33/50 -> Mutant: 39/50)
199,草_フシギバナ_究極_V6_アルティメット,0.7459,unchanged
199,水_スターミー_究極_V6_アルティメット,0.5011,unchanged
199,闘_ガブルカ_安定_V1,0.3464,unchanged
199,炎_リザードンX_安定_V1,0.4701,unchanged
199,龍悪_ギラダク_究極_V6_アルティメット,0.5835,unchanged
199,雷_ピカチュウ_安定_V1,0.4691,unchanged
199,超_ゲンガー_安定_V1,0.4468,unchanged
199,草_フシギバナ_グッズ偏重_V3,0.5202,unchanged
199,水_スターミー_安定_V1,0.4696,Out: スワンナ / In: サカキ (Parent: 20/50 -> Mutant: 22/50)
199,炎_リザードンX_グッズ偏重_V3,0.5991,unchanged
199,龍悪_ギラダク_安定_V1,0.3520,unchanged
199,超_ミュウツー_安定_V1,0.3933,unchanged
199,闘_ガブルカ_究極_V6_アルティメット,0.2641,unchanged
199,超_ミュウツー_グッズ偏重_V3,0.7307,unchanged
199,水_スターミー_グッズ偏重_V3,0.5552,unchanged
199,闘_ガブルカ_グッズ偏重_V3,0.4654,unchanged
199,超_ゲンガー_グッズ偏重_V3,0.2793,unchanged
199,超_ミュウツー_究極_V6_アルティメット,0.6317,Out: ピクシー / In: ルナトーン (Parent: 35/50 -> Mutant: 41/50)
199,超_ゲンガー_究極_V6_アルティメット,0.4407,unchanged
199,鋼_メルルギア_究極_V6_アルティメット,0.4500,unchanged
199,草_フシギバナ_安定_V1,0.5353,unchanged
199,鋼_メルルギア_グッズ偏重_V3,0.5964,unchanged
199,雷_ピカチュウ_グッズ偏重_V3,0.4969,unchanged
200,草_フシギバナ_安定_V1,0.5356,unchanged
200,草_フシギバナ_グッズ偏重_V3,0.5220,Out: キマワリ / In: アメモース (Parent: 39/50 -> Mutant: 43/50)
200,雷_ピカチュウ_安定_V1,0.4690,unchanged
200,鋼_メルルギア_グッズ偏重_V3,0.5973,unchanged
200,水_スターミー_究極_V6_アルティメット,0.5016,unchanged
200,超_ゲンガー_安定_V1,0.4472,unchanged
200,闘_ガブルカ_安定_V1,0.3469,unchanged
200,炎_リザードンX_究極_V6_アルティメット,0.6085,Out: メガリザードンYex / In: キュウコン (Parent: 34/50 -> Mutant: 37/50)
200,龍悪_ギラダク_究極_V6_アルティメット,0.5839,Out: マーズ / In: きずぐすり (Parent: 30/50 -> Mutant: 41/50)
200,炎_リザードンX_グッズ偏重_V3,0.5988,unchanged
200,超_ゲンガー_究極_V6_アルティメット,0.4405,Out: ムウマージ / In: メリッサ (Parent: 20/50 -> Mutant: 24/50)
200,闘_ガブルカ_グッズ偏重_V3,0.4656,unchanged
200,超_ミュウツー_究極_V6_アルティメット,0.6316,Out: ハンドスコープ / In: メレシー (Parent: 35/50 -> Mutant: 40/50)
200,水_スターミー_グッズ偏重_V3,0.5558,unchanged
200,闘_ガブルカ_究極_V6_アルティメット,0.2647,unchanged
200,鋼_メルルギア_究極_V6_アルティメット,0.4496,Out: スピンロトム / In: メガハガネールex (Parent: 24/50 -> Mutant: 30/50)
200,水_スターミー_安定_V1,0.4690,unchanged
200,雷_ピカチュウ_究極_V6_アルティメット,0.6433,Out: 当たりつきアイス / In: どくバリ (Parent: 32/50 -> Mutant: 39/50)
200,草_フシギバナ_究極_V6_アルティメット,0.7457,unchanged
200,超_ゲンガー_グッズ偏重_V3,0.2796,unchanged
200,龍悪_ギラダク_グッズ偏重_V3,0.5634,unchanged
200,鋼_メルルギア_安定_V1,0.3411,unchanged
200,雷_ピカチュウ_グッズ偏重_V3,0.4961,unchanged
200,炎_リザードンX_安定_V1,0.4691,unchanged
200,超_ミュウツー_安定_V1,0.3931,Out: エレメンタルつけかえ / In: ヘビーメット (Parent: 34/50 -> Mutant: 42/50)
200,超_ミュウツー_グッズ偏重_V3,0.7299,unchanged
200,龍悪_ギラダク_安定_V1,0.3512,Out: アセロラ / In: ラムのみ (Parent: 23/50 -> Mutant: 30/50)
201,闘_ガブルカ_グッズ偏重_V3,0.4661,unchanged
201,炎_リザードンX_究極_V6_アルティメット,0.6084,unchanged
201,闘_ガブルカ_究極_V6_アルティメット,0.2662,unchanged
201,超_ミュウツー_安定_V1,0.3941,unchanged
201,水_スターミー_安定_V1,0.4685,unchanged
201,超_ゲンガー_究極_V6_アルティメット,0.4403,unchanged
201,鋼_メルルギア_グッズ偏重_V3,0.5982,unchanged
201,超_ゲンガー_グッズ偏重_V3,0.2801,Out: キョウ / In: ムチュール (Parent: 19/50 -> Mutant: 25/50)
201,超_ミュウツー_グッズ偏重_V3,0.7302,unchanged
201,草_フシギバナ_安定_V1,0.5355,unchanged
201,超_ゲンガー_安定_V1,0.4473,unchanged
201,龍悪_ギラダク_グッズ偏重_V3,0.5633,unchanged
201,炎_リザードンX_グッズ偏重_V3,0.5987,unchanged
201,雷_ピカチュウ_究極_V6_アルティメット,0.6433,Out: デンリュウ / In: デンジュモク (Parent: 36/50 -> Mutant: 39/50)
201,水_スターミー_究極_V6_アルティメット,0.5014,Out: アローラロコン / In: おさかなネット (Parent: 26/50 -> Mutant: 36/50)
201,草_フシギバナ_グッズ偏重_V3,0.5231,unchanged
201,鋼_メルルギア_究極_V6_アルティメット,0.4500,unchanged
201,雷_ピカチュウ_グッズ偏重_V3,0.4956,Out: たべのこし / In: カスミ (Parent: 29/50 -> Mutant: 31/50)
201,水_スターミー_グッズ偏重_V3,0.5564,unchanged
201,草_フシギバナ_究極_V6_アルティメット,0.7454,unchanged
201,闘_ガブルカ_安定_V1,0.3470,unchanged
201,龍悪_ギラダク_安定_V1,0.3504,unchanged
201,龍悪_ギラダク_究極_V6_アルティメット,0.5836,unchanged
201,鋼_メルルギア_安定_V1,0.3404,unchanged
201,雷_ピカチュウ_安定_V1,0.4679,unchanged
201,超_ミュウツー_究極_V6_アルティメット,0.6305,unchanged
201,炎_リザードンX_安定_V1,0.4680,unchanged
202,草_フシギバナ_究極_V6_アルティメット,0.7460,unchanged
202,闘_ガブルカ_グッズ偏重_V3,0.4668,unchanged
202,超_ミュウツー_究極_V6_アルティメット,0.6307,Out: ゴチミル / In: メモリーライト (Parent: 28/50 -> Mutant: 31/50)
202,水_スターミー_究極_V6_アルティメット,0.5021,unchanged
202,水_スターミー_グッズ偏重_V3,0.5576,unchanged
202,超_ミュウツー_グッズ偏重_V3,0.7303,unchanged
202,雷_ピカチュウ_究極_V6_アルティメット,0.6431,unchanged
202,鋼_メルルギア_安定_V1,0.3406,unchanged
202,雷_ピカチュウ_グッズ偏重_V3,0.4959,unchanged
202,炎_リザードンX_グッズ偏重_V3,0.5984,unchanged
202,闘_ガブルカ_安定_V1,0.3474,unchanged
202,雷_ピカチュウ_安定_V1,0.4675,Out: カルネ / In: アローラゴローニャ (Parent: 21/50 -> Mutant: 23/50)
202,超_ゲンガー_究極_V6_アルティメット,0.4401,unchanged
202,鋼_メルルギア_究極_V6_アルティメット,0.4503,Out: メガクチートex / In: オニドリル (Parent: 25/50 -> Mutant: 37/50)
202,龍悪_ギラダク_究極_V6_アルティメット,0.5837,unchanged
202,鋼_メルルギア_グッズ偏重_V3,0.5988,Out: スピーダー / In: ピジョット (Parent: 39/50 -> Mutant: 43/50)
202,草_フシギバナ_安定_V1,0.5350,unchanged
202,超_ゲンガー_グッズ偏重_V3,0.2802,Out: マシェード / In: ピクシー (Parent: 21/50 -> Mutant: 26/50)
202,超_ゲンガー_安定_V1,0.4471,Out: ミミッキュex / In: コスモウム (Parent: 21/50 -> Mutant: 23/50)
202,超_ミュウツー_安定_V1,0.3942,unchanged
202,闘_ガブルカ_究極_V6_アルティメット,0.2665,Out: ルチア / In: イワーク (Parent: 22/50 -> Mutant: 31/50)
202,炎_リザードンX_究極_V6_アルティメット,0.6077,unchanged
202,炎_リザードンX_安定_V1,0.4670,unchanged
202,龍悪_ギラダク_安定_V1,0.3495,unchanged
202,草_フシギバナ_グッズ偏重_V3,0.5238,unchanged
202,龍悪_ギラダク_グッズ偏重_V3,0.5624,Out: アゴの化石 / In: リーリエ (Parent: 31/50 -> Mutant: 35/50)
202,水_スターミー_安定_V1,0.4673,unchanged
203,水_スターミー_安定_V1,0.4669,Out: コアルヒー / In: メノクラゲ (Parent: 16/50 -> Mutant: 20/50)
203,草_フシギバナ_グッズ偏重_V3,0.5253,unchanged
203,龍悪_ギラダク_グッズ偏重_V3,0.5630,Out: ダークライex / In: メガラティオスex (Parent: 31/50 -> Mutant: 42/50)
203,超_ゲンガー_安定_V1,0.4475,Out: カンナギタウンの長老 / In: ハルカ (Parent: 14/50 -> Mutant: 18/50)
203,雷_ピカチュウ_究極_V6_アルティメット,0.6432,unchanged
203,超_ゲンガー_グッズ偏重_V3,0.2807,Out: コトネ / In: エレキコード (Parent: 18/50 -> Mutant: 20/50)
203,超_ミュウツー_安定_V1,0.3951,unchanged
203,雷_ピカチュウ_グッズ偏重_V3,0.4961,unchanged
203,草_フシギバナ_安定_V1,0.5351,Out: ハンサム / In: ジュナイパーex (Parent: 19/50 -> Mutant: 30/50)
203,草_フシギバナ_究極_V6_アルティメット,0.7462,unchanged
203,超_ミュウツー_究極_V6_アルティメット,0.6305,unchanged
203,闘_ガブルカ_グッズ偏重_V3,0.4671,unchanged
203,闘_ガブルカ_安定_V1,0.3477,unchanged
203,超_ミュウツー_グッズ偏重_V3,0.7302,unchanged
203,炎_リザードンX_グッズ偏重_V3,0.5977,Out: ギャロップ / In: ヒトカゲ (Parent: 27/50 -> Mutant: 31/50)
203,水_スターミー_グッズ偏重_V3,0.5583,unchanged
203,超_ゲンガー_究極_V6_アルティメット,0.4395,unchanged
203,水_スターミー_究極_V6_アルティメット,0.5021,unchanged
203,雷_ピカチュウ_安定_V1,0.4669,Out: アカネ / In: トレーニングエリア (Parent: 18/50 -> Mutant: 24/50)
203,炎_リザードンX_安定_V1,0.4663,Out: カエンジシ / In: ヤトウモリ (Parent: 22/50 -> Mutant: 25/50)
203,龍悪_ギラダク_究極_V6_アルティメット,0.5835,unchanged
203,龍悪_ギラダク_安定_V1,0.3487,Out: トレーニングエリア / In: カイリューex (Parent: 10/50 -> Mutant: 14/50)
203,鋼_メルルギア_究極_V6_アルティメット,0.4500,Out: オニドリル / In: ムクバード (Parent: 27/50 -> Mutant: 30/50)
203,闘_ガブルカ_究極_V6_アルティメット,0.2668,unchanged
203,鋼_メルルギア_グッズ偏重_V3,0.5990,unchanged
203,鋼_メルルギア_安定_V1,0.3399,Out: ポリゴンZ / In: イツキ (Parent: 21/50 -> Mutant: 25/50)
203,炎_リザードンX_究極_V6_アルティメット,0.6067,unchanged
204,超_ミュウツー_究極_V6_アルティメット,0.6310,unchanged
204,龍悪_ギラダク_究極_V6_アルティメット,0.5846,unchanged
204,炎_リザードンX_究極_V6_アルティメット,0.6066,unchanged
204,鋼_メルルギア_究極_V6_アルティメット,0.4503,unchanged
204,鋼_メルルギア_グッズ偏重_V3,0.5999,unchanged
204,炎_リザードンX_安定_V1,0.4662,unchanged
204,闘_ガブルカ_グッズ偏重_V3,0.4671,unchanged
204,超_ゲンガー_究極_V6_アルティメット,0.4392,unchanged
204,雷_ピカチュウ_グッズ偏重_V3,0.4961,unchanged
204,超_ゲンガー_安定_V1,0.4474,Out: ピクシー / In: イエッサンex (Parent: 27/50 -> Mutant: 32/50)
204,草_フシギバナ_グッズ偏重_V3,0.5266,unchanged
204,炎_リザードンX_グッズ偏重_V3,0.5974,Out: グズマ / In: ハイキングコース (Parent: 28/50 -> Mutant: 30/50)
204,超_ミュウツー_安定_V1,0.3956,unchanged
204,雷_ピカチュウ_究極_V6_アルティメット,0.6428,Out: シロナ / In: サンダース (Parent: 34/50 -> Mutant: 36/50)
204,龍悪_ギラダク_グッズ偏重_V3,0.5633,unchanged
204,鋼_メルルギア_安定_V1,0.3395,unchanged
204,龍悪_ギラダク_安定_V1,0.3481,Out: ニドクイン / In: ガバイト (Parent: 17/50 -> Mutant: 19/50)
204,水_スターミー_グッズ偏重_V3,0.5588,Out: セグレイブ / In: スターミー (Parent: 41/50 -> Mutant: 43/50)
204,草_フシギバナ_安定_V1,0.5348,Out: ジュナイパーex / In: コンパン (Parent: 28/50 -> Mutant: 37/50)
204,超_ゲンガー_グッズ偏重_V3,0.2807,unchanged
204,草_フシギバナ_究極_V6_アルティメット,0.7458,unchanged
204,超_ミュウツー_グッズ偏重_V3,0.7296,unchanged
204,闘_ガブルカ_究極_V6_アルティメット,0.2671,unchanged
204,水_スターミー_究極_V6_アルティメット,0.5020,unchanged
204,水_スターミー_安定_V1,0.4660,Out: アローラロコン / In: シズクモ (Parent: 19/50 -> Mutant: 25/50)
204,雷_ピカチュウ_安定_V1,0.4659,unchanged
204,闘_ガブルカ_安定_V1,0.3476,unchanged
205,闘_ガブルカ_安定_V1,0.3484,unchanged
205,炎_リザードンX_グッズ偏重_V3,0.5971,unchanged
205,超_ゲンガー_グッズ偏重_V3,0.2814,Out: かんこうきゃく / In: サマヨール (Parent: 17/50 -> Mutant: 20/50)
205,雷_ピカチュウ_究極_V6_アルティメット,0.6430,Out: エレキジェネレーター / In: サンダース (Parent: 33/50 -> Mutant: 36/50)
205,超_ゲンガー_安定_V1,0.4479,unchanged
205,雷_ピカチュウ_安定_V1,0.4656,unchanged
205,水_スターミー_安定_V1,0.4654,Out: クワッス / In: キバニア (Parent: 17/50 -> Mutant: 23/50)
205,鋼_メルルギア_究極_V6_アルティメット,0.4506,Out: ムックル / In: ベロリンガ (Parent: 29/50 -> Mutant: 32/50)
205,超_ミュウツー_安定_V1,0.3966,unchanged
205,草_フシギバナ_安定_V1,0.5346,Out: リーフ / In: モノマネむすめ (Parent: 28/50 -> Mutant: 34/50)
205,炎_リザードンX_安定_V1,0.4656,Out: ハルカ / In: ファイアロー (Parent: 19/50 -> Mutant: 28/50)
205,超_ミュウツー_グッズ偏重_V3,0.7295,unchanged
205,闘_ガブルカ_グッズ偏重_V3,0.4670,Out: ハリテヤマ / In: ビーストウォール (Parent: 29/50 -> Mutant: 32/50)
205,超_ミュウツー_究極_V6_アルティメット,0.6307,unchanged
205,雷_ピカチュウ_グッズ偏重_V3,0.4958,unchanged
205,草_フシギバナ_究極_V6_アルティメット,0.7458,unchanged
205,草_フシギバナ_グッズ偏重_V3,0.5277,unchanged
205,炎_リザードンX_究極_V6_アルティメット,0.6061,unchanged
205,超_ゲンガー_究極_V6_アルティメット,0.4387,Out: マシェード / In: ヤミラミ (Parent: 22/50 -> Mutant: 27/50)
205,龍悪_ギラダク_究極_V6_アルティメット,0.5845,unchanged
205,水_スターミー_究極_V6_アルティメット,0.5021,unchanged
205,水_スターミー_グッズ偏重_V3,0.5591,unchanged
205,龍悪_ギラダク_グッズ偏重_V3,0.5634,Out: アーボック / In: ワルビアル (Parent: 38/50 -> Mutant: 43/50)
205,鋼_メルルギア_安定_V1,0.3390,unchanged
205,龍悪_ギラダク_安定_V1,0.3473,unchanged
205,鋼_メルルギア_グッズ偏重_V3,0.6000,unchanged
205,闘_ガブルカ_究極_V6_アルティメット,0.2673,unchanged
206,超_ゲンガー_安定_V1,0.4485,unchanged
206,超_ゲンガー_究極_V6_アルティメット,0.4389,Out: シュシュプ / In: ルザミーネ (Parent: 28/50 -> Mutant: 30/50)
206,超_ミュウツー_グッズ偏重_V3,0.7299,unchanged
206,草_フシギバナ_究極_V6_アルティメット,0.7462,unchanged
206,龍悪_ギラダク_グッズ偏重_V3,0.5641,unchanged
206,闘_ガブルカ_安定_V1,0.3490,unchanged
206,鋼_メルルギア_究極_V6_アルティメット,0.4509,unchanged
206,草_フシギバナ_安定_V1,0.5345,Out: エリカ / In: ラランテス (Parent: 21/50 -> Mutant: 27/50)
206,炎_リザードンX_究極_V6_アルティメット,0.6058,unchanged
206,雷_ピカチュウ_安定_V1,0.4655,unchanged
206,草_フシギバナ_グッズ偏重_V3,0.5288,Out: ビーストウォール / In: モンスターボール (Parent: 43/50 -> Mutant: 46/50)
206,超_ゲンガー_グッズ偏重_V3,0.2816,unchanged
206,鋼_メルルギア_グッズ偏重_V3,0.6007,unchanged
206,龍悪_ギラダク_安定_V1,0.3470,unchanged
206,龍悪_ギラダク_究極_V6_アルティメット,0.5844,unchanged
206,水_スターミー_安定_V1,0.4648,unchanged
206,炎_リザードンX_安定_V1,0.4649,unchanged
206,炎_リザードンX_グッズ偏重_V3,0.5964,unchanged
206,雷_ピカチュウ_グッズ偏重_V3,0.4954,unchanged
206,雷_ピカチュウ_究極_V6_アルティメット,0.6425,unchanged
206,闘_ガブルカ_グッズ偏重_V3,0.4667,unchanged
206,闘_ガブルカ_究極_V6_アルティメット,0.2676,unchanged
206,水_スターミー_究極_V6_アルティメット,0.5022,unchanged
206,鋼_メルルギア_安定_V1,0.3384,Out: チラーミィ / In: ミネズミ (Parent: 18/50 -> Mutant: 21/50)
206,水_スターミー_グッズ偏重_V3,0.5593,unchanged
206,超_ミュウツー_安定_V1,0.3964,unchanged
206,超_ミュウツー_究極_V6_アルティメット,0.6296,Out: アンノーンP / In: デンジ (Parent: 34/50 -> Mutant: 37/50)
207,闘_ガブルカ_グッズ偏重_V3,0.4674,unchanged
207,雷_ピカチュウ_究極_V6_アルティメット,0.6426,unchanged
207,闘_ガブルカ_安定_V1,0.3498,unchanged
207,雷_ピカチュウ_グッズ偏重_V3,0.4957,unchanged
207,鋼_メルルギア_究極_V6_アルティメット,0.4513,unchanged
207,闘_ガブルカ_究極_V6_アルティメット,0.2688,Out: ドッコラー / In: メタルコアバリア (Parent: 30/50 -> Mutant: 33/50)
207,草_フシギバナ_安定_V1,0.5343,Out: カイロス / In: ペパー (Parent: 27/50 -> Mutant: 31/50)
207,炎_リザードンX_グッズ偏重_V3,0.5961,unchanged
207,超_ミュウツー_究極_V6_アルティメット,0.6297,unchanged
207,龍悪_ギラダク_安定_V1,0.3465,Out: レッドカード / In: ヒドイデ (Parent: 21/50 -> Mutant: 23/50)
207,炎_リザードンX_安定_V1,0.4644,unchanged
207,超_ミュウツー_グッズ偏重_V3,0.7299,unchanged
207,炎_リザードンX_究極_V6_アルティメット,0.6055,Out: リザード / In: ブースター (Parent: 29/50 -> Mutant: 31/50)
207,超_ミュウツー_安定_V1,0.3967,unchanged
207,龍悪_ギラダク_グッズ偏重_V3,0.5646,unchanged
207,水_スターミー_究極_V6_アルティメット,0.5024,Out: 当たりつきアイス / In: メガラグラージex (Parent: 34/50 -> Mutant: 37/50)
207,草_フシギバナ_究極_V6_アルティメット,0.7462,unchanged
207,超_ゲンガー_究極_V6_アルティメット,0.4385,unchanged
207,超_ゲンガー_グッズ偏重_V3,0.2816,unchanged
207,水_スターミー_安定_V1,0.4639,unchanged
207,龍悪_ギラダク_究極_V6_アルティメット,0.5842,unchanged
207,鋼_メルルギア_安定_V1,0.3378,unchanged
207,雷_ピカチュウ_安定_V1,0.4646,unchanged
207,鋼_メルルギア_グッズ偏重_V3,0.6007,unchanged
207,草_フシギバナ_グッズ偏重_V3,0.5294,Out: コフーライ / In: 鋼鉄のまえかけ (Parent: 44/50 -> Mutant: 48/50)
207,超_ゲンガー_安定_V1,0.4480,unchanged
207,水_スターミー_グッズ偏重_V3,0.5594,unchanged
208,鋼_メルルギア_グッズ偏重_V3,0.6017,unchanged
208,水_スターミー_究極_V6_アルティメット,0.5038,unchanged
208,雷_ピカチュウ_グッズ偏重_V3,0.4962,unchanged
208,鋼_メルルギア_安定_V1,0.3380,unchanged
208,超_ミュウツー_究極_V6_アルティメット,0.6299,unchanged
208,超_ゲンガー_安定_V1,0.4482,unchanged
208,雷_ピカチュウ_安定_V1,0.4643,unchanged
208,炎_リザードンX_グッズ偏重_V3,0.5957,Out: おおきいマラサダ / In: バクフーン (Parent: 27/50 -> Mutant: 31/50)
208,炎_リザードンX_安定_V1,0.4641,unchanged
208,草_フシギバナ_安定_V1,0.5341,Out: モノマネむすめ / In: ヒカリ (Parent: 22/50 -> Mutant: 26/50)
208,超_ゲンガー_グッズ偏重_V3,0.2818,Out: イリマ / In: イエッサンex (Parent: 18/50 -> Mutant: 26/50)
208,超_ミュウツー_安定_V1,0.3972,Out: ヤドキング / In: ネイティオ (Parent: 26/50 -> Mutant: 33/50)
208,闘_ガブルカ_安定_V1,0.3499,unchanged
208,龍悪_ギラダク_究極_V6_アルティメット,0.5845,unchanged
208,超_ミュウツー_グッズ偏重_V3,0.7298,Out: フレイムパッチ / In: ルナアーラex (Parent: 36/50 -> Mutant: 38/50)
208,草_フシギバナ_究極_V6_アルティメット,0.7462,Out: キノガッサ / In: ラムのみ (Parent: 42/50 -> Mutant: 46/50)
208,龍悪_ギラダク_グッズ偏重_V3,0.5647,unchanged
208,超_ゲンガー_究極_V6_アルティメット,0.4379,unchanged
208,草_フシギバナ_グッズ偏重_V3,0.5301,unchanged
208,鋼_メルルギア_究極_V6_アルティメット,0.4511,unchanged
208,水_スターミー_安定_V1,0.4631,Out: むしよけスプレー / In: イルカマン (Parent: 15/50 -> Mutant: 17/50)
208,雷_ピカチュウ_究極_V6_アルティメット,0.6422,unchanged
208,闘_ガブルカ_究極_V6_アルティメット,0.2692,unchanged
208,闘_ガブルカ_グッズ偏重_V3,0.4669,unchanged
208,龍悪_ギラダク_安定_V1,0.3455,unchanged
208,炎_リザードンX_究極_V6_アルティメット,0.6046,unchanged
208,水_スターミー_グッズ偏重_V3,0.5595,Out: ゲコガシラ / In: ギャラドス (Parent: 38/50 -> Mutant: 42/50)
209,闘_ガブルカ_安定_V1,0.3505,Out: ガントル / In: ラムのみ (Parent: 23/50 -> Mutant: 29/50)
209,鋼_メルルギア_グッズ偏重_V3,0.6027,unchanged
209,超_ゲンガー_究極_V6_アルティメット,0.4382,Out: ルナトーン / In: ユンゲラー (Parent: 25/50 -> Mutant: 29/50)
209,超_ミュウツー_究極_V6_アルティメット,0.6301,Out: メモリーライト / In: ラムのみ (Parent: 30/50 -> Mutant: 32/50)
209,龍悪_ギラダク_グッズ偏重_V3,0.5656,unchanged
209,草_フシギバナ_グッズ偏重_V3,0.5314,unchanged
209,龍悪_ギラダク_安定_V1,0.3453,Out: レパルダス / In: ニドリーノ (Parent: 16/50 -> Mutant: 20/50)
209,闘_ガブルカ_究極_V6_アルティメット,0.2705,unchanged
209,鋼_メルルギア_究極_V6_アルティメット,0.4513,unchanged
209,超_ミュウツー_グッズ偏重_V3,0.7299,unchanged
209,草_フシギバナ_安定_V1,0.5337,unchanged
209,水_スターミー_安定_V1,0.4625,unchanged
209,超_ゲンガー_安定_V1,0.4483,unchanged
209,鋼_メルルギア_安定_V1,0.3377,unchanged
209,草_フシギバナ_究極_V6_アルティメット,0.7460,unchanged
209,雷_ピカチュウ_究極_V6_アルティメット,0.6419,unchanged
209,超_ゲンガー_グッズ偏重_V3,0.2821,unchanged
209,超_ミュウツー_安定_V1,0.3975,unchanged
209,雷_ピカチュウ_グッズ偏重_V3,0.4956,Out: おさかなネット / In: メモリーライト (Parent: 23/50 -> Mutant: 29/50)
209,水_スターミー_グッズ偏重_V3,0.5599,unchanged
209,龍悪_ギラダク_究極_V6_アルティメット,0.5843,Out: ガバイト / In: ドヒドイデ (Parent: 32/50 -> Mutant: 44/50)
209,炎_リザードンX_グッズ偏重_V3,0.5947,Out: タケシ / In: ラッキーミトン (Parent: 30/50 -> Mutant: 32/50)
209,炎_リザードンX_究極_V6_アルティメット,0.6037,unchanged
209,炎_リザードンX_安定_V1,0.4630,unchanged
209,水_スターミー_究極_V6_アルティメット,0.5041,unchanged
209,闘_ガブルカ_グッズ偏重_V3,0.4662,unchanged
209,雷_ピカチュウ_安定_V1,0.4632,unchanged
210,鋼_メルルギア_究極_V6_アルティメット,0.4518,unchanged
210,超_ミュウツー_安定_V1,0.3986,unchanged
210,闘_ガブルカ_安定_V1,0.3512,unchanged
210,水_スターミー_安定_V1,0.4621,unchanged
210,水_スターミー_グッズ偏重_V3,0.5611,unchanged
210,草_フシギバナ_安定_V1,0.5337,unchanged
210,雷_ピカチュウ_究極_V6_アルティメット,0.6419,unchanged
210,炎_リザードンX_グッズ偏重_V3,0.5943,unchanged
210,炎_リザードンX_究極_V6_アルティメット,0.6034,unchanged
210,超_ミュウツー_グッズ偏重_V3,0.7301,unchanged
210,炎_リザードンX_安定_V1,0.4625,Out: シロナ / In: ルザミーネ (Parent: 27/50 -> Mutant: 29/50)
210,龍悪_ギラダク_グッズ偏重_V3,0.5658,Out: ふたの化石 / In: 博士の研究 (Parent: 39/50 -> Mutant: 41/50)
210,超_ゲンガー_究極_V6_アルティメット,0.4379,unchanged
210,闘_ガブルカ_グッズ偏重_V3,0.4662,unchanged
210,雷_ピカチュウ_グッズ偏重_V3,0.4954,Out: いじわるレター / In: ヒレの化石 (Parent: 25/50 -> Mutant: 32/50)
210,超_ゲンガー_安定_V1,0.4481,unchanged
210,草_フシギバナ_グッズ偏重_V3,0.5325,Out: カイ / In: ずがいの化石 (Parent: 42/50 -> Mutant: 45/50)
210,超_ミュウツー_究極_V6_アルティメット,0.6296,Out: メリッサ / In: ポットデス (Parent: 32/50 -> Mutant: 36/50)
210,闘_ガブルカ_究極_V6_アルティメット,0.2711,unchanged
210,水_スターミー_究極_V6_アルティメット,0.5048,unchanged
210,鋼_メルルギア_安定_V1,0.3373,unchanged
210,鋼_メルルギア_グッズ偏重_V3,0.6028,unchanged
210,雷_ピカチュウ_安定_V1,0.4623,Out: アローラゴローニャ / In: ミライドン (Parent: 17/50 -> Mutant: 20/50)
210,草_フシギバナ_究極_V6_アルティメット,0.7455,unchanged
210,龍悪_ギラダク_究極_V6_アルティメット,0.5836,unchanged
210,龍悪_ギラダク_安定_V1,0.3443,Out: ガバイト / In: きずぐすり (Parent: 13/50 -> Mutant: 18/50)
210,超_ゲンガー_グッズ偏重_V3,0.2818,unchanged
211,鋼_メルルギア_安定_V1,0.3374,Out: ヒレの化石 / In: イリマ (Parent: 18/50 -> Mutant: 25/50)
211,闘_ガブルカ_究極_V6_アルティメット,0.2724,unchanged
211,水_スターミー_グッズ偏重_V3,0.5625,unchanged
211,闘_ガブルカ_グッズ偏重_V3,0.4666,unchanged
211,超_ミュウツー_安定_V1,0.3996,unchanged
211,龍悪_ギラダク_グッズ偏重_V3,0.5667,unchanged
211,鋼_メルルギア_グッズ偏重_V3,0.6036,unchanged
211,草_フシギバナ_グッズ偏重_V3,0.5338,unchanged
211,炎_リザードンX_究極_V6_アルティメット,0.6031,unchanged
211,龍悪_ギラダク_安定_V1,0.3440,unchanged
211,超_ミュウツー_グッズ偏重_V3,0.7302,unchanged
211,草_フシギバナ_安定_V1,0.5333,unchanged
211,闘_ガブルカ_安定_V1,0.3515,unchanged
211,雷_ピカチュウ_究極_V6_アルティメット,0.6417,Out: サンダース / In: グラジオ (Parent: 31/50 -> Mutant: 40/50)
211,超_ミュウツー_究極_V6_アルティメット,0.6294,unchanged
211,炎_リザードンX_グッズ偏重_V3,0.5936,Out: エレキコード / In: グレンアルマex (Parent: 27/50 -> Mutant: 30/50)
211,水_スターミー_安定_V1,0.4614,unchanged
211,炎_リザードンX_安定_V1,0.4616,unchanged
211,雷_ピカチュウ_安定_V1,0.4615,unchanged
211,鋼_メルルギア_究極_V6_アルティメット,0.4516,unchanged
211,超_ゲンガー_究極_V6_アルティメット,0.4373,unchanged
211,草_フシギバナ_究極_V6_アルティメット,0.7452,unchanged
211,超_ゲンガー_安定_V1,0.4477,Out: シロナ / In: コレクレー (Parent: 30/50 -> Mutant: 33/50)
211,超_ゲンガー_グッズ偏重_V3,0.2819,unchanged
211,雷_ピカチュウ_グッズ偏重_V3,0.4944,unchanged
211,水_スターミー_究極_V6_アルティメット,0.5050,unchanged
211,龍悪_ギラダク_究極_V6_アルティメット,0.5830,unchanged
212,水_スターミー_究極_V6_アルティメット,0.5063,unchanged
212,龍悪_ギラダク_安定_V1,0.3439,Out: 当たりつきアイス / In: かいの化石 (Parent: 15/50 -> Mutant: 22/50)
212,超_ミュウツー_究極_V6_アルティメット,0.6296,unchanged
212,炎_リザードンX_安定_V1,0.4615,Out: ヤトウモリ / In: コトネ (Parent: 21/50 -> Mutant: 24/50)
212,闘_ガブルカ_究極_V6_アルティメット,0.2736,unchanged
212,鋼_メルルギア_安定_V1,0.3375,unchanged
212,闘_ガブルカ_安定_V1,0.3519,unchanged
212,超_ミュウツー_グッズ偏重_V3,0.7305,unchanged
212,雷_ピカチュウ_安定_V1,0.4612,Out: デデンネ / In: ルクシオ (Parent: 20/50 -> Mutant: 22/50)
212,鋼_メルルギア_グッズ偏重_V3,0.6041,unchanged
212,水_スターミー_グッズ偏重_V3,0.5634,unchanged
212,水_スターミー_安定_V1,0.4609,Out: ギャラドスex / In: 鋼鉄のまえかけ (Parent: 15/50 -> Mutant: 17/50)
212,雷_ピカチュウ_グッズ偏重_V3,0.4945,Out: ネモ / In: レスキュースカーフ (Parent: 34/50 -> Mutant: 36/50)
212,草_フシギバナ_安定_V1,0.5329,Out: ハヤシガメ / In: オリーヴァ (Parent: 28/50 -> Mutant: 31/50)
212,超_ゲンガー_グッズ偏重_V3,0.2821,unchanged
212,龍悪_ギラダク_グッズ偏重_V3,0.5671,unchanged
212,超_ゲンガー_安定_V1,0.4474,unchanged
212,草_フシギバナ_グッズ偏重_V3,0.5345,unchanged
212,炎_リザードンX_グッズ偏重_V3,0.5928,Out: メガリザードンYex / In: はじまりの平原 (Parent: 27/50 -> Mutant: 29/50)
212,草_フシギバナ_究極_V6_アルティメット,0.7449,unchanged
212,超_ゲンガー_究極_V6_アルティメット,0.4367,unchanged
212,雷_ピカチュウ_究極_V6_アルティメット,0.6410,Out: シトロン / In: サンダース (Parent: 27/50 -> Mutant: 31/50)
212,闘_ガブルカ_グッズ偏重_V3,0.4660,unchanged
212,鋼_メルルギア_究極_V6_アルティメット,0.4511,Out: オニドリル / In: ビーダルex (Parent: 28/50 -> Mutant: 36/50)
212,超_ミュウツー_安定_V1,0.3997,unchanged
212,龍悪_ギラダク_究極_V6_アルティメット,0.5826,unchanged
212,炎_リザードンX_究極_V6_アルティメット,0.6022,unchanged
213,鋼_メルルギア_究極_V6_アルティメット,0.4517,unchanged
213,水_スターミー_安定_V1,0.4605,unchanged
213,炎_リザードンX_究極_V6_アルティメット,0.6025,Out: ギャロップ / In: カルム (Parent: 23/50 -> Mutant: 35/50)
213,炎_リザードンX_グッズ偏重_V3,0.5921,unchanged
213,雷_ピカチュウ_安定_V1,0.4612,unchanged
213,草_フシギバナ_究極_V6_アルティメット,0.7453,Out: ワナイダー / In: アノホラグサ (Parent: 42/50 -> Mutant: 44/50)
213,龍悪_ギラダク_安定_V1,0.3438,unchanged
213,超_ゲンガー_安定_V1,0.4477,unchanged
213,水_スターミー_グッズ偏重_V3,0.5644,unchanged
213,草_フシギバナ_グッズ偏重_V3,0.5358,unchanged
213,龍悪_ギラダク_グッズ偏重_V3,0.5675,Out: カキ / In: ペンドラー (Parent: 37/50 -> Mutant: 40/50)
213,鋼_メルルギア_安定_V1,0.3373,unchanged
213,闘_ガブルカ_究極_V6_アルティメット,0.2745,Out: ガントル / In: タタッコ (Parent: 22/50 -> Mutant: 29/50)
213,炎_リザードンX_安定_V1,0.4610,Out: ブビィ / In: メガリザードンYex (Parent: 28/50 -> Mutant: 33/50)
213,水_スターミー_究極_V6_アルティメット,0.5070,unchanged
213,超_ゲンガー_究極_V6_アルティメット,0.4365,unchanged
213,闘_ガブルカ_安定_V1,0.3520,unchanged
213,龍悪_ギラダク_究極_V6_アルティメット,0.5825,unchanged
213,雷_ピカチュウ_グッズ偏重_V3,0.4942,Out: ライチュウ / In: エリカ (Parent: 24/50 -> Mutant: 30/50)
213,超_ミュウツー_安定_V1,0.3997,Out: おおきいマラサダ / In: ハラ (Parent: 31/50 -> Mutant: 34/50)
213,超_ミュウツー_究極_V6_アルティメット,0.6291,Out: ミミッキュex / In: ムウマ (Parent: 28/50 -> Mutant: 32/50)
213,闘_ガブルカ_グッズ偏重_V3,0.4656,unchanged
213,雷_ピカチュウ_究極_V6_アルティメット,0.6402,unchanged
213,鋼_メルルギア_グッズ偏重_V3,0.6043,unchanged
213,超_ゲンガー_グッズ偏重_V3,0.2820,unchanged
213,草_フシギバナ_安定_V1,0.5320,unchanged
213,超_ミュウツー_グッズ偏重_V3,0.7297,unchanged
214,雷_ピカチュウ_グッズ偏重_V3,0.4947,unchanged
214,闘_ガブルカ_グッズ偏重_V3,0.4662,Out: カイリキーex / In: カイ (Parent: 24/50 -> Mutant: 30/50)
214,雷_ピカチュウ_究極_V6_アルティメット,0.6404,unchanged
214,水_スターミー_グッズ偏重_V3,0.5656,unchanged
214,草_フシギバナ_安定_V1,0.5319,unchanged
214,草_フシギバナ_グッズ偏重_V3,0.5372,unchanged
214,闘_ガブルカ_安定_V1,0.3524,unchanged
214,龍悪_ギラダク_究極_V6_アルティメット,0.5830,unchanged
214,鋼_メルルギア_究極_V6_アルティメット,0.4519,unchanged
214,超_ミュウツー_グッズ偏重_V3,0.7297,unchanged
214,鋼_メルルギア_グッズ偏重_V3,0.6049,unchanged
214,超_ゲンガー_安定_V1,0.4477,unchanged
214,水_スターミー_安定_V1,0.4599,unchanged
214,超_ミュウツー_究極_V6_アルティメット,0.6286,unchanged
214,龍悪_ギラダク_グッズ偏重_V3,0.5679,unchanged
214,炎_リザードンX_グッズ偏重_V3,0.5910,unchanged
214,超_ゲンガー_グッズ偏重_V3,0.2822,unchanged
214,炎_リザードンX_安定_V1,0.4608,Out: ファイヤーex / In: ふたの化石 (Parent: 30/50 -> Mutant: 34/50)
214,雷_ピカチュウ_安定_V1,0.4606,Out: カプコケコ / In: ランターンex (Parent: 28/50 -> Mutant: 32/50)
214,超_ミュウツー_安定_V1,0.3997,unchanged
214,草_フシギバナ_究極_V6_アルティメット,0.7447,unchanged
214,闘_ガブルカ_究極_V6_アルティメット,0.2748,unchanged
214,炎_リザードンX_究極_V6_アルティメット,0.6017,Out: ボタン / In: むしよけスプレー (Parent: 28/50 -> Mutant: 33/50)
214,鋼_メルルギア_安定_V1,0.3367,Out: ワッカネズミ / In: ポケモンの笛 (Parent: 16/50 -> Mutant: 19/50)
214,超_ゲンガー_究極_V6_アルティメット,0.4356,Out: ネイティオ / In: ヤミラミ (Parent: 22/50 -> Mutant: 29/50)
214,水_スターミー_究極_V6_アルティメット,0.5072,unchanged
214,龍悪_ギラダク_安定_V1,0.3428,unchanged
215,龍悪_ギラダク_グッズ偏重_V3,0.5690,unchanged
215,雷_ピカチュウ_安定_V1,0.4607,unchanged
215,雷_ピカチュウ_グッズ偏重_V3,0.4950,unchanged
215,雷_ピカチュウ_究極_V6_アルティメット,0.6406,unchanged
215,鋼_メルルギア_安定_V1,0.3368,unchanged
215,水_スターミー_グッズ偏重_V3,0.5667,unchanged
215,闘_ガブルカ_究極_V6_アルティメット,0.2758,Out: イワーク / In: レジロック (Parent: 33/50 -> Mutant: 38/50)
215,超_ゲンガー_究極_V6_アルティメット,0.4355,unchanged
215,草_フシギバナ_究極_V6_アルティメット,0.7449,Out: ラムのみ / In: ふたの化石 (Parent: 44/50 -> Mutant: 47/50)
215,水_スターミー_究極_V6_アルティメット,0.5081,Out: たての化石 / In: アカネ (Parent: 35/50 -> Mutant: 41/50)
215,闘_ガブルカ_グッズ偏重_V3,0.4663,Out: エレキコード / In: メレシー (Parent: 28/50 -> Mutant: 30/50)
215,超_ミュウツー_グッズ偏重_V3,0.7297,unchanged
215,炎_リザードンX_安定_V1,0.4607,Out: アチャモ / In: ポニータ (Parent: 26/50 -> Mutant: 34/50)
215,龍悪_ギラダク_究極_V6_アルティメット,0.5834,unchanged
215,草_フシギバナ_安定_V1,0.5313,unchanged
215,水_スターミー_安定_V1,0.4591,unchanged
215,超_ゲンガー_グッズ偏重_V3,0.2824,unchanged
215,龍悪_ギラダク_安定_V1,0.3422,unchanged
215,超_ミュウツー_究極_V6_アルティメット,0.6279,Out: ルナトーン / In: ムウマージ (Parent: 27/50 -> Mutant: 32/50)
215,超_ゲンガー_安定_V1,0.4474,unchanged
215,鋼_メルルギア_グッズ偏重_V3,0.6051,unchanged
215,草_フシギバナ_グッズ偏重_V3,0.5377,unchanged
215,超_ミュウツー_安定_V1,0.3997,Out: たべのこし / In: ペパー (Parent: 31/50 -> Mutant: 36/50)
215,炎_リザードンX_グッズ偏重_V3,0.5894,unchanged
215,炎_リザードンX_究極_V6_アルティメット,0.6007,unchanged
215,鋼_メルルギア_究極_V6_アルティメット,0.4514,Out: ドゴーム / In: チルタリス (Parent: 33/50 -> Mutant: 35/50)
215,闘_ガブルカ_安定_V1,0.3525,unchanged
216,草_フシギバナ_究極_V6_アルティメット,0.7454,Out: アノホラグサ / In: ネモ (Parent: 41/50 -> Mutant: 48/50)
216,超_ミュウツー_グッズ偏重_V3,0.7300,Out: トゲキッス / In: かいの化石 (Parent: 42/50 -> Mutant: 45/50)
216,水_スターミー_安定_V1,0.4589,Out: はじまりの平原 / In: セビエ (Parent: 17/50 -> Mutant: 23/50)
216,雷_ピカチュウ_究極_V6_アルティメット,0.6406,unchanged
216,草_フシギバナ_安定_V1,0.5312,Out: ニャローテ / In: ダークペンダント (Parent: 28/50 -> Mutant: 32/50)
216,炎_リザードンX_安定_V1,0.4611,unchanged
216,水_スターミー_グッズ偏重_V3,0.5678,unchanged
216,闘_ガブルカ_安定_V1,0.3531,unchanged
216,超_ゲンガー_グッズ偏重_V3,0.2832,Out: ポケモンセンターのお姉さん / In: メガサーナイトex (Parent: 27/50 -> Mutant: 33/50)
216,龍悪_ギラダク_安定_V1,0.3419,unchanged
216,炎_リザードンX_究極_V6_アルティメット,0.6003,Out: どくバリ / In: ズガドーン (Parent: 27/50 -> Mutant: 29/50)
216,龍悪_ギラダク_究極_V6_アルティメット,0.5839,Out: マツバ / In: マオ (Parent: 34/50 -> Mutant: 43/50)
216,雷_ピカチュウ_安定_V1,0.4604,unchanged
216,超_ゲンガー_安定_V1,0.4473,unchanged
216,草_フシギバナ_グッズ偏重_V3,0.5383,unchanged
216,炎_リザードンX_グッズ偏重_V3,0.5882,unchanged
216,超_ミュウツー_究極_V6_アルティメット,0.6273,Out: ポットデス / In: ミミッキュ (Parent: 29/50 -> Mutant: 32/50)
216,雷_ピカチュウ_グッズ偏重_V3,0.4948,Out: レスキュースカーフ / In: クワガノン (Parent: 26/50 -> Mutant: 35/50)
216,鋼_メルルギア_グッズ偏重_V3,0.6054,Out: ラッキーミトン / In: ケンタロスex (Parent: 35/50 -> Mutant: 43/50)
216,水_スターミー_究極_V6_アルティメット,0.5085,Out: おさかなネット / In: カルム (Parent: 38/50 -> Mutant: 43/50)
216,闘_ガブルカ_グッズ偏重_V3,0.4657,unchanged
216,超_ミュウツー_安定_V1,0.3998,unchanged
216,鋼_メルルギア_安定_V1,0.3363,unchanged
216,超_ゲンガー_究極_V6_アルティメット,0.4349,unchanged
216,闘_ガブルカ_究極_V6_アルティメット,0.2761,Out: かんこうきゃく / In: マケンカニ (Parent: 24/50 -> Mutant: 30/50)
216,鋼_メルルギア_究極_V6_アルティメット,0.4510,Out: パフュートン / In: バイウールー (Parent: 29/50 -> Mutant: 31/50)
216,龍悪_ギラダク_グッズ偏重_V3,0.5687,unchanged
217,炎_リザードンX_グッズ偏重_V3,0.5876,Out: ガーディ / In: 鋼鉄のまえかけ (Parent: 18/50 -> Mutant: 24/50)
217,炎_リザードンX_安定_V1,0.4616,Out: ポニータ / In: ジャグラー (Parent: 21/50 -> Mutant: 25/50)
217,雷_ピカチュウ_安定_V1,0.4605,Out: ライチュウ / In: カプコケコex (Parent: 19/50 -> Mutant: 27/50)
217,超_ミュウツー_安定_V1,0.4009,Out: オボンのみ / In: レスキュースカーフ (Parent: 32/50 -> Mutant: 36/50)
217,超_ゲンガー_グッズ偏重_V3,0.2845,Out: ヨマワル / In: コロモリ (Parent: 26/50 -> Mutant: 30/50)
217,闘_ガブルカ_グッズ偏重_V3,0.4657,unchanged
217,龍悪_ギラダク_安定_V1,0.3416,unchanged
217,鋼_メルルギア_安定_V1,0.3362,Out: ミネズミ / In: ペラップ (Parent: 18/50 -> Mutant: 23/50)
217,超_ミュウツー_究極_V6_アルティメット,0.6268,unchanged
217,草_フシギバナ_究極_V6_アルティメット,0.7457,unchanged
217,水_スターミー_グッズ偏重_V3,0.5686,unchanged
217,超_ゲンガー_安定_V1,0.4471,unchanged
217,草_フシギバナ_安定_V1,0.5309,unchanged
217,水_スターミー_究極_V6_アルティメット,0.5090,Out: アカネ / In: シードラ (Parent: 40/50 -> Mutant: 43/50)
217,超_ゲンガー_究極_V6_アルティメット,0.4345,Out: ヤドン / In: ヒカリ (Parent: 20/50 -> Mutant: 22/50)
217,龍悪_ギラダク_グッズ偏重_V3,0.5690,unchanged
217,闘_ガブルカ_究極_V6_アルティメット,0.2765,unchanged
217,超_ミュウツー_グッズ偏重_V3,0.7297,unchanged
217,水_スターミー_安定_V1,0.4581,Out: ヘイラッシャ / In: バニリッチ (Parent: 15/50 -> Mutant: 18/50)
217,闘_ガブルカ_安定_V1,0.3531,Out: チャーレム / In: デンジ (Parent: 13/50 -> Mutant: 18/50)
217,鋼_メルルギア_究極_V6_アルティメット,0.4509,unchanged
217,龍悪_ギラダク_究極_V6_アルティメット,0.5835,unchanged
217,雷_ピカチュウ_グッズ偏重_V3,0.4941,unchanged
217,鋼_メルルギア_グッズ偏重_V3,0.6058,Out: ベロベルト / In: アローラダグトリオ (Parent: 42/50 -> Mutant: 45/50)
217,雷_ピカチュウ_究極_V6_アルティメット,0.6398,Out: グズマ / In: ビリリダマ (Parent: 28/50 -> Mutant: 36/50)
217,草_フシギバナ_グッズ偏重_V3,0.5388,unchanged
217,炎_リザードンX_究極_V6_アルティメット,0.5995,unchanged
218,闘_ガブルカ_グッズ偏重_V3,0.4661,unchanged
218,闘_ガブルカ_究極_V6_アルティメット,0.2777,unchanged
218,草_フシギバナ_安定_V1,0.5309,unchanged
218,闘_ガブルカ_安定_V1,0.3535,unchanged
218,雷_ピカチュウ_グッズ偏重_V3,0.4944,unchanged
218,雷_ピカチュウ_究極_V6_アルティメット,0.6395,unchanged
218,雷_ピカチュウ_安定_V1,0.4606,unchanged
218,超_ミュウツー_グッズ偏重_V3,0.7299,unchanged
218,水_スターミー_グッズ偏重_V3,0.5696,unchanged
218,草_フシギバナ_グッズ偏重_V3,0.5400,Out: ナンジャモ / In: グラジオ (Parent: 42/50 -> Mutant: 44/50)
218,鋼_メルルギア_グッズ偏重_V3,0.6065,unchanged
218,草_フシギバナ_究極_V6_アルティメット,0.7458,unchanged
218,超_ゲンガー_グッズ偏重_V3,0.2852,unchanged
218,龍悪_ギラダク_安定_V1,0.3414,unchanged
218,炎_リザードンX_安定_V1,0.4617,unchanged
218,龍悪_ギラダク_究極_V6_アルティメット,0.5836,unchanged
218,水_スターミー_究極_V6_アルティメット,0.5097,unchanged
218,水_スターミー_安定_V1,0.4571,unchanged
218,超_ミュウツー_究極_V6_アルティメット,0.6258,unchanged
218,炎_リザードンX_グッズ偏重_V3,0.5862,unchanged
218,龍悪_ギラダク_グッズ偏重_V3,0.5689,unchanged
218,超_ミュウツー_安定_V1,0.4010,unchanged
218,炎_リザードンX_究極_V6_アルティメット,0.5988,unchanged
218,超_ゲンガー_安定_V1,0.4465,Out: コレクレー / In: リグレー (Parent: 23/50 -> Mutant: 26/50)
218,鋼_メルルギア_究極_V6_アルティメット,0.4503,Out: ミルタンク / In: エテボース (Parent: 24/50 -> Mutant: 26/50)
218,超_ゲンガー_究極_V6_アルティメット,0.4337,Out: コロモリ / In: ミュウツー (Parent: 23/50 -> Mutant: 26/50)
218,鋼_メルルギア_安定_V1,0.3356,unchanged
219,超_ゲンガー_安定_V1,0.4469,unchanged
219,超_ゲンガー_グッズ偏重_V3,0.2865,unchanged
219,炎_リザードンX_安定_V1,0.4624,unchanged
219,草_フシギバナ_グッズ偏重_V3,0.5413,Out: タケシ / In: フシギバナ (Parent: 41/50 -> Mutant: 48/50)
219,草_フシギバナ_究極_V6_アルティメット,0.7462,unchanged
219,草_フシギバナ_安定_V1,0.5308,Out: おおきいマラサダ / In: クヌギダマ (Parent: 21/50 -> Mutant: 30/50)
219,雷_ピカチュウ_グッズ偏重_V3,0.4946,unchanged
219,炎_リザードンX_究極_V6_アルティメット,0.5986,Out: ブースター / In: エレメンタルつけかえ (Parent: 27/50 -> Mutant: 36/50)
219,超_ミュウツー_安定_V1,0.4017,unchanged
219,雷_ピカチュウ_安定_V1,0.4606,unchanged
219,水_スターミー_究極_V6_アルティメット,0.5104,unchanged
219,超_ミュウツー_究極_V6_アルティメット,0.6253,unchanged
219,鋼_メルルギア_グッズ偏重_V3,0.6070,unchanged
219,龍悪_ギラダク_究極_V6_アルティメット,0.5836,unchanged
219,水_スターミー_安定_V1,0.4563,unchanged
219,雷_ピカチュウ_究極_V6_アルティメット,0.6390,unchanged
219,闘_ガブルカ_安定_V1,0.3537,Out: デンジ / In: 博士の研究 (Parent: 23/50 -> Mutant: 26/50)
219,水_スターミー_グッズ偏重_V3,0.5700,unchanged
219,闘_ガブルカ_グッズ偏重_V3,0.4656,unchanged
219,炎_リザードンX_グッズ偏重_V3,0.5850,unchanged
219,鋼_メルルギア_安定_V1,0.3352,unchanged
219,超_ゲンガー_究極_V6_アルティメット,0.4333,unchanged
219,闘_ガブルカ_究極_V6_アルティメット,0.2778,unchanged
219,鋼_メルルギア_究極_V6_アルティメット,0.4499,Out: トリデプス / In: イーブイex (Parent: 33/50 -> Mutant: 39/50)
219,超_ミュウツー_グッズ偏重_V3,0.7293,unchanged
219,龍悪_ギラダク_グッズ偏重_V3,0.5685,unchanged
219,龍悪_ギラダク_安定_V1,0.3405,unchanged
220,炎_リザードンX_グッズ偏重_V3,0.5847,Out: ヒトカゲ / In: たての化石 (Parent: 24/50 -> Mutant: 37/50)
220,超_ゲンガー_グッズ偏重_V3,0.2878,Out: カンナギタウンの長老 / In: ギラティナ (Parent: 18/50 -> Mutant: 32/50)
220,超_ミュウツー_グッズ偏重_V3,0.7297,Out: ルナアーラex / In: ニンフィア (Parent: 40/50 -> Mutant: 43/50)
220,雷_ピカチュウ_究極_V6_アルティメット,0.6388,unchanged
220,超_ゲンガー_究極_V6_アルティメット,0.4336,unchanged
220,龍悪_ギラダク_安定_V1,0.3403,unchanged
220,鋼_メルルギア_グッズ偏重_V3,0.6078,Out: ケンタロスex / In: エネコ (Parent: 37/50 -> Mutant: 39/50)
220,龍悪_ギラダク_グッズ偏重_V3,0.5692,unchanged
220,龍悪_ギラダク_究極_V6_アルティメット,0.5841,unchanged
220,草_フシギバナ_究極_V6_アルティメット,0.7462,unchanged
220,炎_リザードンX_究極_V6_アルティメット,0.5983,Out: ズガドーン / In: カルム (Parent: 22/50 -> Mutant: 28/50)
220,雷_ピカチュウ_安定_V1,0.4606,Out: まもりのポンチョ / In: ジュン (Parent: 20/50 -> Mutant: 27/50)
220,水_スターミー_安定_V1,0.4555,unchanged
220,水_スターミー_究極_V6_アルティメット,0.5111,unchanged
220,超_ミュウツー_安定_V1,0.4022,unchanged
220,鋼_メルルギア_究極_V6_アルティメット,0.4500,unchanged
220,超_ミュウツー_究極_V6_アルティメット,0.6244,unchanged
220,闘_ガブルカ_安定_V1,0.3538,unchanged
220,闘_ガブルカ_究極_V6_アルティメット,0.2780,unchanged
220,鋼_メルルギア_安定_V1,0.3348,unchanged
220,超_ゲンガー_安定_V1,0.4466,unchanged
220,雷_ピカチュウ_グッズ偏重_V3,0.4940,unchanged
220,炎_リザードンX_安定_V1,0.4621,unchanged
220,草_フシギバナ_安定_V1,0.5299,unchanged
220,闘_ガブルカ_グッズ偏重_V3,0.4649,Out: グライオン / In: ゴローン (Parent: 25/50 -> Mutant: 28/50)
220,草_フシギバナ_グッズ偏重_V3,0.5418,unchanged
220,水_スターミー_グッズ偏重_V3,0.5699,unchanged
221,闘_ガブルカ_究極_V6_アルティメット,0.2792,unchanged
221,炎_リザードンX_グッズ偏重_V3,0.5844,Out: はじまりの平原 / In: ウインディ (Parent: 22/50 -> Mutant: 28/50)
221,炎_リザードンX_安定_V1,0.4627,unchanged
221,龍悪_ギラダク_安定_V1,0.3400,unchanged
221,超_ゲンガー_安定_V1,0.4469,Out: クレセリアex / In: エーフィex (Parent: 28/50 -> Mutant: 33/50)
221,龍悪_ギラダク_究極_V6_アルティメット,0.5848,unchanged
221,雷_ピカチュウ_グッズ偏重_V3,0.4941,unchanged
221,超_ミュウツー_グッズ偏重_V3,0.7300,unchanged
221,闘_ガブルカ_安定_V1,0.3542,Out: 博士の研究 / In: メリッサ (Parent: 19/50 -> Mutant: 26/50)
221,雷_ピカチュウ_究極_V6_アルティメット,0.6384,Out: カルネ / In: シビシラス (Parent: 24/50 -> Mutant: 28/50)
221,鋼_メルルギア_安定_V1,0.3347,Out: コイル / In: おおきいマラサダ (Parent: 11/50 -> Mutant: 19/50)
221,闘_ガブルカ_グッズ偏重_V3,0.4647,unchanged
221,鋼_メルルギア_究極_V6_アルティメット,0.4502,unchanged
221,水_スターミー_安定_V1,0.4548,unchanged
221,草_フシギバナ_グッズ偏重_V3,0.5429,unchanged
221,鋼_メルルギア_グッズ偏重_V3,0.6076,unchanged
221,超_ゲンガー_グッズ偏重_V3,0.2884,unchanged
221,草_フシギバナ_究極_V6_アルティメット,0.7461,Out: コトネ / In: エレキコード (Parent: 42/50 -> Mutant: 44/50)
221,炎_リザードンX_究極_V6_アルティメット,0.5977,Out: かいの化石 / In: アイリス (Parent: 29/50 -> Mutant: 34/50)
221,龍悪_ギラダク_グッズ偏重_V3,0.5692,unchanged
221,草_フシギバナ_安定_V1,0.5290,unchanged
221,超_ゲンガー_究極_V6_アルティメット,0.4331,unchanged
221,雷_ピカチュウ_安定_V1,0.4601,Out: ゼラオラ / In: メガライボルトex (Parent: 31/50 -> Mutant: 34/50)
221,水_スターミー_グッズ偏重_V3,0.5700,unchanged
221,超_ミュウツー_安定_V1,0.4020,unchanged
221,超_ミュウツー_究極_V6_アルティメット,0.6232,unchanged
221,水_スターミー_究極_V6_アルティメット,0.5115,unchanged
222,炎_リザードンX_安定_V1,0.4634,unchanged
222,草_フシギバナ_グッズ偏重_V3,0.5443,unchanged
222,炎_リザードンX_究極_V6_アルティメット,0.5978,unchanged
222,超_ミュウツー_究極_V6_アルティメット,0.6231,unchanged
222,鋼_メルルギア_グッズ偏重_V3,0.6078,unchanged
222,闘_ガブルカ_究極_V6_アルティメット,0.2801,unchanged
222,水_スターミー_グッズ偏重_V3,0.5709,unchanged
222,超_ミュウツー_安定_V1,0.4027,unchanged
222,雷_ピカチュウ_究極_V6_アルティメット,0.6377,Out: グラジオ / In: スイレン (Parent: 30/50 -> Mutant: 32/50)
222,水_スターミー_究極_V6_アルティメット,0.5123,unchanged
222,超_ゲンガー_グッズ偏重_V3,0.2892,unchanged
222,草_フシギバナ_究極_V6_アルティメット,0.7460,unchanged
222,水_スターミー_安定_V1,0.4541,unchanged
222,闘_ガブルカ_安定_V1,0.3546,Out: イワーク / In: ヒポポタス (Parent: 22/50 -> Mutant: 26/50)
222,鋼_メルルギア_究極_V6_アルティメット,0.4505,unchanged
222,超_ミュウツー_グッズ偏重_V3,0.7298,unchanged
222,草_フシギバナ_安定_V1,0.5283,Out: ウツドン / In: ニャオハ (Parent: 20/50 -> Mutant: 25/50)
222,闘_ガブルカ_グッズ偏重_V3,0.4644,unchanged
222,超_ゲンガー_究極_V6_アルティメット,0.4328,Out: シトロンのリュック / In: かんこうきゃく (Parent: 21/50 -> Mutant: 25/50)
222,龍悪_ギラダク_究極_V6_アルティメット,0.5844,unchanged
222,鋼_メルルギア_安定_V1,0.3344,Out: メルタン / In: ドーミラー (Parent: 23/50 -> Mutant: 26/50)
222,龍悪_ギラダク_グッズ偏重_V3,0.5691,unchanged
222,炎_リザードンX_グッズ偏重_V3,0.5833,unchanged
222,超_ゲンガー_安定_V1,0.4463,unchanged
222,龍悪_ギラダク_安定_V1,0.3392,unchanged
222,雷_ピカチュウ_グッズ偏重_V3,0.4933,unchanged
222,雷_ピカチュウ_安定_V1,0.4600,unchanged
223,超_ミュウツー_安定_V1,0.4039,unchanged
223,超_ゲンガー_グッズ偏重_V3,0.2906,Out: メガチルタリスex / In: クレセリア (Parent: 29/50 -> Mutant: 31/50)
223,龍悪_ギラダク_究極_V6_アルティメット,0.5852,unchanged
223,雷_ピカチュウ_グッズ偏重_V3,0.4936,unchanged
223,水_スターミー_究極_V6_アルティメット,0.5132,unchanged
223,草_フシギバナ_究極_V6_アルティメット,0.7463,unchanged
223,龍悪_ギラダク_安定_V1,0.3389,unchanged
223,雷_ピカチュウ_究極_V6_アルティメット,0.6372,Out: ロトム図鑑 / In: ビリリダマ (Parent: 28/50 -> Mutant: 30/50)
223,水_スターミー_安定_V1,0.4536,Out: ヘイガニ / In: カメール (Parent: 18/50 -> Mutant: 22/50)
223,炎_リザードンX_安定_V1,0.4637,unchanged
223,龍悪_ギラダク_グッズ偏重_V3,0.5695,unchanged
223,超_ミュウツー_グッズ偏重_V3,0.7299,unchanged
223,鋼_メルルギア_グッズ偏重_V3,0.6078,Out: ヨルノズク / In: ミノマダム (Parent: 31/50 -> Mutant: 37/50)
223,闘_ガブルカ_究極_V6_アルティメット,0.2807,Out: ガバイト / In: ノズパス (Parent: 18/50 -> Mutant: 20/50)
223,雷_ピカチュウ_安定_V1,0.4603,Out: パルスワン / In: ナツメ (Parent: 26/50 -> Mutant: 33/50)
223,草_フシギバナ_安定_V1,0.5277,unchanged
223,超_ミュウツー_究極_V6_アルティメット,0.6222,Out: ギラティナex / In: アカギ (Parent: 30/50 -> Mutant: 36/50)
223,炎_リザードンX_グッズ偏重_V3,0.5824,unchanged
223,鋼_メルルギア_安定_V1,0.3342,Out: マーマネ / In: ヒメグマ (Parent: 16/50 -> Mutant: 20/50)
223,超_ゲンガー_安定_V1,0.4457,unchanged
223,闘_ガブルカ_グッズ偏重_V3,0.4640,unchanged
223,闘_ガブルカ_安定_V1,0.3543,unchanged
223,超_ゲンガー_究極_V6_アルティメット,0.4322,unchanged
223,水_スターミー_グッズ偏重_V3,0.5712,unchanged
223,草_フシギバナ_グッズ偏重_V3,0.5446,unchanged
223,炎_リザードンX_究極_V6_アルティメット,0.5970,unchanged
223,鋼_メルルギア_究極_V6_アルティメット,0.4501,Out: ムクバード / In: トレーニングエリア (Parent: 27/50 -> Mutant: 29/50)
224,闘_ガブルカ_究極_V6_アルティメット,0.2818,Out: ノズパス / In: やまおとこ (Parent: 24/50 -> Mutant: 29/50)
224,水_スターミー_グッズ偏重_V3,0.5724,unchanged
224,炎_リザードンX_グッズ偏重_V3,0.5825,unchanged
224,超_ゲンガー_グッズ偏重_V3,0.2916,unchanged
224,雷_ピカチュウ_究極_V6_アルティメット,0.6365,unchanged
224,炎_リザードンX_究極_V6_アルティメット,0.5970,Out: ワカシャモ / In: バクフーン (Parent: 34/50 -> Mutant: 37/50)
224,龍悪_ギラダク_グッズ偏重_V3,0.5703,unchanged
224,水_スターミー_安定_V1,0.4531,unchanged
224,草_フシギバナ_安定_V1,0.5272,unchanged
224,龍悪_ギラダク_究極_V6_アルティメット,0.5855,unchanged
224,超_ミュウツー_安定_V1,0.4046,unchanged
224,超_ゲンガー_安定_V1,0.4455,unchanged
224,水_スターミー_究極_V6_アルティメット,0.5139,unchanged
224,鋼_メルルギア_安定_V1,0.3341,unchanged
224,鋼_メルルギア_グッズ偏重_V3,0.6079,Out: エネコ / In: ポッポ (Parent: 30/50 -> Mutant: 34/50)
224,雷_ピカチュウ_安定_V1,0.4604,Out: テーブルシティ / In: ふたの化石 (Parent: 30/50 -> Mutant: 36/50)
224,草_フシギバナ_グッズ偏重_V3,0.5454,unchanged
224,超_ミュウツー_究極_V6_アルティメット,0.6212,unchanged
224,龍悪_ギラダク_安定_V1,0.3383,Out: かいの化石 / In: トレーニングエリア (Parent: 18/50 -> Mutant: 25/50)
224,超_ゲンガー_究極_V6_アルティメット,0.4318,unchanged
224,炎_リザードンX_安定_V1,0.4635,unchanged
224,闘_ガブルカ_グッズ偏重_V3,0.4635,unchanged
224,草_フシギバナ_究極_V6_アルティメット,0.7460,unchanged
224,雷_ピカチュウ_グッズ偏重_V3,0.4929,unchanged
224,闘_ガブルカ_安定_V1,0.3542,unchanged
224,超_ミュウツー_グッズ偏重_V3,0.7294,unchanged
224,鋼_メルルギア_究極_V6_アルティメット,0.4498,unchanged
225,雷_ピカチュウ_グッズ偏重_V3,0.4935,unchanged
225,炎_リザードンX_安定_V1,0.4642,Out: ヒトカゲ / In: マオ (Parent: 30/50 -> Mutant: 40/50)
225,水_スターミー_グッズ偏重_V3,0.5735,unchanged
225,超_ゲンガー_究極_V6_アルティメット,0.4320,Out: ヤミラミ / In: レスキュースカーフ (Parent: 30/50 -> Mutant: 32/50)
225,龍悪_ギラダク_グッズ偏重_V3,0.5712,unchanged
225,鋼_メルルギア_究極_V6_アルティメット,0.4502,unchanged
225,鋼_メルルギア_安定_V1,0.3342,Out: モトトカゲ / In: ココドラ (Parent: 18/50 -> Mutant: 20/50)
225,超_ゲンガー_安定_V1,0.4456,unchanged
225,炎_リザードンX_究極_V6_アルティメット,0.5968,unchanged
225,闘_ガブルカ_究極_V6_アルティメット,0.2825,Out: スナバァ / In: カンナギタウンの長老 (Parent: 28/50 -> Mutant: 34/50)
225,鋼_メルルギア_グッズ偏重_V3,0.6080,unchanged
225,龍悪_ギラダク_究極_V6_アルティメット,0.5859,unchanged
225,闘_ガブルカ_グッズ偏重_V3,0.4631,unchanged
225,闘_ガブルカ_安定_V1,0.3544,unchanged
225,雷_ピカチュウ_究極_V6_アルティメット,0.6354,Out: フレイムパッチ / In: バチュル (Parent: 27/50 -> Mutant: 29/50)
225,超_ミュウツー_グッズ偏重_V3,0.7294,unchanged
225,超_ミュウツー_究極_V6_アルティメット,0.6204,unchanged
225,炎_リザードンX_グッズ偏重_V3,0.5817,unchanged
225,水_スターミー_安定_V1,0.4525,Out: ルージュラ / In: 旅の行商人 (Parent: 15/50 -> Mutant: 17/50)
225,雷_ピカチュウ_安定_V1,0.4604,unchanged
225,草_フシギバナ_究極_V6_アルティメット,0.7457,unchanged
225,超_ミュウツー_安定_V1,0.4044,unchanged
225,草_フシギバナ_グッズ偏重_V3,0.5460,unchanged
225,草_フシギバナ_安定_V1,0.5260,unchanged
225,水_スターミー_究極_V6_アルティメット,0.5142,unchanged
225,超_ゲンガー_グッズ偏重_V3,0.2914,Out: ランクルス / In: 釣り人 (Parent: 18/50 -> Mutant: 27/50)
225,龍悪_ギラダク_安定_V1,0.3374,unchanged
226,超_ゲンガー_安定_V1,0.4460,Out: サーナイト / In: ゴルーグ (Parent: 30/50 -> Mutant: 36/50)
226,草_フシギバナ_究極_V6_アルティメット,0.7463,unchanged
226,鋼_メルルギア_グッズ偏重_V3,0.6084,unchanged
226,闘_ガブルカ_安定_V1,0.3547,unchanged
226,超_ゲンガー_究極_V6_アルティメット,0.4325,unchanged
226,超_ミュウツー_究極_V6_アルティメット,0.6200,Out: ヤドキング / In: ラッキーミトン (Parent: 24/50 -> Mutant: 26/50)
226,水_スターミー_グッズ偏重_V3,0.5744,unchanged
226,草_フシギバナ_グッズ偏重_V3,0.5472,unchanged
226,超_ミュウツー_安定_V1,0.4051,unchanged
226,水_スターミー_究極_V6_アルティメット,0.5151,unchanged
226,水_スターミー_安定_V1,0.4520,Out: キバニア / In: カラナクシ (Parent: 15/50 -> Mutant: 20/50)
226,龍悪_ギラダク_安定_V1,0.3371,unchanged
226,闘_ガブルカ_究極_V6_アルティメット,0.2832,unchanged
226,鋼_メルルギア_安定_V1,0.3341,unchanged
226,超_ミュウツー_グッズ偏重_V3,0.7293,unchanged
226,草_フシギバナ_安定_V1,0.5255,unchanged
226,超_ゲンガー_グッズ偏重_V3,0.2919,unchanged
226,炎_リザードンX_究極_V6_アルティメット,0.5961,Out: キュウコン / In: ファイアロー (Parent: 30/50 -> Mutant: 33/50)
226,炎_リザードンX_グッズ偏重_V3,0.5808,Out: ウインディex / In: ロトム図鑑 (Parent: 24/50 -> Mutant: 26/50)
226,雷_ピカチュウ_グッズ偏重_V3,0.4930,unchanged
226,龍悪_ギラダク_究極_V6_アルティメット,0.5857,unchanged
226,雷_ピカチュウ_安定_V1,0.4604,Out: ふたの化石 / In: どくバリ (Parent: 33/50 -> Mutant: 36/50)
226,雷_ピカチュウ_究極_V6_アルティメット,0.6341,Out: ジバコイル / In: セレナ (Parent: 29/50 -> Mutant: 31/50)
226,龍悪_ギラダク_グッズ偏重_V3,0.5710,unchanged
226,鋼_メルルギア_究極_V6_アルティメット,0.4499,Out: イーブイex / In: ナンジャモ (Parent: 29/50 -> Mutant: 35/50)
226,闘_ガブルカ_グッズ偏重_V3,0.4624,unchanged
226,炎_リザードンX_安定_V1,0.4641,unchanged
227,雷_ピカチュウ_グッズ偏重_V3,0.4936,Out: パーモット / In: レントラー (Parent: 31/50 -> Mutant: 35/50)
227,超_ゲンガー_グッズ偏重_V3,0.2928,Out: クレセリア / In: クレッフィ (Parent: 27/50 -> Mutant: 29/50)
227,鋼_メルルギア_グッズ偏重_V3,0.6088,unchanged
227,龍悪_ギラダク_究極_V6_アルティメット,0.5866,Out: メモリーライト / In: アローラベトベトン (Parent: 36/50 -> Mutant: 39/50)
227,超_ミュウツー_究極_V6_アルティメット,0.6196,unchanged
227,超_ゲンガー_究極_V6_アルティメット,0.4328,unchanged
227,炎_リザードンX_究極_V6_アルティメット,0.5959,unchanged
227,闘_ガブルカ_グッズ偏重_V3,0.4624,unchanged
227,龍悪_ギラダク_グッズ偏重_V3,0.5717,unchanged
227,鋼_メルルギア_安定_V1,0.3341,unchanged
227,鋼_メルルギア_究極_V6_アルティメット,0.4500,unchanged
227,超_ミュウツー_グッズ偏重_V3,0.7293,Out: 釣り人 / In: サカキ (Parent: 39/50 -> Mutant: 43/50)
227,草_フシギバナ_グッズ偏重_V3,0.5480,unchanged
227,草_フシギバナ_究極_V6_アルティメット,0.7461,unchanged
227,草_フシギバナ_安定_V1,0.5248,unchanged
227,超_ゲンガー_安定_V1,0.4457,unchanged
227,水_スターミー_グッズ偏重_V3,0.5750,Out: ユキノオー / In: カツラ (Parent: 38/50 -> Mutant: 40/50)
227,炎_リザードンX_安定_V1,0.4642,unchanged
227,水_スターミー_究極_V6_アルティメット,0.5155,Out: オシャマリ / In: マーズ (Parent: 34/50 -> Mutant: 42/50)
227,闘_ガブルカ_安定_V1,0.3545,Out: ヒカリ / In: はねの化石 (Parent: 25/50 -> Mutant: 31/50)
227,超_ミュウツー_安定_V1,0.4051,unchanged
227,炎_リザードンX_グッズ偏重_V3,0.5799,unchanged
227,龍悪_ギラダク_安定_V1,0.3364,unchanged
227,雷_ピカチュウ_究極_V6_アルティメット,0.6327,unchanged
227,闘_ガブルカ_究極_V6_アルティメット,0.2833,Out: 釣り人 / In: カルム (Parent: 27/50 -> Mutant: 30/50)
227,雷_ピカチュウ_安定_V1,0.4601,unchanged
227,水_スターミー_安定_V1,0.4512,unchanged
228,闘_ガブルカ_グッズ偏重_V3,0.4629,unchanged
228,超_ゲンガー_グッズ偏重_V3,0.2936,unchanged
228,水_スターミー_安定_V1,0.4509,Out: サカキ / In: いたずらルーレット (Parent: 20/50 -> Mutant: 23/50)
228,超_ミュウツー_究極_V6_アルティメット,0.6194,unchanged
228,水_スターミー_究極_V6_アルティメット,0.5166,unchanged
228,超_ゲンガー_安定_V1,0.4459,Out: リグレー / In: テーブルシティ (Parent: 28/50 -> Mutant: 30/50)
228,龍悪_ギラダク_安定_V1,0.3363,Out: スカンプー / In: ドガース (Parent: 20/50 -> Mutant: 23/50)
228,草_フシギバナ_究極_V6_アルティメット,0.7464,unchanged
228,雷_ピカチュウ_グッズ偏重_V3,0.4936,unchanged
228,闘_ガブルカ_究極_V6_アルティメット,0.2842,unchanged
228,超_ミュウツー_グッズ偏重_V3,0.7291,unchanged
228,雷_ピカチュウ_究極_V6_アルティメット,0.6317,unchanged
228,草_フシギバナ_グッズ偏重_V3,0.5491,unchanged
228,超_ミュウツー_安定_V1,0.4055,unchanged
228,超_ゲンガー_究極_V6_アルティメット,0.4326,Out: メリッサ / In: 月食ネクロズマ (Parent: 24/50 -> Mutant: 33/50)
228,雷_ピカチュウ_安定_V1,0.4603,Out: ジュン / In: メタルコアバリア (Parent: 24/50 -> Mutant: 37/50)
228,鋼_メルルギア_究極_V6_アルティメット,0.4499,unchanged
228,鋼_メルルギア_グッズ偏重_V3,0.6084,unchanged
228,龍悪_ギラダク_グッズ偏重_V3,0.5719,unchanged
228,炎_リザードンX_究極_V6_アルティメット,0.5951,unchanged
228,龍悪_ギラダク_究極_V6_アルティメット,0.5863,Out: きずぐすり / In: ロケット団のしたっぱ (Parent: 41/50 -> Mutant: 44/50)
228,闘_ガブルカ_安定_V1,0.3544,Out: メリッサ / In: ラッキーミトン (Parent: 17/50 -> Mutant: 23/50)
228,炎_リザードンX_グッズ偏重_V3,0.5789,unchanged
228,水_スターミー_グッズ偏重_V3,0.5751,unchanged
228,炎_リザードンX_安定_V1,0.4644,unchanged
228,鋼_メルルギア_安定_V1,0.3337,unchanged
228,草_フシギバナ_安定_V1,0.5236,Out: コンパン / In: ゴーゴート (Parent: 25/50 -> Mutant: 27/50)
229,龍悪_ギラダク_究極_V6_アルティメット,0.5872,unchanged
229,超_ゲンガー_安定_V1,0.4463,unchanged
229,草_フシギバナ_究極_V6_アルティメット,0.7468,unchanged
229,超_ミュウツー_グッズ偏重_V3,0.7295,unchanged
229,草_フシギバナ_グッズ偏重_V3,0.5501,unchanged
229,炎_リザードンX_グッズ偏重_V3,0.5786,unchanged
229,水_スターミー_究極_V6_アルティメット,0.5173,Out: メモリーライト / In: たべのこし (Parent: 37/50 -> Mutant: 42/50)
229,鋼_メルルギア_グッズ偏重_V3,0.6087,unchanged
229,水_スターミー_グッズ偏重_V3,0.5757,Out: イノムー / In: グラジオ (Parent: 40/50 -> Mutant: 43/50)
229,雷_ピカチュウ_究極_V6_アルティメット,0.6309,unchanged
229,闘_ガブルカ_グッズ偏重_V3,0.4628,unchanged
229,龍悪_ギラダク_グッズ偏重_V3,0.5722,Out: メタルコアバリア / In: おおきいマラサダ (Parent: 38/50 -> Mutant: 42/50)
229,鋼_メルルギア_究極_V6_アルティメット,0.4499,unchanged
229,闘_ガブルカ_安定_V1,0.3545,unchanged
229,龍悪_ギラダク_安定_V1,0.3359,unchanged
229,超_ミュウツー_究極_V6_アルティメット,0.6187,unchanged
229,炎_リザードンX_安定_V1,0.4648,unchanged
229,雷_ピカチュウ_安定_V1,0.4603,unchanged
229,炎_リザードンX_究極_V6_アルティメット,0.5945,unchanged
229,闘_ガブルカ_究極_V6_アルティメット,0.2847,Out: メタルコアバリア / In: カイリキー (Parent: 29/50 -> Mutant: 34/50)
229,雷_ピカチュウ_グッズ偏重_V3,0.4931,unchanged
229,超_ミュウツー_安定_V1,0.4056,Out: ゴルーグ / In: グランブル (Parent: 24/50 -> Mutant: 28/50)
229,鋼_メルルギア_安定_V1,0.3333,unchanged
229,超_ゲンガー_究極_V6_アルティメット,0.4322,Out: ボクレー / In: かいの化石 (Parent: 22/50 -> Mutant: 29/50)
229,水_スターミー_安定_V1,0.4500,unchanged
229,超_ゲンガー_グッズ偏重_V3,0.2935,unchanged
229,草_フシギバナ_安定_V1,0.5227,unchanged
230,龍悪_ギラダク_究極_V6_アルティメット,0.5881,unchanged
230,超_ミュウツー_安定_V1,0.4065,unchanged
230,龍悪_ギラダク_安定_V1,0.3361,Out: ヒドイデ / In: クリムガン (Parent: 20/50 -> Mutant: 30/50)
230,炎_リザードンX_究極_V6_アルティメット,0.5947,unchanged
230,水_スターミー_グッズ偏重_V3,0.5767,unchanged
230,雷_ピカチュウ_安定_V1,0.4610,Out: ズピカ / In: シロナ (Parent: 34/50 -> Mutant: 36/50)
230,闘_ガブルカ_グッズ偏重_V3,0.4628,unchanged
230,鋼_メルルギア_安定_V1,0.3333,unchanged
230,草_フシギバナ_安定_V1,0.5223,Out: ラランテス / In: オリーヴァ (Parent: 25/50 -> Mutant: 29/50)
230,超_ゲンガー_安定_V1,0.4464,unchanged
230,超_ミュウツー_究極_V6_アルティメット,0.6180,Out: ラッキーミトン / In: メモリーライト (Parent: 28/50 -> Mutant: 36/50)
230,草_フシギバナ_究極_V6_アルティメット,0.7469,unchanged
230,闘_ガブルカ_安定_V1,0.3547,unchanged
230,雷_ピカチュウ_究極_V6_アルティメット,0.6301,Out: ビリリダマ / In: リーフマント (Parent: 24/50 -> Mutant: 27/50)
230,超_ゲンガー_究極_V6_アルティメット,0.4323,unchanged
230,水_スターミー_究極_V6_アルティメット,0.5180,unchanged
230,草_フシギバナ_グッズ偏重_V3,0.5510,unchanged
230,龍悪_ギラダク_グッズ偏重_V3,0.5720,unchanged
230,鋼_メルルギア_グッズ偏重_V3,0.6084,unchanged
230,超_ゲンガー_グッズ偏重_V3,0.2936,Out: タケシ / In: おおきいマラサダ (Parent: 24/50 -> Mutant: 32/50)
230,鋼_メルルギア_究極_V6_アルティメット,0.4497,unchanged
230,炎_リザードンX_安定_V1,0.4649,unchanged
230,水_スターミー_安定_V1,0.4492,Out: いたずらルーレット / In: カメックスex (Parent: 19/50 -> Mutant: 22/50)
230,雷_ピカチュウ_グッズ偏重_V3,0.4924,unchanged
230,超_ミュウツー_グッズ偏重_V3,0.7290,unchanged
230,闘_ガブルカ_究極_V6_アルティメット,0.2849,unchanged
230,炎_リザードンX_グッズ偏重_V3,0.5772,Out: ハンサム / In: ギャロップ (Parent: 24/50 -> Mutant: 27/50)
231,超_ゲンガー_グッズ偏重_V3,0.2944,Out: ランプラー / In: やまおとこ (Parent: 20/50 -> Mutant: 26/50)
231,超_ミュウツー_グッズ偏重_V3,0.7294,unchanged
231,水_スターミー_グッズ偏重_V3,0.5778,unchanged
231,龍悪_ギラダク_グッズ偏重_V3,0.5728,unchanged
231,超_ゲンガー_究極_V6_アルティメット,0.4327,unchanged
231,超_ミュウツー_安定_V1,0.4074,unchanged
231,闘_ガブルカ_究極_V6_アルティメット,0.2858,unchanged
231,草_フシギバナ_グッズ偏重_V3,0.5521,unchanged
231,雷_ピカチュウ_究極_V6_アルティメット,0.6293,unchanged
231,闘_ガブルカ_安定_V1,0.3547,unchanged
231,超_ミュウツー_究極_V6_アルティメット,0.6176,Out: メモリーライト / In: ギラティナex (Parent: 27/50 -> Mutant: 31/50)
231,鋼_メルルギア_安定_V1,0.3333,unchanged
231,水_スターミー_究極_V6_アルティメット,0.5186,Out: ヨワシex / In: どくバリ (Parent: 35/50 -> Mutant: 41/50)
231,龍悪_ギラダク_安定_V1,0.3360,Out: ハラ / In: レパルダス (Parent: 15/50 -> Mutant: 18/50)
231,雷_ピカチュウ_安定_V1,0.4613,Out: やまおとこ / In: ピカチュウ (Parent: 30/50 -> Mutant: 32/50)
231,鋼_メルルギア_究極_V6_アルティメット,0.4496,unchanged
231,鋼_メルルギア_グッズ偏重_V3,0.6082,unchanged
231,龍悪_ギラダク_究極_V6_アルティメット,0.5879,unchanged
231,草_フシギバナ_究極_V6_アルティメット,0.7465,unchanged
231,雷_ピカチュウ_グッズ偏重_V3,0.4921,unchanged
231,草_フシギバナ_安定_V1,0.5216,Out: オリーヴァ / In: メンテナンス (Parent: 27/50 -> Mutant: 30/50)
231,炎_リザードンX_グッズ偏重_V3,0.5763,Out: ブースター / In: レスキュースカーフ (Parent: 25/50 -> Mutant: 27/50)
231,炎_リザードンX_安定_V1,0.4648,unchanged
231,闘_ガブルカ_グッズ偏重_V3,0.4621,unchanged
231,水_スターミー_安定_V1,0.4482,Out: カメール / In: キバニア (Parent: 21/50 -> Mutant: 25/50)
231,炎_リザードンX_究極_V6_アルティメット,0.5939,Out: デルビル / In: シシコ (Parent: 32/50 -> Mutant: 34/50)
231,超_ゲンガー_安定_V1,0.4456,Out: テーブルシティ / In: スイレン (Parent: 26/50 -> Mutant: 28/50)
232,闘_ガブルカ_安定_V1,0.3551,Out: イシヘンジン / In: イワーク (Parent: 20/50 -> Mutant: 22/50)
232,草_フシギバナ_グッズ偏重_V3,0.5536,unchanged
232,闘_ガブルカ_グッズ偏重_V3,0.4624,unchanged
232,雷_ピカチュウ_究極_V6_アルティメット,0.6290,unchanged
232,雷_ピカチュウ_安定_V1,0.4618,unchanged
232,超_ミュウツー_グッズ偏重_V3,0.7295,unchanged
232,水_スターミー_究極_V6_アルティメット,0.5191,unchanged
232,龍悪_ギラダク_究極_V6_アルティメット,0.5885,unchanged
232,炎_リザードンX_究極_V6_アルティメット,0.5938,unchanged
232,草_フシギバナ_安定_V1,0.5213,unchanged
232,闘_ガブルカ_究極_V6_アルティメット,0.2866,Out: ひみつのコハク / In: ガラガラex (Parent: 20/50 -> Mutant: 30/50)
232,水_スターミー_安定_V1,0.4475,unchanged
232,水_スターミー_グッズ偏重_V3,0.5785,unchanged
232,雷_ピカチュウ_グッズ偏重_V3,0.4919,unchanged
232,炎_リザードンX_安定_V1,0.4652,Out: コトネ / In: マグカルゴ (Parent: 32/50 -> Mutant: 34/50)
232,鋼_メルルギア_グッズ偏重_V3,0.6081,unchanged
232,超_ゲンガー_安定_V1,0.4454,unchanged
232,超_ミュウツー_安定_V1,0.4077,unchanged
232,草_フシギバナ_究極_V6_アルティメット,0.7463,unchanged
232,鋼_メルルギア_究極_V6_アルティメット,0.4492,unchanged
232,鋼_メルルギア_安定_V1,0.3330,unchanged
232,超_ゲンガー_究極_V6_アルティメット,0.4325,Out: フワライド / In: イエッサン (Parent: 23/50 -> Mutant: 29/50)
232,龍悪_ギラダク_安定_V1,0.3354,Out: きずぐすり / In: マーズ (Parent: 20/50 -> Mutant: 24/50)
232,龍悪_ギラダク_グッズ偏重_V3,0.5726,unchanged
232,超_ゲンガー_グッズ偏重_V3,0.2943,Out: レスキュースカーフ / In: コトネ (Parent: 21/50 -> Mutant: 25/50)
232,炎_リザードンX_グッズ偏重_V3,0.5751,unchanged
232,超_ミュウツー_究極_V6_アルティメット,0.6164,unchanged
233,闘_ガブルカ_究極_V6_アルティメット,0.2878,unchanged
233,鋼_メルルギア_グッズ偏重_V3,0.6086,Out: メガガルーラex / In: クチート (Parent: 28/50 -> Mutant: 30/50)
233,草_フシギバナ_究極_V6_アルティメット,0.7467,unchanged
233,超_ゲンガー_究極_V6_アルティメット,0.4328,unchanged
233,草_フシギバナ_グッズ偏重_V3,0.5548,unchanged
233,超_ミュウツー_グッズ偏重_V3,0.7296,unchanged
233,闘_ガブルカ_安定_V1,0.3554,unchanged
233,雷_ピカチュウ_安定_V1,0.4624,Out: サンダーex / In: オドリドリ (Parent: 32/50 -> Mutant: 35/50)
233,水_スターミー_究極_V6_アルティメット,0.5196,unchanged
233,超_ミュウツー_安定_V1,0.4083,Out: ヘビーメット / In: ムシャーナ (Parent: 34/50 -> Mutant: 39/50)
233,草_フシギバナ_安定_V1,0.5209,Out: ゴーゴート / In: パラス (Parent: 16/50 -> Mutant: 22/50)
233,超_ゲンガー_安定_V1,0.4454,unchanged
233,炎_リザードンX_グッズ偏重_V3,0.5747,Out: ウインディ / In: カキ (Parent: 27/50 -> Mutant: 29/50)
233,超_ミュウツー_究極_V6_アルティメット,0.6159,unchanged
233,炎_リザードンX_究極_V6_アルティメット,0.5934,unchanged
233,水_スターミー_グッズ偏重_V3,0.5789,unchanged
233,龍悪_ギラダク_究極_V6_アルティメット,0.5885,unchanged
233,闘_ガブルカ_グッズ偏重_V3,0.4622,unchanged
233,鋼_メルルギア_究極_V6_アルティメット,0.4489,Out: ギルガルド / In: ハガネール (Parent: 29/50 -> Mutant: 31/50)
233,鋼_メルルギア_安定_V1,0.3327,unchanged
233,雷_ピカチュウ_究極_V6_アルティメット,0.6280,unchanged
233,水_スターミー_安定_V1,0.4468,unchanged
233,炎_リザードンX_安定_V1,0.4653,Out: ウインディ / In: ロコン (Parent: 33/50 -> Mutant: 36/50)
233,雷_ピカチュウ_グッズ偏重_V3,0.4913,unchanged
233,龍悪_ギラダク_グッズ偏重_V3,0.5724,unchanged
233,超_ゲンガー_グッズ偏重_V3,0.2941,Out: ネズ / In: ヨマワル (Parent: 22/50 -> Mutant: 35/50)
233,龍悪_ギラダク_安定_V1,0.3347,Out: イトマル / In: アローラコラッタ (Parent: 23/50 -> Mutant: 25/50)
234,超_ゲンガー_安定_V1,0.4460,unchanged
234,雷_ピカチュウ_究極_V6_アルティメット,0.6278,Out: リーフマント / In: ピカチュウex (Parent: 25/50 -> Mutant: 29/50)
234,雷_ピカチュウ_安定_V1,0.4629,unchanged
234,超_ミュウツー_グッズ偏重_V3,0.7300,unchanged
234,草_フシギバナ_グッズ偏重_V3,0.5561,unchanged
234,龍悪_ギラダク_グッズ偏重_V3,0.5730,unchanged
234,雷_ピカチュウ_グッズ偏重_V3,0.4918,unchanged
234,鋼_メルルギア_究極_V6_アルティメット,0.4492,Out: ビーダルex / In: ジュン (Parent: 28/50 -> Mutant: 31/50)
234,超_ゲンガー_グッズ偏重_V3,0.2946,unchanged
234,鋼_メルルギア_安定_V1,0.3327,Out: おおきいマラサダ / In: ゲノセクト (Parent: 19/50 -> Mutant: 26/50)
234,炎_リザードンX_究極_V6_アルティメット,0.5933,unchanged
234,炎_リザードンX_安定_V1,0.4656,Out: ロコン / In: カエンジシ (Parent: 29/50 -> Mutant: 31/50)
234,草_フシギバナ_究極_V6_アルティメット,0.7468,unchanged
234,水_スターミー_グッズ偏重_V3,0.5794,unchanged
234,超_ゲンガー_究極_V6_アルティメット,0.4328,Out: ヒカリ / In: ミカン (Parent: 20/50 -> Mutant: 31/50)
234,闘_ガブルカ_安定_V1,0.3554,unchanged
234,闘_ガブルカ_グッズ偏重_V3,0.4619,unchanged
234,龍悪_ギラダク_安定_V1,0.3343,unchanged
234,水_スターミー_安定_V1,0.4460,unchanged
234,龍悪_ギラダク_究極_V6_アルティメット,0.5883,unchanged
234,闘_ガブルカ_究極_V6_アルティメット,0.2882,unchanged
234,超_ミュウツー_究極_V6_アルティメット,0.6149,unchanged
234,草_フシギバナ_安定_V1,0.5201,unchanged
234,水_スターミー_究極_V6_アルティメット,0.5197,unchanged
234,鋼_メルルギア_グッズ偏重_V3,0.6076,unchanged
234,炎_リザードンX_グッズ偏重_V3,0.5736,unchanged
234,超_ミュウツー_安定_V1,0.4081,Out: ブーピッグ / In: オーロット (Parent: 31/50 -> Mutant: 37/50)
235,鋼_メルルギア_安定_V1,0.3331,unchanged
235,闘_ガブルカ_安定_V1,0.3558,unchanged
235,超_ミュウツー_グッズ偏重_V3,0.7305,unchanged
235,炎_リザードンX_究極_V6_アルティメット,0.5934,Out: むしよけスプレー / In: ブーバー (Parent: 31/50 -> Mutant: 33/50)
235,雷_ピカチュウ_グッズ偏重_V3,0.4922,unchanged
235,龍悪_ギラダク_安定_V1,0.3342,unchanged
235,超_ゲンガー_グッズ偏重_V3,0.2952,unchanged
235,水_スターミー_安定_V1,0.4455,unchanged
235,超_ゲンガー_安定_V1,0.4463,Out: スリープ / In: かんこうきゃく (Parent: 24/50 -> Mutant: 33/50)
235,草_フシギバナ_安定_V1,0.5198,Out: イーブイのバッグ / In: おさかなネット (Parent: 26/50 -> Mutant: 32/50)
235,炎_リザードンX_グッズ偏重_V3,0.5732,Out: ハイキングコース / In: マチス (Parent: 28/50 -> Mutant: 30/50)
235,龍悪_ギラダク_グッズ偏重_V3,0.5737,unchanged
235,草_フシギバナ_究極_V6_アルティメット,0.7469,unchanged
235,雷_ピカチュウ_安定_V1,0.4628,unchanged
235,炎_リザードンX_安定_V1,0.4661,Out: スイレン / In: キョウ (Parent: 35/50 -> Mutant: 38/50)
235,闘_ガブルカ_究極_V6_アルティメット,0.2887,unchanged
235,水_スターミー_究極_V6_アルティメット,0.5200,unchanged
235,鋼_メルルギア_究極_V6_アルティメット,0.4491,unchanged
235,水_スターミー_グッズ偏重_V3,0.5798,unchanged
235,鋼_メルルギア_グッズ偏重_V3,0.6069,unchanged
235,龍悪_ギラダク_究極_V6_アルティメット,0.5882,unchanged
235,超_ミュウツー_安定_V1,0.4080,unchanged
235,雷_ピカチュウ_究極_V6_アルティメット,0.6267,unchanged
235,超_ゲンガー_究極_V6_アルティメット,0.4327,unchanged
235,草_フシギバナ_グッズ偏重_V3,0.5563,unchanged
235,超_ミュウツー_究極_V6_アルティメット,0.6138,unchanged
235,闘_ガブルカ_グッズ偏重_V3,0.4612,unchanged
236,炎_リザードンX_グッズ偏重_V3,0.5733,Out: マチス / In: ホウオウ (Parent: 24/50 -> Mutant: 33/50)
236,草_フシギバナ_究極_V6_アルティメット,0.7475,unchanged
236,雷_ピカチュウ_究極_V6_アルティメット,0.6266,unchanged
236,闘_ガブルカ_グッズ偏重_V3,0.4615,Out: ドンファン / In: ゴルーグ (Parent: 29/50 -> Mutant: 33/50)
236,闘_ガブルカ_究極_V6_アルティメット,0.2898,unchanged
236,雷_ピカチュウ_安定_V1,0.4631,unchanged
236,水_スターミー_グッズ偏重_V3,0.5809,unchanged
236,水_スターミー_究極_V6_アルティメット,0.5206,unchanged
236,炎_リザードンX_安定_V1,0.4667,unchanged
236,闘_ガブルカ_安定_V1,0.3561,unchanged
236,超_ゲンガー_安定_V1,0.4466,Out: ヒットハンマー / In: バネブー (Parent: 30/50 -> Mutant: 33/50)
236,草_フシギバナ_安定_V1,0.5192,unchanged
236,超_ゲンガー_グッズ偏重_V3,0.2955,Out: マシェード / In: ピッピ (Parent: 19/50 -> Mutant: 21/50)
236,龍悪_ギラダク_究極_V6_アルティメット,0.5882,unchanged
236,雷_ピカチュウ_グッズ偏重_V3,0.4922,unchanged
236,龍悪_ギラダク_安定_V1,0.3339,unchanged
236,超_ゲンガー_究極_V6_アルティメット,0.4324,unchanged
236,龍悪_ギラダク_グッズ偏重_V3,0.5738,unchanged
236,超_ミュウツー_安定_V1,0.4082,unchanged
236,水_スターミー_安定_V1,0.4448,Out: シャワーズ / In: リーリエ (Parent: 20/50 -> Mutant: 22/50)
236,鋼_メルルギア_グッズ偏重_V3,0.6058,Out: ベロベルト / In: デカグース (Parent: 33/50 -> Mutant: 38/50)
236,超_ミュウツー_グッズ偏重_V3,0.7301,unchanged
236,炎_リザードンX_究極_V6_アルティメット,0.5927,unchanged
236,鋼_メルルギア_安定_V1,0.3326,Out: スイレン / In: ハルカ (Parent: 15/50 -> Mutant: 23/50)
236,超_ミュウツー_究極_V6_アルティメット,0.6127,unchanged
236,草_フシギバナ_グッズ偏重_V3,0.5566,unchanged
236,鋼_メルルギア_究極_V6_アルティメット,0.4487,unchanged
237,雷_ピカチュウ_究極_V6_アルティメット,0.6267,Out: サンダース / In: サンダース (Parent: 32/50 -> Mutant: 39/50)
237,炎_リザードンX_安定_V1,0.4677,Out: ポニータ / In: アチゲータ (Parent: 33/50 -> Mutant: 44/50)
237,超_ミュウツー_グッズ偏重_V3,0.7306,unchanged
237,炎_リザードンX_究極_V6_アルティメット,0.5926,Out: エレキコード / In: ブーバーン (Parent: 29/50 -> Mutant: 34/50)
237,水_スターミー_グッズ偏重_V3,0.5819,unchanged
237,龍悪_ギラダク_グッズ偏重_V3,0.5744,Out: まもりのポンチョ / In: ハクリュー (Parent: 40/50 -> Mutant: 44/50)
237,闘_ガブルカ_安定_V1,0.3564,unchanged
237,闘_ガブルカ_グッズ偏重_V3,0.4617,unchanged
237,超_ゲンガー_安定_V1,0.4468,unchanged
237,雷_ピカチュウ_安定_V1,0.4634,unchanged
237,超_ゲンガー_グッズ偏重_V3,0.2958,unchanged
237,水_スターミー_安定_V1,0.4442,unchanged
237,水_スターミー_究極_V6_アルティメット,0.5210,unchanged
237,鋼_メルルギア_究極_V6_アルティメット,0.4488,Out: ベロリンガ / In: ハガネール (Parent: 27/50 -> Mutant: 33/50)
237,闘_ガブルカ_究極_V6_アルティメット,0.2905,unchanged
237,草_フシギバナ_究極_V6_アルティメット,0.7473,unchanged
237,龍悪_ギラダク_究極_V6_アルティメット,0.5883,unchanged
237,龍悪_ギラダク_安定_V1,0.3334,unchanged
237,草_フシギバナ_グッズ偏重_V3,0.5571,unchanged
237,鋼_メルルギア_安定_V1,0.3324,Out: ハルカ / In: ハラ (Parent: 20/50 -> Mutant: 23/50)
237,炎_リザードンX_グッズ偏重_V3,0.5725,Out: ラッキーミトン / In: むしよけスプレー (Parent: 32/50 -> Mutant: 34/50)
237,雷_ピカチュウ_グッズ偏重_V3,0.4918,Out: レントラー / In: まもりのポンチョ (Parent: 32/50 -> Mutant: 36/50)
237,超_ミュウツー_究極_V6_アルティメット,0.6119,unchanged
237,草_フシギバナ_安定_V1,0.5184,Out: クサイハナ / In: リーリエ (Parent: 29/50 -> Mutant: 34/50)
237,超_ゲンガー_究極_V6_アルティメット,0.4320,unchanged
237,鋼_メルルギア_グッズ偏重_V3,0.6046,unchanged
237,超_ミュウツー_安定_V1,0.4081,unchanged
238,超_ミュウツー_グッズ偏重_V3,0.7310,unchanged
238,闘_ガブルカ_グッズ偏重_V3,0.4620,unchanged
238,闘_ガブルカ_安定_V1,0.3568,unchanged
238,雷_ピカチュウ_究極_V6_アルティメット,0.6266,unchanged
238,雷_ピカチュウ_グッズ偏重_V3,0.4921,unchanged
238,龍悪_ギラダク_グッズ偏重_V3,0.5752,unchanged
238,鋼_メルルギア_グッズ偏重_V3,0.6041,unchanged
238,龍悪_ギラダク_安定_V1,0.3335,Out: トレーニングエリア / In: カルネ (Parent: 17/50 -> Mutant: 21/50)
238,草_フシギバナ_安定_V1,0.5181,unchanged
238,水_スターミー_安定_V1,0.4436,unchanged
238,炎_リザードンX_究極_V6_アルティメット,0.5923,unchanged
238,超_ミュウツー_究極_V6_アルティメット,0.6114,Out: はねの化石 / In: ミカン (Parent: 25/50 -> Mutant: 27/50)
238,龍悪_ギラダク_究極_V6_アルティメット,0.5885,unchanged
238,闘_ガブルカ_究極_V6_アルティメット,0.2910,unchanged
238,雷_ピカチュウ_安定_V1,0.4633,Out: テーブルシティ / In: カルネ (Parent: 29/50 -> Mutant: 32/50)
238,鋼_メルルギア_安定_V1,0.3321,unchanged
238,超_ゲンガー_究極_V6_アルティメット,0.4319,unchanged
238,炎_リザードンX_グッズ偏重_V3,0.5718,unchanged
238,水_スターミー_究極_V6_アルティメット,0.5211,unchanged
238,炎_リザードンX_安定_V1,0.4686,unchanged
238,草_フシギバナ_究極_V6_アルティメット,0.7471,unchanged
238,草_フシギバナ_グッズ偏重_V3,0.5575,unchanged
238,超_ミュウツー_安定_V1,0.4081,unchanged
238,鋼_メルルギア_究極_V6_アルティメット,0.4486,unchanged
238,超_ゲンガー_グッズ偏重_V3,0.2955,unchanged
238,超_ゲンガー_安定_V1,0.4463,unchanged
238,水_スターミー_グッズ偏重_V3,0.5819,unchanged
239,龍悪_ギラダク_究極_V6_アルティメット,0.5894,unchanged
239,鋼_メルルギア_安定_V1,0.3323,Out: ココドラ / In: パフュートン (Parent: 20/50 -> Mutant: 22/50)
239,水_スターミー_安定_V1,0.4432,unchanged
239,超_ミュウツー_究極_V6_アルティメット,0.6115,unchanged
239,闘_ガブルカ_究極_V6_アルティメット,0.2921,Out: やまおとこ / In: ノズパス (Parent: 25/50 -> Mutant: 27/50)
239,水_スターミー_究極_V6_アルティメット,0.5217,unchanged
239,雷_ピカチュウ_安定_V1,0.4636,unchanged
239,炎_リザードンX_グッズ偏重_V3,0.5714,Out: アイリス / In: セキ (Parent: 24/50 -> Mutant: 34/50)
239,龍悪_ギラダク_安定_V1,0.3335,Out: マーズ / In: ドラピオン (Parent: 18/50 -> Mutant: 22/50)
239,龍悪_ギラダク_グッズ偏重_V3,0.5758,unchanged
239,闘_ガブルカ_グッズ偏重_V3,0.4620,Out: チゴラス / In: タイレーツ (Parent: 25/50 -> Mutant: 27/50)
239,超_ゲンガー_グッズ偏重_V3,0.2957,unchanged
239,超_ミュウツー_安定_V1,0.4085,unchanged
239,炎_リザードンX_究極_V6_アルティメット,0.5920,unchanged
239,草_フシギバナ_安定_V1,0.5176,Out: ストライク / In: パラス (Parent: 29/50 -> Mutant: 33/50)
239,炎_リザードンX_安定_V1,0.4696,unchanged
239,超_ミュウツー_グッズ偏重_V3,0.7310,Out: ムシャーナ / In: 幻の石板 (Parent: 42/50 -> Mutant: 45/50)
239,鋼_メルルギア_グッズ偏重_V3,0.6032,Out: クチート / In: ミノマダム (Parent: 30/50 -> Mutant: 34/50)
239,雷_ピカチュウ_究極_V6_アルティメット,0.6256,Out: スイレン / In: スター団のしたっぱ (Parent: 21/50 -> Mutant: 29/50)
239,超_ゲンガー_安定_V1,0.4460,unchanged
239,鋼_メルルギア_究極_V6_アルティメット,0.4485,unchanged
239,超_ゲンガー_究極_V6_アルティメット,0.4317,unchanged
239,草_フシギバナ_究極_V6_アルティメット,0.7468,unchanged
239,草_フシギバナ_グッズ偏重_V3,0.5578,unchanged
239,雷_ピカチュウ_グッズ偏重_V3,0.4913,unchanged
239,水_スターミー_グッズ偏重_V3,0.5818,unchanged
239,闘_ガブルカ_安定_V1,0.3564,unchanged
240,超_ゲンガー_安定_V1,0.4465,Out: かんこうきゃく / In: マーマネ (Parent: 24/50 -> Mutant: 29/50)
240,水_スターミー_グッズ偏重_V3,0.5828,Out: かんこうきゃく / In: シズイ (Parent: 40/50 -> Mutant: 44/50)
240,超_ゲンガー_究極_V6_アルティメット,0.4321,unchanged
240,鋼_メルルギア_安定_V1,0.3327,unchanged
240,炎_リザードンX_安定_V1,0.4710,Out: カエンジシ / In: ハルカ (Parent: 37/50 -> Mutant: 45/50)
240,炎_リザードンX_究極_V6_アルティメット,0.5918,unchanged
240,雷_ピカチュウ_安定_V1,0.4638,Out: トレーニングエリア / In: スピーダー (Parent: 28/50 -> Mutant: 30/50)
240,草_フシギバナ_究極_V6_アルティメット,0.7470,unchanged
240,闘_ガブルカ_安定_V1,0.3567,unchanged
240,龍悪_ギラダク_究極_V6_アルティメット,0.5898,unchanged
240,草_フシギバナ_安定_V1,0.5171,unchanged
240,雷_ピカチュウ_究極_V6_アルティメット,0.6251,unchanged
240,雷_ピカチュウ_グッズ偏重_V3,0.4914,Out: まもりのポンチョ / In: ひみつのコハク (Parent: 30/50 -> Mutant: 38/50)
240,鋼_メルルギア_グッズ偏重_V3,0.6028,unchanged
240,超_ミュウツー_究極_V6_アルティメット,0.6109,unchanged
240,闘_ガブルカ_グッズ偏重_V3,0.4616,unchanged
240,超_ゲンガー_グッズ偏重_V3,0.2956,unchanged
240,鋼_メルルギア_究極_V6_アルティメット,0.4486,unchanged
240,水_スターミー_究極_V6_アルティメット,0.5219,unchanged
240,龍悪_ギラダク_グッズ偏重_V3,0.5758,unchanged
240,炎_リザードンX_グッズ偏重_V3,0.5706,unchanged
240,超_ミュウツー_安定_V1,0.4084,unchanged
240,闘_ガブルカ_究極_V6_アルティメット,0.2921,Out: カンナギタウンの長老 / In: カバルドン (Parent: 27/50 -> Mutant: 30/50)
240,水_スターミー_安定_V1,0.4424,Out: キバニア / In: ヘイガニ (Parent: 19/50 -> Mutant: 21/50)
240,超_ミュウツー_グッズ偏重_V3,0.7305,unchanged
240,草_フシギバナ_グッズ偏重_V3,0.5581,unchanged
240,龍悪_ギラダク_安定_V1,0.3328,Out: シロナ / In: ゴース (Parent: 17/50 -> Mutant: 22/50)
241,水_スターミー_安定_V1,0.4421,Out: セビエ / In: かけだし調査員 (Parent: 15/50 -> Mutant: 19/50)
241,超_ミュウツー_究極_V6_アルティメット,0.6109,Out: ムウマージex / In: ゴースト (Parent: 34/50 -> Mutant: 37/50)
241,鋼_メルルギア_グッズ偏重_V3,0.6028,unchanged
241,鋼_メルルギア_安定_V1,0.3330,unchanged
241,炎_リザードンX_安定_V1,0.4724,unchanged
241,水_スターミー_究極_V6_アルティメット,0.5224,unchanged
241,闘_ガブルカ_究極_V6_アルティメット,0.2928,unchanged
241,龍悪_ギラダク_究極_V6_アルティメット,0.5902,Out: グラエナ / In: ふしぎなアメ (Parent: 37/50 -> Mutant: 39/50)
241,草_フシギバナ_安定_V1,0.5168,Out: かけだし調査員 / In: メガヤンマ (Parent: 20/50 -> Mutant: 28/50)
241,草_フシギバナ_究極_V6_アルティメット,0.7472,unchanged
241,闘_ガブルカ_安定_V1,0.3567,unchanged
241,超_ゲンガー_グッズ偏重_V3,0.2958,Out: ムチュール / In: レスキュースカーフ (Parent: 18/50 -> Mutant: 24/50)
241,草_フシギバナ_グッズ偏重_V3,0.5590,unchanged
241,雷_ピカチュウ_グッズ偏重_V3,0.4914,unchanged
241,炎_リザードンX_グッズ偏重_V3,0.5702,unchanged
241,龍悪_ギラダク_グッズ偏重_V3,0.5761,unchanged
241,超_ゲンガー_安定_V1,0.4464,unchanged
241,超_ゲンガー_究極_V6_アルティメット,0.4320,unchanged
241,龍悪_ギラダク_安定_V1,0.3323,unchanged
241,雷_ピカチュウ_究極_V6_アルティメット,0.6243,unchanged
241,超_ミュウツー_安定_V1,0.4084,unchanged
241,超_ミュウツー_グッズ偏重_V3,0.7300,unchanged
241,雷_ピカチュウ_安定_V1,0.4635,unchanged
241,鋼_メルルギア_究極_V6_アルティメット,0.4485,Out: バイウールー / In: ポケモン通信 (Parent: 31/50 -> Mutant: 38/50)
241,水_スターミー_グッズ偏重_V3,0.5828,unchanged
241,炎_リザードンX_究極_V6_アルティメット,0.5911,Out: シシコ / In: ヘルガー (Parent: 32/50 -> Mutant: 34/50)
241,闘_ガブルカ_グッズ偏重_V3,0.4609,Out: ビーストウォール / In: ガメノデス (Parent: 25/50 -> Mutant: 33/50)
242,草_フシギバナ_究極_V6_アルティメット,0.7478,unchanged
242,龍悪_ギラダク_グッズ偏重_V3,0.5770,unchanged
242,水_スターミー_グッズ偏重_V3,0.5838,Out: たての化石 / In: ハルカ (Parent: 38/50 -> Mutant: 45/50)
242,闘_ガブルカ_グッズ偏重_V3,0.4611,unchanged
242,水_スターミー_安定_V1,0.4420,unchanged
242,闘_ガブルカ_安定_V1,0.3570,unchanged
242,超_ミュウツー_グッズ偏重_V3,0.7301,Out: ポケモンセンターのお姉さん / In: ヒカリ (Parent: 40/50 -> Mutant: 44/50)
242,雷_ピカチュウ_究極_V6_アルティメット,0.6238,unchanged
242,炎_リザードンX_安定_V1,0.4734,unchanged
242,草_フシギバナ_安定_V1,0.5169,unchanged
242,龍悪_ギラダク_安定_V1,0.3322,unchanged
242,水_スターミー_究極_V6_アルティメット,0.5229,Out: シロナ / In: おおきいマラサダ (Parent: 29/50 -> Mutant: 35/50)
242,鋼_メルルギア_グッズ偏重_V3,0.6024,unchanged
242,超_ミュウツー_究極_V6_アルティメット,0.6103,unchanged
242,超_ゲンガー_安定_V1,0.4463,unchanged
242,草_フシギバナ_グッズ偏重_V3,0.5596,unchanged
242,超_ミュウツー_安定_V1,0.4087,unchanged
242,超_ゲンガー_グッズ偏重_V3,0.2958,unchanged
242,鋼_メルルギア_安定_V1,0.3328,unchanged
242,炎_リザードンX_究極_V6_アルティメット,0.5905,unchanged
242,炎_リザードンX_グッズ偏重_V3,0.5692,Out: ギャロップ / In: ヒノヤコマ (Parent: 25/50 -> Mutant: 29/50)
242,鋼_メルルギア_究極_V6_アルティメット,0.4483,unchanged
242,闘_ガブルカ_究極_V6_アルティメット,0.2929,unchanged
242,雷_ピカチュウ_グッズ偏重_V3,0.4908,unchanged
242,龍悪_ギラダク_究極_V6_アルティメット,0.5898,unchanged
242,雷_ピカチュウ_安定_V1,0.4631,Out: オドリドリ / In: グズマ (Parent: 33/50 -> Mutant: 38/50)
242,超_ゲンガー_究極_V6_アルティメット,0.4316,Out: セキ / In: ラルトス (Parent: 24/50 -> Mutant: 29/50)
243,雷_ピカチュウ_究極_V6_アルティメット,0.6236,unchanged
243,龍悪_ギラダク_究極_V6_アルティメット,0.5906,unchanged
243,超_ミュウツー_グッズ偏重_V3,0.7305,unchanged
243,闘_ガブルカ_究極_V6_アルティメット,0.2938,Out: ガントル / In: ノズパス (Parent: 21/50 -> Mutant: 32/50)
243,龍悪_ギラダク_安定_V1,0.3321,unchanged
243,雷_ピカチュウ_安定_V1,0.4635,unchanged
243,炎_リザードンX_究極_V6_アルティメット,0.5905,unchanged
243,鋼_メルルギア_グッズ偏重_V3,0.6019,unchanged
243,鋼_メルルギア_究極_V6_アルティメット,0.4488,Out: ビーストウォール / In: トリミアン (Parent: 30/50 -> Mutant: 33/50)
243,草_フシギバナ_グッズ偏重_V3,0.5606,Out: カルネ / In: リーフィア (Parent: 43/50 -> Mutant: 46/50)
243,鋼_メルルギア_安定_V1,0.3329,Out: イリマ / In: イーブイ (Parent: 12/50 -> Mutant: 24/50)
243,龍悪_ギラダク_グッズ偏重_V3,0.5774,unchanged
243,超_ゲンガー_グッズ偏重_V3,0.2960,Out: サーナイト / In: フレイムパッチ (Parent: 23/50 -> Mutant: 27/50)
243,水_スターミー_安定_V1,0.4414,unchanged
243,炎_リザードンX_安定_V1,0.4743,Out: ファイアロー / In: マグマラシ (Parent: 38/50 -> Mutant: 42/50)
243,闘_ガブルカ_安定_V1,0.3569,unchanged
243,超_ゲンガー_安定_V1,0.4460,Out: シンボラー / In: リーフマント (Parent: 20/50 -> Mutant: 24/50)
243,雷_ピカチュウ_グッズ偏重_V3,0.4905,unchanged
243,水_スターミー_究極_V6_アルティメット,0.5230,unchanged
243,超_ミュウツー_安定_V1,0.4087,unchanged
243,草_フシギバナ_安定_V1,0.5166,unchanged
243,闘_ガブルカ_グッズ偏重_V3,0.4605,unchanged
243,超_ゲンガー_究極_V6_アルティメット,0.4311,unchanged
243,炎_リザードンX_グッズ偏重_V3,0.5682,Out: ヒノヤコマ / In: ガーディ (Parent: 19/50 -> Mutant: 26/50)
243,草_フシギバナ_究極_V6_アルティメット,0.7474,Out: ミノマダム / In: まもりのポンチョ (Parent: 38/50 -> Mutant: 40/50)
243,水_スターミー_グッズ偏重_V3,0.5838,unchanged
243,超_ミュウツー_究極_V6_アルティメット,0.6092,unchanged
244,炎_リザードンX_安定_V1,0.4758,unchanged
244,雷_ピカチュウ_究極_V6_アルティメット,0.6236,unchanged
244,超_ゲンガー_究極_V6_アルティメット,0.4313,Out: オドリドリ / In: ギンガ団のしたっぱ (Parent: 24/50 -> Mutant: 29/50)
244,鋼_メルルギア_安定_V1,0.3330,unchanged
244,鋼_メルルギア_究極_V6_アルティメット,0.4492,Out: ジュン / In: ケッキング (Parent: 23/50 -> Mutant: 31/50)
244,草_フシギバナ_安定_V1,0.5168,Out: パラス / In: ひみつのコハク (Parent: 30/50 -> Mutant: 35/50)
244,雷_ピカチュウ_グッズ偏重_V3,0.4907,Out: クワガノン / In: 幻の石板 (Parent: 28/50 -> Mutant: 32/50)
244,雷_ピカチュウ_安定_V1,0.4636,Out: まもりのポンチョ / In: ビーストナイト (Parent: 27/50 -> Mutant: 30/50)
244,龍悪_ギラダク_安定_V1,0.3320,unchanged
244,闘_ガブルカ_安定_V1,0.3571,unchanged
244,超_ミュウツー_安定_V1,0.4092,unchanged
244,超_ミュウツー_グッズ偏重_V3,0.7306,unchanged
244,鋼_メルルギア_グッズ偏重_V3,0.6016,unchanged
244,草_フシギバナ_グッズ偏重_V3,0.5614,unchanged
244,水_スターミー_安定_V1,0.4409,Out: メノクラゲ / In: クラブ (Parent: 17/50 -> Mutant: 23/50)
244,超_ミュウツー_究極_V6_アルティメット,0.6086,unchanged
244,超_ゲンガー_安定_V1,0.4458,Out: エーフィex / In: フラージェス (Parent: 20/50 -> Mutant: 29/50)
244,草_フシギバナ_究極_V6_アルティメット,0.7473,unchanged
244,炎_リザードンX_グッズ偏重_V3,0.5675,unchanged
244,水_スターミー_グッズ偏重_V3,0.5841,unchanged
244,闘_ガブルカ_グッズ偏重_V3,0.4600,unchanged
244,水_スターミー_究極_V6_アルティメット,0.5231,unchanged
244,龍悪_ギラダク_グッズ偏重_V3,0.5774,Out: マフィティフ / In: ふたの化石 (Parent: 39/50 -> Mutant: 44/50)
244,炎_リザードンX_究極_V6_アルティメット,0.5898,unchanged
244,超_ゲンガー_グッズ偏重_V3,0.2960,unchanged
244,龍悪_ギラダク_究極_V6_アルティメット,0.5899,unchanged
244,闘_ガブルカ_究極_V6_アルティメット,0.2936,unchanged
245,龍悪_ギラダク_グッズ偏重_V3,0.5783,unchanged
245,超_ミュウツー_グッズ偏重_V3,0.7310,Out: サカキ / In: ミュウツーex (Parent: 39/50 -> Mutant: 41/50)
245,雷_ピカチュウ_グッズ偏重_V3,0.4911,unchanged
245,鋼_メルルギア_究極_V6_アルティメット,0.4497,unchanged
245,水_スターミー_グッズ偏重_V3,0.5850,unchanged
245,闘_ガブルカ_グッズ偏重_V3,0.4601,Out: ゴローン / In: ゴローン (Parent: 23/50 -> Mutant: 35/50)
245,草_フシギバナ_究極_V6_アルティメット,0.7475,unchanged
245,闘_ガブルカ_究極_V6_アルティメット,0.2942,unchanged
245,闘_ガブルカ_安定_V1,0.3574,unchanged
245,超_ゲンガー_グッズ偏重_V3,0.2962,Out: ピクシー / In: エレキジェネレーター (Parent: 24/50 -> Mutant: 26/50)
245,龍悪_ギラダク_究極_V6_アルティメット,0.5901,Out: ロケット団のしたっぱ / In: かけだし調査員 (Parent: 42/50 -> Mutant: 44/50)
245,超_ゲンガー_究極_V6_アルティメット,0.4314,unchanged
245,雷_ピカチュウ_究極_V6_アルティメット,0.6231,unchanged
245,鋼_メルルギア_グッズ偏重_V3,0.6011,unchanged
245,炎_リザードンX_究極_V6_アルティメット,0.5895,Out: ブーバー / In: ジュン (Parent: 22/50 -> Mutant: 28/50)
245,龍悪_ギラダク_安定_V1,0.3315,unchanged
245,水_スターミー_安定_V1,0.4404,unchanged
245,草_フシギバナ_グッズ偏重_V3,0.5620,unchanged
245,超_ミュウツー_究極_V6_アルティメット,0.6079,Out: ミカン / In: ニンフィア (Parent: 31/50 -> Mutant: 35/50)
245,鋼_メルルギア_安定_V1,0.3326,unchanged
245,炎_リザードンX_安定_V1,0.4764,Out: マグマラシ / In: エンテイ (Parent: 42/50 -> Mutant: 44/50)
245,草_フシギバナ_安定_V1,0.5165,unchanged
245,炎_リザードンX_グッズ偏重_V3,0.5665,unchanged
245,超_ゲンガー_安定_V1,0.4455,unchanged
245,超_ミュウツー_安定_V1,0.4090,unchanged
245,雷_ピカチュウ_安定_V1,0.4632,unchanged
245,水_スターミー_究極_V6_アルティメット,0.5230,Out: カメール / In: ドジョッチ (Parent: 37/50 -> Mutant: 40/50)
246,闘_ガブルカ_安定_V1,0.3576,Out: ヒポポタス / In: ディンルー (Parent: 18/50 -> Mutant: 20/50)
246,草_フシギバナ_安定_V1,0.5169,unchanged
246,雷_ピカチュウ_究極_V6_アルティメット,0.6228,Out: バチュル / In: イツキ (Parent: 24/50 -> Mutant: 31/50)
246,草_フシギバナ_グッズ偏重_V3,0.5634,unchanged
246,炎_リザードンX_安定_V1,0.4774,unchanged
246,超_ミュウツー_グッズ偏重_V3,0.7312,unchanged
246,超_ゲンガー_グッズ偏重_V3,0.2967,Out: ピッピ / In: メロエッタ (Parent: 20/50 -> Mutant: 24/50)
246,龍悪_ギラダク_究極_V6_アルティメット,0.5904,unchanged
246,超_ゲンガー_究極_V6_アルティメット,0.4315,unchanged
246,闘_ガブルカ_グッズ偏重_V3,0.4600,unchanged
246,超_ミュウツー_安定_V1,0.4096,unchanged
246,闘_ガブルカ_究極_V6_アルティメット,0.2947,Out: どくバリ / In: マンキー (Parent: 21/50 -> Mutant: 23/50)
246,雷_ピカチュウ_グッズ偏重_V3,0.4909,Out: 幻の石板 / In: メガデンリュウex (Parent: 34/50 -> Mutant: 41/50)
246,鋼_メルルギア_安定_V1,0.3325,Out: オドシシ / In: シロナ (Parent: 11/50 -> Mutant: 20/50)
246,雷_ピカチュウ_安定_V1,0.4632,Out: デデンネ / In: デンリュウ (Parent: 30/50 -> Mutant: 32/50)
246,超_ミュウツー_究極_V6_アルティメット,0.6073,Out: デンジ / In: サーナイト (Parent: 35/50 -> Mutant: 37/50)
246,炎_リザードンX_究極_V6_アルティメット,0.5893,unchanged
246,龍悪_ギラダク_安定_V1,0.3310,unchanged
246,水_スターミー_グッズ偏重_V3,0.5853,unchanged
246,龍悪_ギラダク_グッズ偏重_V3,0.5783,unchanged
246,水_スターミー_安定_V1,0.4399,unchanged
246,炎_リザードンX_グッズ偏重_V3,0.5654,unchanged
246,超_ゲンガー_安定_V1,0.4451,Out: ポットデス / In: まもりのポンチョ (Parent: 25/50 -> Mutant: 27/50)
246,草_フシギバナ_究極_V6_アルティメット,0.7471,unchanged
246,水_スターミー_究極_V6_アルティメット,0.5228,unchanged
246,鋼_メルルギア_グッズ偏重_V3,0.6002,Out: ギルガルド / In: レアコイル (Parent: 25/50 -> Mutant: 30/50)
246,鋼_メルルギア_究極_V6_アルティメット,0.4493,Out: ハガネール / In: クチート (Parent: 30/50 -> Mutant: 33/50)
247,龍悪_ギラダク_究極_V6_アルティメット,0.5911,unchanged
247,雷_ピカチュウ_グッズ偏重_V3,0.4920,unchanged
247,炎_リザードンX_安定_V1,0.4784,unchanged
247,闘_ガブルカ_安定_V1,0.3580,unchanged
247,雷_ピカチュウ_究極_V6_アルティメット,0.6225,Out: シビシラス / In: モココ (Parent: 24/50 -> Mutant: 27/50)
247,闘_ガブルカ_グッズ偏重_V3,0.4598,unchanged
247,鋼_メルルギア_グッズ偏重_V3,0.6000,unchanged
247,超_ミュウツー_究極_V6_アルティメット,0.6070,Out: メレシー / In: ジャグラー (Parent: 34/50 -> Mutant: 38/50)
247,超_ミュウツー_グッズ偏重_V3,0.7314,unchanged
247,炎_リザードンX_グッズ偏重_V3,0.5649,unchanged
247,水_スターミー_究極_V6_アルティメット,0.5228,unchanged
247,草_フシギバナ_グッズ偏重_V3,0.5643,unchanged
247,水_スターミー_安定_V1,0.4396,unchanged
247,超_ミュウツー_安定_V1,0.4099,unchanged
247,炎_リザードンX_究極_V6_アルティメット,0.5892,Out: ファイアロー / In: ヒレの化石 (Parent: 30/50 -> Mutant: 36/50)
247,鋼_メルルギア_安定_V1,0.3322,unchanged
247,鋼_メルルギア_究極_V6_アルティメット,0.4489,unchanged
247,草_フシギバナ_究極_V6_アルティメット,0.7471,unchanged
247,超_ゲンガー_グッズ偏重_V3,0.2968,Out: ミュウex / In: マシェード (Parent: 15/50 -> Mutant: 17/50)
247,水_スターミー_グッズ偏重_V3,0.5856,unchanged
247,超_ゲンガー_究極_V6_アルティメット,0.4312,unchanged
247,闘_ガブルカ_究極_V6_アルティメット,0.2947,unchanged
247,草_フシギバナ_安定_V1,0.5165,unchanged
247,超_ゲンガー_安定_V1,0.4448,unchanged
247,雷_ピカチュウ_安定_V1,0.4631,unchanged
247,龍悪_ギラダク_グッズ偏重_V3,0.5779,unchanged
247,龍悪_ギラダク_安定_V1,0.3304,unchanged
248,超_ゲンガー_安定_V1,0.4452,unchanged
248,超_ミュウツー_グッズ偏重_V3,0.7319,unchanged
248,鋼_メルルギア_究極_V6_アルティメット,0.4493,unchanged
248,龍悪_ギラダク_究極_V6_アルティメット,0.5919,unchanged
248,雷_ピカチュウ_安定_V1,0.4636,Out: ミライドン / In: 博士の研究 (Parent: 28/50 -> Mutant: 31/50)
248,水_スターミー_究極_V6_アルティメット,0.5231,Out: ウェルカモ / In: ギャラドスex (Parent: 29/50 -> Mutant: 32/50)
248,超_ミュウツー_安定_V1,0.4105,Out: シトロンのリュック / In: 釣り人 (Parent: 31/50 -> Mutant: 35/50)
248,草_フシギバナ_安定_V1,0.5167,unchanged
248,水_スターミー_グッズ偏重_V3,0.5862,unchanged
248,草_フシギバナ_究極_V6_アルティメット,0.7472,unchanged
248,炎_リザードンX_安定_V1,0.4790,unchanged
248,闘_ガブルカ_グッズ偏重_V3,0.4595,Out: フレイムパッチ / In: メテノ (Parent: 27/50 -> Mutant: 30/50)
248,超_ゲンガー_究極_V6_アルティメット,0.4312,Out: ミュウツー / In: リーフマント (Parent: 24/50 -> Mutant: 33/50)
248,鋼_メルルギア_グッズ偏重_V3,0.5996,unchanged
248,超_ゲンガー_グッズ偏重_V3,0.2967,Out: ギラティナ / In: ゴースト (Parent: 18/50 -> Mutant: 24/50)
248,鋼_メルルギア_安定_V1,0.3321,Out: イーブイ / In: ブロロローム (Parent: 21/50 -> Mutant: 25/50)
248,雷_ピカチュウ_究極_V6_アルティメット,0.6221,Out: サンダース / In: パーモット (Parent: 36/50 -> Mutant: 41/50)
248,闘_ガブルカ_究極_V6_アルティメット,0.2948,unchanged
248,闘_ガブルカ_安定_V1,0.3578,unchanged
248,龍悪_ギラダク_グッズ偏重_V3,0.5778,unchanged
248,草_フシギバナ_グッズ偏重_V3,0.5647,Out: キレイハナ / In: マツバ (Parent: 42/50 -> Mutant: 45/50)
248,雷_ピカチュウ_グッズ偏重_V3,0.4921,unchanged
248,炎_リザードンX_グッズ偏重_V3,0.5639,Out: コトネ / In: ペパー (Parent: 22/50 -> Mutant: 27/50)
248,超_ミュウツー_究極_V6_アルティメット,0.6061,Out: イツキ / In: ルチア (Parent: 33/50 -> Mutant: 38/50)
248,水_スターミー_安定_V1,0.4388,Out: クラブ / In: 鋼鉄のまえかけ (Parent: 22/50 -> Mutant: 27/50)
248,龍悪_ギラダク_安定_V1,0.3298,unchanged
248,炎_リザードンX_究極_V6_アルティメット,0.5885,Out: メガバシャーモex / In: ポケモン図鑑 (Parent: 27/50 -> Mutant: 30/50)
249,草_フシギバナ_究極_V6_アルティメット,0.7476,unchanged
249,闘_ガブルカ_グッズ偏重_V3,0.4596,unchanged
249,水_スターミー_安定_V1,0.4387,unchanged
249,龍悪_ギラダク_究極_V6_アルティメット,0.5925,unchanged
249,龍悪_ギラダク_グッズ偏重_V3,0.5785,unchanged
249,鋼_メルルギア_安定_V1,0.3323,unchanged
249,水_スターミー_グッズ偏重_V3,0.5870,unchanged
249,雷_ピカチュウ_究極_V6_アルティメット,0.6221,Out: スター団のしたっぱ / In: ライチュウ (Parent: 34/50 -> Mutant: 36/50)
249,超_ゲンガー_安定_V1,0.4454,unchanged
249,超_ゲンガー_究極_V6_アルティメット,0.4314,Out: ルザミーネ / In: こうらの化石 (Parent: 23/50 -> Mutant: 37/50)
249,炎_リザードンX_究極_V6_アルティメット,0.5881,Out: エレメンタルつけかえ / In: グレンアルマex (Parent: 26/50 -> Mutant: 28/50)
249,草_フシギバナ_安定_V1,0.5167,Out: クヌギダマ / In: ヘラクロス (Parent: 31/50 -> Mutant: 35/50)
249,超_ゲンガー_グッズ偏重_V3,0.2965,Out: エレキジェネレーター / In: かいの化石 (Parent: 14/50 -> Mutant: 16/50)
249,雷_ピカチュウ_安定_V1,0.4641,unchanged
249,雷_ピカチュウ_グッズ偏重_V3,0.4927,unchanged
249,水_スターミー_究極_V6_アルティメット,0.5230,unchanged
249,闘_ガブルカ_安定_V1,0.3579,Out: はねの化石 / In: グズマ (Parent: 16/50 -> Mutant: 25/50)
249,超_ミュウツー_グッズ偏重_V3,0.7315,unchanged
249,草_フシギバナ_グッズ偏重_V3,0.5651,unchanged
249,炎_リザードンX_グッズ偏重_V3,0.5631,Out: ホウオウ / In: ガーディ (Parent: 23/50 -> Mutant: 25/50)
249,超_ミュウツー_究極_V6_アルティメット,0.6055,Out: ウォーターボート / In: ムウマージ (Parent: 28/50 -> Mutant: 32/50)
249,龍悪_ギラダク_安定_V1,0.3291,Out: ドガース / In: ヤミカラス (Parent: 13/50 -> Mutant: 17/50)
249,鋼_メルルギア_グッズ偏重_V3,0.5987,unchanged
249,闘_ガブルカ_究極_V6_アルティメット,0.2948,unchanged
249,超_ミュウツー_安定_V1,0.4104,unchanged
249,鋼_メルルギア_究極_V6_アルティメット,0.4487,unchanged
249,炎_リザードンX_安定_V1,0.4792,unchanged
250,超_ミュウツー_グッズ偏重_V3,0.7319,unchanged
250,炎_リザードンX_究極_V6_アルティメット,0.5878,unchanged
250,雷_ピカチュウ_究極_V6_アルティメット,0.6222,unchanged
250,超_ゲンガー_グッズ偏重_V3,0.2967,unchanged
250,草_フシギバナ_安定_V1,0.5171,Out: ペパー / In: カルム (Parent: 33/50 -> Mutant: 35/50)
250,水_スターミー_グッズ偏重_V3,0.5878,unchanged
250,草_フシギバナ_グッズ偏重_V3,0.5660,Out: リーフィア / In: スコヴィラン (Parent: 42/50 -> Mutant: 49/50)
250,超_ミュウツー_安定_V1,0.4110,unchanged
250,龍悪_ギラダク_グッズ偏重_V3,0.5791,Out: スカタンク / In: ダークペンダント (Parent: 33/50 -> Mutant: 39/50)
250,龍悪_ギラダク_究極_V6_アルティメット,0.5926,unchanged
250,超_ミュウツー_究極_V6_アルティメット,0.6053,unchanged
250,雷_ピカチュウ_グッズ偏重_V3,0.4932,Out: エレキコード / In: かけだし調査員 (Parent: 42/50 -> Mutant: 44/50)
250,鋼_メルルギア_グッズ偏重_V3,0.5983,unchanged
250,炎_リザードンX_グッズ偏重_V3,0.5622,unchanged
250,闘_ガブルカ_究極_V6_アルティメット,0.2951,Out: タタッコ / In: ルガルガンex (Parent: 19/50 -> Mutant: 22/50)
250,水_スターミー_安定_V1,0.4382,unchanged
250,闘_ガブルカ_安定_V1,0.3578,Out: ナツメ / In: ゴローン (Parent: 27/50 -> Mutant: 29/50)
250,炎_リザードンX_安定_V1,0.4796,unchanged
250,超_ゲンガー_安定_V1,0.4452,unchanged
250,草_フシギバナ_究極_V6_アルティメット,0.7473,Out: ふたの化石 / In: イツキ (Parent: 38/50 -> Mutant: 46/50)
250,鋼_メルルギア_安定_V1,0.3322,Out: ナットレイ / In: デンジ (Parent: 15/50 -> Mutant: 20/50)
250,闘_ガブルカ_グッズ偏重_V3,0.4588,Out: ダンゴロ / In: ヤンチャム (Parent: 19/50 -> Mutant: 27/50)
250,超_ゲンガー_究極_V6_アルティメット,0.4311,unchanged
250,龍悪_ギラダク_安定_V1,0.3285,unchanged
250,雷_ピカチュウ_安定_V1,0.4640,unchanged
250,水_スターミー_究極_V6_アルティメット,0.5227,unchanged
250,鋼_メルルギア_究極_V6_アルティメット,0.4481,unchanged
251,鋼_メルルギア_安定_V1,0.3327,Out: コバルオン / In: おさかなネット (Parent: 15/50 -> Mutant: 23/50)
251,龍悪_ギラダク_究極_V6_アルティメット,0.5933,Out: ドヒドイデ / In: グリーン (Parent: 35/50 -> Mutant: 38/50)
251,水_スターミー_究極_V6_アルティメット,0.5231,unchanged
251,炎_リザードンX_グッズ偏重_V3,0.5617,Out: むしよけスプレー / In: テーブルシティ (Parent: 21/50 -> Mutant: 23/50)
251,龍悪_ギラダク_安定_V1,0.3285,Out: アローラコラッタ / In: アーボ (Parent: 22/50 -> Mutant: 25/50)
251,草_フシギバナ_究極_V6_アルティメット,0.7477,unchanged
251,草_フシギバナ_グッズ偏重_V3,0.5670,Out: スコヴィラン / In: かんこうきゃく (Parent: 40/50 -> Mutant: 44/50)
251,超_ゲンガー_グッズ偏重_V3,0.2966,Out: ヨマワル / In: クレセリアex (Parent: 18/50 -> Mutant: 32/50)
251,闘_ガブルカ_究極_V6_アルティメット,0.2957,Out: レッドカード / In: メリッサ (Parent: 19/50 -> Mutant: 22/50)
251,草_フシギバナ_安定_V1,0.5172,Out: オリーヴァ / In: フシギソウ (Parent: 29/50 -> Mutant: 34/50)
251,鋼_メルルギア_究極_V6_アルティメット,0.4480,Out: ケッキング / In: ボタン (Parent: 26/50 -> Mutant: 32/50)
251,超_ミュウツー_究極_V6_アルティメット,0.6050,unchanged
251,雷_ピカチュウ_究極_V6_アルティメット,0.6220,unchanged
251,炎_リザードンX_安定_V1,0.4801,unchanged
251,雷_ピカチュウ_グッズ偏重_V3,0.4936,Out: ゼブライカ / In: レスキュースカーフ (Parent: 33/50 -> Mutant: 39/50)
251,鋼_メルルギア_グッズ偏重_V3,0.5978,unchanged
251,闘_ガブルカ_安定_V1,0.3578,unchanged
251,龍悪_ギラダク_グッズ偏重_V3,0.5791,unchanged
251,超_ミュウツー_安定_V1,0.4112,unchanged
251,闘_ガブルカ_グッズ偏重_V3,0.4583,Out: ナゲツケサルex / In: ハリテヤマ (Parent: 25/50 -> Mutant: 27/50)
251,水_スターミー_グッズ偏重_V3,0.5880,unchanged
251,水_スターミー_安定_V1,0.4377,Out: ハンドスコープ / In: フローゼル (Parent: 18/50 -> Mutant: 20/50)
251,超_ゲンガー_究極_V6_アルティメット,0.4308,unchanged
251,炎_リザードンX_究極_V6_アルティメット,0.5869,unchanged
251,雷_ピカチュウ_安定_V1,0.4640,unchanged
251,超_ゲンガー_安定_V1,0.4448,Out: フラージェス / In: クレセリアex (Parent: 29/50 -> Mutant: 33/50)
251,超_ミュウツー_グッズ偏重_V3,0.7314,unchanged
252,超_ミュウツー_安定_V1,0.4121,unchanged
252,草_フシギバナ_安定_V1,0.5177,unchanged
252,超_ゲンガー_安定_V1,0.4454,Out: ゴルーグ / In: ギラティナ (Parent: 28/50 -> Mutant: 32/50)
252,超_ゲンガー_グッズ偏重_V3,0.2972,unchanged
252,炎_リザードンX_グッズ偏重_V3,0.5613,unchanged
252,超_ミュウツー_グッズ偏重_V3,0.7316,unchanged
252,超_ゲンガー_究極_V6_アルティメット,0.4312,Out: ふたの化石 / In: レッドカード (Parent: 25/50 -> Mutant: 27/50)
252,炎_リザードンX_究極_V6_アルティメット,0.5866,unchanged
252,闘_ガブルカ_安定_V1,0.3581,Out: イワーク / In: ヤジロン (Parent: 22/50 -> Mutant: 25/50)
252,鋼_メルルギア_グッズ偏重_V3,0.5975,Out: デカグース / In: ベロリンガ (Parent: 27/50 -> Mutant: 29/50)
252,龍悪_ギラダク_究極_V6_アルティメット,0.5936,Out: ゴツゴツメット / In: かいの化石 (Parent: 44/50 -> Mutant: 46/50)
252,龍悪_ギラダク_グッズ偏重_V3,0.5794,unchanged
252,鋼_メルルギア_究極_V6_アルティメット,0.4479,unchanged
252,水_スターミー_究極_V6_アルティメット,0.5231,Out: ポッタイシ / In: メリッサ (Parent: 26/50 -> Mutant: 30/50)
252,龍悪_ギラダク_安定_V1,0.3281,Out: カイリューex / In: メモリーライト (Parent: 14/50 -> Mutant: 16/50)
252,超_ミュウツー_究極_V6_アルティメット,0.6045,unchanged
252,炎_リザードンX_安定_V1,0.4805,unchanged
252,草_フシギバナ_究極_V6_アルティメット,0.7476,unchanged
252,水_スターミー_グッズ偏重_V3,0.5882,unchanged
252,闘_ガブルカ_グッズ偏重_V3,0.4574,Out: ゴローン / In: ケケンカニ (Parent: 19/50 -> Mutant: 28/50)
252,鋼_メルルギア_安定_V1,0.3324,unchanged
252,草_フシギバナ_グッズ偏重_V3,0.5673,unchanged
252,雷_ピカチュウ_究極_V6_アルティメット,0.6215,unchanged
252,水_スターミー_安定_V1,0.4371,Out: リーリエ / In: コダック (Parent: 20/50 -> Mutant: 23/50)
252,闘_ガブルカ_究極_V6_アルティメット,0.2956,unchanged
252,雷_ピカチュウ_グッズ偏重_V3,0.4935,unchanged
252,雷_ピカチュウ_安定_V1,0.4637,unchanged
253,龍悪_ギラダク_グッズ偏重_V3,0.5804,unchanged
253,龍悪_ギラダク_究極_V6_アルティメット,0.5944,Out: かいの化石 / In: ロケット団のしたっぱ (Parent: 41/50 -> Mutant: 43/50)
253,水_スターミー_究極_V6_アルティメット,0.5234,unchanged
253,超_ミュウツー_究極_V6_アルティメット,0.6046,unchanged
253,炎_リザードンX_グッズ偏重_V3,0.5608,unchanged
253,闘_ガブルカ_究極_V6_アルティメット,0.2963,unchanged
253,草_フシギバナ_グッズ偏重_V3,0.5682,Out: フシギバナ / In: メガニウム (Parent: 44/50 -> Mutant: 46/50)
253,草_フシギバナ_安定_V1,0.5179,unchanged
253,超_ゲンガー_安定_V1,0.4457,Out: マーマネ / In: エレキコード (Parent: 24/50 -> Mutant: 29/50)
253,超_ミュウツー_安定_V1,0.4126,Out: レスキュースカーフ / In: そうじゅくエキス (Parent: 30/50 -> Mutant: 33/50)
253,超_ミュウツー_グッズ偏重_V3,0.7317,Out: アセロラ / In: カスミ (Parent: 42/50 -> Mutant: 44/50)
253,水_スターミー_安定_V1,0.4366,unchanged
253,龍悪_ギラダク_安定_V1,0.3277,unchanged
253,鋼_メルルギア_安定_V1,0.3325,unchanged
253,闘_ガブルカ_グッズ偏重_V3,0.4568,Out: ゴマゾウ / In: ヘビーメット (Parent: 19/50 -> Mutant: 23/50)
253,雷_ピカチュウ_グッズ偏重_V3,0.4939,Out: メモリーライト / In: ハンサム (Parent: 32/50 -> Mutant: 35/50)
253,炎_リザードンX_究極_V6_アルティメット,0.5860,Out: おさかなネット / In: リザードン (Parent: 20/50 -> Mutant: 22/50)
253,水_スターミー_グッズ偏重_V3,0.5885,Out: パルシェン / In: アセロラ (Parent: 43/50 -> Mutant: 48/50)
253,闘_ガブルカ_安定_V1,0.3579,unchanged
253,雷_ピカチュウ_安定_V1,0.4638,Out: ピカチュウ / In: ライボルト (Parent: 30/50 -> Mutant: 39/50)
253,雷_ピカチュウ_究極_V6_アルティメット,0.6209,unchanged
253,草_フシギバナ_究極_V6_アルティメット,0.7473,unchanged
253,鋼_メルルギア_グッズ偏重_V3,0.5964,unchanged
253,鋼_メルルギア_究極_V6_アルティメット,0.4475,Out: ボタン / In: ハガネール (Parent: 23/50 -> Mutant: 27/50)
253,超_ゲンガー_究極_V6_アルティメット,0.4306,unchanged
253,超_ゲンガー_グッズ偏重_V3,0.2969,unchanged
253,炎_リザードンX_安定_V1,0.4808,unchanged
254,雷_ピカチュウ_安定_V1,0.4651,unchanged
254,鋼_メルルギア_究極_V6_アルティメット,0.4479,unchanged
254,草_フシギバナ_究極_V6_アルティメット,0.7476,unchanged
254,炎_リザードンX_安定_V1,0.4816,Out: メガリザードンXex / In: カルネ (Parent: 32/50 -> Mutant: 35/50)
254,草_フシギバナ_グッズ偏重_V3,0.5693,unchanged
254,超_ミュウツー_グッズ偏重_V3,0.7319,unchanged
254,闘_ガブルカ_究極_V6_アルティメット,0.2968,unchanged
254,龍悪_ギラダク_究極_V6_アルティメット,0.5948,unchanged
254,超_ゲンガー_グッズ偏重_V3,0.2971,unchanged
254,草_フシギバナ_安定_V1,0.5182,Out: パラス / In: ラムのみ (Parent: 30/50 -> Mutant: 35/50)
254,龍悪_ギラダク_安定_V1,0.3276,unchanged
254,炎_リザードンX_グッズ偏重_V3,0.5602,Out: デルビル / In: エンニュート (Parent: 17/50 -> Mutant: 21/50)
254,闘_ガブルカ_グッズ偏重_V3,0.4565,unchanged
254,超_ミュウツー_安定_V1,0.4129,unchanged
254,超_ミュウツー_究極_V6_アルティメット,0.6040,Out: サーナイト / In: クエスパトラ (Parent: 34/50 -> Mutant: 40/50)
254,超_ゲンガー_安定_V1,0.4456,Out: クレセリアex / In: コロモリ (Parent: 21/50 -> Mutant: 24/50)
254,雷_ピカチュウ_究極_V6_アルティメット,0.6205,Out: 博士の研究 / In: オドリドリ (Parent: 31/50 -> Mutant: 35/50)
254,闘_ガブルカ_安定_V1,0.3577,unchanged
254,龍悪_ギラダク_グッズ偏重_V3,0.5804,Out: かけだし調査員 / In: アーボック (Parent: 39/50 -> Mutant: 42/50)
254,水_スターミー_安定_V1,0.4360,unchanged
254,水_スターミー_究極_V6_アルティメット,0.5232,unchanged
254,雷_ピカチュウ_グッズ偏重_V3,0.4940,Out: おさかなネット / In: エレキブル (Parent: 34/50 -> Mutant: 40/50)
254,鋼_メルルギア_安定_V1,0.3320,unchanged
254,超_ゲンガー_究極_V6_アルティメット,0.4301,Out: ラルトス / In: メタルコアバリア (Parent: 27/50 -> Mutant: 31/50)
254,水_スターミー_グッズ偏重_V3,0.5886,unchanged
254,鋼_メルルギア_グッズ偏重_V3,0.5952,unchanged
254,炎_リザードンX_究極_V6_アルティメット,0.5850,unchanged
255,雷_ピカチュウ_究極_V6_アルティメット,0.6205,Out: サンダース / In: アイリス (Parent: 31/50 -> Mutant: 34/50)
255,龍悪_ギラダク_安定_V1,0.3278,unchanged
255,闘_ガブルカ_究極_V6_アルティメット,0.2976,unchanged
255,鋼_メルルギア_グッズ偏重_V3,0.5949,Out: ベロリンガ / In: ダイノーズ (Parent: 31/50 -> Mutant: 37/50)
255,超_ゲンガー_安定_V1,0.4457,unchanged
255,炎_リザードンX_安定_V1,0.4820,Out: こうらの化石 / In: アセロラ (Parent: 36/50 -> Mutant: 38/50)
255,超_ゲンガー_究極_V6_アルティメット,0.4305,Out: ルージュラ / In: ゴツゴツメット (Parent: 24/50 -> Mutant: 27/50)
255,水_スターミー_グッズ偏重_V3,0.5895,unchanged
255,超_ゲンガー_グッズ偏重_V3,0.2974,Out: パピモッチ / In: まもりのポンチョ (Parent: 20/50 -> Mutant: 23/50)
255,鋼_メルルギア_究極_V6_アルティメット,0.4481,unchanged
255,龍悪_ギラダク_究極_V6_アルティメット,0.5950,unchanged
255,草_フシギバナ_安定_V1,0.5184,unchanged
255,雷_ピカチュウ_グッズ偏重_V3,0.4946,unchanged
255,炎_リザードンX_グッズ偏重_V3,0.5594,Out: 鋼鉄のまえかけ / In: ウインディ (Parent: 26/50 -> Mutant: 31/50)
255,炎_リザードンX_究極_V6_アルティメット,0.5844,unchanged
255,草_フシギバナ_究極_V6_アルティメット,0.7477,unchanged
255,龍悪_ギラダク_グッズ偏重_V3,0.5806,unchanged
255,雷_ピカチュウ_安定_V1,0.4659,unchanged
255,闘_ガブルカ_グッズ偏重_V3,0.4559,unchanged
255,水_スターミー_究極_V6_アルティメット,0.5230,Out: アカギ / In: マリルリ (Parent: 28/50 -> Mutant: 30/50)
255,超_ミュウツー_安定_V1,0.4129,Out: そうじゅくエキス / In: レッド (Parent: 30/50 -> Mutant: 37/50)
255,水_スターミー_安定_V1,0.4352,unchanged
255,超_ミュウツー_グッズ偏重_V3,0.7313,unchanged
255,超_ミュウツー_究極_V6_アルティメット,0.6033,Out: アカギ / In: ペロッパフ (Parent: 32/50 -> Mutant: 36/50)
255,闘_ガブルカ_安定_V1,0.3573,unchanged
255,鋼_メルルギア_安定_V1,0.3317,unchanged
255,草_フシギバナ_グッズ偏重_V3,0.5694,unchanged
256,炎_リザードンX_究極_V6_アルティメット,0.5841,unchanged
256,雷_ピカチュウ_グッズ偏重_V3,0.4954,unchanged
256,水_スターミー_究極_V6_アルティメット,0.5234,unchanged
256,雷_ピカチュウ_究極_V6_アルティメット,0.6205,unchanged
256,超_ミュウツー_グッズ偏重_V3,0.7316,unchanged
256,鋼_メルルギア_安定_V1,0.3319,unchanged
256,龍悪_ギラダク_グッズ偏重_V3,0.5812,unchanged
256,草_フシギバナ_究極_V6_アルティメット,0.7479,unchanged
256,草_フシギバナ_安定_V1,0.5187,Out: コクーン / In: トロピウス (Parent: 31/50 -> Mutant: 39/50)
256,鋼_メルルギア_グッズ偏重_V3,0.5947,unchanged
256,超_ゲンガー_グッズ偏重_V3,0.2977,Out: サマヨール / In: ジュペッタ (Parent: 19/50 -> Mutant: 28/50)
256,龍悪_ギラダク_安定_V1,0.3277,Out: アーボ / In: スカタンク (Parent: 10/50 -> Mutant: 21/50)
256,水_スターミー_グッズ偏重_V3,0.5900,Out: 釣り人 / In: ヒカリ (Parent: 45/50 -> Mutant: 47/50)
256,超_ミュウツー_究極_V6_アルティメット,0.6030,Out: ラムのみ / In: コロモリ (Parent: 26/50 -> Mutant: 33/50)
256,雷_ピカチュウ_安定_V1,0.4667,Out: シロナ / In: ラッキーミトン (Parent: 40/50 -> Mutant: 42/50)
256,炎_リザードンX_グッズ偏重_V3,0.5586,unchanged
256,超_ゲンガー_究極_V6_アルティメット,0.4306,unchanged
256,鋼_メルルギア_究極_V6_アルティメット,0.4478,unchanged
256,超_ゲンガー_安定_V1,0.4455,unchanged
256,闘_ガブルカ_安定_V1,0.3571,unchanged
256,闘_ガブルカ_究極_V6_アルティメット,0.2975,unchanged
256,闘_ガブルカ_グッズ偏重_V3,0.4550,unchanged
256,草_フシギバナ_グッズ偏重_V3,0.5700,unchanged
256,超_ミュウツー_安定_V1,0.4127,unchanged
256,炎_リザードンX_安定_V1,0.4816,Out: マグカルゴ / In: カルム (Parent: 34/50 -> Mutant: 37/50)
256,水_スターミー_安定_V1,0.4345,unchanged
256,龍悪_ギラダク_究極_V6_アルティメット,0.5944,unchanged
257,鋼_メルルギア_グッズ偏重_V3,0.5949,unchanged
257,雷_ピカチュウ_安定_V1,0.4679,unchanged
257,闘_ガブルカ_グッズ偏重_V3,0.4548,Out: リーフ / In: ゴビット (Parent: 24/50 -> Mutant: 27/50)
257,超_ミュウツー_究極_V6_アルティメット,0.6029,unchanged
257,龍悪_ギラダク_安定_V1,0.3277,Out: 博士の研究 / In: クリムガン (Parent: 24/50 -> Mutant: 26/50)
257,超_ゲンガー_究極_V6_アルティメット,0.4311,unchanged
257,鋼_メルルギア_究極_V6_アルティメット,0.4478,unchanged
257,超_ミュウツー_グッズ偏重_V3,0.7318,unchanged
257,鋼_メルルギア_安定_V1,0.3320,Out: ハラ / In: ムクホーク (Parent: 20/50 -> Mutant: 25/50)
257,水_スターミー_安定_V1,0.4340,Out: シードラ / In: ルチア (Parent: 18/50 -> Mutant: 22/50)
257,龍悪_ギラダク_グッズ偏重_V3,0.5818,unchanged
257,草_フシギバナ_グッズ偏重_V3,0.5709,unchanged
257,炎_リザードンX_グッズ偏重_V3,0.5581,unchanged
257,雷_ピカチュウ_究極_V6_アルティメット,0.6201,unchanged
257,超_ミュウツー_安定_V1,0.4130,unchanged
257,炎_リザードンX_究極_V6_アルティメット,0.5836,unchanged
257,草_フシギバナ_安定_V1,0.5188,unchanged
257,雷_ピカチュウ_グッズ偏重_V3,0.4956,unchanged
257,龍悪_ギラダク_究極_V6_アルティメット,0.5943,Out: きずぐすり / In: ハクリュー (Parent: 37/50 -> Mutant: 40/50)
257,炎_リザードンX_安定_V1,0.4815,Out: ハルカ / In: グラジオ (Parent: 28/50 -> Mutant: 31/50)
257,超_ゲンガー_安定_V1,0.4450,Out: アグノム / In: カイ (Parent: 21/50 -> Mutant: 38/50)
257,水_スターミー_グッズ偏重_V3,0.5902,unchanged
257,闘_ガブルカ_究極_V6_アルティメット,0.2974,unchanged
257,草_フシギバナ_究極_V6_アルティメット,0.7474,unchanged
257,闘_ガブルカ_安定_V1,0.3568,Out: シロナ / In: リオル (Parent: 21/50 -> Mutant: 24/50)
257,超_ゲンガー_グッズ偏重_V3,0.2974,unchanged
257,水_スターミー_究極_V6_アルティメット,0.5230,unchanged
258,水_スターミー_グッズ偏重_V3,0.5912,unchanged
258,超_ミュウツー_究極_V6_アルティメット,0.6029,unchanged
258,超_ゲンガー_グッズ偏重_V3,0.2980,unchanged
258,草_フシギバナ_安定_V1,0.5193,unchanged
258,草_フシギバナ_グッズ偏重_V3,0.5720,unchanged
258,炎_リザードンX_安定_V1,0.4819,Out: ウインディ / In: たべのこし (Parent: 29/50 -> Mutant: 36/50)
258,炎_リザードンX_グッズ偏重_V3,0.5577,unchanged
258,鋼_メルルギア_安定_V1,0.3321,unchanged
258,闘_ガブルカ_安定_V1,0.3570,unchanged
258,雷_ピカチュウ_安定_V1,0.4689,unchanged
258,龍悪_ギラダク_グッズ偏重_V3,0.5822,unchanged
258,鋼_メルルギア_グッズ偏重_V3,0.5946,unchanged
258,龍悪_ギラダク_安定_V1,0.3276,unchanged
258,水_スターミー_安定_V1,0.4336,unchanged
258,超_ゲンガー_究極_V6_アルティメット,0.4313,unchanged
258,超_ゲンガー_安定_V1,0.4448,unchanged
258,超_ミュウツー_安定_V1,0.4133,Out: ペパー / In: トゲキッス (Parent: 32/50 -> Mutant: 37/50)
258,闘_ガブルカ_究極_V6_アルティメット,0.2977,unchanged
258,炎_リザードンX_究極_V6_アルティメット,0.5829,unchanged
258,鋼_メルルギア_究極_V6_アルティメット,0.4475,unchanged
258,龍悪_ギラダク_究極_V6_アルティメット,0.5940,unchanged
258,水_スターミー_究極_V6_アルティメット,0.5228,unchanged
258,草_フシギバナ_究極_V6_アルティメット,0.7470,unchanged
258,超_ミュウツー_グッズ偏重_V3,0.7313,unchanged
258,闘_ガブルカ_グッズ偏重_V3,0.4539,unchanged
258,雷_ピカチュウ_究極_V6_アルティメット,0.6191,Out: おさかなネット / In: ハウ (Parent: 32/50 -> Mutant: 37/50)
258,雷_ピカチュウ_グッズ偏重_V3,0.4955,Out: かけだし調査員 / In: ナツメ (Parent: 34/50 -> Mutant: 36/50)
259,超_ゲンガー_安定_V1,0.4452,Out: シンボラー / In: ガラルサニーゴ (Parent: 23/50 -> Mutant: 35/50)
259,雷_ピカチュウ_グッズ偏重_V3,0.4963,unchanged
259,炎_リザードンX_安定_V1,0.4823,Out: カルネ / In: ブーバーン (Parent: 28/50 -> Mutant: 34/50)
259,鋼_メルルギア_安定_V1,0.3325,unchanged
259,雷_ピカチュウ_究極_V6_アルティメット,0.6191,unchanged
259,超_ミュウツー_グッズ偏重_V3,0.7315,Out: アカネ / In: オーロット (Parent: 41/50 -> Mutant: 43/50)
259,炎_リザードンX_究極_V6_アルティメット,0.5826,unchanged
259,超_ゲンガー_究極_V6_アルティメット,0.4318,unchanged
259,草_フシギバナ_安定_V1,0.5197,Out: セレビィ / In: バルビート (Parent: 31/50 -> Mutant: 39/50)
259,超_ミュウツー_究極_V6_アルティメット,0.6026,unchanged
259,龍悪_ギラダク_グッズ偏重_V3,0.5828,unchanged
259,炎_リザードンX_グッズ偏重_V3,0.5571,unchanged
259,鋼_メルルギア_グッズ偏重_V3,0.5943,unchanged
259,闘_ガブルカ_究極_V6_アルティメット,0.2980,unchanged
259,闘_ガブルカ_グッズ偏重_V3,0.4533,unchanged
259,水_スターミー_究極_V6_アルティメット,0.5227,Out: おおきいマラサダ / In: ヒヤップ (Parent: 27/50 -> Mutant: 33/50)
259,龍悪_ギラダク_安定_V1,0.3273,unchanged
259,鋼_メルルギア_究極_V6_アルティメット,0.4473,unchanged
259,超_ゲンガー_グッズ偏重_V3,0.2980,Out: クレセリアex / In: ミュウ (Parent: 17/50 -> Mutant: 21/50)
259,草_フシギバナ_グッズ偏重_V3,0.5725,unchanged
259,水_スターミー_グッズ偏重_V3,0.5913,unchanged
259,龍悪_ギラダク_究極_V6_アルティメット,0.5937,Out: クロバットex / In: ダストダス (Parent: 42/50 -> Mutant: 46/50)
259,闘_ガブルカ_安定_V1,0.3566,Out: ヤジロン / In: サカキ (Parent: 29/50 -> Mutant: 35/50)
259,水_スターミー_安定_V1,0.4329,Out: トリトドン / In: コオリッポ (Parent: 13/50 -> Mutant: 21/50)
259,雷_ピカチュウ_安定_V1,0.4693,unchanged
259,超_ミュウツー_安定_V1,0.4129,unchanged
259,草_フシギバナ_究極_V6_アルティメット,0.7465,unchanged
260,闘_ガブルカ_究極_V6_アルティメット,0.2989,Out: ノズパス / In: サイホーン (Parent: 21/50 -> Mutant: 25/50)
260,炎_リザードンX_究極_V6_アルティメット,0.5824,Out: オドリドリ / In: ヤトウモリ (Parent: 19/50 -> Mutant: 27/50)
260,鋼_メルルギア_究極_V6_アルティメット,0.4477,unchanged
260,龍悪_ギラダク_グッズ偏重_V3,0.5835,Out: おおきいマラサダ / In: メリッサ (Parent: 34/50 -> Mutant: 45/50)
260,雷_ピカチュウ_究極_V6_アルティメット,0.6191,unchanged
260,超_ゲンガー_究極_V6_アルティメット,0.4323,unchanged
260,超_ミュウツー_安定_V1,0.4135,unchanged
260,草_フシギバナ_安定_V1,0.5202,unchanged
260,草_フシギバナ_究極_V6_アルティメット,0.7466,unchanged
260,鋼_メルルギア_グッズ偏重_V3,0.5939,unchanged
260,水_スターミー_安定_V1,0.4324,Out: アルクジラ / In: マナフィ (Parent: 19/50 -> Mutant: 24/50)
260,水_スターミー_グッズ偏重_V3,0.5918,Out: ニョロボン / In: ルザミーネ (Parent: 38/50 -> Mutant: 41/50)
260,炎_リザードンX_グッズ偏重_V3,0.5565,Out: たての化石 / In: メリッサ (Parent: 28/50 -> Mutant: 30/50)
260,龍悪_ギラダク_究極_V6_アルティメット,0.5938,unchanged
260,超_ゲンガー_安定_V1,0.4452,unchanged
260,鋼_メルルギア_安定_V1,0.3325,unchanged
260,闘_ガブルカ_安定_V1,0.3564,unchanged
260,超_ミュウツー_究極_V6_アルティメット,0.6019,unchanged
260,雷_ピカチュウ_安定_V1,0.4700,unchanged
260,龍悪_ギラダク_安定_V1,0.3272,unchanged
260,超_ミュウツー_グッズ偏重_V3,0.7311,Out: 幻の石板 / In: グランブル (Parent: 43/50 -> Mutant: 46/50)
260,雷_ピカチュウ_グッズ偏重_V3,0.4963,Out: レスキュースカーフ / In: ビーストナイト (Parent: 38/50 -> Mutant: 42/50)
260,炎_リザードンX_安定_V1,0.4821,unchanged
260,闘_ガブルカ_グッズ偏重_V3,0.4524,unchanged
260,水_スターミー_究極_V6_アルティメット,0.5221,unchanged
260,超_ゲンガー_グッズ偏重_V3,0.2976,unchanged
260,草_フシギバナ_グッズ偏重_V3,0.5728,unchanged
261,龍悪_ギラダク_グッズ偏重_V3,0.5843,unchanged
261,龍悪_ギラダク_安定_V1,0.3273,Out: ヤブクロン / In: ギンガ団のしたっぱ (Parent: 22/50 -> Mutant: 24/50)
261,草_フシギバナ_グッズ偏重_V3,0.5740,unchanged
261,草_フシギバナ_安定_V1,0.5208,unchanged
261,水_スターミー_グッズ偏重_V3,0.5926,unchanged
261,雷_ピカチュウ_安定_V1,0.4711,unchanged
261,水_スターミー_究極_V6_アルティメット,0.5222,unchanged
261,水_スターミー_安定_V1,0.4321,Out: 鋼鉄のまえかけ / In: オシャマリ (Parent: 19/50 -> Mutant: 25/50)
261,鋼_メルルギア_安定_V1,0.3326,Out: ゲノセクト / In: シュバルゴ (Parent: 21/50 -> Mutant: 27/50)
261,雷_ピカチュウ_グッズ偏重_V3,0.4969,unchanged
261,超_ゲンガー_究極_V6_アルティメット,0.4326,unchanged
261,超_ゲンガー_グッズ偏重_V3,0.2976,unchanged
261,草_フシギバナ_究極_V6_アルティメット,0.7466,unchanged
261,鋼_メルルギア_究極_V6_アルティメット,0.4476,unchanged
261,闘_ガブルカ_安定_V1,0.3564,unchanged
261,超_ミュウツー_究極_V6_アルティメット,0.6013,unchanged
261,超_ミュウツー_安定_V1,0.4138,unchanged
261,龍悪_ギラダク_究極_V6_アルティメット,0.5936,Out: グリーン / In: はねの化石 (Parent: 38/50 -> Mutant: 41/50)
261,雷_ピカチュウ_究極_V6_アルティメット,0.6186,unchanged
261,超_ゲンガー_安定_V1,0.4449,Out: モノマネむすめ / In: メンテナンス (Parent: 31/50 -> Mutant: 33/50)
261,闘_ガブルカ_究極_V6_アルティメット,0.2990,unchanged
261,炎_リザードンX_安定_V1,0.4819,unchanged
261,炎_リザードンX_グッズ偏重_V3,0.5555,Out: トレーニングエリア / In: アカギ (Parent: 24/50 -> Mutant: 32/50)
261,闘_ガブルカ_グッズ偏重_V3,0.4516,Out: キテルグマ / In: ゴーリキー (Parent: 22/50 -> Mutant: 24/50)
261,炎_リザードンX_究極_V6_アルティメット,0.5816,Out: ハンドスコープ / In: アローラガラガラ (Parent: 27/50 -> Mutant: 29/50)
261,超_ミュウツー_グッズ偏重_V3,0.7305,Out: かいの化石 / In: スピーダー (Parent: 38/50 -> Mutant: 41/50)
261,鋼_メルルギア_グッズ偏重_V3,0.5929,Out: フォレトス / In: ヒットハンマー (Parent: 29/50 -> Mutant: 34/50)
262,炎_リザードンX_グッズ偏重_V3,0.5554,unchanged
262,鋼_メルルギア_グッズ偏重_V3,0.5929,unchanged
262,闘_ガブルカ_究極_V6_アルティメット,0.2998,unchanged
262,闘_ガブルカ_安定_V1,0.3568,unchanged
262,炎_リザードンX_究極_V6_アルティメット,0.5812,Out: ハンサム / In: ネモ (Parent: 26/50 -> Mutant: 29/50)
262,超_ミュウツー_安定_V1,0.4145,unchanged
262,雷_ピカチュウ_究極_V6_アルティメット,0.6183,unchanged
262,超_ミュウツー_究極_V6_アルティメット,0.6010,Out: ペロッパフ / In: ラッキーミトン (Parent: 30/50 -> Mutant: 36/50)
262,水_スターミー_安定_V1,0.4316,unchanged
262,草_フシギバナ_安定_V1,0.5213,unchanged
262,鋼_メルルギア_安定_V1,0.3327,Out: オニドリル / In: ギルガルド (Parent: 19/50 -> Mutant: 22/50)
262,龍悪_ギラダク_安定_V1,0.3272,Out: ドヒドイデ / In: サカキ (Parent: 19/50 -> Mutant: 21/50)
262,鋼_メルルギア_究極_V6_アルティメット,0.4476,Out: ハガネール / In: ヒードラン (Parent: 29/50 -> Mutant: 31/50)
262,超_ミュウツー_グッズ偏重_V3,0.7306,unchanged
262,超_ゲンガー_安定_V1,0.4448,unchanged
262,炎_リザードンX_安定_V1,0.4818,unchanged
262,超_ゲンガー_グッズ偏重_V3,0.2973,unchanged
262,雷_ピカチュウ_グッズ偏重_V3,0.4971,unchanged
262,水_スターミー_グッズ偏重_V3,0.5931,unchanged
262,草_フシギバナ_究極_V6_アルティメット,0.7465,unchanged
262,龍悪_ギラダク_究極_V6_アルティメット,0.5934,unchanged
262,龍悪_ギラダク_グッズ偏重_V3,0.5843,unchanged
262,超_ゲンガー_究極_V6_アルティメット,0.4325,Out: 月食ネクロズマ / In: ロトム (Parent: 26/50 -> Mutant: 28/50)
262,草_フシギバナ_グッズ偏重_V3,0.5745,unchanged
262,闘_ガブルカ_グッズ偏重_V3,0.4507,unchanged
262,水_スターミー_究極_V6_アルティメット,0.5216,unchanged
262,雷_ピカチュウ_安定_V1,0.4714,unchanged
263,草_フシギバナ_安定_V1,0.5220,unchanged
263,超_ミュウツー_グッズ偏重_V3,0.7310,unchanged
263,闘_ガブルカ_グッズ偏重_V3,0.4505,Out: ゴビット / In: エビワラーex (Parent: 20/50 -> Mutant: 28/50)
263,草_フシギバナ_グッズ偏重_V3,0.5756,Out: モジャンボ / In: アセロラ (Parent: 44/50 -> Mutant: 46/50)
263,闘_ガブルカ_安定_V1,0.3571,unchanged
263,超_ミュウツー_究極_V6_アルティメット,0.6010,unchanged
263,炎_リザードンX_グッズ偏重_V3,0.5551,unchanged
263,闘_ガブルカ_究極_V6_アルティメット,0.3003,Out: ガラガラex / In: ヌイコグマ (Parent: 28/50 -> Mutant: 30/50)
263,水_スターミー_安定_V1,0.4311,Out: コダック / In: グズマ (Parent: 16/50 -> Mutant: 25/50)
263,鋼_メルルギア_安定_V1,0.3329,unchanged
263,超_ゲンガー_安定_V1,0.4449,unchanged
263,龍悪_ギラダク_グッズ偏重_V3,0.5846,Out: カルネ / In: ヒレの化石 (Parent: 37/50 -> Mutant: 44/50)
263,超_ゲンガー_グッズ偏重_V3,0.2973,unchanged
263,鋼_メルルギア_グッズ偏重_V3,0.5926,unchanged
263,炎_リザードンX_安定_V1,0.4820,Out: たべのこし / In: エンニュート (Parent: 30/50 -> Mutant: 32/50)
263,草_フシギバナ_究極_V6_アルティメット,0.7465,unchanged
263,雷_ピカチュウ_安定_V1,0.4720,unchanged
263,龍悪_ギラダク_究極_V6_アルティメット,0.5934,unchanged
263,雷_ピカチュウ_究極_V6_アルティメット,0.6177,unchanged
263,雷_ピカチュウ_グッズ偏重_V3,0.4973,unchanged
263,水_スターミー_究極_V6_アルティメット,0.5214,unchanged
263,超_ゲンガー_究極_V6_アルティメット,0.4322,unchanged
263,炎_リザードンX_究極_V6_アルティメット,0.5803,Out: アローラガラガラ / In: メガリザードンXex (Parent: 28/50 -> Mutant: 37/50)
263,水_スターミー_グッズ偏重_V3,0.5932,unchanged
263,超_ミュウツー_安定_V1,0.4142,unchanged
263,龍悪_ギラダク_安定_V1,0.3267,Out: ギンガ団のしたっぱ / In: ジャグラー (Parent: 17/50 -> Mutant: 24/50)
263,鋼_メルルギア_究極_V6_アルティメット,0.4470,unchanged
264,龍悪_ギラダク_究極_V6_アルティメット,0.5941,unchanged
264,雷_ピカチュウ_グッズ偏重_V3,0.4981,Out: ヘビーメット / In: モンスターボール (Parent: 32/50 -> Mutant: 34/50)
264,龍悪_ギラダク_安定_V1,0.3269,unchanged
264,鋼_メルルギア_安定_V1,0.3331,unchanged
264,草_フシギバナ_安定_V1,0.5225,unchanged
264,超_ミュウツー_グッズ偏重_V3,0.7312,Out: グランブル / In: ダブラン (Parent: 35/50 -> Mutant: 40/50)
264,鋼_メルルギア_究極_V6_アルティメット,0.4470,unchanged
264,草_フシギバナ_グッズ偏重_V3,0.5766,Out: ジャグラー / In: キノガッサ (Parent: 45/50 -> Mutant: 47/50)
264,水_スターミー_究極_V6_アルティメット,0.5213,unchanged
264,草_フシギバナ_究極_V6_アルティメット,0.7466,unchanged
264,闘_ガブルカ_究極_V6_アルティメット,0.3007,Out: ノズパス / In: メリッサ (Parent: 27/50 -> Mutant: 31/50)
264,超_ミュウツー_究極_V6_アルティメット,0.6007,unchanged
264,超_ゲンガー_究極_V6_アルティメット,0.4324,unchanged
264,炎_リザードンX_安定_V1,0.4821,unchanged
264,鋼_メルルギア_グッズ偏重_V3,0.5920,unchanged
264,雷_ピカチュウ_究極_V6_アルティメット,0.6173,Out: オドリドリ / In: レアコイル (Parent: 29/50 -> Mutant: 35/50)
264,炎_リザードンX_究極_V6_アルティメット,0.5799,unchanged
264,超_ゲンガー_グッズ偏重_V3,0.2972,unchanged
264,闘_ガブルカ_グッズ偏重_V3,0.4502,unchanged
264,炎_リザードンX_グッズ偏重_V3,0.5542,Out: ガーディ / In: エンニュート (Parent: 20/50 -> Mutant: 31/50)
264,龍悪_ギラダク_グッズ偏重_V3,0.5846,unchanged
264,水_スターミー_グッズ偏重_V3,0.5931,Out: スターミー / In: マンムー (Parent: 44/50 -> Mutant: 46/50)
264,超_ゲンガー_安定_V1,0.4446,unchanged
264,超_ミュウツー_安定_V1,0.4142,Out: ムウマージ / In: ブルンゲル (Parent: 37/50 -> Mutant: 39/50)
264,雷_ピカチュウ_安定_V1,0.4723,unchanged
264,水_スターミー_安定_V1,0.4303,unchanged
264,闘_ガブルカ_安定_V1,0.3567,Out: カンナギタウンの長老 / In: ワンリキー (Parent: 19/50 -> Mutant: 23/50)
265,闘_ガブルカ_究極_V6_アルティメット,0.3016,unchanged
265,雷_ピカチュウ_究極_V6_アルティメット,0.6172,unchanged
265,水_スターミー_グッズ偏重_V3,0.5940,Out: スターミーex / In: ヌマクロー (Parent: 38/50 -> Mutant: 45/50)
265,龍悪_ギラダク_究極_V6_アルティメット,0.5948,Out: カイ / In: アカネ (Parent: 31/50 -> Mutant: 40/50)
265,龍悪_ギラダク_グッズ偏重_V3,0.5851,unchanged
265,鋼_メルルギア_安定_V1,0.3332,unchanged
265,草_フシギバナ_グッズ偏重_V3,0.5776,unchanged
265,超_ミュウツー_究極_V6_アルティメット,0.6005,Out: ムウマ / In: ポケモンの笛 (Parent: 32/50 -> Mutant: 35/50)
265,超_ゲンガー_グッズ偏重_V3,0.2971,unchanged
265,超_ミュウツー_安定_V1,0.4146,unchanged
265,闘_ガブルカ_グッズ偏重_V3,0.4499,unchanged
265,水_スターミー_安定_V1,0.4297,unchanged
265,水_スターミー_究極_V6_アルティメット,0.5212,unchanged
265,炎_リザードンX_安定_V1,0.4822,unchanged
265,草_フシギバナ_究極_V6_アルティメット,0.7465,unchanged
265,雷_ピカチュウ_グッズ偏重_V3,0.4985,unchanged
265,雷_ピカチュウ_安定_V1,0.4729,unchanged
265,鋼_メルルギア_グッズ偏重_V3,0.5916,unchanged
265,鋼_メルルギア_究極_V6_アルティメット,0.4468,Out: ヒトツキ / In: プクリン (Parent: 26/50 -> Mutant: 33/50)
265,超_ミュウツー_グッズ偏重_V3,0.7308,unchanged
265,龍悪_ギラダク_安定_V1,0.3265,unchanged
265,草_フシギバナ_安定_V1,0.5224,unchanged
265,炎_リザードンX_究極_V6_アルティメット,0.5795,unchanged
265,超_ゲンガー_究極_V6_アルティメット,0.4322,unchanged
265,闘_ガブルカ_安定_V1,0.3563,unchanged
265,炎_リザードンX_グッズ偏重_V3,0.5533,unchanged
265,超_ゲンガー_安定_V1,0.4441,unchanged
266,超_ミュウツー_安定_V1,0.4154,Out: トゲキッス / In: キルリア (Parent: 27/50 -> Mutant: 35/50)
266,炎_リザードンX_グッズ偏重_V3,0.5533,unchanged
266,雷_ピカチュウ_安定_V1,0.4741,unchanged
266,超_ミュウツー_究極_V6_アルティメット,0.6005,Out: ムウマージ / In: ソーナンス (Parent: 32/50 -> Mutant: 36/50)
266,龍悪_ギラダク_グッズ偏重_V3,0.5858,unchanged
266,炎_リザードンX_究極_V6_アルティメット,0.5796,unchanged
266,水_スターミー_グッズ偏重_V3,0.5946,unchanged
266,闘_ガブルカ_究極_V6_アルティメット,0.3021,unchanged
266,超_ミュウツー_グッズ偏重_V3,0.7308,unchanged
266,鋼_メルルギア_グッズ偏重_V3,0.5912,Out: カキ / In: エテボース (Parent: 28/50 -> Mutant: 32/50)
266,龍悪_ギラダク_究極_V6_アルティメット,0.5948,unchanged
266,超_ゲンガー_安定_V1,0.4441,unchanged
266,草_フシギバナ_グッズ偏重_V3,0.5782,unchanged
266,雷_ピカチュウ_グッズ偏重_V3,0.4989,unchanged
266,超_ゲンガー_グッズ偏重_V3,0.2969,Out: クレッフィ / In: アグノム (Parent: 16/50 -> Mutant: 24/50)
266,草_フシギバナ_究極_V6_アルティメット,0.7462,unchanged
266,雷_ピカチュウ_究極_V6_アルティメット,0.6169,Out: アイリス / In: パーモット (Parent: 28/50 -> Mutant: 31/50)
266,水_スターミー_安定_V1,0.4290,unchanged
266,闘_ガブルカ_安定_V1,0.3561,Out: イワーク / In: ウォーターボート (Parent: 14/50 -> Mutant: 21/50)
266,炎_リザードンX_安定_V1,0.4821,unchanged
266,鋼_メルルギア_安定_V1,0.3329,unchanged
266,草_フシギバナ_安定_V1,0.5222,unchanged
266,超_ゲンガー_究極_V6_アルティメット,0.4318,unchanged
266,闘_ガブルカ_グッズ偏重_V3,0.4493,unchanged
266,水_スターミー_究極_V6_アルティメット,0.5207,unchanged
266,鋼_メルルギア_究極_V6_アルティメット,0.4463,unchanged
266,龍悪_ギラダク_安定_V1,0.3261,unchanged
267,炎_リザードンX_安定_V1,0.4827,unchanged
267,龍悪_ギラダク_グッズ偏重_V3,0.5865,unchanged
267,闘_ガブルカ_安定_V1,0.3564,unchanged
267,超_ミュウツー_安定_V1,0.4162,unchanged
267,龍悪_ギラダク_安定_V1,0.3261,Out: ダークライex / In: アゴの化石 (Parent: 12/50 -> Mutant: 16/50)
267,水_スターミー_グッズ偏重_V3,0.5953,unchanged
267,鋼_メルルギア_究極_V6_アルティメット,0.4465,unchanged
267,龍悪_ギラダク_究極_V6_アルティメット,0.5952,unchanged
267,超_ミュウツー_究極_V6_アルティメット,0.6005,unchanged
267,雷_ピカチュウ_究極_V6_アルティメット,0.6167,unchanged
267,炎_リザードンX_グッズ偏重_V3,0.5529,unchanged
267,超_ゲンガー_グッズ偏重_V3,0.2969,unchanged
267,鋼_メルルギア_安定_V1,0.3328,unchanged
267,超_ゲンガー_安定_V1,0.4440,unchanged
267,草_フシギバナ_グッズ偏重_V3,0.5789,unchanged
267,草_フシギバナ_究極_V6_アルティメット,0.7461,Out: イツキ / In: ふしぎな広場 (Parent: 41/50 -> Mutant: 45/50)
267,水_スターミー_安定_V1,0.4283,Out: アズマオウ / In: アローラサンドパン (Parent: 16/50 -> Mutant: 18/50)
267,闘_ガブルカ_究極_V6_アルティメット,0.3024,unchanged
267,雷_ピカチュウ_安定_V1,0.4746,unchanged
267,水_スターミー_究極_V6_アルティメット,0.5204,unchanged
267,超_ゲンガー_究極_V6_アルティメット,0.4316,Out: ゴツゴツメット / In: ロトム図鑑 (Parent: 28/50 -> Mutant: 34/50)
267,超_ミュウツー_グッズ偏重_V3,0.7303,unchanged
267,鋼_メルルギア_グッズ偏重_V3,0.5905,unchanged
267,草_フシギバナ_安定_V1,0.5222,unchanged
267,闘_ガブルカ_グッズ偏重_V3,0.4486,unchanged
267,炎_リザードンX_究極_V6_アルティメット,0.5789,Out: リザード / In: ギャロップex (Parent: 31/50 -> Mutant: 34/50)
267,雷_ピカチュウ_グッズ偏重_V3,0.4987,unchanged
268,超_ミュウツー_安定_V1,0.4170,unchanged
268,炎_リザードンX_究極_V6_アルティメット,0.5793,unchanged
268,雷_ピカチュウ_究極_V6_アルティメット,0.6168,Out: パーモット / In: ダークペンダント (Parent: 24/50 -> Mutant: 29/50)
268,闘_ガブルカ_グッズ偏重_V3,0.4487,unchanged
268,鋼_メルルギア_安定_V1,0.3331,Out: ブロロローム / In: ポリゴン2 (Parent: 22/50 -> Mutant: 26/50)
268,鋼_メルルギア_究極_V6_アルティメット,0.4467,unchanged
268,草_フシギバナ_究極_V6_アルティメット,0.7464,Out: メタルコアバリア / In: やまおとこ (Parent: 39/50 -> Mutant: 48/50)
268,水_スターミー_グッズ偏重_V3,0.5959,unchanged
268,草_フシギバナ_グッズ偏重_V3,0.5798,unchanged
268,鋼_メルルギア_グッズ偏重_V3,0.5902,Out: ナットレイ / In: ビーストウォール (Parent: 32/50 -> Mutant: 34/50)
268,闘_ガブルカ_安定_V1,0.3564,unchanged
268,超_ミュウツー_究極_V6_アルティメット,0.6001,Out: ソーナンス / In: アゴの化石 (Parent: 31/50 -> Mutant: 34/50)
268,龍悪_ギラダク_安定_V1,0.3257,Out: クリムガン / In: ギモー (Parent: 12/50 -> Mutant: 16/50)
268,超_ゲンガー_究極_V6_アルティメット,0.4318,Out: ヤミラミ / In: ナンジャモ (Parent: 24/50 -> Mutant: 30/50)
268,水_スターミー_安定_V1,0.4277,unchanged
268,雷_ピカチュウ_安定_V1,0.4752,Out: どくバリ / In: ふしぎなアメ (Parent: 41/50 -> Mutant: 45/50)
268,龍悪_ギラダク_究極_V6_アルティメット,0.5951,Out: いじわるレター / In: ふたの化石 (Parent: 39/50 -> Mutant: 43/50)
268,炎_リザードンX_安定_V1,0.4825,unchanged
268,超_ミュウツー_グッズ偏重_V3,0.7300,unchanged
268,超_ゲンガー_安定_V1,0.4439,Out: クレセリアex / In: ヤドン (Parent: 18/50 -> Mutant: 24/50)
268,龍悪_ギラダク_グッズ偏重_V3,0.5863,unchanged
268,超_ゲンガー_グッズ偏重_V3,0.2965,unchanged
268,水_スターミー_究極_V6_アルティメット,0.5198,unchanged
268,炎_リザードンX_グッズ偏重_V3,0.5522,unchanged
268,雷_ピカチュウ_グッズ偏重_V3,0.4986,Out: 幻の石板 / In: ミカン (Parent: 38/50 -> Mutant: 41/50)
268,闘_ガブルカ_究極_V6_アルティメット,0.3022,unchanged
268,草_フシギバナ_安定_V1,0.5221,Out: ニャオハ / In: ポケモンの笛 (Parent: 32/50 -> Mutant: 36/50)
269,雷_ピカチュウ_グッズ偏重_V3,0.4994,Out: モンスターボール / In: ネズ (Parent: 33/50 -> Mutant: 37/50)
269,龍悪_ギラダク_安定_V1,0.3255,unchanged
269,炎_リザードンX_グッズ偏重_V3,0.5525,unchanged
269,超_ゲンガー_グッズ偏重_V3,0.2967,unchanged
269,鋼_メルルギア_安定_V1,0.3333,unchanged
269,龍悪_ギラダク_究極_V6_アルティメット,0.5956,unchanged
269,草_フシギバナ_グッズ偏重_V3,0.5808,unchanged
269,闘_ガブルカ_安定_V1,0.3565,unchanged
269,水_スターミー_グッズ偏重_V3,0.5965,unchanged
269,闘_ガブルカ_究極_V6_アルティメット,0.3026,Out: マッシブーンex / In: セキタンザン (Parent: 18/50 -> Mutant: 21/50)
269,雷_ピカチュウ_安定_V1,0.4760,unchanged
269,鋼_メルルギア_究極_V6_アルティメット,0.4469,unchanged
269,超_ミュウツー_究極_V6_アルティメット,0.5998,Out: ココロモリ / In: キルリア (Parent: 33/50 -> Mutant: 38/50)
269,超_ミュウツー_安定_V1,0.4171,unchanged
269,超_ゲンガー_安定_V1,0.4437,unchanged
269,水_スターミー_安定_V1,0.4272,unchanged
269,超_ゲンガー_究極_V6_アルティメット,0.4318,Out: ナンジャモ / In: ラムのみ (Parent: 27/50 -> Mutant: 35/50)
269,水_スターミー_究極_V6_アルティメット,0.5195,unchanged
269,雷_ピカチュウ_究極_V6_アルティメット,0.6163,unchanged
269,草_フシギバナ_安定_V1,0.5223,unchanged
269,鋼_メルルギア_グッズ偏重_V3,0.5895,unchanged
269,超_ミュウツー_グッズ偏重_V3,0.7296,unchanged
269,炎_リザードンX_安定_V1,0.4822,unchanged
269,龍悪_ギラダク_グッズ偏重_V3,0.5861,unchanged
269,闘_ガブルカ_グッズ偏重_V3,0.4480,unchanged
269,炎_リザードンX_究極_V6_アルティメット,0.5788,unchanged
269,草_フシギバナ_究極_V6_アルティメット,0.7459,unchanged
270,超_ミュウツー_究極_V6_アルティメット,0.6000,Out: ミミッキュ / In: エリカ (Parent: 27/50 -> Mutant: 36/50)
270,草_フシギバナ_安定_V1,0.5230,Out: ラムのみ / In: チェリンボ (Parent: 36/50 -> Mutant: 39/50)
270,超_ゲンガー_究極_V6_アルティメット,0.4323,Out: ユンゲラー / In: ふしぎな広場 (Parent: 35/50 -> Mutant: 38/50)
270,鋼_メルルギア_グッズ偏重_V3,0.5895,Out: ポッポ / In: ピジョン (Parent: 25/50 -> Mutant: 38/50)
270,龍悪_ギラダク_究極_V6_アルティメット,0.5963,unchanged
270,草_フシギバナ_究極_V6_アルティメット,0.7461,unchanged
270,超_ゲンガー_安定_V1,0.4437,unchanged
270,超_ミュウツー_安定_V1,0.4176,Out: レッド / In: ペパー (Parent: 31/50 -> Mutant: 33/50)
270,鋼_メルルギア_安定_V1,0.3335,unchanged
270,闘_ガブルカ_安定_V1,0.3565,Out: パルデアケンタロス / In: ダグトリオ (Parent: 20/50 -> Mutant: 24/50)
270,草_フシギバナ_グッズ偏重_V3,0.5817,Out: たての化石 / In: チェリム (Parent: 45/50 -> Mutant: 47/50)
270,超_ミュウツー_グッズ偏重_V3,0.7296,unchanged
270,水_スターミー_安定_V1,0.4267,unchanged
270,闘_ガブルカ_究極_V6_アルティメット,0.3028,unchanged
270,炎_リザードンX_究極_V6_アルティメット,0.5785,Out: ジュン / In: グレンアルマex (Parent: 32/50 -> Mutant: 36/50)
270,雷_ピカチュウ_グッズ偏重_V3,0.4997,unchanged
270,水_スターミー_グッズ偏重_V3,0.5967,unchanged
270,闘_ガブルカ_グッズ偏重_V3,0.4477,Out: ガメノデス / In: スイレン (Parent: 24/50 -> Mutant: 26/50)
270,水_スターミー_究極_V6_アルティメット,0.5192,unchanged
270,龍悪_ギラダク_安定_V1,0.3250,unchanged
270,龍悪_ギラダク_グッズ偏重_V3,0.5859,Out: ペンドラー / In: グラジオ (Parent: 37/50 -> Mutant: 39/50)
270,超_ゲンガー_グッズ偏重_V3,0.2964,unchanged
270,炎_リザードンX_安定_V1,0.4819,unchanged
270,雷_ピカチュウ_究極_V6_アルティメット,0.6157,unchanged
270,雷_ピカチュウ_安定_V1,0.4763,unchanged
270,炎_リザードンX_グッズ偏重_V3,0.5516,unchanged
270,鋼_メルルギア_究極_V6_アルティメット,0.4465,unchanged
271,水_スターミー_安定_V1,0.4264,unchanged
271,超_ミュウツー_安定_V1,0.4184,unchanged
271,炎_リザードンX_安定_V1,0.4823,unchanged
271,鋼_メルルギア_安定_V1,0.3336,unchanged
271,超_ミュウツー_究極_V6_アルティメット,0.6001,Out: コロモリ / In: ブーピッグ (Parent: 33/50 -> Mutant: 37/50)
271,草_フシギバナ_究極_V6_アルティメット,0.7464,unchanged
271,闘_ガブルカ_グッズ偏重_V3,0.4478,Out: ハリテヤマ / In: アサナン (Parent: 26/50 -> Mutant: 30/50)
271,超_ゲンガー_グッズ偏重_V3,0.2964,Out: コロモリ / In: セキ (Parent: 14/50 -> Mutant: 18/50)
271,龍悪_ギラダク_安定_V1,0.3247,Out: シズイ / In: アローラコラッタ (Parent: 17/50 -> Mutant: 19/50)
271,鋼_メルルギア_グッズ偏重_V3,0.5897,Out: ディアルガex / In: ビーダルex (Parent: 40/50 -> Mutant: 42/50)
271,草_フシギバナ_グッズ偏重_V3,0.5825,unchanged
271,水_スターミー_究極_V6_アルティメット,0.5191,Out: タケシ / In: ポケモン図鑑 (Parent: 30/50 -> Mutant: 33/50)
271,龍悪_ギラダク_究極_V6_アルティメット,0.5964,unchanged
271,炎_リザードンX_究極_V6_アルティメット,0.5784,Out: ヒノヤコマ / In: ガオガエンex (Parent: 34/50 -> Mutant: 36/50)
271,雷_ピカチュウ_安定_V1,0.4769,unchanged
271,炎_リザードンX_グッズ偏重_V3,0.5511,unchanged
271,鋼_メルルギア_究極_V6_アルティメット,0.4464,unchanged
271,闘_ガブルカ_安定_V1,0.3562,Out: ゴローン / In: ふしぎなアメ (Parent: 21/50 -> Mutant: 25/50)
271,水_スターミー_グッズ偏重_V3,0.5969,unchanged
271,草_フシギバナ_安定_V1,0.5230,unchanged
271,雷_ピカチュウ_究極_V6_アルティメット,0.6152,unchanged
271,超_ゲンガー_究極_V6_アルティメット,0.4322,Out: ラムのみ / In: 釣り人 (Parent: 30/50 -> Mutant: 33/50)
271,超_ゲンガー_安定_V1,0.4430,unchanged
271,雷_ピカチュウ_グッズ偏重_V3,0.4997,unchanged
271,闘_ガブルカ_究極_V6_アルティメット,0.3025,Out: セキタンザン / In: サカキ (Parent: 20/50 -> Mutant: 23/50)
271,龍悪_ギラダク_グッズ偏重_V3,0.5857,Out: カイリュー / In: ドラピオン (Parent: 35/50 -> Mutant: 39/50)
271,超_ミュウツー_グッズ偏重_V3,0.7290,unchanged
272,雷_ピカチュウ_究極_V6_アルティメット,0.6154,unchanged
272,鋼_メルルギア_安定_V1,0.3341,unchanged
272,超_ゲンガー_究極_V6_アルティメット,0.4328,unchanged
272,炎_リザードンX_究極_V6_アルティメット,0.5784,unchanged
272,雷_ピカチュウ_安定_V1,0.4779,Out: メタルコアバリア / In: クワガノン (Parent: 46/50 -> Mutant: 49/50)
272,草_フシギバナ_安定_V1,0.5233,unchanged
272,超_ミュウツー_グッズ偏重_V3,0.7293,unchanged
272,炎_リザードンX_安定_V1,0.4826,Out: アチゲータ / In: ウインディ (Parent: 27/50 -> Mutant: 30/50)
272,闘_ガブルカ_安定_V1,0.3563,Out: セキタンザン / In: ハウ (Parent: 22/50 -> Mutant: 28/50)
272,龍悪_ギラダク_安定_V1,0.3243,unchanged
272,超_ミュウツー_安定_V1,0.4187,unchanged
272,鋼_メルルギア_グッズ偏重_V3,0.5896,unchanged
272,水_スターミー_グッズ偏重_V3,0.5974,unchanged
272,龍悪_ギラダク_究極_V6_アルティメット,0.5965,unchanged
272,草_フシギバナ_グッズ偏重_V3,0.5831,unchanged
272,超_ミュウツー_究極_V6_アルティメット,0.6001,unchanged
272,水_スターミー_究極_V6_アルティメット,0.5188,unchanged
272,闘_ガブルカ_究極_V6_アルティメット,0.3024,Out: カバルドン / In: かいの化石 (Parent: 22/50 -> Mutant: 24/50)
272,龍悪_ギラダク_グッズ偏重_V3,0.5857,unchanged
272,炎_リザードンX_グッズ偏重_V3,0.5506,Out: ガーディ / In: ヒカリ (Parent: 30/50 -> Mutant: 39/50)
272,鋼_メルルギア_究極_V6_アルティメット,0.4462,unchanged
272,闘_ガブルカ_グッズ偏重_V3,0.4470,unchanged
272,超_ゲンガー_安定_V1,0.4424,unchanged
272,草_フシギバナ_究極_V6_アルティメット,0.7460,unchanged
272,超_ゲンガー_グッズ偏重_V3,0.2960,unchanged
272,雷_ピカチュウ_グッズ偏重_V3,0.4996,unchanged
272,水_スターミー_安定_V1,0.4256,unchanged
273,龍悪_ギラダク_安定_V1,0.3241,Out: クリムガン / In: きずぐすり (Parent: 12/50 -> Mutant: 14/50)
273,闘_ガブルカ_究極_V6_アルティメット,0.3028,Out: コジョンド / In: ノノクラゲ (Parent: 24/50 -> Mutant: 28/50)
273,炎_リザードンX_安定_V1,0.4828,unchanged
273,超_ミュウツー_グッズ偏重_V3,0.7296,unchanged
273,水_スターミー_グッズ偏重_V3,0.5980,unchanged
273,鋼_メルルギア_安定_V1,0.3342,unchanged
273,草_フシギバナ_究極_V6_アルティメット,0.7463,unchanged
273,鋼_メルルギア_究極_V6_アルティメット,0.4464,unchanged
273,雷_ピカチュウ_安定_V1,0.4788,Out: ふしぎなアメ / In: アゴの化石 (Parent: 43/50 -> Mutant: 45/50)
273,雷_ピカチュウ_グッズ偏重_V3,0.5001,Out: ポケモン通信 / In: レッドカード (Parent: 33/50 -> Mutant: 36/50)
273,水_スターミー_安定_V1,0.4250,Out: コオリッポ / In: アマルス (Parent: 16/50 -> Mutant: 19/50)
273,草_フシギバナ_安定_V1,0.5236,Out: アママイコ / In: オーガポンみどりのめんex (Parent: 32/50 -> Mutant: 38/50)
273,超_ゲンガー_安定_V1,0.4423,unchanged
273,水_スターミー_究極_V6_アルティメット,0.5186,Out: カルム / In: ホエルオー (Parent: 29/50 -> Mutant: 32/50)
273,炎_リザードンX_究極_V6_アルティメット,0.5782,unchanged
273,闘_ガブルカ_安定_V1,0.3562,unchanged
273,雷_ピカチュウ_究極_V6_アルティメット,0.6151,unchanged
273,炎_リザードンX_グッズ偏重_V3,0.5506,Out: グレンアルマex / In: はねの化石 (Parent: 32/50 -> Mutant: 36/50)
273,草_フシギバナ_グッズ偏重_V3,0.5836,unchanged
273,鋼_メルルギア_グッズ偏重_V3,0.5892,unchanged
273,龍悪_ギラダク_グッズ偏重_V3,0.5857,unchanged
273,超_ミュウツー_安定_V1,0.4186,unchanged
273,超_ゲンガー_グッズ偏重_V3,0.2957,unchanged
273,闘_ガブルカ_グッズ偏重_V3,0.4464,unchanged
273,龍悪_ギラダク_究極_V6_アルティメット,0.5960,unchanged
273,超_ミュウツー_究極_V6_アルティメット,0.5996,unchanged
273,超_ゲンガー_究極_V6_アルティメット,0.4324,unchanged
274,雷_ピカチュウ_究極_V6_アルティメット,0.6152,unchanged
274,超_ゲンガー_安定_V1,0.4423,Out: スイレン / In: ヨノワール (Parent: 20/50 -> Mutant: 24/50)
274,超_ミュウツー_究極_V6_アルティメット,0.6000,unchanged
274,超_ミュウツー_安定_V1,0.4191,unchanged
274,超_ミュウツー_グッズ偏重_V3,0.7298,unchanged
274,雷_ピカチュウ_グッズ偏重_V3,0.5007,unchanged
274,草_フシギバナ_究極_V6_アルティメット,0.7466,unchanged
274,炎_リザードンX_究極_V6_アルティメット,0.5782,Out: リザードン / In: ラウドボーン (Parent: 29/50 -> Mutant: 31/50)
274,草_フシギバナ_グッズ偏重_V3,0.5844,unchanged
274,炎_リザードンX_グッズ偏重_V3,0.5509,Out: ウインディ / In: エンニュート (Parent: 36/50 -> Mutant: 41/50)
274,水_スターミー_安定_V1,0.4244,Out: カメックスex / In: ワニノコ (Parent: 18/50 -> Mutant: 20/50)
274,鋼_メルルギア_グッズ偏重_V3,0.5891,Out: ヒットハンマー / In: チラチーノ (Parent: 35/50 -> Mutant: 39/50)
274,雷_ピカチュウ_安定_V1,0.4795,unchanged
274,草_フシギバナ_安定_V1,0.5238,unchanged
274,超_ゲンガー_グッズ偏重_V3,0.2958,unchanged
274,龍悪_ギラダク_究極_V6_アルティメット,0.5958,unchanged
274,超_ゲンガー_究極_V6_アルティメット,0.4324,unchanged
274,闘_ガブルカ_グッズ偏重_V3,0.4461,unchanged
274,龍悪_ギラダク_安定_V1,0.3234,unchanged
274,闘_ガブルカ_安定_V1,0.3559,Out: ゴローニャ / In: ワルビアル (Parent: 18/50 -> Mutant: 20/50)
274,鋼_メルルギア_究極_V6_アルティメット,0.4463,unchanged
274,水_スターミー_究極_V6_アルティメット,0.5182,Out: ヒヤップ / In: ニョロゾ (Parent: 28/50 -> Mutant: 31/50)
274,炎_リザードンX_安定_V1,0.4826,unchanged
274,龍悪_ギラダク_グッズ偏重_V3,0.5853,unchanged
274,水_スターミー_グッズ偏重_V3,0.5978,unchanged
274,鋼_メルルギア_安定_V1,0.3338,unchanged
274,闘_ガブルカ_究極_V6_アルティメット,0.3025,Out: コジョンド / In: ウソッキー (Parent: 20/50 -> Mutant: 23/50)
275,闘_ガブルカ_安定_V1,0.3562,unchanged
275,闘_ガブルカ_究極_V6_アルティメット,0.3027,Out: メリッサ / In: ビーストナイト (Parent: 14/50 -> Mutant: 23/50)
275,炎_リザードンX_安定_V1,0.4831,Out: たての化石 / In: ウインディ (Parent: 27/50 -> Mutant: 33/50)
275,龍悪_ギラダク_究極_V6_アルティメット,0.5965,Out: ロケット団のしたっぱ / In: ハルカ (Parent: 35/50 -> Mutant: 37/50)
275,鋼_メルルギア_グッズ偏重_V3,0.5893,unchanged
275,闘_ガブルカ_グッズ偏重_V3,0.4459,unchanged
275,雷_ピカチュウ_グッズ偏重_V3,0.5012,unchanged
275,超_ゲンガー_究極_V6_アルティメット,0.4327,unchanged
275,炎_リザードンX_究極_V6_アルティメット,0.5782,Out: グレンアルマex / In: かいの化石 (Parent: 34/50 -> Mutant: 40/50)
275,水_スターミー_究極_V6_アルティメット,0.5182,unchanged
275,水_スターミー_グッズ偏重_V3,0.5983,unchanged
275,超_ゲンガー_安定_V1,0.4422,unchanged
275,水_スターミー_安定_V1,0.4238,Out: シズクモ / In: アローラサンドパン (Parent: 18/50 -> Mutant: 20/50)
275,草_フシギバナ_究極_V6_アルティメット,0.7465,unchanged
275,龍悪_ギラダク_グッズ偏重_V3,0.5855,unchanged
275,超_ミュウツー_安定_V1,0.4194,Out: ネイティオ / In: ヤドラン (Parent: 31/50 -> Mutant: 38/50)
275,雷_ピカチュウ_安定_V1,0.4799,Out: クワガノン / In: ルザミーネ (Parent: 36/50 -> Mutant: 40/50)
275,草_フシギバナ_グッズ偏重_V3,0.5848,unchanged
275,鋼_メルルギア_安定_V1,0.3336,Out: ドーミラー / In: トリミアン (Parent: 23/50 -> Mutant: 26/50)
275,超_ミュウツー_グッズ偏重_V3,0.7294,Out: 鋼鉄のまえかけ / In: ボタン (Parent: 33/50 -> Mutant: 36/50)
275,炎_リザードンX_グッズ偏重_V3,0.5507,unchanged
275,超_ミュウツー_究極_V6_アルティメット,0.5997,unchanged
275,鋼_メルルギア_究極_V6_アルティメット,0.4460,unchanged
275,超_ゲンガー_グッズ偏重_V3,0.2955,Out: ジュペッタ / In: 大きなふうせん (Parent: 19/50 -> Mutant: 22/50)
275,雷_ピカチュウ_究極_V6_アルティメット,0.6145,Out: ピカチュウex / In: コトネ (Parent: 29/50 -> Mutant: 31/50)
275,龍悪_ギラダク_安定_V1,0.3226,unchanged
275,草_フシギバナ_安定_V1,0.5236,Out: マオ / In: キョウ (Parent: 32/50 -> Mutant: 34/50)
276,雷_ピカチュウ_安定_V1,0.4812,unchanged
276,炎_リザードンX_安定_V1,0.4836,unchanged
276,闘_ガブルカ_安定_V1,0.3564,unchanged
276,水_スターミー_安定_V1,0.4236,unchanged
276,闘_ガブルカ_グッズ偏重_V3,0.4459,unchanged
276,草_フシギバナ_究極_V6_アルティメット,0.7467,unchanged
276,草_フシギバナ_安定_V1,0.5240,unchanged
276,闘_ガブルカ_究極_V6_アルティメット,0.3029,unchanged
276,雷_ピカチュウ_グッズ偏重_V3,0.5016,unchanged
276,鋼_メルルギア_究極_V6_アルティメット,0.4461,unchanged
276,雷_ピカチュウ_究極_V6_アルティメット,0.6142,Out: ビリリダマ / In: カキ (Parent: 32/50 -> Mutant: 35/50)
276,炎_リザードンX_究極_V6_アルティメット,0.5781,unchanged
276,龍悪_ギラダク_安定_V1,0.3219,unchanged
276,超_ミュウツー_安定_V1,0.4196,unchanged
276,超_ゲンガー_究極_V6_アルティメット,0.4329,unchanged
276,鋼_メルルギア_安定_V1,0.3335,unchanged
276,水_スターミー_究極_V6_アルティメット,0.5181,unchanged
276,水_スターミー_グッズ偏重_V3,0.5986,Out: スワンナ / In: かいの化石 (Parent: 42/50 -> Mutant: 46/50)
276,超_ゲンガー_グッズ偏重_V3,0.2954,Out: アグノム / In: キョウ (Parent: 19/50 -> Mutant: 22/50)
276,超_ミュウツー_グッズ偏重_V3,0.7293,unchanged
276,草_フシギバナ_グッズ偏重_V3,0.5852,unchanged
276,龍悪_ギラダク_グッズ偏重_V3,0.5854,unchanged
276,超_ミュウツー_究極_V6_アルティメット,0.5994,Out: ジャグラー / In: ヘビーメット (Parent: 38/50 -> Mutant: 40/50)
276,龍悪_ギラダク_究極_V6_アルティメット,0.5961,unchanged
276,炎_リザードンX_グッズ偏重_V3,0.5504,unchanged
276,鋼_メルルギア_グッズ偏重_V3,0.5887,unchanged
276,超_ゲンガー_安定_V1,0.4415,Out: アイリス / In: ラムのみ (Parent: 23/50 -> Mutant: 29/50)
277,超_ミュウツー_グッズ偏重_V3,0.7296,unchanged
277,鋼_メルルギア_安定_V1,0.3338,unchanged
277,龍悪_ギラダク_グッズ偏重_V3,0.5861,unchanged
277,闘_ガブルカ_安定_V1,0.3564,unchanged
277,雷_ピカチュウ_安定_V1,0.4822,unchanged
277,闘_ガブルカ_究極_V6_アルティメット,0.3031,unchanged
277,水_スターミー_安定_V1,0.4232,unchanged
277,超_ミュウツー_究極_V6_アルティメット,0.5994,Out: ニンフィア / In: ミュウツーex (Parent: 28/50 -> Mutant: 35/50)
277,鋼_メルルギア_究極_V6_アルティメット,0.4462,unchanged
277,雷_ピカチュウ_グッズ偏重_V3,0.5022,unchanged
277,超_ゲンガー_グッズ偏重_V3,0.2956,unchanged
277,龍悪_ギラダク_安定_V1,0.3213,unchanged
277,鋼_メルルギア_グッズ偏重_V3,0.5886,unchanged
277,超_ミュウツー_安定_V1,0.4198,unchanged
277,水_スターミー_究極_V6_アルティメット,0.5180,unchanged
277,炎_リザードンX_グッズ偏重_V3,0.5504,unchanged
277,炎_リザードンX_安定_V1,0.4834,unchanged
277,草_フシギバナ_グッズ偏重_V3,0.5857,Out: オーロット / In: スピアー (Parent: 45/50 -> Mutant: 48/50)
277,雷_ピカチュウ_究極_V6_アルティメット,0.6138,Out: サンダーex / In: ヘビーメット (Parent: 27/50 -> Mutant: 31/50)
277,闘_ガブルカ_グッズ偏重_V3,0.4454,Out: カイリキー / In: いたずらルーレット (Parent: 18/50 -> Mutant: 22/50)
277,炎_リザードンX_究極_V6_アルティメット,0.5777,unchanged
277,超_ゲンガー_究極_V6_アルティメット,0.4326,unchanged
277,超_ゲンガー_安定_V1,0.4412,Out: ラティアス / In: ヤバチャ (Parent: 21/50 -> Mutant: 27/50)
277,草_フシギバナ_安定_V1,0.5240,unchanged
277,水_スターミー_グッズ偏重_V3,0.5987,unchanged
277,龍悪_ギラダク_究極_V6_アルティメット,0.5955,unchanged
277,草_フシギバナ_究極_V6_アルティメット,0.7462,unchanged
278,水_スターミー_究極_V6_アルティメット,0.5184,unchanged
278,草_フシギバナ_究極_V6_アルティメット,0.7466,unchanged
278,鋼_メルルギア_グッズ偏重_V3,0.5890,unchanged
278,闘_ガブルカ_究極_V6_アルティメット,0.3033,unchanged
278,雷_ピカチュウ_グッズ偏重_V3,0.5027,unchanged
278,闘_ガブルカ_安定_V1,0.3565,Out: ダグトリオ / In: カラカラ (Parent: 23/50 -> Mutant: 26/50)
278,超_ゲンガー_安定_V1,0.4409,Out: ヤドン / In: エムリット (Parent: 26/50 -> Mutant: 29/50)
278,超_ミュウツー_究極_V6_アルティメット,0.5996,unchanged
278,龍悪_ギラダク_究極_V6_アルティメット,0.5960,unchanged
278,雷_ピカチュウ_究極_V6_アルティメット,0.6136,unchanged
278,鋼_メルルギア_安定_V1,0.3339,unchanged
278,草_フシギバナ_安定_V1,0.5243,unchanged
278,超_ミュウツー_安定_V1,0.4200,Out: ハウ / In: クエスパトラ (Parent: 31/50 -> Mutant: 35/50)
278,水_スターミー_安定_V1,0.4227,unchanged
278,龍悪_ギラダク_グッズ偏重_V3,0.5863,Out: メリッサ / In: ハクリュー (Parent: 37/50 -> Mutant: 42/50)
278,超_ゲンガー_究極_V6_アルティメット,0.4326,unchanged
278,超_ゲンガー_グッズ偏重_V3,0.2955,unchanged
278,鋼_メルルギア_究極_V6_アルティメット,0.4461,Out: エテボース / In: デンジ (Parent: 25/50 -> Mutant: 30/50)
278,龍悪_ギラダク_安定_V1,0.3206,unchanged
278,闘_ガブルカ_グッズ偏重_V3,0.4448,unchanged
278,超_ミュウツー_グッズ偏重_V3,0.7294,unchanged
278,炎_リザードンX_究極_V6_アルティメット,0.5773,unchanged
278,水_スターミー_グッズ偏重_V3,0.5987,unchanged
278,雷_ピカチュウ_安定_V1,0.4825,unchanged
278,炎_リザードンX_安定_V1,0.4831,unchanged
278,草_フシギバナ_グッズ偏重_V3,0.5858,unchanged
278,炎_リザードンX_グッズ偏重_V3,0.5498,unchanged
279,雷_ピカチュウ_安定_V1,0.4837,Out: はねの化石 / In: サンダースex (Parent: 36/50 -> Mutant: 42/50)
279,超_ゲンガー_グッズ偏重_V3,0.2958,Out: 釣り人 / In: ムウマージ (Parent: 22/50 -> Mutant: 27/50)
279,炎_リザードンX_グッズ偏重_V3,0.5504,unchanged
279,鋼_メルルギア_究極_V6_アルティメット,0.4465,Out: トリミアン / In: タブンネ (Parent: 21/50 -> Mutant: 28/50)
279,超_ミュウツー_安定_V1,0.4207,unchanged
279,闘_ガブルカ_グッズ偏重_V3,0.4447,unchanged
279,超_ミュウツー_グッズ偏重_V3,0.7296,unchanged
279,闘_ガブルカ_究極_V6_アルティメット,0.3035,Out: メリッサ / In: フカマル (Parent: 15/50 -> Mutant: 18/50)
279,水_スターミー_究極_V6_アルティメット,0.5184,Out: メリッサ / In: ひみつのコハク (Parent: 23/50 -> Mutant: 30/50)
279,雷_ピカチュウ_グッズ偏重_V3,0.5031,Out: ひみつのコハク / In: シトロン (Parent: 34/50 -> Mutant: 39/50)
279,超_ゲンガー_究極_V6_アルティメット,0.4327,Out: イエッサン / In: オボンのみ (Parent: 31/50 -> Mutant: 35/50)
279,龍悪_ギラダク_安定_V1,0.3199,unchanged
279,炎_リザードンX_安定_V1,0.4831,unchanged
279,水_スターミー_安定_V1,0.4222,unchanged
279,雷_ピカチュウ_究極_V6_アルティメット,0.6131,unchanged
279,鋼_メルルギア_グッズ偏重_V3,0.5889,unchanged
279,闘_ガブルカ_安定_V1,0.3561,Out: ふしぎなアメ / In: アサナン (Parent: 14/50 -> Mutant: 17/50)
279,超_ミュウツー_究極_V6_アルティメット,0.5995,unchanged
279,超_ゲンガー_安定_V1,0.4404,Out: エムリット / In: ユンゲラー (Parent: 20/50 -> Mutant: 25/50)
279,炎_リザードンX_究極_V6_アルティメット,0.5770,unchanged
279,水_スターミー_グッズ偏重_V3,0.5990,unchanged
279,鋼_メルルギア_安定_V1,0.3335,unchanged
279,龍悪_ギラダク_究極_V6_アルティメット,0.5958,unchanged
279,草_フシギバナ_グッズ偏重_V3,0.5862,unchanged
279,草_フシギバナ_究極_V6_アルティメット,0.7461,Out: ドレディア / In: アメモース (Parent: 39/50 -> Mutant: 43/50)
279,草_フシギバナ_安定_V1,0.5241,Out: メンテナンス / In: フシギバナ (Parent: 27/50 -> Mutant: 33/50)
279,龍悪_ギラダク_グッズ偏重_V3,0.5860,unchanged
280,超_ゲンガー_グッズ偏重_V3,0.2961,Out: かいの化石 / In: カイ (Parent: 16/50 -> Mutant: 22/50)
280,超_ミュウツー_グッズ偏重_V3,0.7299,Out: カツラ / In: ポケモン通信 (Parent: 40/50 -> Mutant: 48/50)
280,炎_リザードンX_究極_V6_アルティメット,0.5771,Out: ラウドボーン / In: マグカルゴ (Parent: 31/50 -> Mutant: 34/50)
280,水_スターミー_安定_V1,0.4221,Out: グズマ / In: シザリガー (Parent: 16/50 -> Mutant: 19/50)
280,水_スターミー_究極_V6_アルティメット,0.5187,Out: レッド / In: シェルダー (Parent: 31/50 -> Mutant: 33/50)
280,草_フシギバナ_究極_V6_アルティメット,0.7465,Out: 鋼鉄のまえかけ / In: オリーヴァ (Parent: 38/50 -> Mutant: 44/50)
280,炎_リザードンX_グッズ偏重_V3,0.5508,unchanged
280,雷_ピカチュウ_安定_V1,0.4845,unchanged
280,鋼_メルルギア_安定_V1,0.3335,unchanged
280,雷_ピカチュウ_究極_V6_アルティメット,0.6128,unchanged
280,超_ミュウツー_究極_V6_アルティメット,0.5998,unchanged
280,雷_ピカチュウ_グッズ偏重_V3,0.5035,unchanged
280,龍悪_ギラダク_安定_V1,0.3194,Out: ラムのみ / In: スイレン (Parent: 6/50 -> Mutant: 12/50)
280,炎_リザードンX_安定_V1,0.4830,unchanged
280,超_ゲンガー_安定_V1,0.4400,unchanged
280,闘_ガブルカ_グッズ偏重_V3,0.4443,unchanged
280,草_フシギバナ_安定_V1,0.5242,unchanged
280,鋼_メルルギア_究極_V6_アルティメット,0.4464,unchanged
280,龍悪_ギラダク_グッズ偏重_V3,0.5860,unchanged
280,草_フシギバナ_グッズ偏重_V3,0.5866,unchanged
280,超_ミュウツー_安定_V1,0.4206,unchanged
280,闘_ガブルカ_究極_V6_アルティメット,0.3033,unchanged
280,水_スターミー_グッズ偏重_V3,0.5989,unchanged
280,龍悪_ギラダク_究極_V6_アルティメット,0.5954,Out: グリーン / In: ポケモン通信 (Parent: 39/50 -> Mutant: 42/50)
280,超_ゲンガー_究極_V6_アルティメット,0.4327,Out: レスキュースカーフ / In: メンテナンス (Parent: 38/50 -> Mutant: 41/50)
280,闘_ガブルカ_安定_V1,0.3555,Out: イシツブテ / In: リーリエ (Parent: 17/50 -> Mutant: 19/50)
280,鋼_メルルギア_グッズ偏重_V3,0.5884,unchanged
281,雷_ピカチュウ_安定_V1,0.4856,unchanged
281,雷_ピカチュウ_グッズ偏重_V3,0.5041,Out: カイ / In: サンダース (Parent: 32/50 -> Mutant: 35/50)
281,超_ミュウツー_安定_V1,0.4211,Out: ペパー / In: ラティアス (Parent: 27/50 -> Mutant: 33/50)
281,龍悪_ギラダク_安定_V1,0.3191,Out: ゴース / In: リーリエ (Parent: 11/50 -> Mutant: 13/50)
281,雷_ピカチュウ_究極_V6_アルティメット,0.6128,unchanged
281,草_フシギバナ_安定_V1,0.5245,Out: ダークペンダント / In: アマージョ (Parent: 35/50 -> Mutant: 37/50)
281,鋼_メルルギア_究極_V6_アルティメット,0.4467,unchanged
281,龍悪_ギラダク_グッズ偏重_V3,0.5865,unchanged
281,炎_リザードンX_究極_V6_アルティメット,0.5770,Out: カルム / In: オドリドリ (Parent: 24/50 -> Mutant: 28/50)
281,水_スターミー_グッズ偏重_V3,0.5995,unchanged
281,超_ゲンガー_究極_V6_アルティメット,0.4332,unchanged
281,水_スターミー_安定_V1,0.4216,unchanged
281,水_スターミー_究極_V6_アルティメット,0.5186,Out: ドジョッチ / In: マーズ (Parent: 35/50 -> Mutant: 39/50)
281,炎_リザードンX_グッズ偏重_V3,0.5508,unchanged
281,闘_ガブルカ_グッズ偏重_V3,0.4441,Out: アサナン / In: 幻の石板 (Parent: 22/50 -> Mutant: 24/50)
281,超_ゲンガー_グッズ偏重_V3,0.2961,Out: ブルー / In: ルナトーン (Parent: 25/50 -> Mutant: 27/50)
281,闘_ガブルカ_安定_V1,0.3551,unchanged
281,超_ゲンガー_安定_V1,0.4396,Out: バネブー / In: ペロリーム (Parent: 25/50 -> Mutant: 29/50)
281,闘_ガブルカ_究極_V6_アルティメット,0.3031,unchanged
281,鋼_メルルギア_安定_V1,0.3332,unchanged
281,草_フシギバナ_グッズ偏重_V3,0.5872,unchanged
281,鋼_メルルギア_グッズ偏重_V3,0.5878,unchanged
281,龍悪_ギラダク_究極_V6_アルティメット,0.5952,unchanged
281,草_フシギバナ_究極_V6_アルティメット,0.7462,Out: マスカーニャ / In: ビーストナイト (Parent: 40/50 -> Mutant: 44/50)
281,超_ミュウツー_グッズ偏重_V3,0.7294,unchanged
281,炎_リザードンX_安定_V1,0.4826,unchanged
281,超_ミュウツー_究極_V6_アルティメット,0.5995,unchanged
282,超_ゲンガー_グッズ偏重_V3,0.2966,unchanged
282,水_スターミー_安定_V1,0.4214,unchanged
282,闘_ガブルカ_安定_V1,0.3552,unchanged
282,雷_ピカチュウ_安定_V1,0.4866,Out: カプコケコex / In: コトネ (Parent: 35/50 -> Mutant: 43/50)
282,闘_ガブルカ_究極_V6_アルティメット,0.3034,unchanged
282,龍悪_ギラダク_究極_V6_アルティメット,0.5956,unchanged
282,草_フシギバナ_究極_V6_アルティメット,0.7464,unchanged
282,雷_ピカチュウ_究極_V6_アルティメット,0.6126,unchanged
282,鋼_メルルギア_グッズ偏重_V3,0.5878,unchanged
282,超_ミュウツー_安定_V1,0.4212,unchanged
282,草_フシギバナ_グッズ偏重_V3,0.5878,unchanged
282,水_スターミー_究極_V6_アルティメット,0.5186,unchanged
282,炎_リザードンX_グッズ偏重_V3,0.5509,unchanged
282,炎_リザードンX_究極_V6_アルティメット,0.5765,unchanged
282,超_ゲンガー_安定_V1,0.4394,Out: ラルトス / In: かんこうきゃく (Parent: 21/50 -> Mutant: 28/50)
282,闘_ガブルカ_グッズ偏重_V3,0.4438,unchanged
282,炎_リザードンX_安定_V1,0.4823,unchanged
282,超_ミュウツー_グッズ偏重_V3,0.7291,unchanged
282,雷_ピカチュウ_グッズ偏重_V3,0.5042,unchanged
282,超_ミュウツー_究極_V6_アルティメット,0.5994,unchanged
282,超_ゲンガー_究極_V6_アルティメット,0.4333,unchanged
282,草_フシギバナ_安定_V1,0.5246,unchanged
282,鋼_メルルギア_究極_V6_アルティメット,0.4464,unchanged
282,水_スターミー_グッズ偏重_V3,0.5996,unchanged
282,龍悪_ギラダク_安定_V1,0.3183,unchanged
282,鋼_メルルギア_安定_V1,0.3328,Out: ギルガルド / In: ドードー (Parent: 20/50 -> Mutant: 24/50)
282,龍悪_ギラダク_グッズ偏重_V3,0.5862,unchanged
283,超_ゲンガー_安定_V1,0.4398,unchanged
283,炎_リザードンX_安定_V1,0.4826,unchanged
283,超_ゲンガー_グッズ偏重_V3,0.2969,unchanged
283,炎_リザードンX_究極_V6_アルティメット,0.5765,unchanged
283,龍悪_ギラダク_安定_V1,0.3179,Out: アゴの化石 / In: かけだし調査員 (Parent: 13/50 -> Mutant: 18/50)
283,超_ミュウツー_究極_V6_アルティメット,0.5997,unchanged
283,闘_ガブルカ_安定_V1,0.3552,Out: ラムのみ / In: ゼニガメじょうろ (Parent: 15/50 -> Mutant: 25/50)
283,鋼_メルルギア_究極_V6_アルティメット,0.4468,unchanged
283,龍悪_ギラダク_究極_V6_アルティメット,0.5958,unchanged
283,草_フシギバナ_安定_V1,0.5250,unchanged
283,炎_リザードンX_グッズ偏重_V3,0.5510,unchanged
283,草_フシギバナ_グッズ偏重_V3,0.5886,unchanged
283,水_スターミー_究極_V6_アルティメット,0.5185,unchanged
283,龍悪_ギラダク_グッズ偏重_V3,0.5864,Out: オボンのみ / In: ドラミドロex (Parent: 40/50 -> Mutant: 43/50)
283,草_フシギバナ_究極_V6_アルティメット,0.7462,Out: ロズレイド / In: アカギ (Parent: 40/50 -> Mutant: 44/50)
283,闘_ガブルカ_グッズ偏重_V3,0.4436,unchanged
283,超_ゲンガー_究極_V6_アルティメット,0.4337,Out: レッドカード / In: ハンドスコープ (Parent: 32/50 -> Mutant: 34/50)
283,超_ミュウツー_グッズ偏重_V3,0.7289,unchanged
283,雷_ピカチュウ_究極_V6_アルティメット,0.6121,unchanged
283,鋼_メルルギア_グッズ偏重_V3,0.5876,Out: ハーデリア / In: サーフゴー (Parent: 35/50 -> Mutant: 41/50)
283,超_ミュウツー_安定_V1,0.4208,unchanged
283,闘_ガブルカ_究極_V6_アルティメット,0.3031,Out: かいの化石 / In: アカギ (Parent: 16/50 -> Mutant: 24/50)
283,鋼_メルルギア_安定_V1,0.3326,unchanged
283,雷_ピカチュウ_グッズ偏重_V3,0.5041,Out: たての化石 / In: マオ (Parent: 32/50 -> Mutant: 36/50)
283,水_スターミー_安定_V1,0.4206,unchanged
283,水_スターミー_グッズ偏重_V3,0.5993,unchanged
283,雷_ピカチュウ_安定_V1,0.4867,unchanged
284,水_スターミー_グッズ偏重_V3,0.6001,Out: オクタン / In: ナマズン (Parent: 43/50 -> Mutant: 45/50)
284,水_スターミー_安定_V1,0.4204,Out: フローゼル / In: どくバリ (Parent: 15/50 -> Mutant: 22/50)
284,闘_ガブルカ_グッズ偏重_V3,0.4439,unchanged
284,闘_ガブルカ_究極_V6_アルティメット,0.3035,unchanged
284,超_ゲンガー_安定_V1,0.4400,Out: ペロリーム / In: スピーダー (Parent: 20/50 -> Mutant: 23/50)
284,闘_ガブルカ_安定_V1,0.3552,unchanged
284,龍悪_ギラダク_安定_V1,0.3176,unchanged
284,雷_ピカチュウ_安定_V1,0.4876,Out: スピーダー / In: モンスターボール (Parent: 36/50 -> Mutant: 42/50)
284,炎_リザードンX_グッズ偏重_V3,0.5512,unchanged
284,超_ミュウツー_グッズ偏重_V3,0.7290,unchanged
284,超_ミュウツー_究極_V6_アルティメット,0.5998,unchanged
284,鋼_メルルギア_グッズ偏重_V3,0.5876,unchanged
284,龍悪_ギラダク_究極_V6_アルティメット,0.5959,unchanged
284,草_フシギバナ_グッズ偏重_V3,0.5891,Out: グラジオ / In: ノクタス (Parent: 41/50 -> Mutant: 44/50)
284,草_フシギバナ_究極_V6_アルティメット,0.7460,unchanged
284,炎_リザードンX_究極_V6_アルティメット,0.5760,unchanged
284,草_フシギバナ_安定_V1,0.5251,unchanged
284,雷_ピカチュウ_究極_V6_アルティメット,0.6115,Out: ライチュウ / In: ゼブライカ (Parent: 29/50 -> Mutant: 32/50)
284,雷_ピカチュウ_グッズ偏重_V3,0.5041,unchanged
284,超_ミュウツー_安定_V1,0.4206,unchanged
284,龍悪_ギラダク_グッズ偏重_V3,0.5862,unchanged
284,超_ゲンガー_究極_V6_アルティメット,0.4337,unchanged
284,水_スターミー_究極_V6_アルティメット,0.5182,unchanged
284,鋼_メルルギア_安定_V1,0.3322,unchanged
284,炎_リザードンX_安定_V1,0.4823,Out: ルザミーネ / In: エンニュート (Parent: 23/50 -> Mutant: 28/50)
284,超_ゲンガー_グッズ偏重_V3,0.2967,unchanged
284,鋼_メルルギア_究極_V6_アルティメット,0.4466,unchanged
285,闘_ガブルカ_グッズ偏重_V3,0.4440,Out: メテノ / In: ヤンチャム (Parent: 21/50 -> Mutant: 28/50)
285,超_ミュウツー_究極_V6_アルティメット,0.6003,unchanged
285,炎_リザードンX_究極_V6_アルティメット,0.5760,unchanged
285,龍悪_ギラダク_究極_V6_アルティメット,0.5965,Out: ポケモン通信 / In: ドンカラス (Parent: 36/50 -> Mutant: 42/50)
285,水_スターミー_グッズ偏重_V3,0.6007,unchanged
285,鋼_メルルギア_安定_V1,0.3322,unchanged
285,鋼_メルルギア_グッズ偏重_V3,0.5877,unchanged
285,超_ゲンガー_グッズ偏重_V3,0.2969,Out: カイ / In: ミュウ (Parent: 24/50 -> Mutant: 28/50)
285,龍悪_ギラダク_安定_V1,0.3172,Out: かけだし調査員 / In: クロバットex (Parent: 9/50 -> Mutant: 11/50)
285,鋼_メルルギア_究極_V6_アルティメット,0.4467,unchanged
285,闘_ガブルカ_安定_V1,0.3551,unchanged
285,草_フシギバナ_究極_V6_アルティメット,0.7462,Out: スコヴィラン / In: 博士の研究 (Parent: 40/50 -> Mutant: 45/50)
285,超_ゲンガー_安定_V1,0.4399,unchanged
285,炎_リザードンX_安定_V1,0.4823,unchanged
285,水_スターミー_安定_V1,0.4199,unchanged
285,草_フシギバナ_グッズ偏重_V3,0.5897,Out: アセロラ / In: ミノマダム (Parent: 45/50 -> Mutant: 47/50)
285,超_ゲンガー_究極_V6_アルティメット,0.4339,unchanged
285,雷_ピカチュウ_グッズ偏重_V3,0.5042,unchanged
285,水_スターミー_究極_V6_アルティメット,0.5180,unchanged
285,超_ミュウツー_グッズ偏重_V3,0.7286,unchanged
285,炎_リザードンX_グッズ偏重_V3,0.5510,Out: ペパー / In: 釣り人 (Parent: 35/50 -> Mutant: 40/50)
285,超_ミュウツー_安定_V1,0.4202,unchanged
285,闘_ガブルカ_究極_V6_アルティメット,0.3032,unchanged
285,龍悪_ギラダク_グッズ偏重_V3,0.5860,unchanged
285,草_フシギバナ_安定_V1,0.5250,unchanged
285,雷_ピカチュウ_究極_V6_アルティメット,0.6107,Out: ヘビーメット / In: コトネ (Parent: 28/50 -> Mutant: 35/50)
285,雷_ピカチュウ_安定_V1,0.4877,unchanged
286,超_ゲンガー_グッズ偏重_V3,0.2973,unchanged
286,炎_リザードンX_グッズ偏重_V3,0.5515,unchanged
286,草_フシギバナ_グッズ偏重_V3,0.5908,unchanged
286,雷_ピカチュウ_究極_V6_アルティメット,0.6108,Out: セレナ / In: マルマイン (Parent: 25/50 -> Mutant: 28/50)
286,超_ミュウツー_グッズ偏重_V3,0.7288,Out: セキ / In: エリカ (Parent: 37/50 -> Mutant: 42/50)
286,超_ミュウツー_究極_V6_アルティメット,0.6006,unchanged
286,水_スターミー_究極_V6_アルティメット,0.5181,unchanged
286,闘_ガブルカ_安定_V1,0.3549,Out: アサナン / In: ガブリアスex (Parent: 19/50 -> Mutant: 22/50)
286,超_ゲンガー_安定_V1,0.4399,unchanged
286,雷_ピカチュウ_安定_V1,0.4884,unchanged
286,超_ミュウツー_安定_V1,0.4203,Out: クエスパトラ / In: オドリドリ (Parent: 21/50 -> Mutant: 23/50)
286,水_スターミー_安定_V1,0.4194,unchanged
286,草_フシギバナ_安定_V1,0.5253,Out: ひみつのコハク / In: ネマシュ (Parent: 27/50 -> Mutant: 34/50)
286,鋼_メルルギア_究極_V6_アルティメット,0.4469,unchanged
286,闘_ガブルカ_グッズ偏重_V3,0.4437,Out: ナンジャモ / In: ゴローニャ (Parent: 21/50 -> Mutant: 34/50)
286,雷_ピカチュウ_グッズ偏重_V3,0.5044,unchanged
286,鋼_メルルギア_安定_V1,0.3320,unchanged
286,超_ゲンガー_究極_V6_アルティメット,0.4342,unchanged
286,龍悪_ギラダク_究極_V6_アルティメット,0.5964,Out: マオ / In: ニドクイン (Parent: 33/50 -> Mutant: 35/50)
286,水_スターミー_グッズ偏重_V3,0.6008,unchanged
286,龍悪_ギラダク_安定_V1,0.3165,unchanged
286,龍悪_ギラダク_グッズ偏重_V3,0.5859,unchanged
286,炎_リザードンX_安定_V1,0.4821,unchanged
286,闘_ガブルカ_究極_V6_アルティメット,0.3029,unchanged
286,炎_リザードンX_究極_V6_アルティメット,0.5754,unchanged
286,鋼_メルルギア_グッズ偏重_V3,0.5872,Out: サーフゴー / In: テーブルシティ (Parent: 34/50 -> Mutant: 37/50)
286,草_フシギバナ_究極_V6_アルティメット,0.7456,unchanged
287,草_フシギバナ_安定_V1,0.5259,unchanged
287,草_フシギバナ_グッズ偏重_V3,0.5919,unchanged
287,水_スターミー_安定_V1,0.4192,Out: アマルス / In: ゲコガシラ (Parent: 21/50 -> Mutant: 23/50)
287,闘_ガブルカ_究極_V6_アルティメット,0.3031,unchanged
287,炎_リザードンX_安定_V1,0.4824,Out: エンテイ / In: レスキュースカーフ (Parent: 27/50 -> Mutant: 32/50)
287,草_フシギバナ_究極_V6_アルティメット,0.7458,unchanged
287,龍悪_ギラダク_究極_V6_アルティメット,0.5968,unchanged
287,龍悪_ギラダク_安定_V1,0.3161,Out: ギモー / In: アローラベトベトンex (Parent: 15/50 -> Mutant: 18/50)
287,鋼_メルルギア_究極_V6_アルティメット,0.4471,unchanged
287,超_ゲンガー_究極_V6_アルティメット,0.4347,unchanged
287,超_ミュウツー_グッズ偏重_V3,0.7288,Out: ポケモン通信 / In: ヒカリ (Parent: 40/50 -> Mutant: 44/50)
287,超_ゲンガー_安定_V1,0.4399,unchanged
287,超_ミュウツー_安定_V1,0.4201,Out: サーナイト / In: ゼルネアス (Parent: 15/50 -> Mutant: 23/50)
287,超_ゲンガー_グッズ偏重_V3,0.2974,unchanged
287,炎_リザードンX_究極_V6_アルティメット,0.5751,unchanged
287,水_スターミー_グッズ偏重_V3,0.6009,unchanged
287,超_ミュウツー_究極_V6_アルティメット,0.6006,unchanged
287,雷_ピカチュウ_安定_V1,0.4889,unchanged
287,炎_リザードンX_グッズ偏重_V3,0.5514,Out: カキ / In: フレイムパッチ (Parent: 32/50 -> Mutant: 35/50)
287,雷_ピカチュウ_グッズ偏重_V3,0.5045,Out: ネズ / In: パモット (Parent: 32/50 -> Mutant: 38/50)
287,水_スターミー_究極_V6_アルティメット,0.5179,unchanged
287,闘_ガブルカ_グッズ偏重_V3,0.4432,unchanged
287,雷_ピカチュウ_究極_V6_アルティメット,0.6101,unchanged
287,龍悪_ギラダク_グッズ偏重_V3,0.5855,unchanged
287,闘_ガブルカ_安定_V1,0.3545,Out: サカキ / In: メンテナンス (Parent: 25/50 -> Mutant: 30/50)
287,鋼_メルルギア_安定_V1,0.3316,Out: トリミアン / In: ニャルマー (Parent: 23/50 -> Mutant: 26/50)
287,鋼_メルルギア_グッズ偏重_V3,0.5865,unchanged
288,龍悪_ギラダク_安定_V1,0.3159,unchanged
288,超_ミュウツー_グッズ偏重_V3,0.7292,unchanged
288,闘_ガブルカ_究極_V6_アルティメット,0.3035,unchanged
288,超_ゲンガー_安定_V1,0.4402,unchanged
288,鋼_メルルギア_究極_V6_アルティメット,0.4475,unchanged
288,炎_リザードンX_究極_V6_アルティメット,0.5751,unchanged
288,超_ミュウツー_安定_V1,0.4203,Out: グランブル / In: フラベベ (Parent: 22/50 -> Mutant: 25/50)
288,水_スターミー_安定_V1,0.4187,Out: オシャマリ / In: バニリッチ (Parent: 17/50 -> Mutant: 20/50)
288,鋼_メルルギア_グッズ偏重_V3,0.5866,unchanged
288,雷_ピカチュウ_グッズ偏重_V3,0.5048,Out: ピカチュウex / In: ハイキングコース (Parent: 35/50 -> Mutant: 38/50)
288,超_ゲンガー_究極_V6_アルティメット,0.4353,unchanged
288,龍悪_ギラダク_グッズ偏重_V3,0.5860,unchanged
288,鋼_メルルギア_安定_V1,0.3315,unchanged
288,水_スターミー_グッズ偏重_V3,0.6013,unchanged
288,草_フシギバナ_グッズ偏重_V3,0.5924,unchanged
288,草_フシギバナ_安定_V1,0.5259,unchanged
288,炎_リザードンX_グッズ偏重_V3,0.5514,unchanged
288,水_スターミー_究極_V6_アルティメット,0.5177,unchanged
288,雷_ピカチュウ_究極_V6_アルティメット,0.6095,unchanged
288,炎_リザードンX_安定_V1,0.4824,unchanged
288,龍悪_ギラダク_究極_V6_アルティメット,0.5966,Out: ふしぎなアメ / In: キョウ (Parent: 39/50 -> Mutant: 43/50)
288,闘_ガブルカ_安定_V1,0.3542,unchanged
288,雷_ピカチュウ_安定_V1,0.4892,unchanged
288,超_ミュウツー_究極_V6_アルティメット,0.6003,unchanged
288,草_フシギバナ_究極_V6_アルティメット,0.7451,Out: リーフィアex / In: メガニウム (Parent: 43/50 -> Mutant: 48/50)
288,超_ゲンガー_グッズ偏重_V3,0.2970,unchanged
288,闘_ガブルカ_グッズ偏重_V3,0.4425,unchanged
289,超_ミュウツー_究極_V6_アルティメット,0.6009,Out: ミミッキュex / In: ポケモンセンターのお姉さん (Parent: 35/50 -> Mutant: 38/50)
289,草_フシギバナ_究極_V6_アルティメット,0.7457,unchanged
289,鋼_メルルギア_グッズ偏重_V3,0.5869,unchanged
289,炎_リザードンX_究極_V6_アルティメット,0.5752,unchanged
289,鋼_メルルギア_究極_V6_アルティメット,0.4478,Out: アイリス / In: ヨーテリー (Parent: 27/50 -> Mutant: 29/50)
289,水_スターミー_安定_V1,0.4185,unchanged
289,龍悪_ギラダク_究極_V6_アルティメット,0.5969,unchanged
289,雷_ピカチュウ_安定_V1,0.4901,Out: ルザミーネ / In: セレナ (Parent: 37/50 -> Mutant: 39/50)
289,水_スターミー_究極_V6_アルティメット,0.5178,unchanged
289,雷_ピカチュウ_究極_V6_アルティメット,0.6093,unchanged
289,超_ゲンガー_安定_V1,0.4402,Out: ガラルサニーゴ / In: ムウマ (Parent: 21/50 -> Mutant: 31/50)
289,雷_ピカチュウ_グッズ偏重_V3,0.5050,unchanged
289,草_フシギバナ_安定_V1,0.5260,unchanged
289,闘_ガブルカ_グッズ偏重_V3,0.4421,Out: マッシブーンex / In: サンドパン (Parent: 18/50 -> Mutant: 23/50)
289,超_ミュウツー_安定_V1,0.4200,unchanged
289,超_ゲンガー_究極_V6_アルティメット,0.4354,unchanged
289,龍悪_ギラダク_安定_V1,0.3154,unchanged
289,草_フシギバナ_グッズ偏重_V3,0.5928,unchanged
289,超_ゲンガー_グッズ偏重_V3,0.2968,unchanged
289,龍悪_ギラダク_グッズ偏重_V3,0.5859,unchanged
289,闘_ガブルカ_究極_V6_アルティメット,0.3032,unchanged
289,水_スターミー_グッズ偏重_V3,0.6013,Out: エリカ / In: ヒカリ (Parent: 33/50 -> Mutant: 37/50)
289,鋼_メルルギア_安定_V1,0.3311,unchanged
289,超_ミュウツー_グッズ偏重_V3,0.7287,unchanged
289,闘_ガブルカ_安定_V1,0.3537,Out: メンテナンス / In: マンキー (Parent: 20/50 -> Mutant: 26/50)
289,炎_リザードンX_安定_V1,0.4824,unchanged
289,炎_リザードンX_グッズ偏重_V3,0.5510,unchanged
290,炎_リザードンX_安定_V1,0.4831,unchanged
290,闘_ガブルカ_安定_V1,0.3539,unchanged
290,超_ゲンガー_グッズ偏重_V3,0.2973,unchanged
290,龍悪_ギラダク_安定_V1,0.3151,Out: アローラベトベトンex / In: ドンカラス (Parent: 11/50 -> Mutant: 15/50)
290,雷_ピカチュウ_安定_V1,0.4912,unchanged
290,水_スターミー_究極_V6_アルティメット,0.5182,unchanged
290,闘_ガブルカ_グッズ偏重_V3,0.4419,Out: メガミミロップex / In: ノズパス (Parent: 18/50 -> Mutant: 24/50)
290,雷_ピカチュウ_グッズ偏重_V3,0.5055,unchanged
290,草_フシギバナ_グッズ偏重_V3,0.5937,unchanged
290,草_フシギバナ_安定_V1,0.5262,unchanged
290,超_ミュウツー_究極_V6_アルティメット,0.6009,Out: ルチア / In: ムウマージ (Parent: 30/50 -> Mutant: 37/50)
290,超_ミュウツー_グッズ偏重_V3,0.7287,unchanged
290,水_スターミー_安定_V1,0.4180,Out: マナフィ / In: たべのこし (Parent: 15/50 -> Mutant: 19/50)
290,超_ゲンガー_究極_V6_アルティメット,0.4359,Out: リーフマント / In: ゴースト (Parent: 29/50 -> Mutant: 37/50)
290,超_ゲンガー_安定_V1,0.4401,unchanged
290,草_フシギバナ_究極_V6_アルティメット,0.7456,Out: ビーストナイト / In: こうらの化石 (Parent: 46/50 -> Mutant: 49/50)
290,龍悪_ギラダク_グッズ偏重_V3,0.5859,unchanged
290,鋼_メルルギア_安定_V1,0.3308,Out: ペラップ / In: ミカン (Parent: 16/50 -> Mutant: 24/50)
290,雷_ピカチュウ_究極_V6_アルティメット,0.6088,unchanged
290,龍悪_ギラダク_究極_V6_アルティメット,0.5967,Out: ふたの化石 / In: エクスレッグ (Parent: 32/50 -> Mutant: 37/50)
290,超_ミュウツー_安定_V1,0.4196,unchanged
290,炎_リザードンX_究極_V6_アルティメット,0.5747,Out: バクフーン / In: ラウドボーン (Parent: 27/50 -> Mutant: 31/50)
290,水_スターミー_グッズ偏重_V3,0.6012,unchanged
290,炎_リザードンX_グッズ偏重_V3,0.5507,unchanged
290,鋼_メルルギア_グッズ偏重_V3,0.5864,Out: テーブルシティ / In: ジャグラー (Parent: 35/50 -> Mutant: 37/50)
290,鋼_メルルギア_究極_V6_アルティメット,0.4472,unchanged
290,闘_ガブルカ_究極_V6_アルティメット,0.3029,unchanged
291,水_スターミー_究極_V6_アルティメット,0.5186,unchanged
291,水_スターミー_安定_V1,0.4179,Out: シザリガー / In: ガマゲロゲ (Parent: 23/50 -> Mutant: 27/50)
291,龍悪_ギラダク_安定_V1,0.3149,unchanged
291,龍悪_ギラダク_究極_V6_アルティメット,0.5973,unchanged
291,超_ミュウツー_安定_V1,0.4196,Out: ブルンゲル / In: ペロッパフ (Parent: 16/50 -> Mutant: 19/50)
291,超_ゲンガー_安定_V1,0.4403,Out: メンテナンス / In: ユンゲラー (Parent: 32/50 -> Mutant: 35/50)
291,鋼_メルルギア_究極_V6_アルティメット,0.4475,Out: カビゴンex / In: ナカヌチャン (Parent: 18/50 -> Mutant: 23/50)
291,草_フシギバナ_グッズ偏重_V3,0.5944,unchanged
291,超_ミュウツー_究極_V6_アルティメット,0.6012,unchanged
291,炎_リザードンX_究極_V6_アルティメット,0.5745,unchanged
291,超_ゲンガー_究極_V6_アルティメット,0.4365,unchanged
291,炎_リザードンX_安定_V1,0.4835,Out: エンニュート / In: ブーバーン (Parent: 35/50 -> Mutant: 37/50)
291,闘_ガブルカ_グッズ偏重_V3,0.4411,unchanged
291,雷_ピカチュウ_究極_V6_アルティメット,0.6085,unchanged
291,闘_ガブルカ_究極_V6_アルティメット,0.3028,unchanged
291,鋼_メルルギア_安定_V1,0.3307,unchanged
291,超_ミュウツー_グッズ偏重_V3,0.7285,unchanged
291,雷_ピカチュウ_安定_V1,0.4917,Out: ルクシオ / In: イーブイのバッグ (Parent: 41/50 -> Mutant: 44/50)
291,草_フシギバナ_究極_V6_アルティメット,0.7457,unchanged
291,龍悪_ギラダク_グッズ偏重_V3,0.5859,unchanged
291,炎_リザードンX_グッズ偏重_V3,0.5505,Out: ヒカリ / In: リザード (Parent: 31/50 -> Mutant: 36/50)
291,超_ゲンガー_グッズ偏重_V3,0.2970,unchanged
291,水_スターミー_グッズ偏重_V3,0.6011,unchanged
291,闘_ガブルカ_安定_V1,0.3534,Out: ワンリキー / In: ドテッコツ (Parent: 26/50 -> Mutant: 28/50)
291,雷_ピカチュウ_グッズ偏重_V3,0.5052,Out: ヒレの化石 / In: パルスワン (Parent: 35/50 -> Mutant: 40/50)
291,草_フシギバナ_安定_V1,0.5259,unchanged
291,鋼_メルルギア_グッズ偏重_V3,0.5858,unchanged
292,超_ミュウツー_安定_V1,0.4199,Out: ペロッパフ / In: ネズ (Parent: 20/50 -> Mutant: 32/50)
292,草_フシギバナ_究極_V6_アルティメット,0.7463,unchanged
292,鋼_メルルギア_究極_V6_アルティメット,0.4476,Out: プクリン / In: ニャース (Parent: 24/50 -> Mutant: 28/50)
292,水_スターミー_究極_V6_アルティメット,0.5189,unchanged
292,雷_ピカチュウ_グッズ偏重_V3,0.5059,unchanged
292,炎_リザードンX_究極_V6_アルティメット,0.5744,unchanged
292,鋼_メルルギア_安定_V1,0.3308,Out: ミカン / In: かけだし調査員 (Parent: 16/50 -> Mutant: 21/50)
292,炎_リザードンX_グッズ偏重_V3,0.5507,unchanged
292,超_ミュウツー_グッズ偏重_V3,0.7285,Out: ミュウツーex / In: カルム (Parent: 39/50 -> Mutant: 44/50)
292,超_ゲンガー_グッズ偏重_V3,0.2973,unchanged
292,草_フシギバナ_安定_V1,0.5260,unchanged
292,超_ゲンガー_安定_V1,0.4403,unchanged
292,闘_ガブルカ_安定_V1,0.3533,unchanged
292,水_スターミー_安定_V1,0.4176,Out: スターミーex / In: カジリガメ (Parent: 17/50 -> Mutant: 21/50)
292,鋼_メルルギア_グッズ偏重_V3,0.5857,Out: ピジョット / In: カルム (Parent: 33/50 -> Mutant: 35/50)
292,龍悪_ギラダク_安定_V1,0.3144,Out: ニドリーノ / In: アクジキング (Parent: 16/50 -> Mutant: 20/50)
292,超_ゲンガー_究極_V6_アルティメット,0.4366,unchanged
292,草_フシギバナ_グッズ偏重_V3,0.5949,unchanged
292,闘_ガブルカ_究極_V6_アルティメット,0.3026,unchanged
292,龍悪_ギラダク_グッズ偏重_V3,0.5859,Out: ドラピオン / In: アーボック (Parent: 39/50 -> Mutant: 42/50)
292,雷_ピカチュウ_究極_V6_アルティメット,0.6080,unchanged
292,雷_ピカチュウ_安定_V1,0.4920,Out: デンリュウ / In: デンリュウ (Parent: 39/50 -> Mutant: 44/50)
292,水_スターミー_グッズ偏重_V3,0.6011,unchanged
292,龍悪_ギラダク_究極_V6_アルティメット,0.5969,Out: スカタンク / In: マフィティフ (Parent: 36/50 -> Mutant: 39/50)
292,超_ミュウツー_究極_V6_アルティメット,0.6009,unchanged
292,闘_ガブルカ_グッズ偏重_V3,0.4400,Out: タイレーツ / In: ハイキングコース (Parent: 15/50 -> Mutant: 20/50)
292,炎_リザードンX_安定_V1,0.4834,unchanged
293,鋼_メルルギア_安定_V1,0.3311,unchanged
293,超_ミュウツー_究極_V6_アルティメット,0.6012,unchanged
293,水_スターミー_安定_V1,0.4176,unchanged
293,龍悪_ギラダク_安定_V1,0.3143,Out: タギングル / In: アクジキングex (Parent: 16/50 -> Mutant: 25/50)
293,炎_リザードンX_安定_V1,0.4840,Out: ズガドーンex / In: シロナ (Parent: 40/50 -> Mutant: 45/50)
293,炎_リザードンX_グッズ偏重_V3,0.5510,unchanged
293,雷_ピカチュウ_究極_V6_アルティメット,0.6077,unchanged
293,超_ゲンガー_究極_V6_アルティメット,0.4372,unchanged
293,鋼_メルルギア_グッズ偏重_V3,0.5858,unchanged
293,超_ミュウツー_安定_V1,0.4200,unchanged
293,草_フシギバナ_究極_V6_アルティメット,0.7465,Out: ハイキングコース / In: シルバー (Parent: 45/50 -> Mutant: 50/50)
293,草_フシギバナ_グッズ偏重_V3,0.5956,unchanged
293,闘_ガブルカ_安定_V1,0.3533,unchanged
293,闘_ガブルカ_究極_V6_アルティメット,0.3025,unchanged
293,闘_ガブルカ_グッズ偏重_V3,0.4392,Out: ケケンカニ / In: ワルビル (Parent: 17/50 -> Mutant: 20/50)
293,水_スターミー_究極_V6_アルティメット,0.5188,unchanged
293,超_ゲンガー_安定_V1,0.4402,Out: メガチルタリスex / In: コロモリ (Parent: 23/50 -> Mutant: 25/50)
293,草_フシギバナ_安定_V1,0.5261,unchanged
293,龍悪_ギラダク_グッズ偏重_V3,0.5859,unchanged
293,超_ミュウツー_グッズ偏重_V3,0.7282,unchanged
293,超_ゲンガー_グッズ偏重_V3,0.2972,unchanged
293,龍悪_ギラダク_究極_V6_アルティメット,0.5967,unchanged
293,雷_ピカチュウ_グッズ偏重_V3,0.5057,unchanged
293,鋼_メルルギア_究極_V6_アルティメット,0.4471,unchanged
293,炎_リザードンX_究極_V6_アルティメット,0.5738,unchanged
293,雷_ピカチュウ_安定_V1,0.4923,unchanged
293,水_スターミー_グッズ偏重_V3,0.6009,unchanged
294,闘_ガブルカ_安定_V1,0.3535,unchanged
294,鋼_メルルギア_グッズ偏重_V3,0.5862,unchanged
294,水_スターミー_安定_V1,0.4175,unchanged
294,雷_ピカチュウ_グッズ偏重_V3,0.5063,unchanged
294,鋼_メルルギア_究極_V6_アルティメット,0.4472,unchanged
294,超_ゲンガー_究極_V6_アルティメット,0.4380,Out: 釣り人 / In: バリヤード (Parent: 30/50 -> Mutant: 33/50)
294,草_フシギバナ_グッズ偏重_V3,0.5966,unchanged
294,超_ゲンガー_グッズ偏重_V3,0.2975,Out: おおきいマラサダ / In: ムウマージ (Parent: 14/50 -> Mutant: 25/50)
294,炎_リザードンX_グッズ偏重_V3,0.5513,unchanged
294,超_ミュウツー_グッズ偏重_V3,0.7282,unchanged
294,雷_ピカチュウ_安定_V1,0.4930,unchanged
294,炎_リザードンX_安定_V1,0.4842,Out: ビーストナイト / In: かいの化石 (Parent: 35/50 -> Mutant: 41/50)
294,超_ミュウツー_安定_V1,0.4199,Out: ミュウツーex / In: ペパー (Parent: 23/50 -> Mutant: 29/50)
294,龍悪_ギラダク_安定_V1,0.3144,Out: きずぐすり / In: ミカルゲ (Parent: 20/50 -> Mutant: 22/50)
294,超_ゲンガー_安定_V1,0.4397,unchanged
294,龍悪_ギラダク_グッズ偏重_V3,0.5860,Out: ネズ / In: マオ (Parent: 39/50 -> Mutant: 44/50)
294,水_スターミー_究極_V6_アルティメット,0.5187,unchanged
294,龍悪_ギラダク_究極_V6_アルティメット,0.5967,unchanged
294,水_スターミー_グッズ偏重_V3,0.6009,unchanged
294,闘_ガブルカ_グッズ偏重_V3,0.4382,Out: カイ / In: ハンサム (Parent: 13/50 -> Mutant: 20/50)
294,草_フシギバナ_究極_V6_アルティメット,0.7463,Out: エルフーンex / In: コクーン (Parent: 44/50 -> Mutant: 47/50)
294,鋼_メルルギア_安定_V1,0.3308,unchanged
294,炎_リザードンX_究極_V6_アルティメット,0.5733,unchanged
294,草_フシギバナ_安定_V1,0.5260,unchanged
294,闘_ガブルカ_究極_V6_アルティメット,0.3022,unchanged
294,雷_ピカチュウ_究極_V6_アルティメット,0.6069,Out: ハウ / In: ビリリダマ (Parent: 31/50 -> Mutant: 36/50)
294,超_ミュウツー_究極_V6_アルティメット,0.6008,Out: かけだし調査員 / In: グランブル (Parent: 34/50 -> Mutant: 40/50)
295,鋼_メルルギア_安定_V1,0.3312,unchanged
295,超_ミュウツー_究極_V6_アルティメット,0.6012,unchanged
295,炎_リザードンX_安定_V1,0.4849,Out: ウインディ / In: ハンサム (Parent: 40/50 -> Mutant: 43/50)
295,闘_ガブルカ_究極_V6_アルティメット,0.3026,unchanged
295,闘_ガブルカ_安定_V1,0.3537,unchanged
295,雷_ピカチュウ_究極_V6_アルティメット,0.6065,unchanged
295,超_ゲンガー_安定_V1,0.4394,Out: コロモリ / In: やまおとこ (Parent: 20/50 -> Mutant: 24/50)
295,龍悪_ギラダク_安定_V1,0.3145,unchanged
295,鋼_メルルギア_グッズ偏重_V3,0.5862,unchanged
295,龍悪_ギラダク_究極_V6_アルティメット,0.5969,unchanged
295,炎_リザードンX_グッズ偏重_V3,0.5515,Out: 釣り人 / In: ふしぎな広場 (Parent: 34/50 -> Mutant: 37/50)
295,水_スターミー_究極_V6_アルティメット,0.5188,unchanged
295,闘_ガブルカ_グッズ偏重_V3,0.4374,Out: チャーレム / In: ビーストウォール (Parent: 14/50 -> Mutant: 19/50)
295,雷_ピカチュウ_安定_V1,0.4937,unchanged
295,超_ゲンガー_グッズ偏重_V3,0.2975,unchanged
295,超_ミュウツー_安定_V1,0.4193,unchanged
295,水_スターミー_グッズ偏重_V3,0.6011,Out: ロケット団のしたっぱ / In: シズイ (Parent: 39/50 -> Mutant: 45/50)
295,草_フシギバナ_グッズ偏重_V3,0.5971,Out: スピアー / In: メガカイロスex (Parent: 43/50 -> Mutant: 46/50)
295,炎_リザードンX_究極_V6_アルティメット,0.5730,unchanged
295,鋼_メルルギア_究極_V6_アルティメット,0.4468,unchanged
295,超_ミュウツー_グッズ偏重_V3,0.7279,unchanged
295,雷_ピカチュウ_グッズ偏重_V3,0.5062,unchanged
295,超_ゲンガー_究極_V6_アルティメット,0.4381,unchanged
295,草_フシギバナ_安定_V1,0.5259,unchanged
295,草_フシギバナ_究極_V6_アルティメット,0.7459,unchanged
295,水_スターミー_安定_V1,0.4169,unchanged
295,龍悪_ギラダク_グッズ偏重_V3,0.5856,Out: ドラピオン / In: リーリエ (Parent: 40/50 -> Mutant: 42/50)
296,龍悪_ギラダク_究極_V6_アルティメット,0.5976,unchanged
296,水_スターミー_グッズ偏重_V3,0.6017,unchanged
296,闘_ガブルカ_グッズ偏重_V3,0.4369,Out: リーフ / In: ノズパス (Parent: 11/50 -> Mutant: 18/50)
296,鋼_メルルギア_グッズ偏重_V3,0.5865,unchanged
296,雷_ピカチュウ_究極_V6_アルティメット,0.6063,unchanged
296,超_ゲンガー_グッズ偏重_V3,0.2978,Out: エレキコード / In: スナバァ (Parent: 16/50 -> Mutant: 18/50)
296,鋼_メルルギア_安定_V1,0.3314,unchanged
296,超_ゲンガー_究極_V6_アルティメット,0.4386,unchanged
296,超_ミュウツー_安定_V1,0.4188,unchanged
296,雷_ピカチュウ_グッズ偏重_V3,0.5066,Out: シトロン / In: クワガノン (Parent: 30/50 -> Mutant: 33/50)
296,超_ミュウツー_究極_V6_アルティメット,0.6014,Out: ポケモンの笛 / In: ペロッパフ (Parent: 38/50 -> Mutant: 40/50)
296,炎_リザードンX_究極_V6_アルティメット,0.5727,unchanged
296,草_フシギバナ_グッズ偏重_V3,0.5978,unchanged
296,闘_ガブルカ_安定_V1,0.3536,unchanged
296,龍悪_ギラダク_グッズ偏重_V3,0.5857,unchanged
296,雷_ピカチュウ_安定_V1,0.4943,Out: ビーストナイト / In: ビーストナイト (Parent: 39/50 -> Mutant: 45/50)
296,炎_リザードンX_グッズ偏重_V3,0.5515,unchanged
296,超_ミュウツー_グッズ偏重_V3,0.7278,unchanged
296,水_スターミー_究極_V6_アルティメット,0.5187,unchanged
296,闘_ガブルカ_究極_V6_アルティメット,0.3025,Out: レジロック / In: ラムのみ (Parent: 17/50 -> Mutant: 22/50)
296,龍悪_ギラダク_安定_V1,0.3145,unchanged
296,超_ゲンガー_安定_V1,0.4387,Out: まもりのポンチョ / In: かいの化石 (Parent: 20/50 -> Mutant: 28/50)
296,草_フシギバナ_安定_V1,0.5258,unchanged
296,鋼_メルルギア_究極_V6_アルティメット,0.4463,unchanged
296,炎_リザードンX_安定_V1,0.4846,Out: かいの化石 / In: アローラガラガラ (Parent: 36/50 -> Mutant: 39/50)
296,草_フシギバナ_究極_V6_アルティメット,0.7455,unchanged
296,水_スターミー_安定_V1,0.4164,Out: シャワーズ / In: コイキング (Parent: 11/50 -> Mutant: 15/50)
297,超_ミュウツー_グッズ偏重_V3,0.7282,unchanged
297,水_スターミー_究極_V6_アルティメット,0.5190,Out: どくバリ / In: シロナ (Parent: 31/50 -> Mutant: 33/50)
297,鋼_メルルギア_究極_V6_アルティメット,0.4463,unchanged
297,鋼_メルルギア_安定_V1,0.3317,unchanged
297,草_フシギバナ_究極_V6_アルティメット,0.7459,unchanged
297,雷_ピカチュウ_究極_V6_アルティメット,0.6061,Out: ヒットハンマー / In: グズマ (Parent: 30/50 -> Mutant: 32/50)
297,炎_リザードンX_安定_V1,0.4850,unchanged
297,草_フシギバナ_グッズ偏重_V3,0.5986,unchanged
297,龍悪_ギラダク_究極_V6_アルティメット,0.5978,unchanged
297,超_ゲンガー_究極_V6_アルティメット,0.4391,unchanged
297,闘_ガブルカ_グッズ偏重_V3,0.4363,unchanged
297,龍悪_ギラダク_グッズ偏重_V3,0.5861,unchanged
297,水_スターミー_安定_V1,0.4159,unchanged
297,鋼_メルルギア_グッズ偏重_V3,0.5864,Out: ミノマダム / In: ムーランド (Parent: 33/50 -> Mutant: 42/50)
297,龍悪_ギラダク_安定_V1,0.3146,Out: クロバットex / In: タギングル (Parent: 21/50 -> Mutant: 24/50)
297,闘_ガブルカ_安定_V1,0.3534,unchanged
297,炎_リザードンX_究極_V6_アルティメット,0.5724,unchanged
297,超_ゲンガー_グッズ偏重_V3,0.2977,unchanged
297,超_ミュウツー_安定_V1,0.4182,unchanged
297,草_フシギバナ_安定_V1,0.5259,unchanged
297,闘_ガブルカ_究極_V6_アルティメット,0.3024,Out: フカマル / In: バンギラス (Parent: 22/50 -> Mutant: 28/50)
297,炎_リザードンX_グッズ偏重_V3,0.5514,Out: フレイムパッチ / In: アイリス (Parent: 35/50 -> Mutant: 42/50)
297,超_ミュウツー_究極_V6_アルティメット,0.6010,unchanged
297,雷_ピカチュウ_安定_V1,0.4946,unchanged
297,水_スターミー_グッズ偏重_V3,0.6017,unchanged
297,超_ゲンガー_安定_V1,0.4380,Out: コスモウム / In: デンジ (Parent: 22/50 -> Mutant: 27/50)
297,雷_ピカチュウ_グッズ偏重_V3,0.5064,unchanged
298,超_ゲンガー_安定_V1,0.4381,unchanged
298,水_スターミー_安定_V1,0.4156,Out: ワニノコ / In: ヌマクロー (Parent: 20/50 -> Mutant: 23/50)
298,水_スターミー_グッズ偏重_V3,0.6025,unchanged
298,超_ミュウツー_安定_V1,0.4179,Out: はねの化石 / In: ムシャーナ (Parent: 17/50 -> Mutant: 20/50)
298,水_スターミー_究極_V6_アルティメット,0.5194,unchanged
298,超_ミュウツー_グッズ偏重_V3,0.7284,unchanged
298,闘_ガブルカ_グッズ偏重_V3,0.4357,unchanged
298,鋼_メルルギア_安定_V1,0.3319,Out: ムクホーク / In: ポリゴン (Parent: 17/50 -> Mutant: 20/50)
298,龍悪_ギラダク_安定_V1,0.3149,unchanged
298,炎_リザードンX_究極_V6_アルティメット,0.5724,unchanged
298,超_ゲンガー_グッズ偏重_V3,0.2979,unchanged
298,雷_ピカチュウ_安定_V1,0.4952,unchanged
298,雷_ピカチュウ_究極_V6_アルティメット,0.6056,unchanged
298,草_フシギバナ_グッズ偏重_V3,0.5994,unchanged
298,闘_ガブルカ_安定_V1,0.3534,unchanged
298,鋼_メルルギア_究極_V6_アルティメット,0.4460,unchanged
298,草_フシギバナ_究極_V6_アルティメット,0.7460,unchanged
298,雷_ピカチュウ_グッズ偏重_V3,0.5065,Out: アローラゴローン / In: マーマネ (Parent: 27/50 -> Mutant: 29/50)
298,草_フシギバナ_安定_V1,0.5260,Out: トロピウス / In: ナエトル (Parent: 31/50 -> Mutant: 35/50)
298,超_ミュウツー_究極_V6_アルティメット,0.6007,unchanged
298,炎_リザードンX_グッズ偏重_V3,0.5512,unchanged
298,龍悪_ギラダク_グッズ偏重_V3,0.5860,unchanged
298,鋼_メルルギア_グッズ偏重_V3,0.5861,unchanged
298,龍悪_ギラダク_究極_V6_アルティメット,0.5975,unchanged
298,闘_ガブルカ_究極_V6_アルティメット,0.3022,Out: ヌイコグマ / In: アサナン (Parent: 18/50 -> Mutant: 25/50)
298,炎_リザードンX_安定_V1,0.4846,unchanged
298,超_ゲンガー_究極_V6_アルティメット,0.4389,Out: ミカン / In: ラルトス (Parent: 31/50 -> Mutant: 36/50)
299,炎_リザードンX_グッズ偏重_V3,0.5518,unchanged
299,超_ミュウツー_グッズ偏重_V3,0.7287,unchanged
299,闘_ガブルカ_安定_V1,0.3537,Out: エレメンタルつけかえ / In: ガブリアスex (Parent: 28/50 -> Mutant: 30/50)
299,雷_ピカチュウ_グッズ偏重_V3,0.5071,Out: マオ / In: パルスワン (Parent: 37/50 -> Mutant: 39/50)
299,超_ゲンガー_究極_V6_アルティメット,0.4394,unchanged
299,草_フシギバナ_安定_V1,0.5262,Out: アマージョ / In: ドレディア (Parent: 34/50 -> Mutant: 36/50)
299,草_フシギバナ_究極_V6_アルティメット,0.7463,unchanged
299,雷_ピカチュウ_安定_V1,0.4960,unchanged
299,超_ゲンガー_安定_V1,0.4381,unchanged
299,闘_ガブルカ_グッズ偏重_V3,0.4350,unchanged
299,超_ミュウツー_安定_V1,0.4174,unchanged
299,鋼_メルルギア_安定_V1,0.3319,unchanged
299,龍悪_ギラダク_グッズ偏重_V3,0.5864,unchanged
299,炎_リザードンX_究極_V6_アルティメット,0.5722,unchanged
299,炎_リザードンX_安定_V1,0.4847,unchanged
299,草_フシギバナ_グッズ偏重_V3,0.5999,unchanged
299,水_スターミー_グッズ偏重_V3,0.6026,unchanged
299,龍悪_ギラダク_究極_V6_アルティメット,0.5974,unchanged
299,雷_ピカチュウ_究極_V6_アルティメット,0.6050,Out: パーモット / In: 大きなマント (Parent: 30/50 -> Mutant: 33/50)
299,闘_ガブルカ_究極_V6_アルティメット,0.3023,unchanged
299,鋼_メルルギア_グッズ偏重_V3,0.5857,unchanged
299,龍悪_ギラダク_安定_V1,0.3147,unchanged
299,鋼_メルルギア_究極_V6_アルティメット,0.4454,Out: チルタリス / In: オタチ (Parent: 27/50 -> Mutant: 30/50)
299,超_ゲンガー_グッズ偏重_V3,0.2978,unchanged
299,超_ミュウツー_究極_V6_アルティメット,0.6003,unchanged
299,水_スターミー_究極_V6_アルティメット,0.5191,unchanged
299,水_スターミー_安定_V1,0.4150,Out: どくバリ / In: ハンドスコープ (Parent: 19/50 -> Mutant: 21/50)
300,龍悪_ギラダク_究極_V6_アルティメット,0.5981,unchanged
300,雷_ピカチュウ_安定_V1,0.4971,unchanged
300,鋼_メルルギア_安定_V1,0.3322,unchanged
300,龍悪_ギラダク_安定_V1,0.3150,unchanged
300,超_ミュウツー_安定_V1,0.4172,unchanged
300,雷_ピカチュウ_グッズ偏重_V3,0.5075,Out: パルスワン / In: エリカ (Parent: 27/50 -> Mutant: 29/50)
300,雷_ピカチュウ_究極_V6_アルティメット,0.6047,unchanged
300,草_フシギバナ_グッズ偏重_V3,0.6007,unchanged
300,水_スターミー_安定_V1,0.4147,unchanged
300,草_フシギバナ_究極_V6_アルティメット,0.7465,unchanged
300,炎_リザードンX_グッズ偏重_V3,0.5520,unchanged
300,水_スターミー_究極_V6_アルティメット,0.5191,unchanged
300,超_ミュウツー_究極_V6_アルティメット,0.6003,unchanged
300,鋼_メルルギア_グッズ偏重_V3,0.5856,unchanged
300,鋼_メルルギア_究極_V6_アルティメット,0.4450,unchanged
300,闘_ガブルカ_グッズ偏重_V3,0.4342,unchanged
300,超_ミュウツー_グッズ偏重_V3,0.7287,unchanged
300,草_フシギバナ_安定_V1,0.5262,unchanged
300,闘_ガブルカ_究極_V6_アルティメット,0.3023,unchanged
300,超_ゲンガー_安定_V1,0.4376,Out: ギラティナ / In: オドリドリ (Parent: 22/50 -> Mutant: 24/50)
300,炎_リザードンX_究極_V6_アルティメット,0.5718,unchanged
300,超_ゲンガー_究極_V6_アルティメット,0.4394,unchanged
300,水_スターミー_グッズ偏重_V3,0.6026,Out: ブルンゲル / In: キングラー (Parent: 42/50 -> Mutant: 44/50)
300,炎_リザードンX_安定_V1,0.4844,unchanged
300,闘_ガブルカ_安定_V1,0.3534,Out: ガブリアスex / In: ヤジロン (Parent: 25/50 -> Mutant: 27/50)
300,龍悪_ギラダク_グッズ偏重_V3,0.5862,unchanged
300,超_ゲンガー_グッズ偏重_V3,0.2974,Out: フレイムパッチ / In: シロデスナ (Parent: 19/50 -> Mutant: 24/50)
